[2026-09-19 14:02:50.910] [info] OpenCraft 0.1.0 starting
[2026-09-19 14:02:51.032] [info] GL 4.1 Metal - 89.4 / glad loaded
[2026-09-19 14:02:51.032] [info] save: no level.ocd, new world with seed 0x4f50454e43524146
[2026-09-19 14:02:51.262] [info] startup gen: 25 chunks, total 230.7 ms, avg 9.23 ms/chunk
[2026-09-19 14:02:51.262] [info] spawn scan: surface at (0.5, 132.0, 0.5)
[2026-09-19 14:02:51.262] [info] respawn point: (0.5, 132.0, 0.5)
[2026-09-19 14:02:51.264] [info] atlas: 60/63 block tiles loaded from ../assets/blocks
[2026-09-19 14:02:51.264] [info] atlas: 144x144 px, 9 tiles/row, crack tiles at 63
[2026-09-19 14:02:51.268] [info] mobs: 3/3 mob models loaded from ../assets/mobs
[2026-09-19 14:02:51.268] [info] mob model mossback: 705 voxels, 1544 triangles, 7 joints, 1.4 blocks tall, palette from palettes/mossback.png
[2026-09-19 14:02:51.268] [info] mob model hollow_wretch: 496 voxels, 1592 triangles, 6 joints, 1.8 blocks tall, palette from palettes/hollow_wretch.png
[2026-09-19 14:02:51.268] [info] mob model blastbud: 510 voxels, 1084 triangles, 6 joints, 1.7 blocks tall, palette from palettes/blastbud.png
[2026-09-19 14:02:51.358] [info] EVIDENCE timber_edge in hotbar cell 8, selected
[2026-09-19 14:02:51.358] [info] EVIDENCE probe yaw 0.0000 pitch 0.0000 eye (0.500, 133.620, 0.500) nearest_mob 0 dist 1000000000.000
[2026-09-19 14:02:51.358] [info] EVIDENCE keys w=0 ctrl=0 space=0
[2026-09-19 14:02:51.358] [info] EVIDENCE view yaw 0.0000 pitch 0.0000
[2026-09-19 14:02:52.076] [info] EVIDENCE probe yaw 0.0000 pitch 0.0000 eye (0.500, 133.620, 0.500) nearest_mob 0 dist 1000000000.000
[2026-09-19 14:02:52.783] [info] mob mossback spawned at (-78.4, 138.0, -61.5) in chunk (-5, -4)
[2026-09-19 14:02:52.809] [info] EVIDENCE probe yaw 0.0000 pitch 0.0000 eye (0.500, 133.620, 0.500) nearest_mob 0 dist 1000000000.000
[2026-09-19 14:02:53.294] [info] fps 41.5 | pos (0.50, 132.00, 0.50) | chunks 113 | stream-meshed 104
[2026-09-19 14:02:53.440] [info] EVIDENCE probe yaw 0.0000 pitch 0.0000 eye (0.500, 133.620, 0.500) nearest_mob 0 dist 1000000000.000
[2026-09-19 14:02:53.663] [info] mob mossback spawned at (-99.7, 133.0, -24.6) in chunk (-7, -2)
[2026-09-19 14:02:53.663] [info] mob mossback spawned at (-98.3, 133.0, -29.8) in chunk (-7, -2)
[2026-09-19 14:02:53.663] [info] mob mossback spawned at (-98.9, 133.0, -29.2) in chunk (-7, -2)
[2026-09-19 14:02:53.663] [info] mob mossback spawned at (-105.2, 129.0, -10.5) in chunk (-7, -1)
[2026-09-19 14:02:53.663] [info] mob mossback spawned at (-106.3, 129.0, -9.9) in chunk (-7, -1)
[2026-09-19 14:02:53.926] [info] EVIDENCE probe yaw 0.0000 pitch 0.0000 eye (0.500, 133.620, 0.500) nearest_mob 0 dist 1000000000.000
[2026-09-19 14:02:54.065] [info] mob mossback spawned at (-81.6, 134.0, -87.9) in chunk (-6, -6)
[2026-09-19 14:02:54.343] [info] EVIDENCE probe yaw 0.0000 pitch 0.0000 eye (0.500, 133.620, 0.500) nearest_mob 0 dist 1000000000.000
[2026-09-19 14:02:54.759] [info] EVIDENCE probe yaw 0.0000 pitch 0.0000 eye (0.500, 133.620, 0.500) nearest_mob 0 dist 1000000000.000
[2026-09-19 14:02:55.176] [info] EVIDENCE probe yaw 0.0000 pitch 0.0000 eye (0.500, 133.620, 0.500) nearest_mob 0 dist 1000000000.000
[2026-09-19 14:02:55.315] [info] fps 68.2 | pos (0.50, 132.00, 0.50) | chunks 113 | stream-meshed 104
[2026-09-19 14:02:55.593] [info] EVIDENCE probe yaw 0.0000 pitch 0.0000 eye (0.500, 133.620, 0.500) nearest_mob 0 dist 1000000000.000
[2026-09-19 14:02:56.010] [info] EVIDENCE probe yaw 0.0000 pitch 0.0000 eye (0.500, 133.620, 0.500) nearest_mob 0 dist 1000000000.000
[2026-09-19 14:02:56.079] [info] mob blastbud spawned at (-57.8, 42.0, 68.3) in chunk (-4, 4)
[2026-09-19 14:02:56.419] [info] EVIDENCE probe yaw 0.0000 pitch 0.0000 eye (0.500, 133.620, 0.500) nearest_mob 0 dist 1000000000.000
[2026-09-19 14:02:56.836] [info] EVIDENCE probe yaw 0.0000 pitch 0.0000 eye (0.500, 133.620, 0.500) nearest_mob 0 dist 1000000000.000
[2026-09-19 14:02:57.228] [info] EVIDENCE probe yaw 0.0000 pitch 0.0000 eye (0.500, 133.620, 0.500) nearest_mob 0 dist 1000000000.000
[2026-09-19 14:02:57.329] [info] fps 73.5 | pos (0.50, 132.00, 0.50) | chunks 113 | stream-meshed 104
[2026-09-19 14:02:58.405] [info] EVIDENCE probe yaw 0.0000 pitch 0.0000 eye (0.500, 133.620, 0.500) nearest_mob 0 dist 1000000000.000
[2026-09-19 14:02:58.816] [info] EVIDENCE probe yaw 0.0000 pitch 0.0000 eye (0.500, 133.620, 0.500) nearest_mob 0 dist 1000000000.000
[2026-09-19 14:02:58.921] [info] EVIDENCE summon hollow_wretch id=9 at (0.5, 132.0, -1.5)
[2026-09-19 14:02:58.921] [info] EVIDENCE mob 9 health 20.0000 pos (0.5000, 132.0000, -1.5000) vel (0.0000, 0.0000, 0.0000)
[2026-09-19 14:02:58.933] [info] EVIDENCE mob 9 health 20.0000 pos (0.5000, 132.0000, -1.5000) vel (0.0000, 0.0000, 0.0000)
[2026-09-19 14:02:58.947] [info] EVIDENCE mob 9 health 20.0000 pos (0.5000, 132.0000, -1.5000) vel (0.0000, 0.0000, 0.0000)
[2026-09-19 14:02:58.961] [info] EVIDENCE mob 9 health 20.0000 pos (0.5096, 132.0000, -1.3960) vel (0.0053, 0.0000, 0.0568)
[2026-09-19 14:02:58.975] [info] EVIDENCE mob 9 health 20.0000 pos (0.5096, 132.0000, -1.3960) vel (0.0053, 0.0000, 0.0568)
[2026-09-19 14:02:58.992] [info] EVIDENCE mob 9 health 20.0000 pos (0.5096, 132.0000, -1.3960) vel (0.0053, 0.0000, 0.0568)
[2026-09-19 14:02:58.997] [info] EVIDENCE mob 9 health 20.0000 pos (0.5096, 132.0000, -1.3960) vel (0.0053, 0.0000, 0.0568)
[2026-09-19 14:02:59.010] [info] EVIDENCE mob 9 health 20.0000 pos (0.5245, 132.0000, -1.2353) vel (0.0081, 0.0000, 0.0878)
[2026-09-19 14:02:59.024] [info] EVIDENCE mob 9 health 20.0000 pos (0.5245, 132.0000, -1.2353) vel (0.0081, 0.0000, 0.0878)
[2026-09-19 14:02:59.037] [info] EVIDENCE mob 9 health 20.0000 pos (0.5245, 132.0000, -1.2353) vel (0.0081, 0.0000, 0.0878)
[2026-09-19 14:02:59.051] [info] EVIDENCE mob 9 health 20.0000 pos (0.5245, 132.0000, -1.2353) vel (0.0081, 0.0000, 0.0878)
[2026-09-19 14:02:59.065] [info] EVIDENCE mob 9 health 20.0000 pos (0.5423, 132.0000, -1.0435) vel (0.0097, 0.0000, 0.1047)
[2026-09-19 14:02:59.079] [info] EVIDENCE mob 9 health 20.0000 pos (0.5423, 132.0000, -1.0435) vel (0.0097, 0.0000, 0.1047)
[2026-09-19 14:02:59.092] [info] EVIDENCE mob 9 health 20.0000 pos (0.5423, 132.0000, -1.0435) vel (0.0097, 0.0000, 0.1047)
[2026-09-19 14:02:59.104] [info] EVIDENCE lmb down | yaw 0.0000 picked 9 dist 1.435 swinging false age -1 charge 1.000 sprint false fall false onground true vy 0.0000
[2026-09-19 14:02:59.104] [info] EVIDENCE mob 9 health 20.0000 pos (0.5423, 132.0000, -1.0435) vel (0.0097, 0.0000, 0.1047)
[2026-09-19 14:02:59.107] [info] EVIDENCE swing weapon 33 charge 1.000000 charged true crit false falling false sprinting false damage 4.000000
[2026-09-19 14:02:59.107] [info] EVIDENCE knockback 0.4 (sprint gate false)
[2026-09-19 14:02:59.107] [info] attacked mob 9 at (0.50, 132.00, 0.50) charge 1.000
[2026-09-19 14:02:59.107] [info] EVIDENCE mob 9 health 16.0000 pos (0.5725, 132.0000, -1.2347) vel (0.0165, 0.0000, -0.1044)
[2026-09-19 14:02:59.120] [info] EVIDENCE mob 9 health 16.0000 pos (0.5725, 132.0000, -1.2347) vel (0.0165, 0.0000, -0.1044)
[2026-09-19 14:02:59.134] [info] EVIDENCE mob 9 health 16.0000 pos (0.5725, 132.0000, -1.2347) vel (0.0165, 0.0000, -0.1044)
[2026-09-19 14:02:59.149] [info] EVIDENCE mob 9 health 16.0000 pos (0.5725, 132.0000, -1.2347) vel (0.0165, 0.0000, -0.1044)
[2026-09-19 14:02:59.162] [info] EVIDENCE lmb up
[2026-09-19 14:02:59.162] [info] EVIDENCE mob 9 health 16.0000 pos (0.5847, 132.0000, -1.2348) vel (0.0066, 0.0000, 0.0000)
[2026-09-19 14:02:59.176] [info] EVIDENCE mob 9 health 16.0000 pos (0.5847, 132.0000, -1.2348) vel (0.0066, 0.0000, 0.0000)
[2026-09-19 14:02:59.190] [info] EVIDENCE mob 9 health 16.0000 pos (0.5847, 132.0000, -1.2348) vel (0.0066, 0.0000, 0.0000)
[2026-09-19 14:02:59.203] [info] EVIDENCE mob 9 health 16.0000 pos (0.5847, 132.0000, -1.2348) vel (0.0066, 0.0000, 0.0000)
[2026-09-19 14:02:59.218] [info] EVIDENCE probe yaw 0.0000 pitch 0.0000 eye (0.500, 133.620, 0.500) nearest_mob 9 dist 1.330
[2026-09-19 14:02:59.218] [info] EVIDENCE mob 9 health 16.0000 pos (0.5862, 132.0000, -1.1305) vel (0.0000, 0.0000, 0.0569)
[2026-09-19 14:02:59.237] [info] EVIDENCE mob 9 health 16.0000 pos (0.5862, 132.0000, -1.1305) vel (0.0000, 0.0000, 0.0569)
[2026-09-19 14:02:59.240] [info] EVIDENCE mob 9 health 16.0000 pos (0.5862, 132.0000, -1.1305) vel (0.0000, 0.0000, 0.0569)
[2026-09-19 14:02:59.253] [info] EVIDENCE mob 9 health 16.0000 pos (0.5862, 132.0000, -1.1305) vel (0.0000, 0.0000, 0.0569)
[2026-09-19 14:02:59.267] [info] EVIDENCE mob 9 health 16.0000 pos (0.5807, 132.0000, -0.9693) vel (-0.0030, 0.0000, 0.0880)
[2026-09-19 14:02:59.280] [info] EVIDENCE mob 9 health 16.0000 pos (0.5807, 132.0000, -0.9693) vel (-0.0030, 0.0000, 0.0880)
[2026-09-19 14:02:59.295] [info] EVIDENCE mob 9 health 16.0000 pos (0.5807, 132.0000, -0.9693) vel (-0.0030, 0.0000, 0.0880)
[2026-09-19 14:02:59.308] [info] EVIDENCE mob 9 health 16.0000 pos (0.5807, 132.0000, -0.9693) vel (-0.0030, 0.0000, 0.0880)
[2026-09-19 14:02:59.322] [info] EVIDENCE mob 9 health 16.0000 pos (0.5720, 132.0000, -0.7770) vel (-0.0048, 0.0000, 0.1050)
[2026-09-19 14:02:59.336] [info] fps 73.3 | pos (0.50, 132.00, 0.50) | chunks 113 | stream-meshed 104
[2026-09-19 14:02:59.336] [info] EVIDENCE mob 9 health 16.0000 pos (0.5720, 132.0000, -0.7770) vel (-0.0048, 0.0000, 0.1050)
[2026-09-19 14:02:59.349] [info] EVIDENCE mob 9 health 16.0000 pos (0.5720, 132.0000, -0.7770) vel (-0.0048, 0.0000, 0.1050)
[2026-09-19 14:02:59.363] [info] mob event: melee 3.0 damage at (0.6, 132.0, -0.8)
[2026-09-19 14:02:59.363] [info] mob melee for 3.0 at (0.57, 132.00, -0.78); health now 17.0
[2026-09-19 14:02:59.363] [info] EVIDENCE mob 9 health 16.0000 pos (0.5613, 132.0000, -0.5677) vel (-0.0058, 0.0000, 0.1142)
[2026-09-19 14:02:59.378] [info] EVIDENCE mob 9 health 16.0000 pos (0.5613, 132.0000, -0.5677) vel (-0.0058, 0.0000, 0.1142)
[2026-09-19 14:02:59.391] [info] EVIDENCE mob 9 health 16.0000 pos (0.5613, 132.0000, -0.5677) vel (-0.0058, 0.0000, 0.1142)
[2026-09-19 14:02:59.409] [info] EVIDENCE mob 9 health 16.0000 pos (0.5496, 132.0000, -0.3492) vel (-0.0064, 0.0000, 0.1193)
[2026-09-19 14:02:59.412] [info] EVIDENCE mob 9 health 16.0000 pos (0.5496, 132.0000, -0.3492) vel (-0.0064, 0.0000, 0.1193)
[2026-09-19 14:02:59.426] [info] EVIDENCE mob 9 health 16.0000 pos (0.5496, 132.0000, -0.3492) vel (-0.0064, 0.0000, 0.1193)
[2026-09-19 14:02:59.442] [info] EVIDENCE mob 9 health 16.0000 pos (0.5496, 132.0000, -0.3492) vel (-0.0064, 0.0000, 0.1193)
[2026-09-19 14:03:00.241] [info] EVIDENCE mob 9 health 16.0000 pos (0.5496, 132.0000, -0.3492) vel (-0.0064, 0.0000, 0.1193)
[2026-09-19 14:03:00.252] [info] EVIDENCE mob 9 health 16.0000 pos (0.5496, 132.0000, -0.3492) vel (-0.0064, 0.0000, 0.1193)
[2026-09-19 14:03:00.266] [info] EVIDENCE mob 9 health 16.0000 pos (0.5496, 132.0000, -0.3492) vel (-0.0064, 0.0000, 0.1193)
[2026-09-19 14:03:00.281] [info] EVIDENCE mob 9 health 16.0000 pos (0.5371, 132.0000, -0.1257) vel (-0.0068, 0.0000, 0.1221)
[2026-09-19 14:03:00.295] [info] EVIDENCE mob 9 health 16.0000 pos (0.5371, 132.0000, -0.1257) vel (-0.0068, 0.0000, 0.1221)
[2026-09-19 14:03:00.308] [info] EVIDENCE mob 9 health 16.0000 pos (0.5371, 132.0000, -0.1257) vel (-0.0068, 0.0000, 0.1221)
[2026-09-19 14:03:00.322] [info] EVIDENCE mob 9 health 16.0000 pos (0.5371, 132.0000, -0.1257) vel (-0.0068, 0.0000, 0.1221)
[2026-09-19 14:03:00.336] [info] EVIDENCE mob 9 health 16.0000 pos (0.5243, 132.0000, 0.1006) vel (-0.0070, 0.0000, 0.1236)
[2026-09-19 14:03:00.349] [info] EVIDENCE mob 9 health 16.0000 pos (0.5243, 132.0000, 0.1006) vel (-0.0070, 0.0000, 0.1236)
[2026-09-19 14:03:00.364] [info] EVIDENCE mob 9 health 16.0000 pos (0.5243, 132.0000, 0.1006) vel (-0.0070, 0.0000, 0.1236)
[2026-09-19 14:03:00.378] [info] EVIDENCE mob 9 health 16.0000 pos (0.5113, 132.0000, 0.3284) vel (-0.0071, 0.0000, 0.1244)
[2026-09-19 14:03:00.391] [info] EVIDENCE mob 9 health 16.0000 pos (0.5113, 132.0000, 0.3284) vel (-0.0071, 0.0000, 0.1244)
[2026-09-19 14:03:00.406] [info] EVIDENCE probe yaw 0.0000 pitch 0.0000 eye (0.455, 133.620, 1.301) nearest_mob 9 dist 0.673
[2026-09-19 14:03:00.406] [info] EVIDENCE mob 9 health 16.0000 pos (0.5113, 132.0000, 0.3284) vel (-0.0071, 0.0000, 0.1244)
[2026-09-19 14:03:00.419] [info] EVIDENCE mob 9 health 16.0000 pos (0.5113, 132.0000, 0.3284) vel (-0.0071, 0.0000, 0.1244)
[2026-09-19 14:03:00.433] [info] EVIDENCE mob 9 health 16.0000 pos (0.5042, 132.0000, 0.4528) vel (-0.0039, 0.0000, 0.0679)
[2026-09-19 14:03:00.447] [info] EVIDENCE mob 9 health 16.0000 pos (0.5042, 132.0000, 0.4528) vel (-0.0039, 0.0000, 0.0679)
[2026-09-19 14:03:00.460] [info] EVIDENCE mob 9 health 16.0000 pos (0.5042, 132.0000, 0.4528) vel (-0.0039, 0.0000, 0.0679)
[2026-09-19 14:03:00.474] [info] EVIDENCE mob 9 health 16.0000 pos (0.5042, 132.0000, 0.4528) vel (-0.0039, 0.0000, 0.0679)
[2026-09-19 14:03:00.489] [info] EVIDENCE mob 9 health 16.0000 pos (0.5003, 132.0000, 0.5207) vel (0.0000, 0.0000, 0.0371)
[2026-09-19 14:03:00.502] [info] EVIDENCE mob 9 health 16.0000 pos (0.5003, 132.0000, 0.5207) vel (0.0000, 0.0000, 0.0371)
[2026-09-19 14:03:00.516] [info] EVIDENCE mob 9 health 16.0000 pos (0.5003, 132.0000, 0.5207) vel (0.0000, 0.0000, 0.0371)
[2026-09-19 14:03:00.531] [info] EVIDENCE mob 9 health 16.0000 pos (0.5003, 132.0000, 0.5578) vel (0.0000, 0.0000, 0.0202)
[2026-09-19 14:03:00.544] [info] EVIDENCE mob 9 health 16.0000 pos (0.5003, 132.0000, 0.5578) vel (0.0000, 0.0000, 0.0202)
[2026-09-19 14:03:00.558] [info] EVIDENCE mob 9 health 16.0000 pos (0.5003, 132.0000, 0.5578) vel (0.0000, 0.0000, 0.0202)
[2026-09-19 14:03:00.572] [info] EVIDENCE mob 9 health 16.0000 pos (0.5003, 132.0000, 0.5578) vel (0.0000, 0.0000, 0.0202)
[2026-09-19 14:03:00.586] [info] EVIDENCE mob 9 health 16.0000 pos (0.5003, 132.0000, 0.5780) vel (0.0000, 0.0000, 0.0111)
[2026-09-19 14:03:00.599] [info] EVIDENCE mob 9 health 16.0000 pos (0.5003, 132.0000, 0.5780) vel (0.0000, 0.0000, 0.0111)
[2026-09-19 14:03:00.614] [info] EVIDENCE mob 9 health 16.0000 pos (0.5003, 132.0000, 0.5780) vel (0.0000, 0.0000, 0.0111)
[2026-09-19 14:03:00.627] [info] EVIDENCE mob 9 health 16.0000 pos (0.5003, 132.0000, 0.5891) vel (0.0000, 0.0000, 0.0060)
[2026-09-19 14:03:00.644] [info] EVIDENCE mob 9 health 16.0000 pos (0.5003, 132.0000, 0.5891) vel (0.0000, 0.0000, 0.0060)
[2026-09-19 14:03:00.656] [info] EVIDENCE mob 9 health 16.0000 pos (0.5003, 132.0000, 0.5891) vel (0.0000, 0.0000, 0.0060)
[2026-09-19 14:03:00.669] [info] EVIDENCE mob 9 health 16.0000 pos (0.5003, 132.0000, 0.5891) vel (0.0000, 0.0000, 0.0060)
[2026-09-19 14:03:00.683] [info] EVIDENCE mob 9 health 16.0000 pos (0.5003, 132.0000, 0.5951) vel (0.0000, 0.0000, 0.0033)
[2026-09-19 14:03:00.697] [info] EVIDENCE mob 9 health 16.0000 pos (0.5003, 132.0000, 0.5951) vel (0.0000, 0.0000, 0.0033)
[2026-09-19 14:03:00.711] [info] EVIDENCE mob 9 health 16.0000 pos (0.5003, 132.0000, 0.5951) vel (0.0000, 0.0000, 0.0033)
[2026-09-19 14:03:00.724] [info] EVIDENCE mob 9 health 16.0000 pos (0.5003, 132.0000, 0.5951) vel (0.0000, 0.0000, 0.0033)
[2026-09-19 14:03:00.739] [info] EVIDENCE mob 9 health 16.0000 pos (0.5003, 132.0000, 0.5984) vel (0.0000, 0.0000, 0.0000)
[2026-09-19 14:03:00.752] [info] EVIDENCE mob 9 health 16.0000 pos (0.5003, 132.0000, 0.5984) vel (0.0000, 0.0000, 0.0000)
[2026-09-19 14:03:00.766] [info] EVIDENCE mob 9 health 16.0000 pos (0.5003, 132.0000, 0.5984) vel (0.0000, 0.0000, 0.0000)
[2026-09-19 14:03:00.781] [info] EVIDENCE mob 9 health 16.0000 pos (0.5003, 132.0000, 0.5984) vel (0.0000, 0.0000, 0.0000)
[2026-09-19 14:03:00.794] [info] EVIDENCE mob 9 health 16.0000 pos (0.5003, 132.0000, 0.5984) vel (0.0000, 0.0000, 0.0000)
[2026-09-19 14:03:00.808] [info] EVIDENCE mob 9 health 16.0000 pos (0.5003, 132.0000, 0.5984) vel (0.0000, 0.0000, 0.0000)
[2026-09-19 14:03:00.822] [info] EVIDENCE probe yaw 0.0000 pitch 0.0000 eye (0.455, 132.620, 1.503) nearest_mob 9 dist 0.605
[2026-09-19 14:03:00.823] [info] EVIDENCE mob 9 health 16.0000 pos (0.5003, 132.0000, 0.5984) vel (0.0000, 0.0000, 0.0000)
[2026-09-19 14:03:00.836] [info] EVIDENCE mob 9 health 16.0000 pos (0.5003, 132.0000, 0.5984) vel (0.0000, 0.0000, 0.0000)
[2026-09-19 14:03:00.849] [info] EVIDENCE mob 9 health 16.0000 pos (0.5003, 132.0000, 0.5984) vel (0.0000, 0.0000, 0.0000)
[2026-09-19 14:03:00.864] [info] EVIDENCE mob 9 health 16.0000 pos (0.5003, 132.0000, 0.5984) vel (0.0000, 0.0000, 0.0000)
[2026-09-19 14:03:00.877] [info] EVIDENCE mob 9 health 16.0000 pos (0.5003, 132.0000, 0.5984) vel (0.0000, 0.0000, 0.0000)
[2026-09-19 14:03:00.891] [info] EVIDENCE mob 9 health 16.0000 pos (0.5003, 132.0000, 0.5984) vel (0.0000, 0.0000, 0.0000)
[2026-09-19 14:03:00.906] [info] EVIDENCE mob 9 health 16.0000 pos (0.5003, 132.0000, 0.5984) vel (0.0000, 0.0000, 0.0000)
[2026-09-19 14:03:00.919] [info] EVIDENCE mob 9 health 16.0000 pos (0.5003, 132.0000, 0.5984) vel (0.0000, 0.0000, 0.0000)
[2026-09-19 14:03:00.933] [info] EVIDENCE mob 9 health 16.0000 pos (0.5003, 132.0000, 0.5984) vel (0.0000, 0.0000, 0.0000)
[2026-09-19 14:03:00.947] [info] EVIDENCE mob 9 health 16.0000 pos (0.5003, 132.0000, 0.5984) vel (0.0000, 0.0000, 0.0000)
[2026-09-19 14:03:00.961] [info] EVIDENCE mob 9 health 16.0000 pos (0.5003, 132.0000, 0.5984) vel (0.0000, 0.0000, 0.0000)
[2026-09-19 14:03:00.974] [info] EVIDENCE mob 9 health 16.0000 pos (0.5003, 132.0000, 0.5984) vel (0.0000, 0.0000, 0.0000)
[2026-09-19 14:03:00.989] [info] EVIDENCE mob 9 health 16.0000 pos (0.5003, 132.0000, 0.5984) vel (0.0000, 0.0000, 0.0000)
[2026-09-19 14:03:01.002] [info] EVIDENCE mob 9 health 16.0000 pos (0.5003, 132.0000, 0.5984) vel (0.0000, 0.0000, 0.0000)
[2026-09-19 14:03:01.016] [info] EVIDENCE mob 9 health 16.0000 pos (0.5003, 132.0000, 0.5984) vel (0.0000, 0.0000, 0.0000)
[2026-09-19 14:03:01.031] [info] EVIDENCE mob 9 health 16.0000 pos (0.5003, 132.0000, 0.5984) vel (0.0000, 0.0000, 0.0000)
[2026-09-19 14:03:01.044] [info] EVIDENCE mob 9 health 16.0000 pos (0.5003, 132.0000, 0.5984) vel (0.0000, 0.0000, 0.0000)
[2026-09-19 14:03:01.061] [info] EVIDENCE mob 9 health 16.0000 pos (0.5003, 132.0000, 0.5984) vel (0.0000, 0.0000, 0.0000)
[2026-09-19 14:03:01.065] [info] EVIDENCE mob 9 health 16.0000 pos (0.5003, 132.0000, 0.5984) vel (0.0000, 0.0000, 0.0000)
[2026-09-19 14:03:01.078] [info] EVIDENCE mob 9 health 16.0000 pos (0.5003, 132.0000, 0.5984) vel (0.0000, 0.0000, 0.0000)
[2026-09-19 14:03:01.093] [info] EVIDENCE mob 9 health 16.0000 pos (0.5003, 132.0000, 0.5984) vel (0.0000, 0.0000, 0.0000)
[2026-09-19 14:03:01.107] [info] EVIDENCE mob 9 health 16.0000 pos (0.5003, 132.0000, 0.5984) vel (0.0000, 0.0000, 0.0000)
[2026-09-19 14:03:01.120] [info] EVIDENCE mob 9 health 16.0000 pos (0.5003, 132.0000, 0.5984) vel (0.0000, 0.0000, 0.0000)
[2026-09-19 14:03:01.135] [info] EVIDENCE mob 9 health 16.0000 pos (0.5003, 132.0000, 0.5984) vel (0.0000, 0.0000, 0.0000)
[2026-09-19 14:03:01.148] [info] EVIDENCE mob 9 health 16.0000 pos (0.5003, 132.0000, 0.5984) vel (0.0000, 0.0000, 0.0000)
[2026-09-19 14:03:01.162] [info] EVIDENCE mob 9 health 16.0000 pos (0.5003, 132.0000, 0.5984) vel (0.0000, 0.0000, 0.0000)
[2026-09-19 14:03:01.177] [info] EVIDENCE mob 9 health 16.0000 pos (0.5003, 132.0000, 0.5984) vel (0.0000, 0.0000, 0.0000)
[2026-09-19 14:03:01.190] [info] mob event: melee 3.0 damage at (0.5, 132.0, 0.6)
[2026-09-19 14:03:01.190] [info] mob melee for 3.0 at (0.50, 132.00, 0.60); health now 14.0
[2026-09-19 14:03:01.190] [info] EVIDENCE mob 9 health 16.0000 pos (0.5003, 132.0000, 0.5984) vel (0.0000, 0.0000, 0.0000)
[2026-09-19 14:03:01.204] [info] EVIDENCE mob 9 health 16.0000 pos (0.5003, 132.0000, 0.5984) vel (0.0000, 0.0000, 0.0000)
[2026-09-19 14:03:01.218] [info] EVIDENCE mob 9 health 16.0000 pos (0.5003, 132.0000, 0.5984) vel (0.0000, 0.0000, 0.0000)
[2026-09-19 14:03:01.232] [info] EVIDENCE probe yaw 0.0000 pitch 0.0000 eye (0.435, 132.620, 1.912) nearest_mob 9 dist 0.909
[2026-09-19 14:03:01.232] [info] EVIDENCE mob 9 health 16.0000 pos (0.4951, 132.0000, 0.7027) vel (0.0000, 0.0000, 0.0569)
[2026-09-19 14:03:01.245] [info] EVIDENCE mob 9 health 16.0000 pos (0.4951, 132.0000, 0.7027) vel (0.0000, 0.0000, 0.0569)
[2026-09-19 14:03:01.260] [info] EVIDENCE mob 9 health 16.0000 pos (0.4951, 132.0000, 0.7027) vel (0.0000, 0.0000, 0.0569)
[2026-09-19 14:03:01.273] [info] EVIDENCE mob 9 health 16.0000 pos (0.4951, 132.0000, 0.7027) vel (0.0000, 0.0000, 0.0569)
[2026-09-19 14:03:01.287] [info] EVIDENCE mob 9 health 16.0000 pos (0.4899, 132.0000, 0.8640) vel (0.0000, 0.0000, 0.0880)
[2026-09-19 14:03:01.302] [info] EVIDENCE mob 9 health 16.0000 pos (0.4899, 132.0000, 0.8640) vel (0.0000, 0.0000, 0.0880)
[2026-09-19 14:03:01.315] [info] EVIDENCE mob 9 health 16.0000 pos (0.4899, 132.0000, 0.8640) vel (0.0000, 0.0000, 0.0880)
[2026-09-19 14:03:01.329] [info] EVIDENCE mob 9 health 16.0000 pos (0.4899, 132.0000, 0.8640) vel (0.0000, 0.0000, 0.0880)
[2026-09-19 14:03:01.343] [info] fps 73.7 | pos (0.42, 131.00, 2.13) | chunks 113 | stream-meshed 104
[2026-09-19 14:03:01.343] [info] EVIDENCE mob 9 health 16.0000 pos (0.4845, 132.0000, 1.0563) vel (0.0000, 0.0000, 0.1050)
[2026-09-19 14:03:01.356] [info] EVIDENCE mob 9 health 16.0000 pos (0.4845, 132.0000, 1.0563) vel (0.0000, 0.0000, 0.1050)
[2026-09-19 14:03:01.371] [info] EVIDENCE mob 9 health 16.0000 pos (0.4845, 132.0000, 1.0563) vel (0.0000, 0.0000, 0.1050)
[2026-09-19 14:03:01.385] [info] EVIDENCE mob 9 health 16.0000 pos (0.4788, 132.0000, 1.2655) vel (-0.0032, 0.0000, 0.1143)
[2026-09-19 14:03:01.398] [info] EVIDENCE mob 9 health 16.0000 pos (0.4788, 132.0000, 1.2655) vel (-0.0032, 0.0000, 0.1143)
[2026-09-19 14:03:01.412] [info] EVIDENCE mob 9 health 16.0000 pos (0.4788, 132.0000, 1.2655) vel (-0.0032, 0.0000, 0.1143)
[2026-09-19 14:03:01.428] [info] EVIDENCE mob 9 health 16.0000 pos (0.4788, 132.0000, 1.2655) vel (-0.0032, 0.0000, 0.1143)
[2026-09-19 14:03:01.440] [info] EVIDENCE mob 9 health 16.0000 pos (0.4695, 132.0000, 1.4840) vel (-0.0051, 0.0000, 0.1193)
[2026-09-19 14:03:01.453] [info] EVIDENCE mob 9 health 16.0000 pos (0.4695, 132.0000, 1.4840) vel (-0.0051, 0.0000, 0.1193)
[2026-09-19 14:03:01.468] [info] EVIDENCE mob 9 health 16.0000 pos (0.4695, 132.0000, 1.4840) vel (-0.0051, 0.0000, 0.1193)
[2026-09-19 14:03:01.481] [info] EVIDENCE mob 9 health 16.0000 pos (0.4695, 132.0000, 1.4840) vel (-0.0051, 0.0000, 0.1193)
[2026-09-19 14:03:01.495] [info] EVIDENCE mob 9 health 16.0000 pos (0.4644, 131.9200, 1.6033) vel (-0.0046, -0.0784, 0.1086)
[2026-09-19 14:03:01.510] [info] EVIDENCE mob 9 health 16.0000 pos (0.4644, 131.9200, 1.6033) vel (-0.0046, -0.0784, 0.1086)
[2026-09-19 14:03:01.523] [info] EVIDENCE mob 9 health 16.0000 pos (0.4644, 131.9200, 1.6033) vel (-0.0046, -0.0784, 0.1086)
[2026-09-19 14:03:01.537] [info] EVIDENCE mob 9 health 16.0000 pos (0.4598, 131.7616, 1.7119) vel (-0.0042, -0.1552, 0.0988)
[2026-09-19 14:03:01.551] [info] EVIDENCE mob 9 health 16.0000 pos (0.4598, 131.7616, 1.7119) vel (-0.0042, -0.1552, 0.0988)
[2026-09-19 14:03:01.565] [info] EVIDENCE mob 9 health 16.0000 pos (0.4598, 131.7616, 1.7119) vel (-0.0042, -0.1552, 0.0988)
[2026-09-19 14:03:01.578] [info] EVIDENCE mob 9 health 16.0000 pos (0.4598, 131.7616, 1.7119) vel (-0.0042, -0.1552, 0.0988)
[2026-09-19 14:03:01.593] [info] EVIDENCE mob 9 health 16.0000 pos (0.4556, 131.5264, 1.8107) vel (-0.0038, -0.2305, 0.0899)
[2026-09-19 14:03:01.607] [info] EVIDENCE mob 9 health 16.0000 pos (0.4556, 131.5264, 1.8107) vel (-0.0038, -0.2305, 0.0899)
[2026-09-19 14:03:01.620] [info] EVIDENCE mob 9 health 16.0000 pos (0.4556, 131.5264, 1.8107) vel (-0.0038, -0.2305, 0.0899)
[2026-09-19 14:03:01.635] [info] EVIDENCE mob 9 health 16.0000 pos (0.4518, 131.2158, 1.9006) vel (-0.0035, -0.3043, 0.0818)
[2026-09-19 14:03:01.648] [info] EVIDENCE probe yaw 0.0000 pitch 0.0000 eye (0.415, 132.620, 2.389) nearest_mob 9 dist 0.188
[2026-09-19 14:03:01.648] [info] EVIDENCE mob 9 health 16.0000 pos (0.4518, 131.2158, 1.9006) vel (-0.0035, -0.3043, 0.0818)
[2026-09-19 14:03:01.662] [info] EVIDENCE mob 9 health 16.0000 pos (0.4518, 131.2158, 1.9006) vel (-0.0035, -0.3043, 0.0818)
[2026-09-19 14:03:01.681] [info] EVIDENCE mob 9 health 16.0000 pos (0.4518, 131.2158, 1.9006) vel (-0.0035, -0.3043, 0.0818)
[2026-09-19 14:03:01.684] [info] EVIDENCE mob 9 health 16.0000 pos (0.4483, 131.0000, 1.9824) vel (0.0000, 0.0000, 0.0447)
[2026-09-19 14:03:01.697] [info] EVIDENCE mob 9 health 16.0000 pos (0.4483, 131.0000, 1.9824) vel (0.0000, 0.0000, 0.0447)
[2026-09-19 14:03:01.711] [info] EVIDENCE mob 9 health 16.0000 pos (0.4483, 131.0000, 1.9824) vel (0.0000, 0.0000, 0.0447)
[2026-09-19 14:03:01.724] [info] EVIDENCE mob 9 health 16.0000 pos (0.4483, 131.0000, 1.9824) vel (0.0000, 0.0000, 0.0447)
[2026-09-19 14:03:01.739] [info] EVIDENCE mob 9 health 16.0000 pos (0.4483, 131.0000, 2.0271) vel (0.0000, 0.0000, 0.0244)
[2026-09-19 14:03:01.752] [info] EVIDENCE mob 9 health 16.0000 pos (0.4483, 131.0000, 2.0271) vel (0.0000, 0.0000, 0.0244)
[2026-09-19 14:03:01.766] [info] EVIDENCE mob 9 health 16.0000 pos (0.4483, 131.0000, 2.0271) vel (0.0000, 0.0000, 0.0244)
[2026-09-19 14:03:01.781] [info] EVIDENCE mob 9 health 16.0000 pos (0.4483, 131.0000, 2.0271) vel (0.0000, 0.0000, 0.0244)
[2026-09-19 14:03:01.794] [info] EVIDENCE mob 9 health 16.0000 pos (0.4483, 131.0000, 2.0515) vel (0.0000, 0.0000, 0.0133)
[2026-09-19 14:03:01.808] [info] EVIDENCE mob 9 health 16.0000 pos (0.4483, 131.0000, 2.0515) vel (0.0000, 0.0000, 0.0133)
[2026-09-19 14:03:01.822] [info] EVIDENCE mob 9 health 16.0000 pos (0.4483, 131.0000, 2.0515) vel (0.0000, 0.0000, 0.0133)
[2026-09-19 14:03:01.836] [info] EVIDENCE mob 9 health 16.0000 pos (0.4483, 131.0000, 2.0648) vel (0.0000, 0.0000, 0.0073)
[2026-09-19 14:03:01.853] [info] EVIDENCE mob 9 health 16.0000 pos (0.4483, 131.0000, 2.0648) vel (0.0000, 0.0000, 0.0073)
[2026-09-19 14:03:01.856] [info] EVIDENCE mob 9 health 16.0000 pos (0.4483, 131.0000, 2.0648) vel (0.0000, 0.0000, 0.0073)
[2026-09-19 14:03:01.870] [info] EVIDENCE mob 9 health 16.0000 pos (0.4483, 131.0000, 2.0648) vel (0.0000, 0.0000, 0.0073)
[2026-09-19 14:03:01.885] [info] EVIDENCE mob 9 health 16.0000 pos (0.4483, 131.0000, 2.0720) vel (0.0000, 0.0000, 0.0040)
[2026-09-19 14:03:02.665] [info] EVIDENCE mob 9 health 16.0000 pos (0.4483, 131.0000, 2.0720) vel (0.0000, 0.0000, 0.0040)
[2026-09-19 14:03:02.676] [info] EVIDENCE mob 9 health 16.0000 pos (0.4483, 131.0000, 2.0720) vel (0.0000, 0.0000, 0.0040)
[2026-09-19 14:03:02.689] [info] EVIDENCE mob 9 health 16.0000 pos (0.4483, 131.0000, 2.0720) vel (0.0000, 0.0000, 0.0040)
[2026-09-19 14:03:02.704] [info] EVIDENCE mob 9 health 16.0000 pos (0.4483, 131.0000, 2.0760) vel (0.0000, 0.0000, 0.0000)
[2026-09-19 14:03:02.718] [info] EVIDENCE mob 9 health 16.0000 pos (0.4483, 131.0000, 2.0760) vel (0.0000, 0.0000, 0.0000)
[2026-09-19 14:03:02.731] [info] EVIDENCE mob 9 health 16.0000 pos (0.4483, 131.0000, 2.0760) vel (0.0000, 0.0000, 0.0000)
[2026-09-19 14:03:02.746] [info] EVIDENCE mob 9 health 16.0000 pos (0.4483, 131.0000, 2.0760) vel (0.0000, 0.0000, 0.0000)
[2026-09-19 14:03:02.759] [info] EVIDENCE mob 9 health 16.0000 pos (0.4483, 131.0000, 2.0760) vel (0.0000, 0.0000, 0.0000)
[2026-09-19 14:03:02.773] [info] EVIDENCE mob 9 health 16.0000 pos (0.4483, 131.0000, 2.0760) vel (0.0000, 0.0000, 0.0000)
[2026-09-19 14:03:02.787] [info] EVIDENCE mob 9 health 16.0000 pos (0.4483, 131.0000, 2.0760) vel (0.0000, 0.0000, 0.0000)
[2026-09-19 14:03:02.801] [info] EVIDENCE mob 9 health 16.0000 pos (0.4483, 131.0000, 2.0760) vel (0.0000, 0.0000, 0.0000)
[2026-09-19 14:03:02.814] [info] EVIDENCE probe yaw 0.0000 pitch 0.0000 eye (0.415, 132.620, 2.389) nearest_mob 9 dist 0.013
[2026-09-19 14:03:02.815] [info] EVIDENCE mob 9 health 16.0000 pos (0.4483, 131.0000, 2.0760) vel (0.0000, 0.0000, 0.0000)
[2026-09-19 14:03:02.829] [info] EVIDENCE mob 9 health 16.0000 pos (0.4483, 131.0000, 2.0760) vel (0.0000, 0.0000, 0.0000)
[2026-09-19 14:03:02.843] [info] EVIDENCE mob 9 health 16.0000 pos (0.4483, 131.0000, 2.0760) vel (0.0000, 0.0000, 0.0000)
[2026-09-19 14:03:02.856] [info] EVIDENCE mob 9 health 16.0000 pos (0.4483, 131.0000, 2.0760) vel (0.0000, 0.0000, 0.0000)
[2026-09-19 14:03:02.871] [info] EVIDENCE mob 9 health 16.0000 pos (0.4483, 131.0000, 2.0760) vel (0.0000, 0.0000, 0.0000)
[2026-09-19 14:03:02.884] [info] EVIDENCE mob 9 health 16.0000 pos (0.4483, 131.0000, 2.0760) vel (0.0000, 0.0000, 0.0000)
[2026-09-19 14:03:02.898] [info] EVIDENCE mob 9 health 16.0000 pos (0.4483, 131.0000, 2.0760) vel (0.0000, 0.0000, 0.0000)
[2026-09-19 14:03:02.912] [info] EVIDENCE mob 9 health 16.0000 pos (0.4483, 131.0000, 2.0760) vel (0.0000, 0.0000, 0.0000)
[2026-09-19 14:03:02.926] [info] EVIDENCE mob 9 health 16.0000 pos (0.4483, 131.0000, 2.0760) vel (0.0000, 0.0000, 0.0000)
[2026-09-19 14:03:02.940] [info] EVIDENCE mob 9 health 16.0000 pos (0.4483, 131.0000, 2.0760) vel (0.0000, 0.0000, 0.0000)
[2026-09-19 14:03:02.954] [info] mob event: melee 3.0 damage at (0.4, 131.0, 2.1)
[2026-09-19 14:03:02.954] [info] mob melee for 3.0 at (0.45, 131.00, 2.08); health now 11.0
[2026-09-19 14:03:02.954] [info] EVIDENCE mob 9 health 16.0000 pos (0.4483, 131.0000, 2.0760) vel (0.0000, 0.0000, 0.0000)
[2026-09-19 14:03:02.968] [info] EVIDENCE mob 9 health 16.0000 pos (0.4483, 131.0000, 2.0760) vel (0.0000, 0.0000, 0.0000)
[2026-09-19 14:03:02.981] [info] EVIDENCE mob 9 health 16.0000 pos (0.4483, 131.0000, 2.0760) vel (0.0000, 0.0000, 0.0000)
[2026-09-19 14:03:02.996] [info] EVIDENCE mob 9 health 16.0000 pos (0.4483, 131.0000, 2.0760) vel (0.0000, 0.0000, 0.0000)
[2026-09-19 14:03:03.009] [info] EVIDENCE mob 9 health 16.0000 pos (0.4483, 131.0000, 2.0760) vel (0.0000, 0.0000, 0.0000)
[2026-09-19 14:03:03.023] [info] EVIDENCE mob 9 health 16.0000 pos (0.4483, 131.0000, 2.0760) vel (0.0000, 0.0000, 0.0000)
[2026-09-19 14:03:03.037] [info] EVIDENCE mob 9 health 16.0000 pos (0.4483, 131.0000, 2.0760) vel (0.0000, 0.0000, 0.0000)
[2026-09-19 14:03:03.051] [info] EVIDENCE mob 9 health 16.0000 pos (0.4483, 131.0000, 2.0760) vel (0.0000, 0.0000, 0.0000)
[2026-09-19 14:03:03.064] [info] EVIDENCE mob 9 health 16.0000 pos (0.4483, 131.0000, 2.0760) vel (0.0000, 0.0000, 0.0000)
[2026-09-19 14:03:03.079] [info] EVIDENCE mob 9 health 16.0000 pos (0.4483, 131.0000, 2.0760) vel (0.0000, 0.0000, 0.0000)
[2026-09-19 14:03:03.097] [info] EVIDENCE mob 9 health 16.0000 pos (0.4483, 131.0000, 2.0760) vel (0.0000, 0.0000, 0.0000)
[2026-09-19 14:03:03.102] [info] EVIDENCE mob 9 health 16.0000 pos (0.4372, 131.0000, 2.1798) vel (-0.0061, 0.0000, 0.0567)
[2026-09-19 14:03:03.113] [info] EVIDENCE mob 9 health 16.0000 pos (0.4372, 131.0000, 2.1798) vel (-0.0061, 0.0000, 0.0567)
[2026-09-19 14:03:03.127] [info] EVIDENCE mob 9 health 16.0000 pos (0.4372, 131.0000, 2.1798) vel (-0.0061, 0.0000, 0.0567)
[2026-09-19 14:03:03.134] [info] EVIDENCE mob 9 health 16.0000 pos (0.4372, 131.0000, 2.1798) vel (-0.0061, 0.0000, 0.0567)
[2026-09-19 14:03:03.148] [info] EVIDENCE mob 9 health 16.0000 pos (0.4372, 131.0000, 2.1798) vel (-0.0061, 0.0000, 0.0567)
[2026-09-19 14:03:03.162] [info] EVIDENCE mob 9 health 16.0000 pos (0.4311, 131.0000, 2.2365) vel (-0.0033, 0.0000, 0.0310)
[2026-09-19 14:03:03.176] [info] EVIDENCE mob 9 health 16.0000 pos (0.4311, 131.0000, 2.2365) vel (-0.0033, 0.0000, 0.0310)
[2026-09-19 14:03:03.189] [info] EVIDENCE mob 9 health 16.0000 pos (0.4311, 131.0000, 2.2365) vel (-0.0033, 0.0000, 0.0310)
[2026-09-19 14:03:03.204] [info] EVIDENCE mob 9 health 16.0000 pos (0.4278, 131.0000, 2.2675) vel (0.0000, 0.0000, 0.0169)
[2026-09-19 14:03:03.218] [info] EVIDENCE probe yaw 0.0000 pitch 0.0000 eye (0.326, 132.620, 3.222) nearest_mob 9 dist 0.655
[2026-09-19 14:03:03.218] [info] EVIDENCE mob 9 health 16.0000 pos (0.4278, 131.0000, 2.2675) vel (0.0000, 0.0000, 0.0169)
[2026-09-19 14:03:03.231] [info] EVIDENCE mob 9 health 16.0000 pos (0.4278, 131.0000, 2.2675) vel (0.0000, 0.0000, 0.0169)
[2026-09-19 14:03:03.246] [info] EVIDENCE mob 9 health 16.0000 pos (0.4278, 131.0000, 2.2675) vel (0.0000, 0.0000, 0.0169)
[2026-09-19 14:03:03.259] [info] EVIDENCE mob 9 health 16.0000 pos (0.4278, 131.0000, 2.2844) vel (0.0000, 0.0000, 0.0092)
[2026-09-19 14:03:03.273] [info] EVIDENCE mob 9 health 16.0000 pos (0.4278, 131.0000, 2.2844) vel (0.0000, 0.0000, 0.0092)
[2026-09-19 14:03:03.280] [info] EVIDENCE mob 9 health 16.0000 pos (0.4278, 131.0000, 2.2844) vel (0.0000, 0.0000, 0.0092)
[2026-09-19 14:03:03.294] [info] EVIDENCE mob 9 health 16.0000 pos (0.4278, 131.0000, 2.2844) vel (0.0000, 0.0000, 0.0092)
[2026-09-19 14:03:03.310] [info] EVIDENCE mob 9 health 16.0000 pos (0.4278, 131.0000, 2.2936) vel (0.0000, 0.0000, 0.0050)
[2026-09-19 14:03:03.322] [info] EVIDENCE mob 9 health 16.0000 pos (0.4278, 131.0000, 2.2936) vel (0.0000, 0.0000, 0.0050)
[2026-09-19 14:03:03.335] [info] EVIDENCE mob 9 health 16.0000 pos (0.4278, 131.0000, 2.2936) vel (0.0000, 0.0000, 0.0050)
[2026-09-19 14:03:03.350] [info] fps 73.8 | pos (0.33, 131.00, 3.25) | chunks 113 | stream-meshed 104
[2026-09-19 14:03:03.350] [info] EVIDENCE mob 9 health 16.0000 pos (0.4278, 131.0000, 2.2936) vel (0.0000, 0.0000, 0.0050)
[2026-09-19 14:03:03.363] [info] EVIDENCE mob 9 health 16.0000 pos (0.4278, 131.0000, 2.2987) vel (0.0000, 0.0000, 0.0000)
[2026-09-19 14:03:03.382] [info] EVIDENCE mob 9 health 16.0000 pos (0.4278, 131.0000, 2.2987) vel (0.0000, 0.0000, 0.0000)
[2026-09-19 14:03:03.386] [info] EVIDENCE mob 9 health 16.0000 pos (0.4278, 131.0000, 2.2987) vel (0.0000, 0.0000, 0.0000)
[2026-09-19 14:03:03.398] [info] EVIDENCE mob 9 health 16.0000 pos (0.4278, 131.0000, 2.2987) vel (0.0000, 0.0000, 0.0000)
[2026-09-19 14:03:03.412] [info] EVIDENCE mob 9 health 16.0000 pos (0.4278, 131.0000, 2.2987) vel (0.0000, 0.0000, 0.0000)
[2026-09-19 14:03:03.426] [info] EVIDENCE mob 9 health 16.0000 pos (0.4278, 131.0000, 2.2987) vel (0.0000, 0.0000, 0.0000)
[2026-09-19 14:03:03.439] [info] EVIDENCE mob 9 health 16.0000 pos (0.4278, 131.0000, 2.2987) vel (0.0000, 0.0000, 0.0000)
[2026-09-19 14:03:03.454] [info] EVIDENCE mob 9 health 16.0000 pos (0.4278, 131.0000, 2.2987) vel (0.0000, 0.0000, 0.0000)
[2026-09-19 14:03:03.467] [info] EVIDENCE mob 9 health 16.0000 pos (0.4278, 131.0000, 2.2987) vel (0.0000, 0.0000, 0.0000)
[2026-09-19 14:03:03.481] [info] EVIDENCE mob 9 health 16.0000 pos (0.4278, 131.0000, 2.2987) vel (0.0000, 0.0000, 0.0000)
[2026-09-19 14:03:03.496] [info] EVIDENCE mob 9 health 16.0000 pos (0.4278, 131.0000, 2.2987) vel (0.0000, 0.0000, 0.0000)
[2026-09-19 14:03:03.509] [info] EVIDENCE mob 9 health 16.0000 pos (0.4278, 131.0000, 2.2987) vel (0.0000, 0.0000, 0.0000)
[2026-09-19 14:03:03.523] [info] EVIDENCE mob 9 health 16.0000 pos (0.4278, 131.0000, 2.2987) vel (0.0000, 0.0000, 0.0000)
[2026-09-19 14:03:03.537] [info] EVIDENCE mob 9 health 16.0000 pos (0.4278, 131.0000, 2.2987) vel (0.0000, 0.0000, 0.0000)
[2026-09-19 14:03:03.555] [info] EVIDENCE mob 9 health 16.0000 pos (0.4278, 131.0000, 2.2987) vel (0.0000, 0.0000, 0.0000)
[2026-09-19 14:03:03.559] [info] EVIDENCE mob 9 health 16.0000 pos (0.4278, 131.0000, 2.2987) vel (0.0000, 0.0000, 0.0000)
[2026-09-19 14:03:03.571] [info] EVIDENCE mob 9 health 16.0000 pos (0.4278, 131.0000, 2.2987) vel (0.0000, 0.0000, 0.0000)
[2026-09-19 14:03:03.585] [info] EVIDENCE mob 9 health 16.0000 pos (0.4278, 131.0000, 2.2987) vel (0.0000, 0.0000, 0.0000)
[2026-09-19 14:03:03.594] [info] EVIDENCE summon hollow_wretch id=10 at (1.3, 131.0, 1.3)
[2026-09-19 14:03:03.594] [info] EVIDENCE mob 10 health 20.0000 pos (1.3259, 131.0000, 1.2608) vel (0.0000, 0.0000, 0.0000)
[2026-09-19 14:03:03.606] [info] EVIDENCE probe yaw 0.0000 pitch 0.0000 eye (0.326, 132.620, 3.261) nearest_mob 9 dist 0.662
[2026-09-19 14:03:03.606] [info] EVIDENCE mob 10 health 20.0000 pos (1.2447, 132.0000, 1.1952) vel (-0.0443, 0.0000, -0.0358)
[2026-09-19 14:03:03.621] [info] EVIDENCE mob 10 health 20.0000 pos (1.2447, 132.0000, 1.1952) vel (-0.0443, 0.0000, -0.0358)
[2026-09-19 14:03:03.634] [info] EVIDENCE mob 10 health 20.0000 pos (1.2447, 132.0000, 1.1952) vel (-0.0443, 0.0000, -0.0358)
[2026-09-19 14:03:03.648] [info] EVIDENCE mob 10 health 20.0000 pos (1.2447, 132.0000, 1.1952) vel (-0.0443, 0.0000, -0.0358)
[2026-09-19 14:03:03.667] [info] EVIDENCE mob 10 health 20.0000 pos (1.1901, 132.0000, 1.0555) vel (-0.0298, 0.0000, -0.0763)
[2026-09-19 14:03:03.670] [info] EVIDENCE mob 10 health 20.0000 pos (1.1901, 132.0000, 1.0555) vel (-0.0298, 0.0000, -0.0763)
[2026-09-19 14:03:03.683] [info] EVIDENCE mob 10 health 20.0000 pos (1.1901, 132.0000, 1.0555) vel (-0.0298, 0.0000, -0.0763)
[2026-09-19 14:03:03.697] [info] EVIDENCE mob 10 health 20.0000 pos (1.1901, 132.0000, 1.0555) vel (-0.0298, 0.0000, -0.0763)
[2026-09-19 14:03:03.710] [info] EVIDENCE mob 10 health 20.0000 pos (1.1504, 132.0000, 0.8752) vel (-0.0217, 0.0000, -0.0984)
[2026-09-19 14:03:03.725] [info] EVIDENCE mob 10 health 20.0000 pos (1.1504, 132.0000, 0.8752) vel (-0.0217, 0.0000, -0.0984)
[2026-09-19 14:03:03.738] [info] EVIDENCE mob 10 health 20.0000 pos (1.1504, 132.0000, 0.8752) vel (-0.0217, 0.0000, -0.0984)
[2026-09-19 14:03:03.752] [info] EVIDENCE mob 10 health 20.0000 pos (1.1504, 132.0000, 0.8752) vel (-0.0217, 0.0000, -0.0984)
[2026-09-19 14:03:03.767] [info] mob blastbud spawned at (79.2, 85.0, -21.4) in chunk (4, -2)
[2026-09-19 14:03:03.767] [info] mob blastbud spawned at (75.3, 85.0, -18.0) in chunk (4, -2)
[2026-09-19 14:03:03.767] [info] mob blastbud spawned at (76.3, 85.0, -19.6) in chunk (4, -2)
[2026-09-19 14:03:03.767] [info] mob blastbud spawned at (78.0, 85.0, -20.0) in chunk (4, -2)
[2026-09-19 14:03:03.767] [info] EVIDENCE mob 10 health 20.0000 pos (1.1191, 132.0000, 0.6728) vel (-0.0171, 0.0000, -0.1105)
[2026-09-19 14:03:03.780] [info] EVIDENCE lmb down | yaw 0.0000 picked 9 dist 0.662 swinging false age 61 charge 1.000 sprint false fall false onground true vy 0.0000
[2026-09-19 14:03:03.780] [info] EVIDENCE mob 10 health 20.0000 pos (1.1191, 132.0000, 0.6728) vel (-0.0171, 0.0000, -0.1105)
[2026-09-19 14:03:03.794] [info] EVIDENCE mob 10 health 20.0000 pos (1.1191, 132.0000, 0.6728) vel (-0.0171, 0.0000, -0.1105)
[2026-09-19 14:03:03.808] [info] EVIDENCE swing weapon 33 charge 1.000000 charged true crit false falling false sprinting false damage 4.000000
[2026-09-19 14:03:03.808] [info] EVIDENCE knockback 0.4 (sprint gate false)
[2026-09-19 14:03:03.808] [info] attacked mob 9 at (0.33, 131.00, 3.26) charge 1.000
[2026-09-19 14:03:03.808] [info] EVIDENCE mob 10 health 20.0000 pos (1.0925, 132.0000, 0.4583) vel (-0.0145, 0.0000, -0.1171)
[2026-09-19 14:03:03.822] [info] EVIDENCE mob 10 health 20.0000 pos (1.0925, 132.0000, 0.4583) vel (-0.0145, 0.0000, -0.1171)
[2026-09-19 14:03:03.835] [info] EVIDENCE mob 10 health 20.0000 pos (1.0925, 132.0000, 0.4583) vel (-0.0145, 0.0000, -0.1171)
[2026-09-19 14:03:03.850] [info] EVIDENCE lmb up
[2026-09-19 14:03:03.850] [info] EVIDENCE mob 10 health 20.0000 pos (1.0925, 132.0000, 0.4583) vel (-0.0145, 0.0000, -0.1171)
[2026-09-19 14:03:03.863] [info] EVIDENCE mob 10 health 20.0000 pos (0.9978, 133.0000, 0.2743) vel (-0.0517, 0.0000, -0.1005)
[2026-09-19 14:03:03.877] [info] EVIDENCE mob 10 health 20.0000 pos (0.9978, 133.0000, 0.2743) vel (-0.0517, 0.0000, -0.1005)
[2026-09-19 14:03:03.891] [info] EVIDENCE mob 10 health 20.0000 pos (0.9978, 133.0000, 0.2743) vel (-0.0517, 0.0000, -0.1005)
[2026-09-19 14:03:03.905] [info] EVIDENCE mob 10 health 20.0000 pos (0.9978, 133.0000, 0.2743) vel (-0.0517, 0.0000, -0.1005)
[2026-09-19 14:03:03.919] [info] EVIDENCE mob 10 health 20.0000 pos (0.9232, 133.0000, 0.2757) vel (-0.0407, 0.0000, 0.0000)
[2026-09-19 14:03:03.933] [info] EVIDENCE mob 10 health 20.0000 pos (0.9232, 133.0000, 0.2757) vel (-0.0407, 0.0000, 0.0000)
[2026-09-19 14:03:03.951] [info] EVIDENCE mob 10 health 20.0000 pos (0.9232, 133.0000, 0.2757) vel (-0.0407, 0.0000, 0.0000)
[2026-09-19 14:03:03.956] [info] EVIDENCE mob 10 health 20.0000 pos (0.8620, 133.0000, 0.3781) vel (-0.0334, 0.0000, 0.0559)
[2026-09-19 14:03:03.968] [info] EVIDENCE mob 10 health 20.0000 pos (0.8620, 133.0000, 0.3781) vel (-0.0334, 0.0000, 0.0559)
[2026-09-19 14:03:03.981] [info] EVIDENCE mob 10 health 20.0000 pos (0.8620, 133.0000, 0.3781) vel (-0.0334, 0.0000, 0.0559)
[2026-09-19 14:03:03.988] [info] EVIDENCE mob 10 health 20.0000 pos (0.8620, 133.0000, 0.3781) vel (-0.0334, 0.0000, 0.0559)
[2026-09-19 14:03:04.002] [info] EVIDENCE probe yaw 0.0000 pitch 0.0000 eye (0.326, 132.620, 3.261) nearest_mob 9 dist 1.005
[2026-09-19 14:03:04.002] [info] EVIDENCE mob 10 health 20.0000 pos (0.8620, 133.0000, 0.3781) vel (-0.0334, 0.0000, 0.0559)
[2026-09-19 14:03:04.017] [info] mob event: melee 3.0 damage at (0.5, 131.0, 2.0)
[2026-09-19 14:03:04.017] [info] mob melee for 3.0 at (0.47, 131.00, 1.96); health now 8.0
[2026-09-19 14:03:04.017] [info] EVIDENCE mob 10 health 20.0000 pos (0.8095, 132.9200, 0.5367) vel (-0.0478, -0.0784, 0.1443)
[2026-09-19 14:03:04.030] [info] EVIDENCE mob 10 health 20.0000 pos (0.8095, 132.9200, 0.5367) vel (-0.0478, -0.0784, 0.1443)
[2026-09-19 14:03:04.044] [info] EVIDENCE mob 10 health 20.0000 pos (0.8095, 132.9200, 0.5367) vel (-0.0478, -0.0784, 0.1443)
[2026-09-19 14:03:04.058] [info] EVIDENCE mob 10 health 20.0000 pos (0.7443, 132.7616, 0.7840) vel (-0.0593, -0.1552, 0.2250)
[2026-09-19 14:03:04.072] [info] EVIDENCE lmb down | yaw 0.0000 picked 9 dist 1.229 swinging false age 5 charge 0.355 sprint false fall false onground true vy 0.0000
[2026-09-19 14:03:04.072] [info] EVIDENCE mob 10 health 20.0000 pos (0.7443, 132.7616, 0.7840) vel (-0.0593, -0.1552, 0.2250)
[2026-09-19 14:03:04.085] [info] EVIDENCE mob 10 health 20.0000 pos (0.7443, 132.7616, 0.7840) vel (-0.0593, -0.1552, 0.2250)
[2026-09-19 14:03:04.100] [info] EVIDENCE mob 10 health 20.0000 pos (0.7443, 132.7616, 0.7840) vel (-0.0593, -0.1552, 0.2250)
[2026-09-19 14:03:04.113] [info] EVIDENCE swing weapon 33 charge 0.416320 charged false crit false falling false sprinting false damage 1.665280
[2026-09-19 14:03:04.113] [info] attacked mob 9 at (0.26, 131.00, 3.88) charge 0.416
[2026-09-19 14:03:04.113] [info] EVIDENCE mob 10 health 20.0000 pos (0.6688, 132.5264, 1.1121) vel (-0.0687, -0.2305, 0.2986)
[2026-09-19 14:03:04.127] [info] EVIDENCE lmb up
[2026-09-19 14:03:04.127] [info] EVIDENCE mob 10 health 20.0000 pos (0.6688, 132.5264, 1.1121) vel (-0.0687, -0.2305, 0.2986)
[2026-09-19 14:03:04.142] [info] EVIDENCE mob 10 health 20.0000 pos (0.6688, 132.5264, 1.1121) vel (-0.0687, -0.2305, 0.2986)
[2026-09-19 14:03:04.155] [info] EVIDENCE mob 10 health 20.0000 pos (0.6688, 132.5264, 1.1121) vel (-0.0687, -0.2305, 0.2986)
[2026-09-19 14:03:04.169] [info] EVIDENCE mob 10 health 20.0000 pos (0.5850, 132.2158, 1.5141) vel (-0.0763, -0.3043, 0.3658)
[2026-09-19 14:03:04.183] [info] EVIDENCE mob 10 health 20.0000 pos (0.5850, 132.2158, 1.5141) vel (-0.0763, -0.3043, 0.3658)
[2026-09-19 14:03:04.197] [info] EVIDENCE mob 10 health 20.0000 pos (0.5850, 132.2158, 1.5141) vel (-0.0763, -0.3043, 0.3658)
[2026-09-19 14:03:04.210] [info] EVIDENCE mob 10 health 20.0000 pos (0.4948, 131.8315, 1.9833) vel (-0.0822, -0.3766, 0.4270)
[2026-09-19 14:03:04.225] [info] EVIDENCE mob 10 health 20.0000 pos (0.4948, 131.8315, 1.9833) vel (-0.0822, -0.3766, 0.4270)
[2026-09-19 14:03:04.243] [info] EVIDENCE mob 10 health 20.0000 pos (0.4948, 131.8315, 1.9833) vel (-0.0822, -0.3766, 0.4270)
[2026-09-19 14:03:04.248] [info] EVIDENCE mob 10 health 20.0000 pos (0.4948, 131.8315, 1.9833) vel (-0.0822, -0.3766, 0.4270)
[2026-09-19 14:03:04.259] [info] EVIDENCE mob 10 health 20.0000 pos (0.3999, 131.3749, 2.5140) vel (-0.0863, -0.4475, 0.4829)
[2026-09-19 14:03:04.273] [info] EVIDENCE mob 10 health 20.0000 pos (0.3999, 131.3749, 2.5140) vel (-0.0863, -0.4475, 0.4829)
[2026-09-19 14:03:04.280] [info] EVIDENCE mob 10 health 20.0000 pos (0.3999, 131.3749, 2.5140) vel (-0.0863, -0.4475, 0.4829)
[2026-09-19 14:03:04.294] [info] EVIDENCE mob 10 health 20.0000 pos (0.3999, 131.3749, 2.5140) vel (-0.0863, -0.4475, 0.4829)
[2026-09-19 14:03:04.308] [info] EVIDENCE mob 10 health 20.0000 pos (0.3029, 131.0000, 3.1008) vel (-0.0529, 0.0000, 0.3204)
[2026-09-19 14:03:04.321] [info] EVIDENCE mob 10 health 20.0000 pos (0.3029, 131.0000, 3.1008) vel (-0.0529, 0.0000, 0.3204)
[2026-09-19 14:03:04.339] [info] EVIDENCE mob 10 health 20.0000 pos (0.3029, 131.0000, 3.1008) vel (-0.0529, 0.0000, 0.3204)
[2026-09-19 14:03:04.342] [info] EVIDENCE mob 10 health 20.0000 pos (0.3029, 131.0000, 3.1008) vel (-0.0529, 0.0000, 0.3204)
[2026-09-19 14:03:04.356] [info] EVIDENCE lmb down | yaw 0.0000 picked 9 dist 0.605 swinging true age 4 charge 0.304 sprint false fall false onground true vy 0.0000
[2026-09-19 14:03:04.356] [info] EVIDENCE mob 10 health 20.0000 pos (0.3029, 131.0000, 3.1008) vel (-0.0529, 0.0000, 0.3204)
[2026-09-19 14:03:04.363] [info] EVIDENCE swing weapon 33 charge 0.354880 charged false crit false falling false sprinting false damage 1.419520
[2026-09-19 14:03:04.363] [info] EVIDENCE knockback 0.4 (sprint gate false)
[2026-09-19 14:03:04.363] [info] attacked mob 9 at (0.24, 131.00, 4.12) charge 0.355
[2026-09-19 14:03:04.363] [info] mob event: melee 3.0 damage at (0.3, 131.0, 3.1)
[2026-09-19 14:03:04.363] [info] mob melee for 3.0 absorbed by the hurt window (3 tick(s) left, last 3.0)
[2026-09-19 14:03:04.363] [info] EVIDENCE mob 10 health 20.0000 pos (0.2432, 131.0000, 3.5253) vel (-0.0326, 0.0000, 0.2318)
[2026-09-19 14:03:04.377] [info] EVIDENCE mob 10 health 20.0000 pos (0.2432, 131.0000, 3.5253) vel (-0.0326, 0.0000, 0.2318)
[2026-09-19 14:03:04.391] [info] EVIDENCE probe yaw 0.0000 pitch 0.0000 eye (0.236, 132.620, 4.124) nearest_mob 10 dist 0.299
[2026-09-19 14:03:04.391] [info] EVIDENCE mob 10 health 20.0000 pos (0.2432, 131.0000, 3.5253) vel (-0.0326, 0.0000, 0.2318)
[2026-09-19 14:03:04.405] [info] EVIDENCE mob 10 health 20.0000 pos (0.2432, 131.0000, 3.5253) vel (-0.0326, 0.0000, 0.2318)
[2026-09-19 14:03:04.419] [info] EVIDENCE lmb up
[2026-09-19 14:03:04.419] [info] EVIDENCE mob 10 health 20.0000 pos (0.2106, 131.0000, 3.7572) vel (-0.0178, 0.0000, 0.1266)
[2026-09-19 14:03:04.433] [info] EVIDENCE mob 10 health 20.0000 pos (0.2106, 131.0000, 3.7572) vel (-0.0178, 0.0000, 0.1266)
[2026-09-19 14:03:04.447] [info] EVIDENCE mob 10 health 20.0000 pos (0.2106, 131.0000, 3.7572) vel (-0.0178, 0.0000, 0.1266)
[2026-09-19 14:03:04.460] [info] EVIDENCE mob 10 health 20.0000 pos (0.1927, 131.0000, 3.8837) vel (-0.0097, 0.0000, 0.0691)
[2026-09-19 14:03:04.475] [info] EVIDENCE mob 10 health 20.0000 pos (0.1927, 131.0000, 3.8837) vel (-0.0097, 0.0000, 0.0691)
[2026-09-19 14:03:04.488] [info] EVIDENCE mob 10 health 20.0000 pos (0.1927, 131.0000, 3.8837) vel (-0.0097, 0.0000, 0.0691)
[2026-09-19 14:03:04.502] [info] EVIDENCE mob 10 health 20.0000 pos (0.1927, 131.0000, 3.8837) vel (-0.0097, 0.0000, 0.0691)
[2026-09-19 14:03:04.517] [info] EVIDENCE mob 10 health 20.0000 pos (0.1830, 131.0000, 3.9528) vel (-0.0053, 0.0000, 0.0377)
[2026-09-19 14:03:04.534] [info] EVIDENCE mob 10 health 20.0000 pos (0.1830, 131.0000, 3.9528) vel (-0.0053, 0.0000, 0.0377)
[2026-09-19 14:03:04.539] [info] EVIDENCE mob 10 health 20.0000 pos (0.1830, 131.0000, 3.9528) vel (-0.0053, 0.0000, 0.0377)
[2026-09-19 14:03:04.551] [info] EVIDENCE mob 10 health 20.0000 pos (0.1830, 131.0000, 3.9528) vel (-0.0053, 0.0000, 0.0377)
[2026-09-19 14:03:04.565] [info] EVIDENCE mob 10 health 20.0000 pos (0.1777, 131.0000, 3.9906) vel (0.0000, 0.0000, 0.0206)
[2026-09-19 14:03:04.579] [info] EVIDENCE mob 10 health 20.0000 pos (0.1777, 131.0000, 3.9906) vel (0.0000, 0.0000, 0.0206)
[2026-09-19 14:03:04.592] [info] EVIDENCE mob 10 health 20.0000 pos (0.1777, 131.0000, 3.9906) vel (0.0000, 0.0000, 0.0206)
[2026-09-19 14:03:04.606] [info] EVIDENCE mob 10 health 20.0000 pos (0.1777, 131.0000, 3.9906) vel (0.0000, 0.0000, 0.0206)
[2026-09-19 14:03:04.621] [info] EVIDENCE mob 10 health 20.0000 pos (0.1777, 131.0000, 4.0112) vel (0.0000, 0.0000, 0.0112)
[2026-09-19 14:03:04.634] [info] EVIDENCE mob 10 health 20.0000 pos (0.1777, 131.0000, 4.0112) vel (0.0000, 0.0000, 0.0112)
[2026-09-19 14:03:04.648] [info] EVIDENCE mob 10 health 20.0000 pos (0.1777, 131.0000, 4.0112) vel (0.0000, 0.0000, 0.0112)
[2026-09-19 14:03:04.662] [info] EVIDENCE mob 10 health 20.0000 pos (0.1777, 131.0000, 4.0224) vel (0.0000, 0.0000, 0.0061)
[2026-09-19 14:03:04.676] [info] EVIDENCE mob 10 health 20.0000 pos (0.1777, 131.0000, 4.0224) vel (0.0000, 0.0000, 0.0061)
[2026-09-19 14:03:04.690] [info] EVIDENCE mob 10 health 20.0000 pos (0.1777, 131.0000, 4.0224) vel (0.0000, 0.0000, 0.0061)
[2026-09-19 14:03:04.704] [info] EVIDENCE mob 10 health 20.0000 pos (0.1777, 131.0000, 4.0224) vel (0.0000, 0.0000, 0.0061)
[2026-09-19 14:03:04.717] [info] EVIDENCE mob 10 health 20.0000 pos (0.1777, 131.0000, 4.0286) vel (0.0000, 0.0000, 0.0034)
[2026-09-19 14:03:04.731] [info] EVIDENCE mob 10 health 20.0000 pos (0.1777, 131.0000, 4.0286) vel (0.0000, 0.0000, 0.0034)
[2026-09-19 14:03:04.748] [info] EVIDENCE summon hollow_wretch id=15 at (0.2, 131.0, 2.1)
[2026-09-19 14:03:04.748] [info] EVIDENCE mob 15 health 20.0000 pos (0.2361, 131.0000, 2.1330) vel (0.0000, 0.0000, 0.0000)
[2026-09-19 14:03:04.759] [info] EVIDENCE mob 15 health 20.0000 pos (0.2361, 131.0000, 2.1330) vel (0.0000, 0.0000, 0.0000)
[2026-09-19 14:03:04.773] [info] EVIDENCE mob 15 health 20.0000 pos (0.2748, 131.0000, 2.2300) vel (0.0211, 0.0000, 0.0530)
[2026-09-19 14:03:04.787] [info] EVIDENCE mob 15 health 20.0000 pos (0.2748, 131.0000, 2.2300) vel (0.0211, 0.0000, 0.0530)
[2026-09-19 14:03:04.801] [info] EVIDENCE probe yaw 0.0000 pitch 0.0000 eye (0.236, 132.620, 4.133) nearest_mob 10 dist 0.000
[2026-09-19 14:03:04.801] [info] EVIDENCE mob 15 health 20.0000 pos (0.2748, 131.0000, 2.2300) vel (0.0211, 0.0000, 0.0530)
[2026-09-19 14:03:04.819] [info] EVIDENCE mob 15 health 20.0000 pos (0.2938, 131.0000, 2.3874) vel (0.0104, 0.0000, 0.0859)
[2026-09-19 14:03:04.823] [info] EVIDENCE mob 15 health 20.0000 pos (0.2938, 131.0000, 2.3874) vel (0.0104, 0.0000, 0.0859)
[2026-09-19 14:03:04.836] [info] EVIDENCE mob 15 health 20.0000 pos (0.2938, 131.0000, 2.3874) vel (0.0104, 0.0000, 0.0859)
[2026-09-19 14:03:04.851] [info] EVIDENCE mob 15 health 20.0000 pos (0.2938, 131.0000, 2.3874) vel (0.0104, 0.0000, 0.0859)
[2026-09-19 14:03:04.863] [info] EVIDENCE mob 15 health 20.0000 pos (0.3008, 131.0000, 2.5776) vel (0.0038, 0.0000, 0.1039)
[2026-09-19 14:03:04.877] [info] EVIDENCE mob 15 health 20.0000 pos (0.3008, 131.0000, 2.5776) vel (0.0038, 0.0000, 0.1039)
[2026-09-19 14:03:04.891] [info] EVIDENCE mob 15 health 20.0000 pos (0.3008, 131.0000, 2.5776) vel (0.0038, 0.0000, 0.1039)
[2026-09-19 14:03:04.905] [info] EVIDENCE mob 15 health 20.0000 pos (0.3008, 131.0000, 2.5776) vel (0.0038, 0.0000, 0.1039)
[2026-09-19 14:03:04.919] [info] EVIDENCE mob 15 health 20.0000 pos (0.3002, 131.0000, 2.7859) vel (0.0000, 0.0000, 0.1137)
[2026-09-19 14:03:04.928] [info] EVIDENCE lmb down | yaw 0.0000 picked 10 dist 0.000 swinging false age 11 charge 0.877 sprint false fall false onground true vy 0.0000
[2026-09-19 14:03:04.928] [info] EVIDENCE mob 15 health 20.0000 pos (0.3002, 131.0000, 2.7859) vel (0.0000, 0.0000, 0.1137)
[2026-09-19 14:03:04.939] [info] EVIDENCE mob 15 health 20.0000 pos (0.3002, 131.0000, 2.7859) vel (0.0000, 0.0000, 0.1137)
[2026-09-19 14:03:04.954] [info] EVIDENCE mob 15 health 20.0000 pos (0.3002, 131.0000, 2.7859) vel (0.0000, 0.0000, 0.1137)
[2026-09-19 14:03:04.967] [info] EVIDENCE swing weapon 33 charge 1.000000 charged true crit false falling false sprinting false damage 4.000000
[2026-09-19 14:03:04.967] [info] EVIDENCE knockback 0.4 (sprint gate false)
[2026-09-19 14:03:04.967] [info] attacked mob 10 at (0.24, 131.00, 4.13) charge 1.000
[2026-09-19 14:03:04.967] [info] mob event: melee 3.0 damage at (0.3, 131.0, 2.8)
[2026-09-19 14:03:04.967] [info] mob melee for 3.0 at (0.30, 131.00, 2.79); health now 5.0
[2026-09-19 14:03:04.967] [info] EVIDENCE player healed from 5.0 to 20.0 (scene stabilisation)
[2026-09-19 14:03:04.967] [info] EVIDENCE mob 15 health 20.0000 pos (0.2952, 131.0000, 3.0038) vel (0.0000, 0.0000, 0.1190)
[2026-09-19 14:03:04.981] [info] EVIDENCE mob 15 health 20.0000 pos (0.2952, 131.0000, 3.0038) vel (0.0000, 0.0000, 0.1190)
[2026-09-19 14:03:04.996] [info] EVIDENCE lmb up
[2026-09-19 14:03:04.996] [info] EVIDENCE mob 15 health 20.0000 pos (0.2952, 131.0000, 3.0038) vel (0.0000, 0.0000, 0.1190)
[2026-09-19 14:03:05.009] [info] EVIDENCE mob 15 health 20.0000 pos (0.2952, 131.0000, 3.0038) vel (0.0000, 0.0000, 0.1190)
[2026-09-19 14:03:05.023] [info] mob event: melee 3.0 damage at (0.3, 131.0, 3.3)
[2026-09-19 14:03:05.023] [info] mob melee for 3.0 absorbed by the hurt window (9 tick(s) left, last 3.0)
[2026-09-19 14:03:05.023] [info] EVIDENCE mob 15 health 20.0000 pos (0.2899, 131.0000, 3.2271) vel (0.0000, 0.0000, 0.1219)
[2026-09-19 14:03:05.038] [info] EVIDENCE mob 15 health 20.0000 pos (0.2899, 131.0000, 3.2271) vel (0.0000, 0.0000, 0.1219)
[2026-09-19 14:03:05.051] [info] EVIDENCE mob 15 health 20.0000 pos (0.2899, 131.0000, 3.2271) vel (0.0000, 0.0000, 0.1219)
[2026-09-19 14:03:05.065] [info] EVIDENCE mob 15 health 20.0000 pos (0.2842, 131.0000, 3.4533) vel (-0.0031, 0.0000, 0.1235)
[2026-09-19 14:03:05.079] [info] EVIDENCE mob 15 health 20.0000 pos (0.2842, 131.0000, 3.4533) vel (-0.0031, 0.0000, 0.1235)
[2026-09-19 14:03:05.092] [info] EVIDENCE mob 15 health 20.0000 pos (0.2842, 131.0000, 3.4533) vel (-0.0031, 0.0000, 0.1235)
[2026-09-19 14:03:05.110] [info] EVIDENCE mob 15 health 20.0000 pos (0.2842, 131.0000, 3.4533) vel (-0.0031, 0.0000, 0.1235)
[2026-09-19 14:03:05.115] [info] EVIDENCE mob 15 health 20.0000 pos (0.2750, 131.0000, 3.6811) vel (-0.0050, 0.0000, 0.1243)
[2026-09-19 14:03:05.127] [info] EVIDENCE mob 15 health 20.0000 pos (0.2750, 131.0000, 3.6811) vel (-0.0050, 0.0000, 0.1243)
[2026-09-19 14:03:05.142] [info] EVIDENCE mob 15 health 20.0000 pos (0.2750, 131.0000, 3.6811) vel (-0.0050, 0.0000, 0.1243)
[2026-09-19 14:03:05.155] [info] EVIDENCE mob 15 health 20.0000 pos (0.2750, 131.0000, 3.6811) vel (-0.0050, 0.0000, 0.1243)
[2026-09-19 14:03:05.169] [info] EVIDENCE mob 15 health 20.0000 pos (0.2635, 131.0000, 3.9096) vel (-0.0062, 0.0000, 0.1248)
[2026-09-19 14:03:05.183] [info] EVIDENCE mob 15 health 20.0000 pos (0.2635, 131.0000, 3.9096) vel (-0.0062, 0.0000, 0.1248)
[2026-09-19 14:03:05.196] [info] EVIDENCE probe yaw 0.0000 pitch 0.0000 eye (0.198, 132.620, 4.935) nearest_mob 9 dist 0.683
[2026-09-19 14:03:05.196] [info] EVIDENCE mob 15 health 20.0000 pos (0.2635, 131.0000, 3.9096) vel (-0.0062, 0.0000, 0.1248)
[2026-09-19 14:03:05.210] [info] EVIDENCE mob 15 health 20.0000 pos (0.2635, 131.0000, 3.9096) vel (-0.0062, 0.0000, 0.1248)
[2026-09-19 14:03:05.225] [info] EVIDENCE swing weapon 33 charge 0.354880 charged false crit false falling false sprinting false damage 1.419520
[2026-09-19 14:03:05.225] [info] EVIDENCE knockback 0.4 (sprint gate false)
[2026-09-19 14:03:05.225] [info] attacked mob 9 at (0.20, 131.00, 4.97) charge 0.355
[2026-09-19 14:03:05.225] [info] EVIDENCE lmb down | yaw 0.0000 picked 9 dist 0.719 swinging true age 0 charge 0.201 sprint false fall false onground true vy 0.0000
[2026-09-19 14:03:05.225] [info] EVIDENCE mob 15 health 20.0000 pos (0.2508, 131.0000, 4.1387) vel (-0.0069, 0.0000, 0.1250)
[2026-09-19 14:03:05.238] [info] EVIDENCE mob 15 health 20.0000 pos (0.2508, 131.0000, 4.1387) vel (-0.0069, 0.0000, 0.1250)
[2026-09-19 14:03:05.252] [info] EVIDENCE mob 15 health 20.0000 pos (0.2508, 131.0000, 4.1387) vel (-0.0069, 0.0000, 0.1250)
[2026-09-19 14:03:05.267] [info] EVIDENCE mob 15 health 20.0000 pos (0.2439, 131.0000, 4.2637) vel (-0.0038, 0.0000, 0.0683)
[2026-09-19 14:03:05.280] [info] EVIDENCE lmb up
[2026-09-19 14:03:05.280] [info] EVIDENCE mob 15 health 20.0000 pos (0.2439, 131.0000, 4.2637) vel (-0.0038, 0.0000, 0.0683)
[2026-09-19 14:03:05.294] [info] EVIDENCE mob 15 health 20.0000 pos (0.2439, 131.0000, 4.2637) vel (-0.0038, 0.0000, 0.0683)
[2026-09-19 14:03:05.308] [info] EVIDENCE mob 15 health 20.0000 pos (0.2439, 131.0000, 4.2637) vel (-0.0038, 0.0000, 0.0683)
[2026-09-19 14:03:05.322] [info] EVIDENCE mob 15 health 20.0000 pos (0.2401, 131.0000, 4.3320) vel (0.0000, 0.0000, 0.0373)
[2026-09-19 14:03:05.335] [info] EVIDENCE mob 15 health 20.0000 pos (0.2401, 131.0000, 4.3320) vel (0.0000, 0.0000, 0.0373)
[2026-09-19 14:03:05.350] [info] fps 75.5 | pos (0.20, 131.00, 5.00) | chunks 113 | stream-meshed 104
[2026-09-19 14:03:05.350] [info] EVIDENCE mob 15 health 20.0000 pos (0.2401, 131.0000, 4.3320) vel (0.0000, 0.0000, 0.0373)
[2026-09-19 14:03:05.363] [info] EVIDENCE mob 15 health 20.0000 pos (0.2401, 131.0000, 4.3320) vel (0.0000, 0.0000, 0.0373)
[2026-09-19 14:03:05.377] [info] mob event: melee 3.0 damage at (-0.0, 131.0, 4.3)
[2026-09-19 14:03:05.377] [info] mob melee for 3.0 absorbed by the hurt window (2 tick(s) left, last 3.0)
[2026-09-19 14:03:05.377] [info] EVIDENCE mob 15 health 20.0000 pos (0.2401, 131.0000, 4.3693) vel (0.0000, 0.0000, 0.0204)
[2026-09-19 14:03:05.395] [info] EVIDENCE mob 15 health 20.0000 pos (0.2401, 131.0000, 4.3693) vel (0.0000, 0.0000, 0.0204)
[2026-09-19 14:03:05.399] [info] EVIDENCE mob 15 health 20.0000 pos (0.2401, 131.0000, 4.3693) vel (0.0000, 0.0000, 0.0204)
[2026-09-19 14:03:05.413] [info] EVIDENCE mob 15 health 20.0000 pos (0.2401, 131.0000, 4.3693) vel (0.0000, 0.0000, 0.0204)
[2026-09-19 14:03:05.427] [info] EVIDENCE mob 15 health 20.0000 pos (0.2401, 131.0000, 4.3896) vel (0.0000, 0.0000, 0.0111)
[2026-09-19 14:03:05.439] [info] EVIDENCE mob 15 health 20.0000 pos (0.2401, 131.0000, 4.3896) vel (0.0000, 0.0000, 0.0111)
[2026-09-19 14:03:05.454] [info] EVIDENCE mob 15 health 20.0000 pos (0.2401, 131.0000, 4.3896) vel (0.0000, 0.0000, 0.0111)
[2026-09-19 14:03:05.467] [info] EVIDENCE mob 15 health 20.0000 pos (0.2401, 131.0000, 4.4007) vel (0.0000, 0.0000, 0.0061)
[2026-09-19 14:03:05.481] [info] EVIDENCE mob 15 health 20.0000 pos (0.2401, 131.0000, 4.4007) vel (0.0000, 0.0000, 0.0061)
[2026-09-19 14:03:05.496] [info] EVIDENCE mob 15 health 20.0000 pos (0.2401, 131.0000, 4.4007) vel (0.0000, 0.0000, 0.0061)
[2026-09-19 14:03:05.509] [info] EVIDENCE lmb down | yaw 0.0000 picked 15 dist 0.320 swinging false age 5 charge 0.355 sprint false fall false onground true vy 0.0000
[2026-09-19 14:03:05.509] [info] EVIDENCE mob 15 health 20.0000 pos (0.2401, 131.0000, 4.4007) vel (0.0000, 0.0000, 0.0061)
[2026-09-19 14:03:05.523] [info] EVIDENCE swing weapon 33 charge 0.416320 charged false crit false falling false sprinting false damage 1.665280
[2026-09-19 14:03:05.523] [info] EVIDENCE knockback 0.4 (sprint gate false)
[2026-09-19 14:03:05.523] [info] attacked mob 15 at (0.20, 131.00, 5.01) charge 0.416
[2026-09-19 14:03:05.523] [info] EVIDENCE mob 15 health 18.3347 pos (0.2678, 131.0000, 4.0078) vel (0.0151, 0.0000, -0.2146)
[2026-09-19 14:03:05.537] [info] EVIDENCE mob 15 health 18.3347 pos (0.2678, 131.0000, 4.0078) vel (0.0151, 0.0000, -0.2146)
[2026-09-19 14:03:05.551] [info] EVIDENCE mob 15 health 18.3347 pos (0.2678, 131.0000, 4.0078) vel (0.0151, 0.0000, -0.2146)
[2026-09-19 14:03:05.565] [info] EVIDENCE lmb up
[2026-09-19 14:03:05.565] [info] EVIDENCE mob 15 health 18.3347 pos (0.2678, 131.0000, 4.0078) vel (0.0151, 0.0000, -0.2146)
[2026-09-19 14:03:05.579] [info] EVIDENCE mob 15 health 18.3347 pos (0.2829, 131.0000, 3.7932) vel (0.0082, 0.0000, -0.1172)
[2026-09-19 14:03:05.592] [info] EVIDENCE mob 15 health 18.3347 pos (0.2829, 131.0000, 3.7932) vel (0.0082, 0.0000, -0.1172)
[2026-09-19 14:03:05.606] [info] EVIDENCE probe yaw 0.0000 pitch 0.0000 eye (0.198, 132.620, 5.009) nearest_mob 10 dist 0.332
[2026-09-19 14:03:05.606] [info] EVIDENCE mob 15 health 18.3347 pos (0.2829, 131.0000, 3.7932) vel (0.0082, 0.0000, -0.1172)
[2026-09-19 14:03:05.621] [info] EVIDENCE mob 15 health 18.3347 pos (0.2839, 131.0000, 3.7802) vel (0.0000, 0.0000, -0.0071)
[2026-09-19 14:03:05.634] [info] EVIDENCE mob 15 health 18.3347 pos (0.2839, 131.0000, 3.7802) vel (0.0000, 0.0000, -0.0071)
[2026-09-19 14:03:05.648] [info] EVIDENCE mob 15 health 18.3347 pos (0.2839, 131.0000, 3.7802) vel (0.0000, 0.0000, -0.0071)
[2026-09-19 14:03:05.663] [info] EVIDENCE mob 15 health 18.3347 pos (0.2839, 131.0000, 3.7802) vel (0.0000, 0.0000, -0.0071)
[2026-09-19 14:03:05.680] [info] EVIDENCE mob 15 health 18.3347 pos (0.2766, 131.0000, 3.8773) vel (-0.0040, 0.0000, 0.0530)
[2026-09-19 14:03:05.685] [info] EVIDENCE mob 15 health 18.3347 pos (0.2766, 131.0000, 3.8773) vel (-0.0040, 0.0000, 0.0530)
[2026-09-19 14:03:05.697] [info] EVIDENCE mob 15 health 18.3347 pos (0.2766, 131.0000, 3.8773) vel (-0.0040, 0.0000, 0.0530)
[2026-09-19 14:03:05.711] [info] EVIDENCE mob 15 health 18.3347 pos (0.2766, 131.0000, 3.8773) vel (-0.0040, 0.0000, 0.0530)
[2026-09-19 14:03:05.725] [info] EVIDENCE mob 15 health 18.3347 pos (0.2654, 131.0000, 4.0345) vel (-0.0061, 0.0000, 0.0858)
[2026-09-19 14:03:05.738] [info] EVIDENCE mob 15 health 18.3347 pos (0.2654, 131.0000, 4.0345) vel (-0.0061, 0.0000, 0.0858)
[2026-09-19 14:03:05.752] [info] EVIDENCE mob 15 health 18.3347 pos (0.2654, 131.0000, 4.0345) vel (-0.0061, 0.0000, 0.0858)
[2026-09-19 14:03:05.767] [info] EVIDENCE mob 15 health 18.3347 pos (0.2593, 131.0000, 4.1203) vel (-0.0033, 0.0000, 0.0469)
[2026-09-19 14:03:05.780] [info] EVIDENCE mob 15 health 18.3347 pos (0.2593, 131.0000, 4.1203) vel (-0.0033, 0.0000, 0.0469)
[2026-09-19 14:03:05.793] [info] EVIDENCE mob 15 health 18.3347 pos (0.2593, 131.0000, 4.1203) vel (-0.0033, 0.0000, 0.0469)
[2026-09-19 14:03:05.808] [info] EVIDENCE mob 15 health 18.3347 pos (0.2593, 131.0000, 4.1203) vel (-0.0033, 0.0000, 0.0469)
[2026-09-19 14:03:05.825] [info] autosave: 0 chunk(s) queued for async write, level written (ticks=199)
[2026-09-19 14:03:05.825] [info] EVIDENCE mob 15 health 18.3347 pos (0.2559, 131.0000, 4.1671) vel (0.0000, 0.0000, 0.0256)
[2026-09-19 14:03:05.830] [info] EVIDENCE mob 15 health 18.3347 pos (0.2559, 131.0000, 4.1671) vel (0.0000, 0.0000, 0.0256)
[2026-09-19 14:03:05.843] [info] EVIDENCE mob 15 health 18.3347 pos (0.2559, 131.0000, 4.1671) vel (0.0000, 0.0000, 0.0256)
[2026-09-19 14:03:05.856] [info] EVIDENCE mob 15 health 18.3347 pos (0.2559, 131.0000, 4.1671) vel (0.0000, 0.0000, 0.0256)
[2026-09-19 14:03:05.863] [info] EVIDENCE mob 15 health 18.3347 pos (0.2559, 131.0000, 4.1671) vel (0.0000, 0.0000, 0.0256)
[2026-09-19 14:03:05.877] [info] EVIDENCE mob 15 health 18.3347 pos (0.2559, 131.0000, 4.1927) vel (0.0000, 0.0000, 0.0140)
[2026-09-19 14:03:05.893] [info] EVIDENCE summon hollow_wretch id=16 at (1.2, 131.0, 3.0)
[2026-09-19 14:03:05.893] [info] EVIDENCE mob 16 health 20.0000 pos (1.1979, 131.0000, 3.0093) vel (0.0000, 0.0000, 0.0000)
[2026-09-19 14:03:05.905] [info] EVIDENCE mob 16 health 20.0000 pos (1.1979, 131.0000, 3.0093) vel (0.0000, 0.0000, 0.0000)
[2026-09-19 14:03:05.919] [info] EVIDENCE mob 16 health 20.0000 pos (1.1979, 131.0000, 3.0093) vel (0.0000, 0.0000, 0.0000)
[2026-09-19 14:03:05.933] [info] EVIDENCE mob 16 health 20.0000 pos (1.1979, 131.0000, 3.0093) vel (0.0000, 0.0000, 0.0000)
[2026-09-19 14:03:05.947] [info] EVIDENCE mob 16 health 20.0000 pos (1.1979, 131.0000, 3.0093) vel (0.0000, 0.0000, 0.0000)
[2026-09-19 14:03:05.964] [info] EVIDENCE mob 16 health 20.0000 pos (1.1979, 131.0000, 3.0093) vel (0.0000, 0.0000, 0.0000)
[2026-09-19 14:03:05.969] [info] mob event: melee 3.0 damage at (0.3, 131.0, 4.2)
[2026-09-19 14:03:05.969] [info] mob melee for 3.0 at (0.26, 131.00, 4.21); health now 17.0
[2026-09-19 14:03:05.969] [info] EVIDENCE mob 16 health 20.0000 pos (1.2310, 132.0000, 3.1084) vel (0.0180, 0.0000, 0.0541)
[2026-09-19 14:03:05.981] [info] EVIDENCE mob 16 health 20.0000 pos (1.2310, 132.0000, 3.1084) vel (0.0180, 0.0000, 0.0541)
[2026-09-19 14:03:05.996] [info] EVIDENCE probe yaw 0.0000 pitch 0.0000 eye (0.198, 132.620, 5.009) nearest_mob 10 dist 0.332
[2026-09-19 14:03:05.996] [info] EVIDENCE mob 16 health 20.0000 pos (1.2310, 132.0000, 3.1084) vel (0.0180, 0.0000, 0.0541)
[2026-09-19 14:03:06.009] [info] EVIDENCE mob 16 health 20.0000 pos (1.2310, 132.0000, 3.1084) vel (0.0180, 0.0000, 0.0541)
[2026-09-19 14:03:06.023] [info] mob event: melee 3.0 damage at (0.3, 131.0, 4.2)
[2026-09-19 14:03:06.023] [info] mob melee for 3.0 absorbed by the hurt window (9 tick(s) left, last 3.0)
[2026-09-19 14:03:06.023] [info] EVIDENCE mob 16 health 20.0000 pos (1.2052, 132.0000, 3.2572) vel (-0.0141, 0.0000, 0.0813)
[2026-09-19 14:03:06.037] [info] EVIDENCE mob 16 health 20.0000 pos (1.2052, 132.0000, 3.2572) vel (-0.0141, 0.0000, 0.0813)
[2026-09-19 14:03:06.051] [info] EVIDENCE mob 16 health 20.0000 pos (1.2052, 132.0000, 3.2572) vel (-0.0141, 0.0000, 0.0813)
[2026-09-19 14:03:06.064] [info] EVIDENCE mob 16 health 20.0000 pos (1.2052, 132.0000, 3.2572) vel (-0.0141, 0.0000, 0.0813)
[2026-09-19 14:03:06.079] [info] EVIDENCE swing weapon 33 charge 0.877120 charged true crit false falling false sprinting false damage 3.508480
[2026-09-19 14:03:06.079] [info] EVIDENCE knockback 0.4 (sprint gate false)
[2026-09-19 14:03:06.079] [info] attacked mob 10 at (0.15, 131.00, 5.63) charge 0.877
[2026-09-19 14:03:06.079] [info] EVIDENCE lmb down | yaw 0.0000 picked 10 dist 0.846 swinging true age 0 charge 0.201 sprint false fall false onground true vy 0.0000
[2026-09-19 14:03:06.079] [info] EVIDENCE mob 16 health 20.0000 pos (1.1488, 132.0000, 3.4340) vel (-0.0308, 0.0000, 0.0965)
[2026-09-19 14:03:06.092] [info] EVIDENCE mob 16 health 20.0000 pos (1.1488, 132.0000, 3.4340) vel (-0.0308, 0.0000, 0.0965)
[2026-09-19 14:03:06.106] [info] EVIDENCE mob 16 health 20.0000 pos (1.1488, 132.0000, 3.4340) vel (-0.0308, 0.0000, 0.0965)
[2026-09-19 14:03:06.121] [info] EVIDENCE mob 16 health 20.0000 pos (1.0764, 132.0000, 3.6262) vel (-0.0395, 0.0000, 0.1050)
[2026-09-19 14:03:06.134] [info] EVIDENCE lmb up
[2026-09-19 14:03:06.134] [info] EVIDENCE mob 16 health 20.0000 pos (1.0764, 132.0000, 3.6262) vel (-0.0395, 0.0000, 0.1050)
[2026-09-19 14:03:06.148] [info] EVIDENCE mob 16 health 20.0000 pos (1.0764, 132.0000, 3.6262) vel (-0.0395, 0.0000, 0.1050)
[2026-09-19 14:03:06.162] [info] EVIDENCE mob 16 health 20.0000 pos (1.0764, 132.0000, 3.6262) vel (-0.0395, 0.0000, 0.1050)
[2026-09-19 14:03:06.176] [info] EVIDENCE mob 16 health 20.0000 pos (0.9957, 132.0000, 3.8272) vel (-0.0441, 0.0000, 0.1097)
[2026-09-19 14:03:06.189] [info] EVIDENCE mob 16 health 20.0000 pos (0.9957, 132.0000, 3.8272) vel (-0.0441, 0.0000, 0.1097)
[2026-09-19 14:03:06.204] [info] EVIDENCE mob 16 health 20.0000 pos (0.9957, 132.0000, 3.8272) vel (-0.0441, 0.0000, 0.1097)
[2026-09-19 14:03:06.217] [info] EVIDENCE mob 16 health 20.0000 pos (0.9957, 132.0000, 3.8272) vel (-0.0441, 0.0000, 0.1097)
[2026-09-19 14:03:06.231] [info] EVIDENCE mob 16 health 20.0000 pos (0.9109, 132.0000, 4.0331) vel (-0.0463, 0.0000, 0.1124)
[2026-09-19 14:03:06.250] [info] EVIDENCE mob 16 health 20.0000 pos (0.9109, 132.0000, 4.0331) vel (-0.0463, 0.0000, 0.1124)
[2026-09-19 14:03:06.254] [info] EVIDENCE mob 16 health 20.0000 pos (0.9109, 132.0000, 4.0331) vel (-0.0463, 0.0000, 0.1124)
[2026-09-19 14:03:06.266] [info] EVIDENCE mob 16 health 20.0000 pos (0.9109, 132.0000, 4.0331) vel (-0.0463, 0.0000, 0.1124)
[2026-09-19 14:03:06.280] [info] EVIDENCE mob 16 health 20.0000 pos (0.8241, 132.0000, 4.2417) vel (-0.0474, 0.0000, 0.1139)
[2026-09-19 14:03:06.294] [info] EVIDENCE mob 16 health 20.0000 pos (0.8241, 132.0000, 4.2417) vel (-0.0474, 0.0000, 0.1139)
[2026-09-19 14:03:06.308] [info] EVIDENCE mob 16 health 20.0000 pos (0.8241, 132.0000, 4.2417) vel (-0.0474, 0.0000, 0.1139)
[2026-09-19 14:03:06.322] [info] EVIDENCE mob 16 health 20.0000 pos (0.7363, 132.0000, 4.4519) vel (-0.0479, 0.0000, 0.1148)
[2026-09-19 14:03:06.339] [info] EVIDENCE mob 16 health 20.0000 pos (0.7363, 132.0000, 4.4519) vel (-0.0479, 0.0000, 0.1148)
[2026-09-19 14:03:06.342] [info] EVIDENCE mob 16 health 20.0000 pos (0.7363, 132.0000, 4.4519) vel (-0.0479, 0.0000, 0.1148)
[2026-09-19 14:03:06.356] [info] EVIDENCE lmb down | yaw 0.0000 picked 9 dist 0.503 swinging false age 5 charge 0.355 sprint false fall false onground true vy 0.0000
[2026-09-19 14:03:06.356] [info] EVIDENCE mob 16 health 20.0000 pos (0.7363, 132.0000, 4.4519) vel (-0.0479, 0.0000, 0.1148)
[2026-09-19 14:03:06.363] [info] EVIDENCE mob 16 health 20.0000 pos (0.7363, 132.0000, 4.4519) vel (-0.0479, 0.0000, 0.1148)
[2026-09-19 14:03:06.377] [info] EVIDENCE swing weapon 33 charge 0.416320 charged false crit false falling false sprinting false damage 1.665280
[2026-09-19 14:03:06.377] [info] EVIDENCE knockback 0.4 (sprint gate false)
[2026-09-19 14:03:06.377] [info] attacked mob 9 at (0.14, 131.00, 5.88) charge 0.416
[2026-09-19 14:03:06.377] [info] mob event: melee 3.0 damage at (0.1, 131.0, 4.9)
[2026-09-19 14:03:06.377] [info] mob melee for 3.0 absorbed by the hurt window (2 tick(s) left, last 3.0)
[2026-09-19 14:03:06.377] [info] EVIDENCE mob 16 health 20.0000 pos (0.6483, 132.0000, 4.6631) vel (-0.0481, 0.0000, 0.1153)
[2026-09-19 14:03:06.391] [info] EVIDENCE probe yaw 0.0000 pitch 0.0000 eye (0.140, 132.620, 5.881) nearest_mob 15 dist 0.462
[2026-09-19 14:03:06.391] [info] EVIDENCE mob 16 health 20.0000 pos (0.6483, 132.0000, 4.6631) vel (-0.0481, 0.0000, 0.1153)
[2026-09-19 14:03:06.405] [info] EVIDENCE mob 16 health 20.0000 pos (0.6483, 132.0000, 4.6631) vel (-0.0481, 0.0000, 0.1153)
[2026-09-19 14:03:06.419] [info] EVIDENCE lmb up
[2026-09-19 14:03:06.419] [info] EVIDENCE mob 16 health 20.0000 pos (0.6483, 132.0000, 4.6631) vel (-0.0481, 0.0000, 0.1153)
[2026-09-19 14:03:06.433] [info] mob event: melee 3.0 damage at (0.6, 132.0, 4.7)
[2026-09-19 14:03:06.433] [info] mob melee for 3.0 absorbed by the hurt window (1 tick(s) left, last 3.0)
[2026-09-19 14:03:06.433] [info] EVIDENCE mob 16 health 20.0000 pos (0.5600, 131.9200, 4.8748) vel (-0.0803, -0.0784, 0.1926)
[2026-09-19 14:03:06.446] [info] EVIDENCE mob 16 health 20.0000 pos (0.5600, 131.9200, 4.8748) vel (-0.0803, -0.0784, 0.1926)
[2026-09-19 14:03:06.460] [info] EVIDENCE mob 16 health 20.0000 pos (0.5600, 131.9200, 4.8748) vel (-0.0803, -0.0784, 0.1926)
[2026-09-19 14:03:06.475] [info] EVIDENCE mob 16 health 20.0000 pos (0.4798, 131.7616, 5.0674) vel (-0.0731, -0.1552, 0.1753)
[2026-09-19 14:03:06.488] [info] EVIDENCE mob 16 health 20.0000 pos (0.4798, 131.7616, 5.0674) vel (-0.0731, -0.1552, 0.1753)
[2026-09-19 14:03:06.502] [info] EVIDENCE mob 16 health 20.0000 pos (0.4798, 131.7616, 5.0674) vel (-0.0731, -0.1552, 0.1753)
[2026-09-19 14:03:06.517] [info] EVIDENCE mob 16 health 20.0000 pos (0.4798, 131.7616, 5.0674) vel (-0.0731, -0.1552, 0.1753)
[2026-09-19 14:03:06.534] [info] EVIDENCE mob 16 health 20.0000 pos (0.4067, 131.5264, 5.2428) vel (-0.0665, -0.2305, 0.1595)
[2026-09-19 14:03:06.539] [info] EVIDENCE mob 16 health 20.0000 pos (0.4067, 131.5264, 5.2428) vel (-0.0665, -0.2305, 0.1595)
[2026-09-19 14:03:06.551] [info] EVIDENCE mob 16 health 20.0000 pos (0.4067, 131.5264, 5.2428) vel (-0.0665, -0.2305, 0.1595)
[2026-09-19 14:03:06.565] [info] EVIDENCE mob 16 health 20.0000 pos (0.4067, 131.5264, 5.2428) vel (-0.0665, -0.2305, 0.1595)
[2026-09-19 14:03:06.571] [info] EVIDENCE mob 16 health 20.0000 pos (0.4067, 131.5264, 5.2428) vel (-0.0665, -0.2305, 0.1595)
[2026-09-19 14:03:06.585] [info] EVIDENCE mob 16 health 20.0000 pos (0.3402, 131.2158, 5.4023) vel (-0.0605, -0.3043, 0.1452)
[2026-09-19 14:03:06.600] [info] EVIDENCE mob 16 health 20.0000 pos (0.3402, 131.2158, 5.4023) vel (-0.0605, -0.3043, 0.1452)
[2026-09-19 14:03:06.613] [info] EVIDENCE mob 16 health 20.0000 pos (0.3402, 131.2158, 5.4023) vel (-0.0605, -0.3043, 0.1452)
[2026-09-19 14:03:06.631] [info] EVIDENCE mob 16 health 20.0000 pos (0.2797, 131.0000, 5.5475) vel (-0.0330, 0.0000, 0.0793)
[2026-09-19 14:03:06.634] [info] EVIDENCE mob 16 health 20.0000 pos (0.2797, 131.0000, 5.5475) vel (-0.0330, 0.0000, 0.0793)
[2026-09-19 14:03:06.648] [info] EVIDENCE lmb down | yaw 0.0000 picked 16 dist 0.182 swinging false age 5 charge 0.355 sprint false fall false onground true vy 0.0000
[2026-09-19 14:03:06.648] [info] EVIDENCE mob 16 health 20.0000 pos (0.2797, 131.0000, 5.5475) vel (-0.0330, 0.0000, 0.0793)
[2026-09-19 14:03:06.655] [info] EVIDENCE mob 16 health 20.0000 pos (0.2797, 131.0000, 5.5475) vel (-0.0330, 0.0000, 0.0793)
[2026-09-19 14:03:06.668] [info] EVIDENCE mob 16 health 20.0000 pos (0.2797, 131.0000, 5.5475) vel (-0.0330, 0.0000, 0.0793)
[2026-09-19 14:03:06.683] [info] EVIDENCE swing weapon 33 charge 0.416320 charged false crit false falling false sprinting false damage 1.665280
[2026-09-19 14:03:06.683] [info] EVIDENCE knockback 0.4 (sprint gate false)
[2026-09-19 14:03:06.683] [info] attacked mob 16 at (0.14, 131.00, 5.88) charge 0.416
[2026-09-19 14:03:06.683] [info] EVIDENCE mob 16 health 18.3347 pos (0.3999, 131.0000, 5.2572) vel (0.0656, 0.0000, -0.1585)
[2026-09-19 14:03:06.696] [info] EVIDENCE mob 16 health 18.3347 pos (0.3999, 131.0000, 5.2572) vel (0.0656, 0.0000, -0.1585)
[2026-09-19 14:03:06.710] [info] EVIDENCE lmb up
[2026-09-19 14:03:06.710] [info] EVIDENCE mob 16 health 18.3347 pos (0.3999, 131.0000, 5.2572) vel (0.0656, 0.0000, -0.1585)
[2026-09-19 14:03:06.725] [info] EVIDENCE mob 16 health 18.3347 pos (0.4655, 131.0000, 5.0987) vel (0.0358, 0.0000, -0.0865)
[2026-09-19 14:03:06.738] [info] EVIDENCE mob 16 health 18.3347 pos (0.4655, 131.0000, 5.0987) vel (0.0358, 0.0000, -0.0865)
[2026-09-19 14:03:06.752] [info] EVIDENCE mob 16 health 18.3347 pos (0.4655, 131.0000, 5.0987) vel (0.0358, 0.0000, -0.0865)
[2026-09-19 14:03:06.766] [info] EVIDENCE mob 16 health 18.3347 pos (0.4655, 131.0000, 5.0987) vel (0.0358, 0.0000, -0.0865)
[2026-09-19 14:03:06.780] [info] EVIDENCE probe yaw 0.0000 pitch 0.0000 eye (0.140, 132.620, 5.884) nearest_mob 10 dist 0.255
[2026-09-19 14:03:06.780] [info] EVIDENCE mob 16 health 18.3347 pos (0.5013, 131.0000, 5.0122) vel (0.0196, 0.0000, -0.0472)
[2026-09-19 14:03:06.793] [info] EVIDENCE mob 16 health 18.3347 pos (0.5013, 131.0000, 5.0122) vel (0.0196, 0.0000, -0.0472)
[2026-09-19 14:03:06.808] [info] EVIDENCE mob 16 health 18.3347 pos (0.5013, 131.0000, 5.0122) vel (0.0196, 0.0000, -0.0472)
[2026-09-19 14:03:06.826] [info] EVIDENCE mob 16 health 18.3347 pos (0.5208, 131.0000, 4.9650) vel (0.0107, 0.0000, -0.0258)
[2026-09-19 14:03:06.831] [info] EVIDENCE mob 16 health 18.3347 pos (0.5208, 131.0000, 4.9650) vel (0.0107, 0.0000, -0.0258)
[2026-09-19 14:03:06.843] [info] EVIDENCE mob 16 health 18.3347 pos (0.5208, 131.0000, 4.9650) vel (0.0107, 0.0000, -0.0258)
[2026-09-19 14:03:06.856] [info] EVIDENCE mob 16 health 18.3347 pos (0.5208, 131.0000, 4.9650) vel (0.0107, 0.0000, -0.0258)
[2026-09-19 14:03:06.863] [info] EVIDENCE mob 16 health 18.3347 pos (0.5208, 131.0000, 4.9650) vel (0.0107, 0.0000, -0.0258)
[2026-09-19 14:03:06.877] [info] EVIDENCE mob 16 health 18.3347 pos (0.5315, 131.0000, 4.9392) vel (0.0058, 0.0000, -0.0141)
[2026-09-19 14:03:06.891] [info] EVIDENCE mob 16 health 18.3347 pos (0.5315, 131.0000, 4.9392) vel (0.0058, 0.0000, -0.0141)
[2026-09-19 14:03:06.905] [info] EVIDENCE mob 16 health 18.3347 pos (0.5315, 131.0000, 4.9392) vel (0.0058, 0.0000, -0.0141)
[2026-09-19 14:03:06.918] [info] EVIDENCE mob 16 health 18.3347 pos (0.5315, 131.0000, 4.9392) vel (0.0058, 0.0000, -0.0141)
[2026-09-19 14:03:06.933] [info] EVIDENCE mob 16 health 18.3347 pos (0.5373, 131.0000, 4.9251) vel (0.0032, 0.0000, -0.0077)
[2026-09-19 14:03:06.946] [info] EVIDENCE mob 16 health 18.3347 pos (0.5373, 131.0000, 4.9251) vel (0.0032, 0.0000, -0.0077)
[2026-09-19 14:03:06.960] [info] EVIDENCE mob 16 health 18.3347 pos (0.5373, 131.0000, 4.9251) vel (0.0032, 0.0000, -0.0077)
[2026-09-19 14:03:06.975] [info] mob event: melee 3.0 damage at (0.2, 131.0, 5.1)
[2026-09-19 14:03:06.975] [info] mob melee for 3.0 at (0.19, 131.00, 5.14); health now 14.0
[2026-09-19 14:03:06.975] [info] EVIDENCE mob 16 health 18.3347 pos (0.5405, 131.0000, 4.9174) vel (0.0000, 0.0000, -0.0042)
[2026-09-19 14:03:06.988] [info] EVIDENCE mob 16 health 18.3347 pos (0.5405, 131.0000, 4.9174) vel (0.0000, 0.0000, -0.0042)
[2026-09-19 14:03:07.002] [info] EVIDENCE mob 16 health 18.3347 pos (0.5405, 131.0000, 4.9174) vel (0.0000, 0.0000, -0.0042)
[2026-09-19 14:03:07.017] [info] EVIDENCE mob 16 health 18.3347 pos (0.5405, 131.0000, 4.9174) vel (0.0000, 0.0000, -0.0042)
[2026-09-19 14:03:07.030] [info] mob event: melee 3.0 damage at (0.2, 131.0, 5.2)
[2026-09-19 14:03:07.030] [info] mob melee for 3.0 absorbed by the hurt window (9 tick(s) left, last 3.0)
[2026-09-19 14:03:07.030] [info] EVIDENCE mob 16 health 18.3347 pos (0.5092, 131.0000, 5.0128) vel (-0.0171, 0.0000, 0.0521)
[2026-09-19 14:03:07.044] [info] EVIDENCE mob 16 health 18.3347 pos (0.5092, 131.0000, 5.0128) vel (-0.0171, 0.0000, 0.0521)
[2026-09-19 14:03:07.059] [info] EVIDENCE mob 16 health 18.3347 pos (0.5092, 131.0000, 5.0128) vel (-0.0171, 0.0000, 0.0521)
[2026-09-19 14:03:07.073] [info] EVIDENCE mob 16 health 18.3347 pos (0.5092, 131.0000, 5.0128) vel (-0.0171, 0.0000, 0.0521)
[2026-09-19 14:03:07.085] [info] EVIDENCE mob 16 health 18.3347 pos (0.4641, 131.0000, 5.1655) vel (-0.0246, 0.0000, 0.0834)
[2026-09-19 14:03:07.101] [info] EVIDENCE summon hollow_wretch id=17 at (0.1, 131.0, 4.5)
[2026-09-19 14:03:07.102] [info] EVIDENCE mob 17 health 20.0000 pos (0.0952, 131.0000, 4.5010) vel (0.0000, 0.0000, 0.0000)
[2026-09-19 14:03:07.113] [info] EVIDENCE mob 17 health 20.0000 pos (0.0952, 131.0000, 4.5010) vel (0.0000, 0.0000, 0.0000)
[2026-09-19 14:03:07.127] [info] EVIDENCE mob 17 health 20.0000 pos (0.1207, 131.0000, 4.6023) vel (0.0139, 0.0000, 0.0553)
[2026-09-19 14:03:07.142] [info] EVIDENCE mob 17 health 20.0000 pos (0.1207, 131.0000, 4.6023) vel (0.0139, 0.0000, 0.0553)
[2026-09-19 14:03:07.155] [info] EVIDENCE mob 17 health 20.0000 pos (0.1207, 131.0000, 4.6023) vel (0.0139, 0.0000, 0.0553)
[2026-09-19 14:03:07.173] [info] EVIDENCE mob 17 health 20.0000 pos (0.1207, 131.0000, 4.6023) vel (0.0139, 0.0000, 0.0553)
[2026-09-19 14:03:07.177] [info] EVIDENCE probe yaw 0.0000 pitch 0.0000 eye (0.079, 132.542, 6.728) nearest_mob 9 dist 0.581
[2026-09-19 14:03:07.177] [info] EVIDENCE mob 17 health 20.0000 pos (0.1601, 131.0000, 4.7588) vel (0.0215, 0.0000, 0.0855)
[2026-09-19 14:03:07.190] [info] EVIDENCE mob 17 health 20.0000 pos (0.1601, 131.0000, 4.7588) vel (0.0215, 0.0000, 0.0855)
[2026-09-19 14:03:07.205] [info] EVIDENCE mob 17 health 20.0000 pos (0.1601, 131.0000, 4.7588) vel (0.0215, 0.0000, 0.0855)
[2026-09-19 14:03:07.217] [info] EVIDENCE mob 17 health 20.0000 pos (0.1601, 131.0000, 4.7588) vel (0.0215, 0.0000, 0.0855)
[2026-09-19 14:03:07.231] [info] EVIDENCE mob 17 health 20.0000 pos (0.2071, 131.0000, 4.9456) vel (0.0257, 0.0000, 0.1020)
[2026-09-19 14:03:07.245] [info] EVIDENCE mob 17 health 20.0000 pos (0.2071, 131.0000, 4.9456) vel (0.0257, 0.0000, 0.1020)
[2026-09-19 14:03:07.259] [info] EVIDENCE mob 17 health 20.0000 pos (0.2071, 131.0000, 4.9456) vel (0.0257, 0.0000, 0.1020)
[2026-09-19 14:03:07.273] [info] EVIDENCE mob 17 health 20.0000 pos (0.2071, 131.0000, 4.9456) vel (0.0257, 0.0000, 0.1020)
[2026-09-19 14:03:07.282] [info] EVIDENCE swing weapon 33 charge 1.000000 charged true crit true falling true sprinting false damage 6.000000
[2026-09-19 14:03:07.282] [info] EVIDENCE knockback 0.4 (sprint gate false)
[2026-09-19 14:03:07.282] [info] attacked mob 15 at (0.06, 130.54, 6.92) charge 1.000
[2026-09-19 14:03:07.282] [info] EVIDENCE lmb down | yaw 0.0000 picked 15 dist 0.594 swinging true age 0 charge 0.201 sprint false fall true onground false vy -0.3043
[2026-09-19 14:03:07.282] [info] EVIDENCE mob 17 health 20.0000 pos (0.2583, 131.0000, 5.1488) vel (0.0279, 0.0000, 0.1110)
[2026-09-19 14:03:07.293] [info] EVIDENCE mob 17 health 20.0000 pos (0.2583, 131.0000, 5.1488) vel (0.0279, 0.0000, 0.1110)
[2026-09-19 14:03:07.308] [info] EVIDENCE mob 17 health 20.0000 pos (0.2583, 131.0000, 5.1488) vel (0.0279, 0.0000, 0.1110)
[2026-09-19 14:03:07.321] [info] EVIDENCE mob 17 health 20.0000 pos (0.2583, 131.0000, 5.1488) vel (0.0279, 0.0000, 0.1110)
[2026-09-19 14:03:07.335] [info] EVIDENCE mob 17 health 20.0000 pos (0.3118, 131.0000, 5.3610) vel (0.0292, 0.0000, 0.1159)
[2026-09-19 14:03:07.350] [info] EVIDENCE lmb up
[2026-09-19 14:03:07.350] [info] EVIDENCE mob 17 health 20.0000 pos (0.3118, 131.0000, 5.3610) vel (0.0292, 0.0000, 0.1159)
[2026-09-19 14:03:07.363] [info] fps 76.0 | pos (0.06, 130.23, 7.00) | chunks 113 | stream-meshed 104
[2026-09-19 14:03:07.363] [info] EVIDENCE mob 17 health 20.0000 pos (0.3118, 131.0000, 5.3610) vel (0.0292, 0.0000, 0.1159)
[2026-09-19 14:03:07.377] [info] EVIDENCE mob 17 health 20.0000 pos (0.3118, 131.0000, 5.3610) vel (0.0292, 0.0000, 0.1159)
[2026-09-19 14:03:07.391] [info] mob event: melee 3.0 damage at (0.1, 131.0, 6.2)
[2026-09-19 14:03:07.391] [info] mob melee for 3.0 absorbed by the hurt window (2 tick(s) left, last 3.0)
[2026-09-19 14:03:07.391] [info] EVIDENCE mob 17 health 20.0000 pos (0.3665, 131.0000, 5.5781) vel (0.0299, 0.0000, 0.1186)
[2026-09-19 14:03:07.404] [info] EVIDENCE mob 17 health 20.0000 pos (0.3665, 131.0000, 5.5781) vel (0.0299, 0.0000, 0.1186)
[2026-09-19 14:03:07.418] [info] EVIDENCE mob 17 health 20.0000 pos (0.3665, 131.0000, 5.5781) vel (0.0299, 0.0000, 0.1186)
[2026-09-19 14:03:07.433] [info] mob event: melee 3.0 damage at (0.2, 131.0, 6.3)
[2026-09-19 14:03:07.433] [info] mob melee for 3.0 absorbed by the hurt window (1 tick(s) left, last 3.0)
[2026-09-19 14:03:07.433] [info] EVIDENCE mob 17 health 20.0000 pos (0.4218, 131.0000, 5.7979) vel (0.0302, 0.0000, 0.1200)
[2026-09-19 14:03:07.450] [info] EVIDENCE mob 17 health 20.0000 pos (0.4218, 131.0000, 5.7979) vel (0.0302, 0.0000, 0.1200)
[2026-09-19 14:03:07.455] [info] EVIDENCE mob 17 health 20.0000 pos (0.4218, 131.0000, 5.7979) vel (0.0302, 0.0000, 0.1200)
[2026-09-19 14:03:07.467] [info] EVIDENCE mob 17 health 20.0000 pos (0.4218, 131.0000, 5.7979) vel (0.0302, 0.0000, 0.1200)
[2026-09-19 14:03:07.481] [info] EVIDENCE mob 17 health 20.0000 pos (0.4776, 131.0000, 6.0192) vel (0.0304, 0.0000, 0.1208)
[2026-09-19 14:03:07.495] [info] EVIDENCE mob 17 health 20.0000 pos (0.4776, 131.0000, 6.0192) vel (0.0304, 0.0000, 0.1208)
[2026-09-19 14:03:07.509] [info] EVIDENCE mob 17 health 20.0000 pos (0.4776, 131.0000, 6.0192) vel (0.0304, 0.0000, 0.1208)
[2026-09-19 14:03:07.522] [info] EVIDENCE mob 17 health 20.0000 pos (0.4776, 131.0000, 6.0192) vel (0.0304, 0.0000, 0.1208)
[2026-09-19 14:03:07.537] [info] EVIDENCE mob 17 health 20.0000 pos (0.5335, 131.0000, 6.2413) vel (0.0305, 0.0000, 0.1213)
[2026-09-19 14:03:07.551] [info] EVIDENCE mob 17 health 20.0000 pos (0.5335, 131.0000, 6.2413) vel (0.0305, 0.0000, 0.1213)
[2026-09-19 14:03:07.564] [info] EVIDENCE lmb down | yaw 0.0000 picked 16 dist 0.446 swinging false age 5 charge 0.355 sprint false fall false onground true vy 0.0000
[2026-09-19 14:03:07.565] [info] EVIDENCE mob 17 health 20.0000 pos (0.5335, 131.0000, 6.2413) vel (0.0305, 0.0000, 0.1213)
[2026-09-19 14:03:07.571] [info] EVIDENCE probe yaw 0.0000 pitch 0.0000 eye (0.049, 131.620, 7.197) nearest_mob 16 dist 0.391
[2026-09-19 14:03:07.571] [info] EVIDENCE mob 17 health 20.0000 pos (0.5335, 131.0000, 6.2413) vel (0.0305, 0.0000, 0.1213)
[2026-09-19 14:03:07.585] [info] EVIDENCE swing weapon 33 charge 0.416320 charged false crit false falling false sprinting false damage 1.665280
[2026-09-19 14:03:07.585] [info] EVIDENCE knockback 0.4 (sprint gate false)
[2026-09-19 14:03:07.585] [info] attacked mob 16 at (0.05, 130.00, 7.21) charge 0.416
[2026-09-19 14:03:07.585] [info] EVIDENCE mob 17 health 20.0000 pos (0.5895, 131.0000, 6.4638) vel (0.0306, 0.0000, 0.1215)
[2026-09-19 14:03:07.600] [info] EVIDENCE mob 17 health 20.0000 pos (0.5895, 131.0000, 6.4638) vel (0.0306, 0.0000, 0.1215)
[2026-09-19 14:03:07.613] [info] EVIDENCE mob 17 health 20.0000 pos (0.5895, 131.0000, 6.4638) vel (0.0306, 0.0000, 0.1215)
[2026-09-19 14:03:07.627] [info] EVIDENCE mob 17 health 20.0000 pos (0.5895, 131.0000, 6.4638) vel (0.0306, 0.0000, 0.1215)
[2026-09-19 14:03:07.642] [info] EVIDENCE lmb up
[2026-09-19 14:03:07.642] [info] EVIDENCE mob 17 health 20.0000 pos (0.6456, 130.9200, 6.6865) vel (0.0511, -0.0784, 0.2027)
[2026-09-19 14:03:07.655] [info] EVIDENCE mob 17 health 20.0000 pos (0.6456, 130.9200, 6.6865) vel (0.0511, -0.0784, 0.2027)
[2026-09-19 14:03:07.669] [info] EVIDENCE mob 17 health 20.0000 pos (0.6456, 130.9200, 6.6865) vel (0.0511, -0.0784, 0.2027)
[2026-09-19 14:03:07.683] [info] EVIDENCE mob 17 health 20.0000 pos (0.7863, 131.0000, 6.9428) vel (0.0768, -0.1552, 0.1399)
[2026-09-19 14:03:07.696] [info] EVIDENCE mob 17 health 20.0000 pos (0.7863, 131.0000, 6.9428) vel (0.0768, -0.1552, 0.1399)
[2026-09-19 14:03:07.710] [info] EVIDENCE mob 17 health 20.0000 pos (0.7863, 131.0000, 6.9428) vel (0.0768, -0.1552, 0.1399)
[2026-09-19 14:03:07.725] [info] EVIDENCE mob 17 health 20.0000 pos (0.7863, 131.0000, 6.9428) vel (0.0768, -0.1552, 0.1399)
[2026-09-19 14:03:07.743] [info] EVIDENCE mob 17 health 20.0000 pos (0.8865, 131.0000, 7.1845) vel (0.0547, 0.0000, 0.1320)
[2026-09-19 14:03:07.748] [info] EVIDENCE mob 17 health 20.0000 pos (0.8865, 131.0000, 7.1845) vel (0.0547, 0.0000, 0.1320)
[2026-09-19 14:03:07.759] [info] EVIDENCE mob 17 health 20.0000 pos (0.8865, 131.0000, 7.1845) vel (0.0547, 0.0000, 0.1320)
[2026-09-19 14:03:07.773] [info] EVIDENCE mob 17 health 20.0000 pos (0.8865, 131.0000, 7.1845) vel (0.0547, 0.0000, 0.1320)
[2026-09-19 14:03:07.780] [info] EVIDENCE mob 17 health 20.0000 pos (0.9632, 131.0000, 7.4185) vel (0.0419, 0.0000, 0.1278)
[2026-09-19 14:03:07.793] [info] EVIDENCE mob 17 health 20.0000 pos (0.9632, 131.0000, 7.4185) vel (0.0419, 0.0000, 0.1278)
[2026-09-19 14:03:07.808] [info] EVIDENCE mob 17 health 20.0000 pos (0.9632, 131.0000, 7.4185) vel (0.0419, 0.0000, 0.1278)
[2026-09-19 14:03:07.821] [info] EVIDENCE mob 17 health 20.0000 pos (0.9632, 131.0000, 7.4185) vel (0.0419, 0.0000, 0.1278)
[2026-09-19 14:03:07.836] [info] EVIDENCE mob 17 health 20.0000 pos (1.0261, 131.0000, 7.6486) vel (0.0344, 0.0000, 0.1256)
[2026-09-19 14:03:07.850] [info] EVIDENCE mob 17 health 20.0000 pos (1.0261, 131.0000, 7.6486) vel (0.0344, 0.0000, 0.1256)
[2026-09-19 14:03:07.863] [info] EVIDENCE lmb down | yaw 0.0000 picked 15 dist 0.143 swinging false age 5 charge 0.355 sprint false fall false onground true vy 0.0000
[2026-09-19 14:03:07.863] [info] EVIDENCE mob 17 health 20.0000 pos (1.0261, 131.0000, 7.6486) vel (0.0344, 0.0000, 0.1256)
[2026-09-19 14:03:07.877] [info] EVIDENCE mob 17 health 20.0000 pos (1.0261, 131.0000, 7.6486) vel (0.0344, 0.0000, 0.1256)
[2026-09-19 14:03:07.891] [info] EVIDENCE swing weapon 33 charge 0.416320 charged false crit false falling false sprinting false damage 1.665280
[2026-09-19 14:03:07.891] [info] EVIDENCE knockback 0.4 (sprint gate false)
[2026-09-19 14:03:07.891] [info] attacked mob 15 at (0.05, 130.00, 7.22) charge 0.416
[2026-09-19 14:03:07.891] [info] EVIDENCE mob 17 health 20.0000 pos (1.0810, 131.0000, 7.8766) vel (0.0300, 0.0000, 0.1245)
[2026-09-19 14:03:07.905] [info] EVIDENCE mob 17 health 20.0000 pos (1.0810, 131.0000, 7.8766) vel (0.0300, 0.0000, 0.1245)
[2026-09-19 14:03:07.919] [info] EVIDENCE lmb up
[2026-09-19 14:03:07.919] [info] EVIDENCE mob 17 health 20.0000 pos (1.0810, 131.0000, 7.8766) vel (0.0300, 0.0000, 0.1245)
[2026-09-19 14:03:07.933] [info] EVIDENCE mob 17 health 20.0000 pos (1.1312, 131.0000, 8.1035) vel (0.0274, 0.0000, 0.1239)
[2026-09-19 14:03:07.946] [info] EVIDENCE mob 17 health 20.0000 pos (1.1312, 131.0000, 8.1035) vel (0.0274, 0.0000, 0.1239)
[2026-09-19 14:03:07.960] [info] EVIDENCE mob 17 health 20.0000 pos (1.1312, 131.0000, 8.1035) vel (0.0274, 0.0000, 0.1239)
[2026-09-19 14:03:07.975] [info] EVIDENCE probe yaw 0.0000 pitch 0.0000 eye (0.049, 131.620, 7.217) nearest_mob 16 dist 0.469
[2026-09-19 14:03:07.975] [info] EVIDENCE mob 17 health 20.0000 pos (1.1312, 131.0000, 8.1035) vel (0.0274, 0.0000, 0.1239)
[2026-09-19 14:03:07.988] [info] mob event: melee 3.0 damage at (0.1, 131.0, 6.2)
[2026-09-19 14:03:07.988] [info] mob melee for 3.0 at (0.11, 131.00, 6.23); health now 11.0
[2026-09-19 14:03:07.988] [info] EVIDENCE mob 17 health 20.0000 pos (1.1785, 131.0000, 8.3299) vel (0.0258, 0.0000, 0.1236)
[2026-09-19 14:03:08.002] [info] EVIDENCE mob 17 health 20.0000 pos (1.1785, 131.0000, 8.3299) vel (0.0258, 0.0000, 0.1236)
[2026-09-19 14:03:08.017] [info] EVIDENCE mob 17 health 20.0000 pos (1.1785, 131.0000, 8.3299) vel (0.0258, 0.0000, 0.1236)
[2026-09-19 14:03:08.034] [info] mob event: melee 3.0 damage at (0.1, 130.0, 6.4)
[2026-09-19 14:03:08.034] [info] mob event: melee 3.0 damage at (1.2, 131.0, 8.3)
[2026-09-19 14:03:08.034] [info] mob melee for 3.0 absorbed by the hurt window (9 tick(s) left, last 3.0)
[2026-09-19 14:03:08.034] [info] mob melee for 3.0 absorbed by the hurt window (9 tick(s) left, last 3.0)
[2026-09-19 14:03:08.034] [info] EVIDENCE mob 17 health 20.0000 pos (1.1155, 131.0000, 8.3987) vel (-0.0344, 0.0000, 0.0375)
[2026-09-19 14:03:08.039] [info] EVIDENCE mob 17 health 20.0000 pos (1.1155, 131.0000, 8.3987) vel (-0.0344, 0.0000, 0.0375)
[2026-09-19 14:03:08.051] [info] EVIDENCE mob 17 health 20.0000 pos (1.1155, 131.0000, 8.3987) vel (-0.0344, 0.0000, 0.0375)
[2026-09-19 14:03:08.064] [info] EVIDENCE mob 17 health 20.0000 pos (1.1155, 131.0000, 8.3987) vel (-0.0344, 0.0000, 0.0375)
[2026-09-19 14:03:08.072] [info] EVIDENCE mob 17 health 20.0000 pos (1.1155, 131.0000, 8.3987) vel (-0.0344, 0.0000, 0.0375)
[2026-09-19 14:03:08.085] [info] EVIDENCE mob 17 health 20.0000 pos (0.9880, 131.0000, 8.3888) vel (-0.0696, 0.0000, -0.0054)
[2026-09-19 14:03:08.100] [info] EVIDENCE mob 17 health 20.0000 pos (0.9880, 131.0000, 8.3888) vel (-0.0696, 0.0000, -0.0054)
[2026-09-19 14:03:08.113] [info] EVIDENCE mob 17 health 20.0000 pos (0.9880, 131.0000, 8.3888) vel (-0.0696, 0.0000, -0.0054)
[2026-09-19 14:03:08.127] [info] EVIDENCE mob 17 health 20.0000 pos (0.9880, 131.0000, 8.3888) vel (-0.0696, 0.0000, -0.0054)
[2026-09-19 14:03:08.142] [info] EVIDENCE mob 17 health 20.0000 pos (0.9184, 131.0000, 8.3834) vel (-0.0380, 0.0000, 0.0000)
[2026-09-19 14:03:08.173] [info] EVIDENCE mob 17 health 20.0000 pos (0.9184, 131.0000, 8.3834) vel (-0.0380, 0.0000, 0.0000)
[2026-09-19 14:03:08.208] [info] EVIDENCE mob 17 health 20.0000 pos (0.9184, 131.0000, 8.3834) vel (-0.0380, 0.0000, 0.0000)
[2026-09-19 14:03:08.239] [info] EVIDENCE mob 17 health 20.0000 pos (0.9184, 131.0000, 8.3834) vel (-0.0380, 0.0000, 0.0000)
[2026-09-19 14:03:08.263] [info] EVIDENCE summon hollow_wretch id=18 at (1.0, 130.0, 6.0)
[2026-09-19 14:03:08.263] [info] EVIDENCE mob 18 health 20.0000 pos (0.9995, 130.0000, 5.9529) vel (0.0000, 0.0000, 0.0000)
[2026-09-19 14:03:08.283] [info] EVIDENCE mob 18 health 20.0000 pos (0.9995, 130.0000, 5.9529) vel (0.0000, 0.0000, 0.0000)
[2026-09-19 14:03:08.303] [info] EVIDENCE mob 18 health 20.0000 pos (0.9995, 130.0000, 5.9529) vel (0.0000, 0.0000, 0.0000)
[2026-09-19 14:03:08.327] [info] EVIDENCE mob 18 health 20.0000 pos (0.9995, 130.0000, 5.9529) vel (0.0000, 0.0000, 0.0000)
[2026-09-19 14:03:08.339] [info] EVIDENCE mob 18 health 20.0000 pos (0.9995, 130.0000, 5.9529) vel (0.0000, 0.0000, 0.0000)
[2026-09-19 14:03:08.343] [info] EVIDENCE mob 18 health 20.0000 pos (0.9995, 130.0000, 5.9529) vel (0.0000, 0.0000, 0.0000)
[2026-09-19 14:03:08.359] [info] EVIDENCE mob 18 health 20.0000 pos (0.9224, 131.0000, 5.8824) vel (-0.0420, 0.0000, -0.0385)
[2026-09-19 14:03:08.372] [info] EVIDENCE mob 18 health 20.0000 pos (0.9224, 131.0000, 5.8824) vel (-0.0420, 0.0000, -0.0385)
[2026-09-19 14:03:08.384] [info] EVIDENCE mob 18 health 20.0000 pos (0.9224, 131.0000, 5.8824) vel (-0.0420, 0.0000, -0.0385)
[2026-09-19 14:03:08.397] [info] EVIDENCE mob 18 health 20.0000 pos (0.9224, 131.0000, 5.8824) vel (-0.0420, 0.0000, -0.0385)
[2026-09-19 14:03:08.412] [info] EVIDENCE mob 18 health 20.0000 pos (0.8764, 131.0000, 5.7395) vel (-0.0251, 0.0000, -0.0780)
[2026-09-19 14:03:08.430] [info] EVIDENCE mob 18 health 20.0000 pos (0.8764, 131.0000, 5.7395) vel (-0.0251, 0.0000, -0.0780)
[2026-09-19 14:03:08.433] [info] EVIDENCE mob 18 health 20.0000 pos (0.8764, 131.0000, 5.7395) vel (-0.0251, 0.0000, -0.0780)
[2026-09-19 14:03:08.446] [info] EVIDENCE probe yaw 0.0000 pitch 0.0000 eye (-0.005, 131.620, 8.053) nearest_mob 10 dist 0.356
[2026-09-19 14:03:08.446] [info] EVIDENCE lmb down | yaw 0.0000 picked 16 dist 0.556 swinging false age 7 charge 0.488 sprint false fall false onground true vy 0.0000
[2026-09-19 14:03:08.446] [info] EVIDENCE mob 18 health 20.0000 pos (0.8764, 131.0000, 5.7395) vel (-0.0251, 0.0000, -0.0780)
[2026-09-19 14:03:08.460] [info] EVIDENCE swing weapon 33 charge 0.569920 charged false crit false falling false sprinting false damage 2.279680
[2026-09-19 14:03:08.460] [info] EVIDENCE knockback 0.4 (sprint gate false)
[2026-09-19 14:03:08.460] [info] attacked mob 10 at (-0.00, 130.00, 8.07) charge 0.570
[2026-09-19 14:03:08.460] [info] EVIDENCE mob 18 health 20.0000 pos (0.8476, 131.0000, 5.5572) vel (-0.0157, 0.0000, -0.0996)
[2026-09-19 14:03:08.475] [info] EVIDENCE mob 18 health 20.0000 pos (0.8476, 131.0000, 5.5572) vel (-0.0157, 0.0000, -0.0996)
[2026-09-19 14:03:08.488] [info] EVIDENCE mob 18 health 20.0000 pos (0.8476, 131.0000, 5.5572) vel (-0.0157, 0.0000, -0.0996)
[2026-09-19 14:03:08.502] [info] EVIDENCE mob 18 health 20.0000 pos (0.8476, 131.0000, 5.5572) vel (-0.0157, 0.0000, -0.0996)
[2026-09-19 14:03:08.517] [info] EVIDENCE lmb up
[2026-09-19 14:03:08.517] [info] EVIDENCE mob 18 health 20.0000 pos (0.8284, 131.0000, 5.3532) vel (-0.0105, 0.0000, -0.1113)
[2026-09-19 14:03:08.530] [info] EVIDENCE mob 18 health 20.0000 pos (0.8284, 131.0000, 5.3532) vel (-0.0105, 0.0000, -0.1113)
[2026-09-19 14:03:08.544] [info] EVIDENCE mob 18 health 20.0000 pos (0.8284, 131.0000, 5.3532) vel (-0.0105, 0.0000, -0.1113)
[2026-09-19 14:03:08.558] [info] mob event: melee 3.0 damage at (0.1, 130.0, 7.2)
[2026-09-19 14:03:08.558] [info] mob melee for 3.0 absorbed by the hurt window (2 tick(s) left, last 3.0)
[2026-09-19 14:03:08.558] [info] EVIDENCE mob 18 health 20.0000 pos (0.7418, 132.0000, 5.1705) vel (-0.0473, 0.0000, -0.0998)
[2026-09-19 14:03:08.571] [info] EVIDENCE mob 18 health 20.0000 pos (0.7418, 132.0000, 5.1705) vel (-0.0473, 0.0000, -0.0998)
[2026-09-19 14:03:08.585] [info] EVIDENCE mob 18 health 20.0000 pos (0.7418, 132.0000, 5.1705) vel (-0.0473, 0.0000, -0.0998)
[2026-09-19 14:03:08.600] [info] EVIDENCE mob 18 health 20.0000 pos (0.7418, 132.0000, 5.1705) vel (-0.0473, 0.0000, -0.0998)
[2026-09-19 14:03:08.617] [info] mob event: melee 3.0 damage at (0.1, 130.0, 7.4)
[2026-09-19 14:03:08.617] [info] mob melee for 3.0 absorbed by the hurt window (1 tick(s) left, last 3.0)
[2026-09-19 14:03:08.618] [info] EVIDENCE mob 18 health 20.0000 pos (0.6918, 132.0000, 4.9663) vel (-0.0273, 0.0000, -0.1115)
[2026-09-19 14:03:08.622] [info] EVIDENCE mob 18 health 20.0000 pos (0.6918, 132.0000, 4.9663) vel (-0.0273, 0.0000, -0.1115)
[2026-09-19 14:03:08.634] [info] EVIDENCE mob 18 health 20.0000 pos (0.6918, 132.0000, 4.9663) vel (-0.0273, 0.0000, -0.1115)
[2026-09-19 14:03:08.648] [info] EVIDENCE mob 18 health 20.0000 pos (0.6918, 132.0000, 4.9663) vel (-0.0273, 0.0000, -0.1115)
[2026-09-19 14:03:08.662] [info] EVIDENCE mob 18 health 20.0000 pos (0.6622, 131.9200, 4.7504) vel (-0.0269, -0.0784, -0.1964)
[2026-09-19 14:03:08.675] [info] EVIDENCE mob 18 health 20.0000 pos (0.6622, 131.9200, 4.7504) vel (-0.0269, -0.0784, -0.1964)
[2026-09-19 14:03:08.689] [info] EVIDENCE mob 18 health 20.0000 pos (0.6622, 131.9200, 4.7504) vel (-0.0269, -0.0784, -0.1964)
[2026-09-19 14:03:08.704] [info] EVIDENCE mob 18 health 20.0000 pos (0.6622, 131.9200, 4.7504) vel (-0.0269, -0.0784, -0.1964)
[2026-09-19 14:03:08.717] [info] EVIDENCE mob 18 health 20.0000 pos (0.6332, 131.7616, 4.4496) vel (-0.0264, -0.1552, -0.2738)
[2026-09-19 14:03:08.731] [info] EVIDENCE lmb down | yaw 0.0000 picked 15 dist 0.000 swinging false age 5 charge 0.355 sprint false fall false onground true vy 0.0000
[2026-09-19 14:03:08.731] [info] EVIDENCE mob 18 health 20.0000 pos (0.6332, 131.7616, 4.4496) vel (-0.0264, -0.1552, -0.2738)
[2026-09-19 14:03:08.738] [info] EVIDENCE mob 18 health 20.0000 pos (0.6332, 131.7616, 4.4496) vel (-0.0264, -0.1552, -0.2738)
[2026-09-19 14:03:08.752] [info] EVIDENCE mob 18 health 20.0000 pos (0.6332, 131.7616, 4.4496) vel (-0.0264, -0.1552, -0.2738)
[2026-09-19 14:03:08.767] [info] EVIDENCE swing weapon 33 charge 0.416320 charged false crit false falling false sprinting false damage 1.665280
[2026-09-19 14:03:08.767] [info] EVIDENCE knockback 0.4 (sprint gate false)
[2026-09-19 14:03:08.767] [info] attacked mob 15 at (-0.00, 130.00, 8.09) charge 0.416
[2026-09-19 14:03:08.767] [info] EVIDENCE mob 18 health 20.0000 pos (0.6049, 131.5264, 4.0714) vel (-0.0257, -0.2305, -0.3441)
[2026-09-19 14:03:08.780] [info] EVIDENCE mob 18 health 20.0000 pos (0.6049, 131.5264, 4.0714) vel (-0.0257, -0.2305, -0.3441)
[2026-09-19 14:03:08.794] [info] EVIDENCE lmb up
[2026-09-19 14:03:08.794] [info] EVIDENCE mob 18 health 20.0000 pos (0.6049, 131.5264, 4.0714) vel (-0.0257, -0.2305, -0.3441)
[2026-09-19 14:03:08.808] [info] EVIDENCE mob 18 health 20.0000 pos (0.5775, 131.2158, 3.6229) vel (-0.0249, -0.3043, -0.4082)
[2026-09-19 14:03:08.821] [info] EVIDENCE mob 18 health 20.0000 pos (0.5775, 131.2158, 3.6229) vel (-0.0249, -0.3043, -0.4082)
[2026-09-19 14:03:08.835] [info] EVIDENCE mob 18 health 20.0000 pos (0.5775, 131.2158, 3.6229) vel (-0.0249, -0.3043, -0.4082)
[2026-09-19 14:03:08.850] [info] EVIDENCE probe yaw 0.0000 pitch 0.0000 eye (-0.005, 131.620, 8.092) nearest_mob 9 dist 0.296
[2026-09-19 14:03:08.850] [info] EVIDENCE mob 18 health 20.0000 pos (0.5775, 131.2158, 3.6229) vel (-0.0249, -0.3043, -0.4082)
[2026-09-19 14:03:08.863] [info] EVIDENCE mob 18 health 20.0000 pos (0.5511, 131.0000, 3.1103) vel (-0.0144, 0.0000, -0.2799)
[2026-09-19 14:03:08.877] [info] EVIDENCE mob 18 health 20.0000 pos (0.5511, 131.0000, 3.1103) vel (-0.0144, 0.0000, -0.2799)
[2026-09-19 14:03:08.891] [info] EVIDENCE mob 18 health 20.0000 pos (0.5511, 131.0000, 3.1103) vel (-0.0144, 0.0000, -0.2799)
[2026-09-19 14:03:08.909] [info] EVIDENCE mob 18 health 20.0000 pos (0.5354, 131.0000, 2.7260) vel (-0.0086, 0.0000, -0.2098)
[2026-09-19 14:03:08.914] [info] EVIDENCE mob 18 health 20.0000 pos (0.5354, 131.0000, 2.7260) vel (-0.0086, 0.0000, -0.2098)
[2026-09-19 14:03:08.926] [info] EVIDENCE mob 18 health 20.0000 pos (0.5354, 131.0000, 2.7260) vel (-0.0086, 0.0000, -0.2098)
[2026-09-19 14:03:08.940] [info] EVIDENCE mob 18 health 20.0000 pos (0.5354, 131.0000, 2.7260) vel (-0.0086, 0.0000, -0.2098)
[2026-09-19 14:03:08.954] [info] EVIDENCE mob 18 health 20.0000 pos (0.5354, 131.0000, 2.7260) vel (-0.0086, 0.0000, -0.2098)
[2026-09-19 14:03:08.967] [info] EVIDENCE mob 18 health 20.0000 pos (0.5257, 131.0000, 2.4118) vel (-0.0053, 0.0000, -0.1716)
[2026-09-19 14:03:08.981] [info] EVIDENCE mob 18 health 20.0000 pos (0.5257, 131.0000, 2.4118) vel (-0.0053, 0.0000, -0.1716)
[2026-09-19 14:03:08.998] [info] EVIDENCE mob 18 health 20.0000 pos (0.5257, 131.0000, 2.4118) vel (-0.0053, 0.0000, -0.1716)
[2026-09-19 14:03:09.010] [info] EVIDENCE mob 18 health 20.0000 pos (0.5193, 131.0000, 2.1358) vel (-0.0035, 0.0000, -0.1507)
[2026-09-19 14:03:09.023] [info] EVIDENCE lmb down | yaw 0.0000 picked 9 dist 0.296 swinging true age 5 charge 0.355 sprint false fall false onground true vy 0.0000
[2026-09-19 14:03:09.023] [info] EVIDENCE mob 18 health 20.0000 pos (0.5193, 131.0000, 2.1358) vel (-0.0035, 0.0000, -0.1507)
[2026-09-19 14:03:09.030] [info] EVIDENCE mob 18 health 20.0000 pos (0.5193, 131.0000, 2.1358) vel (-0.0035, 0.0000, -0.1507)
[2026-09-19 14:03:09.043] [info] EVIDENCE mob 18 health 20.0000 pos (0.5193, 131.0000, 2.1358) vel (-0.0035, 0.0000, -0.1507)
[2026-09-19 14:03:09.058] [info] EVIDENCE mob 18 health 20.0000 pos (0.5193, 131.0000, 2.1358) vel (-0.0035, 0.0000, -0.1507)
[2026-09-19 14:03:09.071] [info] EVIDENCE swing weapon 33 charge 0.416320 charged false crit false falling false sprinting false damage 1.665280
[2026-09-19 14:03:09.071] [info] EVIDENCE knockback 0.4 (sprint gate false)
[2026-09-19 14:03:09.071] [info] attacked mob 9 at (-0.00, 130.00, 8.09) charge 0.416
[2026-09-19 14:03:09.072] [info] EVIDENCE mob 18 health 20.0000 pos (0.5147, 131.0000, 1.8807) vel (0.0000, 0.0000, -0.1393)
[2026-09-19 14:03:09.085] [info] EVIDENCE lmb up
[2026-09-19 14:03:09.085] [info] EVIDENCE mob 18 health 20.0000 pos (0.5147, 131.0000, 1.8807) vel (0.0000, 0.0000, -0.1393)
[2026-09-19 14:03:09.100] [info] EVIDENCE mob 18 health 20.0000 pos (0.5147, 131.0000, 1.8807) vel (0.0000, 0.0000, -0.1393)
[2026-09-19 14:03:09.113] [info] EVIDENCE mob 18 health 20.0000 pos (0.5060, 131.0000, 1.8455) vel (-0.0048, 0.0000, -0.0192)
[2026-09-19 14:03:09.127] [info] EVIDENCE mob 18 health 20.0000 pos (0.5060, 131.0000, 1.8455) vel (-0.0048, 0.0000, -0.0192)
[2026-09-19 14:03:09.142] [info] EVIDENCE mob 18 health 20.0000 pos (0.5060, 131.0000, 1.8455) vel (-0.0048, 0.0000, -0.0192)
[2026-09-19 14:03:09.155] [info] EVIDENCE mob 18 health 20.0000 pos (0.5060, 131.0000, 1.8455) vel (-0.0048, 0.0000, -0.0192)
[2026-09-19 14:03:09.169] [info] mob event: melee 3.0 damage at (-0.1, 130.0, 9.0)
[2026-09-19 14:03:09.169] [info] mob melee for 3.0 at (-0.07, 130.00, 8.99); health now 8.0
[2026-09-19 14:03:09.169] [info] EVIDENCE mob 18 health 20.0000 pos (0.4927, 131.0000, 1.9303) vel (-0.0072, 0.0000, 0.0463)
[2026-09-19 14:03:09.183] [info] EVIDENCE mob 18 health 20.0000 pos (0.4927, 131.0000, 1.9303) vel (-0.0072, 0.0000, 0.0463)
[2026-09-19 14:03:09.201] [info] EVIDENCE mob 18 health 20.0000 pos (0.4927, 131.0000, 1.9303) vel (-0.0072, 0.0000, 0.0463)
[2026-09-19 14:03:09.206] [info] EVIDENCE mob 18 health 20.0000 pos (0.4927, 131.0000, 1.9303) vel (-0.0072, 0.0000, 0.0463)
[2026-09-19 14:03:09.218] [info] mob event: melee 3.0 damage at (0.1, 130.0, 6.9)
[2026-09-19 14:03:09.218] [info] mob event: melee 3.0 damage at (0.8, 131.0, 8.4)
[2026-09-19 14:03:09.218] [info] mob melee for 3.0 absorbed by the hurt window (9 tick(s) left, last 3.0)
[2026-09-19 14:03:09.218] [info] mob melee for 3.0 absorbed by the hurt window (9 tick(s) left, last 3.0)
[2026-09-19 14:03:09.218] [info] EVIDENCE mob 18 health 20.0000 pos (0.4770, 131.0000, 2.0807) vel (-0.0086, 0.0000, 0.0821)
[2026-09-19 14:03:09.232] [info] EVIDENCE mob 18 health 20.0000 pos (0.4770, 131.0000, 2.0807) vel (-0.0086, 0.0000, 0.0821)
[2026-09-19 14:03:09.245] [info] EVIDENCE probe yaw 0.0000 pitch 0.0000 eye (0.022, 131.620, 7.693) nearest_mob 16 dist 0.000
[2026-09-19 14:03:09.245] [info] EVIDENCE mob 18 health 20.0000 pos (0.4770, 131.0000, 2.0807) vel (-0.0086, 0.0000, 0.0821)
[2026-09-19 14:03:09.259] [info] EVIDENCE mob 18 health 20.0000 pos (0.4770, 131.0000, 2.0807) vel (-0.0086, 0.0000, 0.0821)
[2026-09-19 14:03:09.273] [info] EVIDENCE mob 18 health 20.0000 pos (0.4599, 131.0000, 2.2669) vel (-0.0093, 0.0000, 0.1017)
[2026-09-19 14:03:09.287] [info] EVIDENCE mob 18 health 20.0000 pos (0.4599, 131.0000, 2.2669) vel (-0.0093, 0.0000, 0.1017)
[2026-09-19 14:03:09.301] [info] EVIDENCE mob 18 health 20.0000 pos (0.4599, 131.0000, 2.2669) vel (-0.0093, 0.0000, 0.1017)
[2026-09-19 14:03:09.314] [info] EVIDENCE mob 18 health 20.0000 pos (0.4421, 131.0000, 2.4726) vel (-0.0097, 0.0000, 0.1123)
[2026-09-19 14:03:09.329] [info] EVIDENCE mob 18 health 20.0000 pos (0.4421, 131.0000, 2.4726) vel (-0.0097, 0.0000, 0.1123)
[2026-09-19 14:03:09.342] [info] EVIDENCE mob 18 health 20.0000 pos (0.4421, 131.0000, 2.4726) vel (-0.0097, 0.0000, 0.1123)
[2026-09-19 14:03:09.356] [info] EVIDENCE mob 18 health 20.0000 pos (0.4421, 131.0000, 2.4726) vel (-0.0097, 0.0000, 0.1123)
[2026-09-19 14:03:09.375] [info] fps 72.3 | pos (0.04, 130.00, 7.36) | chunks 126 | stream-meshed 117
[2026-09-19 14:03:09.375] [info] EVIDENCE mob 18 health 20.0000 pos (0.4239, 131.0000, 2.6890) vel (-0.0099, 0.0000, 0.1182)
[2026-09-19 14:03:09.384] [info] EVIDENCE mob 18 health 20.0000 pos (0.4239, 131.0000, 2.6890) vel (-0.0099, 0.0000, 0.1182)
[2026-09-19 14:03:09.397] [info] EVIDENCE mob 18 health 20.0000 pos (0.4239, 131.0000, 2.6890) vel (-0.0099, 0.0000, 0.1182)
[2026-09-19 14:03:09.414] [info] EVIDENCE summon hollow_wretch id=19 at (0.0, 130.0, 5.3)
[2026-09-19 14:03:09.414] [info] EVIDENCE mob 19 health 20.0000 pos (0.0491, 130.0000, 5.2558) vel (0.0000, 0.0000, 0.0000)
[2026-09-19 14:03:09.425] [info] EVIDENCE mob 19 health 20.0000 pos (0.0491, 130.0000, 5.2558) vel (0.0000, 0.0000, 0.0000)
[2026-09-19 14:03:09.439] [info] EVIDENCE mob 19 health 20.0000 pos (0.0491, 130.0000, 5.2558) vel (0.0000, 0.0000, 0.0000)
[2026-09-19 14:03:09.454] [info] EVIDENCE mob 19 health 20.0000 pos (0.0491, 130.0000, 5.2558) vel (0.0000, 0.0000, 0.0000)
[2026-09-19 14:03:09.467] [info] EVIDENCE mob 19 health 20.0000 pos (0.1323, 131.0000, 5.1927) vel (0.0454, 0.0000, -0.0345)
[2026-09-19 14:03:09.485] [info] EVIDENCE mob 19 health 20.0000 pos (0.1323, 131.0000, 5.1927) vel (0.0454, 0.0000, -0.0345)
[2026-09-19 14:03:09.489] [info] EVIDENCE mob 19 health 20.0000 pos (0.1323, 131.0000, 5.1927) vel (0.0454, 0.0000, -0.0345)
[2026-09-19 14:03:09.502] [info] EVIDENCE mob 19 health 20.0000 pos (0.1323, 131.0000, 5.1927) vel (0.0454, 0.0000, -0.0345)
[2026-09-19 14:03:09.517] [info] EVIDENCE mob 19 health 20.0000 pos (0.1914, 131.0000, 5.0547) vel (0.0322, 0.0000, -0.0753)
[2026-09-19 14:03:09.530] [info] EVIDENCE mob 19 health 20.0000 pos (0.1914, 131.0000, 5.0547) vel (0.0322, 0.0000, -0.0753)
[2026-09-19 14:03:09.543] [info] EVIDENCE mob 19 health 20.0000 pos (0.1914, 131.0000, 5.0547) vel (0.0322, 0.0000, -0.0753)
[2026-09-19 14:03:09.558] [info] EVIDENCE mob 19 health 20.0000 pos (0.1914, 131.0000, 5.0547) vel (0.0322, 0.0000, -0.0753)
[2026-09-19 14:03:09.571] [info] mob event: melee 3.0 damage at (0.1, 130.0, 7.1)
[2026-09-19 14:03:09.571] [info] mob melee for 3.0 absorbed by the hurt window (2 tick(s) left, last 3.0)
[2026-09-19 14:03:09.571] [info] EVIDENCE mob 19 health 20.0000 pos (0.2369, 131.0000, 4.8758) vel (0.0249, 0.0000, -0.0977)
[2026-09-19 14:03:09.585] [info] EVIDENCE mob 19 health 20.0000 pos (0.2369, 131.0000, 4.8758) vel (0.0249, 0.0000, -0.0977)
[2026-09-19 14:03:09.596] [info] EVIDENCE lmb down | yaw 0.0000 picked 10 dist 0.000 swinging false age 10 charge 0.764 sprint false fall false onground true vy 0.0000
[2026-09-19 14:03:09.596] [info] EVIDENCE mob 19 health 20.0000 pos (0.2369, 131.0000, 4.8758) vel (0.0249, 0.0000, -0.0977)
[2026-09-19 14:03:09.600] [info] EVIDENCE mob 19 health 20.0000 pos (0.2369, 131.0000, 4.8758) vel (0.0249, 0.0000, -0.0977)
[2026-09-19 14:03:09.613] [info] EVIDENCE swing weapon 33 charge 0.877120 charged true crit false falling false sprinting false damage 3.508480
[2026-09-19 14:03:09.613] [info] EVIDENCE knockback 0.4 (sprint gate false)
[2026-09-19 14:03:09.613] [info] attacked mob 10 at (0.05, 130.00, 7.22) charge 0.877
[2026-09-19 14:03:09.613] [info] mob event: melee 3.0 damage at (0.1, 130.0, 7.5)
[2026-09-19 14:03:09.613] [info] mob melee for 3.0 absorbed by the hurt window (1 tick(s) left, last 3.0)
[2026-09-19 14:03:09.613] [info] EVIDENCE mob 19 health 20.0000 pos (0.2748, 131.0000, 4.6745) vel (0.0207, 0.0000, -0.1099)
[2026-09-19 14:03:09.627] [info] EVIDENCE mob 19 health 20.0000 pos (0.2748, 131.0000, 4.6745) vel (0.0207, 0.0000, -0.1099)
[2026-09-19 14:03:09.641] [info] EVIDENCE probe yaw 0.0000 pitch 0.0000 eye (0.049, 131.620, 7.217) nearest_mob 16 dist 0.000
[2026-09-19 14:03:09.641] [info] EVIDENCE mob 19 health 20.0000 pos (0.2748, 131.0000, 4.6745) vel (0.0207, 0.0000, -0.1099)
[2026-09-19 14:03:09.654] [info] EVIDENCE mob 19 health 20.0000 pos (0.2748, 131.0000, 4.6745) vel (0.0207, 0.0000, -0.1099)
[2026-09-19 14:03:09.669] [info] EVIDENCE lmb up
[2026-09-19 14:03:09.669] [info] EVIDENCE mob 19 health 20.0000 pos (0.3085, 131.0000, 4.4610) vel (0.0184, 0.0000, -0.1166)
[2026-09-19 14:03:09.683] [info] EVIDENCE mob 19 health 20.0000 pos (0.3085, 131.0000, 4.4610) vel (0.0184, 0.0000, -0.1166)
[2026-09-19 14:03:09.696] [info] EVIDENCE mob 19 health 20.0000 pos (0.3085, 131.0000, 4.4610) vel (0.0184, 0.0000, -0.1166)
[2026-09-19 14:03:09.710] [info] EVIDENCE mob 19 health 20.0000 pos (0.3085, 131.0000, 4.4610) vel (0.0184, 0.0000, -0.1166)
[2026-09-19 14:03:09.725] [info] EVIDENCE mob 19 health 20.0000 pos (0.3399, 131.0000, 4.2408) vel (0.0171, 0.0000, -0.1202)
[2026-09-19 14:03:09.738] [info] EVIDENCE mob 19 health 20.0000 pos (0.3399, 131.0000, 4.2408) vel (0.0171, 0.0000, -0.1202)
[2026-09-19 14:03:09.752] [info] EVIDENCE mob 19 health 20.0000 pos (0.3399, 131.0000, 4.2408) vel (0.0171, 0.0000, -0.1202)
[2026-09-19 14:03:09.771] [info] EVIDENCE mob 19 health 20.0000 pos (0.3699, 131.0000, 4.0170) vel (0.0164, 0.0000, -0.1222)
[2026-09-19 14:03:09.774] [info] EVIDENCE mob 19 health 20.0000 pos (0.3699, 131.0000, 4.0170) vel (0.0164, 0.0000, -0.1222)
[2026-09-19 14:03:09.787] [info] EVIDENCE mob 19 health 20.0000 pos (0.3699, 131.0000, 4.0170) vel (0.0164, 0.0000, -0.1222)
[2026-09-19 14:03:09.801] [info] EVIDENCE mob 19 health 20.0000 pos (0.3699, 131.0000, 4.0170) vel (0.0164, 0.0000, -0.1222)
[2026-09-19 14:03:09.814] [info] EVIDENCE mob 19 health 20.0000 pos (0.3991, 131.0000, 3.7911) vel (0.0160, 0.0000, -0.1233)
[2026-09-19 14:03:09.829] [info] EVIDENCE mob 19 health 20.0000 pos (0.3991, 131.0000, 3.7911) vel (0.0160, 0.0000, -0.1233)
[2026-09-19 14:03:09.842] [info] EVIDENCE mob 19 health 20.0000 pos (0.3991, 131.0000, 3.7911) vel (0.0160, 0.0000, -0.1233)
[2026-09-19 14:03:09.860] [info] EVIDENCE mob 19 health 20.0000 pos (0.3991, 131.0000, 3.7911) vel (0.0160, 0.0000, -0.1233)
[2026-09-19 14:03:09.863] [info] EVIDENCE mob 19 health 20.0000 pos (0.3991, 131.0000, 3.7911) vel (0.0160, 0.0000, -0.1233)
[2026-09-19 14:03:09.877] [info] EVIDENCE swing weapon 33 charge 0.354880 charged false crit false falling false sprinting false damage 1.419520
[2026-09-19 14:03:09.877] [info] EVIDENCE knockback 0.4 (sprint gate false)
[2026-09-19 14:03:09.877] [info] attacked mob 16 at (0.05, 130.00, 7.22) charge 0.355
[2026-09-19 14:03:09.877] [info] EVIDENCE lmb down | yaw 0.0000 picked 16 dist 0.000 swinging true age 0 charge 0.201 sprint false fall false onground true vy 0.0000
[2026-09-19 14:03:09.877] [info] EVIDENCE mob 19 health 20.0000 pos (0.4045, 131.0000, 3.7717) vel (0.0000, 0.0000, -0.0106)
[2026-09-19 14:03:09.884] [info] EVIDENCE mob 19 health 20.0000 pos (0.4045, 131.0000, 3.7717) vel (0.0000, 0.0000, -0.0106)
[2026-09-19 14:03:09.898] [info] EVIDENCE mob 19 health 20.0000 pos (0.4045, 131.0000, 3.7717) vel (0.0000, 0.0000, -0.0106)
[2026-09-19 14:03:09.912] [info] EVIDENCE mob 19 health 20.0000 pos (0.4045, 131.0000, 3.7717) vel (0.0000, 0.0000, -0.0106)
[2026-09-19 14:03:09.926] [info] EVIDENCE mob 19 health 20.0000 pos (0.3938, 131.0000, 3.8650) vel (-0.0058, 0.0000, 0.0509)
[2026-09-19 14:03:09.939] [info] EVIDENCE lmb up
[2026-09-19 14:03:09.939] [info] EVIDENCE mob 19 health 20.0000 pos (0.3938, 131.0000, 3.8650) vel (-0.0058, 0.0000, 0.0509)
[2026-09-19 14:03:09.954] [info] EVIDENCE mob 19 health 20.0000 pos (0.3938, 131.0000, 3.8650) vel (-0.0058, 0.0000, 0.0509)
[2026-09-19 14:03:09.967] [info] EVIDENCE mob 19 health 20.0000 pos (0.3773, 131.0000, 4.0198) vel (-0.0090, 0.0000, 0.0845)
[2026-09-19 14:03:09.982] [info] EVIDENCE mob 19 health 20.0000 pos (0.3773, 131.0000, 4.0198) vel (-0.0090, 0.0000, 0.0845)
[2026-09-19 14:03:09.996] [info] EVIDENCE mob 19 health 20.0000 pos (0.3773, 131.0000, 4.0198) vel (-0.0090, 0.0000, 0.0845)
[2026-09-19 14:03:10.009] [info] EVIDENCE mob 19 health 20.0000 pos (0.3773, 131.0000, 4.0198) vel (-0.0090, 0.0000, 0.0845)
[2026-09-19 14:03:10.023] [info] EVIDENCE mob 19 health 20.0000 pos (0.3576, 131.0000, 4.2081) vel (-0.0107, 0.0000, 0.1029)
[2026-09-19 14:03:10.037] [info] EVIDENCE probe yaw 0.0000 pitch 0.0000 eye (0.049, 131.620, 7.217) nearest_mob 9 dist 0.065
[2026-09-19 14:03:10.037] [info] EVIDENCE mob 19 health 20.0000 pos (0.3576, 131.0000, 4.2081) vel (-0.0107, 0.0000, 0.1029)
[2026-09-19 14:03:10.055] [info] EVIDENCE mob 19 health 20.0000 pos (0.3576, 131.0000, 4.2081) vel (-0.0107, 0.0000, 0.1029)
[2026-09-19 14:03:10.060] [info] EVIDENCE mob 19 health 20.0000 pos (0.3576, 131.0000, 4.2081) vel (-0.0107, 0.0000, 0.1029)
[2026-09-19 14:03:10.071] [info] EVIDENCE mob 19 health 20.0000 pos (0.3362, 131.0000, 4.4149) vel (-0.0117, 0.0000, 0.1129)
[2026-09-19 14:03:10.085] [info] EVIDENCE mob 19 health 20.0000 pos (0.3362, 131.0000, 4.4149) vel (-0.0117, 0.0000, 0.1129)
[2026-09-19 14:03:10.100] [info] EVIDENCE mob 19 health 20.0000 pos (0.3362, 131.0000, 4.4149) vel (-0.0117, 0.0000, 0.1129)
[2026-09-19 14:03:10.113] [info] EVIDENCE mob 19 health 20.0000 pos (0.3362, 131.0000, 4.4149) vel (-0.0117, 0.0000, 0.1129)
[2026-09-19 14:03:10.127] [info] mob event: melee 3.0 damage at (0.2, 131.0, 5.9)
[2026-09-19 14:03:10.127] [info] mob melee for 3.0 at (0.16, 131.00, 5.88); health now 5.0
[2026-09-19 14:03:10.127] [info] EVIDENCE player healed from 5.0 to 20.0 (scene stabilisation)
[2026-09-19 14:03:10.127] [info] EVIDENCE mob 19 health 20.0000 pos (0.3138, 131.0000, 4.6316) vel (-0.0122, 0.0000, 0.1183)
[2026-09-19 14:03:10.142] [info] EVIDENCE mob 19 health 20.0000 pos (0.3138, 131.0000, 4.6316) vel (-0.0122, 0.0000, 0.1183)
[2026-09-19 14:03:10.155] [info] EVIDENCE mob 19 health 20.0000 pos (0.3138, 131.0000, 4.6316) vel (-0.0122, 0.0000, 0.1183)
[2026-09-19 14:03:10.169] [info] EVIDENCE swing weapon 33 charge 0.416320 charged false crit false falling false sprinting false damage 1.665280
[2026-09-19 14:03:10.169] [info] EVIDENCE knockback 0.4 (sprint gate false)
[2026-09-19 14:03:10.169] [info] attacked mob 15 at (0.02, 130.00, 7.62) charge 0.416
[2026-09-19 14:03:10.169] [info] mob event: melee 3.0 damage at (0.0, 130.0, 7.8)
[2026-09-19 14:03:10.169] [info] mob melee for 3.0 absorbed by the hurt window (9 tick(s) left, last 3.0)
[2026-09-19 14:03:10.169] [info] EVIDENCE lmb down | yaw 0.0000 picked 15 dist 0.000 swinging true age 0 charge 0.201 sprint false fall false onground true vy 0.0000
[2026-09-19 14:03:10.169] [info] EVIDENCE mob 19 health 20.0000 pos (0.2913, 131.0000, 4.8539) vel (-0.0123, 0.0000, 0.1213)
[2026-09-19 14:03:10.175] [info] EVIDENCE mob 19 health 20.0000 pos (0.2913, 131.0000, 4.8539) vel (-0.0123, 0.0000, 0.1213)
[2026-09-19 14:03:10.189] [info] EVIDENCE mob 19 health 20.0000 pos (0.2913, 131.0000, 4.8539) vel (-0.0123, 0.0000, 0.1213)
[2026-09-19 14:03:10.204] [info] EVIDENCE mob 19 health 20.0000 pos (0.2913, 131.0000, 4.8539) vel (-0.0123, 0.0000, 0.1213)
[2026-09-19 14:03:10.217] [info] mob event: melee 3.0 damage at (0.1, 130.0, 6.9)
[2026-09-19 14:03:10.217] [info] mob event: melee 3.0 damage at (0.7, 131.0, 8.2)
[2026-09-19 14:03:10.217] [info] mob melee for 3.0 absorbed by the hurt window (8 tick(s) left, last 3.0)
[2026-09-19 14:03:10.217] [info] mob melee for 3.0 absorbed by the hurt window (8 tick(s) left, last 3.0)
[2026-09-19 14:03:10.217] [info] EVIDENCE mob 19 health 20.0000 pos (0.2688, 131.0000, 5.0792) vel (-0.0123, 0.0000, 0.1230)
[2026-09-19 14:03:10.231] [info] EVIDENCE lmb up
[2026-09-19 14:03:10.231] [info] EVIDENCE mob 19 health 20.0000 pos (0.2688, 131.0000, 5.0792) vel (-0.0123, 0.0000, 0.1230)
[2026-09-19 14:03:10.246] [info] EVIDENCE mob 19 health 20.0000 pos (0.2688, 131.0000, 5.0792) vel (-0.0123, 0.0000, 0.1230)
[2026-09-19 14:03:10.259] [info] EVIDENCE mob 19 health 20.0000 pos (0.2688, 131.0000, 5.0792) vel (-0.0123, 0.0000, 0.1230)
[2026-09-19 14:03:10.273] [info] EVIDENCE mob 19 health 20.0000 pos (0.2463, 131.0000, 5.3061) vel (-0.0123, 0.0000, 0.1239)
[2026-09-19 14:03:10.287] [info] EVIDENCE mob 19 health 20.0000 pos (0.2463, 131.0000, 5.3061) vel (-0.0123, 0.0000, 0.1239)
[2026-09-19 14:03:10.301] [info] EVIDENCE mob 19 health 20.0000 pos (0.2463, 131.0000, 5.3061) vel (-0.0123, 0.0000, 0.1239)
[2026-09-19 14:03:10.314] [info] EVIDENCE mob 19 health 20.0000 pos (0.2463, 131.0000, 5.3061) vel (-0.0123, 0.0000, 0.1239)
[2026-09-19 14:03:10.329] [info] EVIDENCE mob 19 health 20.0000 pos (0.2239, 131.0000, 5.5339) vel (-0.0122, 0.0000, 0.1244)
[2026-09-19 14:03:10.347] [info] EVIDENCE mob 19 health 20.0000 pos (0.2239, 131.0000, 5.5339) vel (-0.0122, 0.0000, 0.1244)
[2026-09-19 14:03:10.352] [info] EVIDENCE mob 19 health 20.0000 pos (0.2239, 131.0000, 5.5339) vel (-0.0122, 0.0000, 0.1244)
[2026-09-19 14:03:10.363] [info] EVIDENCE mob 19 health 20.0000 pos (0.2239, 131.0000, 5.5339) vel (-0.0122, 0.0000, 0.1244)
[2026-09-19 14:03:10.377] [info] EVIDENCE mob 19 health 20.0000 pos (0.2018, 131.0000, 5.7623) vel (-0.0121, 0.0000, 0.1247)
[2026-09-19 14:03:10.384] [info] EVIDENCE mob 19 health 20.0000 pos (0.2018, 131.0000, 5.7623) vel (-0.0121, 0.0000, 0.1247)
[2026-09-19 14:03:10.397] [info] EVIDENCE mob 19 health 20.0000 pos (0.2018, 131.0000, 5.7623) vel (-0.0121, 0.0000, 0.1247)
[2026-09-19 14:03:10.412] [info] EVIDENCE mob 19 health 20.0000 pos (0.2018, 131.0000, 5.7623) vel (-0.0121, 0.0000, 0.1247)
[2026-09-19 14:03:10.425] [info] EVIDENCE probe yaw 0.0000 pitch 0.0000 eye (-0.017, 131.620, 8.072) nearest_mob 16 dist 0.000
[2026-09-19 14:03:10.425] [info] EVIDENCE mob 19 health 20.0000 pos (0.1798, 131.0000, 5.9909) vel (-0.0120, 0.0000, 0.1248)
[2026-09-19 14:03:10.439] [info] EVIDENCE mob 19 health 20.0000 pos (0.1798, 131.0000, 5.9909) vel (-0.0120, 0.0000, 0.1248)
[2026-09-19 14:03:10.454] [info] EVIDENCE mob 19 health 20.0000 pos (0.1798, 131.0000, 5.9909) vel (-0.0120, 0.0000, 0.1248)
[2026-09-19 14:03:10.467] [info] EVIDENCE mob 19 health 20.0000 pos (0.1798, 131.0000, 5.9909) vel (-0.0120, 0.0000, 0.1248)
[2026-09-19 14:03:10.481] [info] EVIDENCE mob 19 health 20.0000 pos (0.1581, 131.0000, 6.2197) vel (-0.0119, 0.0000, 0.1249)
[2026-09-19 14:03:10.495] [info] EVIDENCE mob 19 health 20.0000 pos (0.1581, 131.0000, 6.2197) vel (-0.0119, 0.0000, 0.1249)
[2026-09-19 14:03:10.509] [info] EVIDENCE mob 19 health 20.0000 pos (0.1581, 131.0000, 6.2197) vel (-0.0119, 0.0000, 0.1249)
[2026-09-19 14:03:10.523] [info] EVIDENCE mob 19 health 20.0000 pos (0.1364, 131.0000, 6.4486) vel (-0.0118, 0.0000, 0.1250)
[2026-09-19 14:03:10.529] [info] EVIDENCE mob 19 health 20.0000 pos (0.1364, 131.0000, 6.4486) vel (-0.0118, 0.0000, 0.1250)
[2026-09-19 14:03:10.543] [info] EVIDENCE mob 19 health 20.0000 pos (0.1364, 131.0000, 6.4486) vel (-0.0118, 0.0000, 0.1250)
[2026-09-19 14:03:11.370] [info] fps 75.4 | pos (-0.02, 130.00, 8.09) | chunks 126 | stream-meshed 117
[2026-09-19 14:03:11.373] [info] EVIDENCE mob 19 health 20.0000 pos (0.1364, 131.0000, 6.4486) vel (-0.0118, 0.0000, 0.1250)
[2026-09-19 14:03:11.384] [info] EVIDENCE mob 19 health 20.0000 pos (0.1364, 131.0000, 6.4486) vel (-0.0118, 0.0000, 0.1250)
[2026-09-19 14:03:11.397] [info] EVIDENCE mob 19 health 20.0000 pos (0.1364, 131.0000, 6.4486) vel (-0.0118, 0.0000, 0.1250)
[2026-09-19 14:03:11.412] [info] mob event: melee 3.0 damage at (-0.0, 130.0, 7.9)
[2026-09-19 14:03:11.412] [info] mob melee for 3.0 absorbed by the hurt window (1 tick(s) left, last 3.0)
[2026-09-19 14:03:11.412] [info] EVIDENCE mob 19 health 20.0000 pos (0.1149, 130.9200, 6.6775) vel (-0.0196, -0.0784, 0.2083)
[2026-09-19 14:03:11.425] [info] EVIDENCE mob 19 health 20.0000 pos (0.1149, 130.9200, 6.6775) vel (-0.0196, -0.0784, 0.2083)
[2026-09-19 14:03:11.439] [info] EVIDENCE mob 19 health 20.0000 pos (0.1149, 130.9200, 6.6775) vel (-0.0196, -0.0784, 0.2083)
[2026-09-19 14:03:11.454] [info] EVIDENCE mob 19 health 20.0000 pos (0.1149, 130.9200, 6.6775) vel (-0.0196, -0.0784, 0.2083)
[2026-09-19 14:03:11.467] [info] mob event: melee 3.0 damage at (0.1, 130.0, 8.1)
[2026-09-19 14:03:11.467] [info] mob event: melee 3.0 damage at (0.1, 130.9, 6.7)
[2026-09-19 14:03:11.467] [info] mob melee for 3.0 at (0.05, 130.00, 8.11); health now 17.0
[2026-09-19 14:03:11.467] [info] mob melee for 3.0 absorbed by the hurt window (10 tick(s) left, last 3.0)
[2026-09-19 14:03:11.467] [info] EVIDENCE mob 19 health 20.0000 pos (0.0856, 130.7616, 6.9898) vel (-0.0267, -0.1552, 0.2842)
[2026-09-19 14:03:11.481] [info] EVIDENCE mob 19 health 20.0000 pos (0.0856, 130.7616, 6.9898) vel (-0.0267, -0.1552, 0.2842)
[2026-09-19 14:03:11.496] [info] EVIDENCE mob 19 health 20.0000 pos (0.0856, 130.7616, 6.9898) vel (-0.0267, -0.1552, 0.2842)
[2026-09-19 14:03:11.509] [info] EVIDENCE mob 19 health 20.0000 pos (0.0134, 130.5264, 7.3680) vel (-0.0657, -0.2305, 0.3441)
[2026-09-19 14:03:11.522] [info] EVIDENCE mob 19 health 20.0000 pos (0.0134, 130.5264, 7.3680) vel (-0.0657, -0.2305, 0.3441)
[2026-09-19 14:03:11.537] [info] EVIDENCE mob 19 health 20.0000 pos (0.0134, 130.5264, 7.3680) vel (-0.0657, -0.2305, 0.3441)
[2026-09-19 14:03:11.551] [info] EVIDENCE mob 19 health 20.0000 pos (0.0134, 130.5264, 7.3680) vel (-0.0657, -0.2305, 0.3441)
[2026-09-19 14:03:11.564] [info] EVIDENCE mob 19 health 20.0000 pos (-0.0522, 130.2158, 7.7121) vel (-0.0598, -0.3043, 0.3132)
[2026-09-19 14:03:11.579] [info] EVIDENCE mob 19 health 20.0000 pos (-0.0522, 130.2158, 7.7121) vel (-0.0598, -0.3043, 0.3132)
[2026-09-19 14:03:11.592] [info] EVIDENCE mob 19 health 20.0000 pos (-0.0522, 130.2158, 7.7121) vel (-0.0598, -0.3043, 0.3132)
[2026-09-19 14:03:11.606] [info] EVIDENCE mob 19 health 20.0000 pos (-0.0522, 130.2158, 7.7121) vel (-0.0598, -0.3043, 0.3132)
[2026-09-19 14:03:11.621] [info] EVIDENCE mob 19 health 20.0000 pos (-0.1120, 130.0000, 8.0253) vel (-0.0326, 0.0000, 0.1710)
[2026-09-19 14:03:11.634] [info] EVIDENCE mob 19 health 20.0000 pos (-0.1120, 130.0000, 8.0253) vel (-0.0326, 0.0000, 0.1710)
[2026-09-19 14:03:11.648] [info] EVIDENCE probe yaw 0.0000 pitch 0.0000 eye (-0.818, 131.542, 7.928) nearest_mob 0 dist 1000000000.000
[2026-09-19 14:03:11.648] [info] EVIDENCE mob 19 health 20.0000 pos (-0.1120, 130.0000, 8.0253) vel (-0.0326, 0.0000, 0.1710)
[2026-09-19 14:03:11.662] [info] EVIDENCE mob 19 health 20.0000 pos (-0.1446, 130.0000, 8.1963) vel (-0.0178, 0.0000, 0.0934)
[2026-09-19 14:03:11.675] [info] EVIDENCE mob 19 health 20.0000 pos (-0.1446, 130.0000, 8.1963) vel (-0.0178, 0.0000, 0.0934)
[2026-09-19 14:03:11.689] [info] EVIDENCE mob 19 health 20.0000 pos (-0.1446, 130.0000, 8.1963) vel (-0.0178, 0.0000, 0.0934)
[2026-09-19 14:03:11.706] [info] EVIDENCE mob 19 health 20.0000 pos (-0.1446, 130.0000, 8.1963) vel (-0.0178, 0.0000, 0.0934)
[2026-09-19 14:03:11.717] [info] EVIDENCE mob 19 health 20.0000 pos (-0.1624, 130.0000, 8.2896) vel (-0.0097, 0.0000, 0.0510)
[2026-09-19 14:03:11.731] [info] EVIDENCE mob 19 health 20.0000 pos (-0.1624, 130.0000, 8.2896) vel (-0.0097, 0.0000, 0.0510)
[2026-09-19 14:03:11.745] [info] EVIDENCE mob 19 health 20.0000 pos (-0.1624, 130.0000, 8.2896) vel (-0.0097, 0.0000, 0.0510)
[2026-09-19 14:03:11.759] [info] EVIDENCE mob 19 health 20.0000 pos (-0.1624, 130.0000, 8.2896) vel (-0.0097, 0.0000, 0.0510)
[2026-09-19 14:03:11.773] [info] EVIDENCE mob 19 health 20.0000 pos (-0.2690, 130.0000, 8.3015) vel (-0.0582, 0.0000, 0.0065)
[2026-09-19 14:03:11.791] [info] EVIDENCE mob 19 health 20.0000 pos (-0.2690, 130.0000, 8.3015) vel (-0.0582, 0.0000, 0.0065)
[2026-09-19 14:03:11.795] [info] EVIDENCE mob 19 health 20.0000 pos (-0.2690, 130.0000, 8.3015) vel (-0.0582, 0.0000, 0.0065)
[2026-09-19 14:03:11.808] [info] EVIDENCE mob 19 health 20.0000 pos (-0.2690, 130.0000, 8.3015) vel (-0.0582, 0.0000, 0.0065)
[2026-09-19 14:03:11.822] [info] EVIDENCE mob 19 health 20.0000 pos (-0.4232, 130.0000, 8.2669) vel (-0.0842, 0.0000, -0.0189)
[2026-09-19 14:03:11.835] [info] EVIDENCE mob 19 health 20.0000 pos (-0.4232, 130.0000, 8.2669) vel (-0.0842, 0.0000, -0.0189)
[2026-09-19 14:03:11.849] [info] EVIDENCE mob 19 health 20.0000 pos (-0.4232, 130.0000, 8.2669) vel (-0.0842, 0.0000, -0.0189)
[2026-09-19 14:03:11.863] [info] EVIDENCE mob 19 health 20.0000 pos (-0.6032, 129.9200, 8.2066) vel (-0.1638, -0.0784, -0.0549)
[2026-09-19 14:03:11.876] [info] EVIDENCE mob 19 health 20.0000 pos (-0.6032, 129.9200, 8.2066) vel (-0.1638, -0.0784, -0.0549)
[2026-09-19 14:03:11.891] [info] EVIDENCE mob 19 health 20.0000 pos (-0.6032, 129.9200, 8.2066) vel (-0.1638, -0.0784, -0.0549)
[2026-09-19 14:03:11.905] [info] EVIDENCE mob 19 health 20.0000 pos (-0.6032, 129.9200, 8.2066) vel (-0.1638, -0.0784, -0.0549)
[2026-09-19 14:03:11.918] [info] EVIDENCE mob 19 health 20.0000 pos (-0.8628, 129.7616, 8.1101) vel (-0.2363, -0.1552, -0.0878)
[2026-09-19 14:03:11.933] [info] EVIDENCE mob 19 health 20.0000 pos (-0.8628, 129.7616, 8.1101) vel (-0.2363, -0.1552, -0.0878)
[2026-09-19 14:03:11.946] [info] EVIDENCE mob 19 health 20.0000 pos (-0.8628, 129.7616, 8.1101) vel (-0.2363, -0.1552, -0.0878)
[2026-09-19 14:03:11.964] [info] mob event: melee 3.0 damage at (-0.8, 129.8, 8.0)
[2026-09-19 14:03:11.964] [info] mob melee for 3.0 at (-0.84, 129.76, 8.02); health now 14.0
[2026-09-19 14:03:11.964] [info] EVIDENCE mob 19 health 20.0000 pos (-1.0991, 129.5264, 8.0224) vel (-0.2150, -0.2305, -0.0799)
[2026-09-19 14:03:11.967] [info] EVIDENCE mob 19 health 20.0000 pos (-1.0991, 129.5264, 8.0224) vel (-0.2150, -0.2305, -0.0799)
[2026-09-19 14:03:11.981] [info] EVIDENCE mob 19 health 20.0000 pos (-1.0991, 129.5264, 8.0224) vel (-0.2150, -0.2305, -0.0799)
[2026-09-19 14:03:11.998] [info] EVIDENCE mob 19 health 20.0000 pos (-1.0991, 129.5264, 8.0224) vel (-0.2150, -0.2305, -0.0799)
[2026-09-19 14:03:12.009] [info] EVIDENCE mob 19 health 20.0000 pos (-1.0991, 129.5264, 8.0224) vel (-0.2150, -0.2305, -0.0799)
[2026-09-19 14:03:12.022] [info] mob event: melee 3.0 damage at (-1.1, 129.5, 8.0)
[2026-09-19 14:03:12.022] [info] mob melee for 3.0 absorbed by the hurt window (9 tick(s) left, last 3.0)
[2026-09-19 14:03:12.022] [info] EVIDENCE mob 19 health 20.0000 pos (-1.3141, 129.2158, 7.9425) vel (-0.1956, -0.3043, -0.0727)
[2026-09-19 14:03:12.037] [info] EVIDENCE mob 19 health 20.0000 pos (-1.3141, 129.2158, 7.9425) vel (-0.1956, -0.3043, -0.0727)
[2026-09-19 14:03:12.050] [info] EVIDENCE probe yaw 0.0000 pitch 0.0000 eye (-2.061, 130.620, 7.629) nearest_mob 17 dist 0.000
[2026-09-19 14:03:12.050] [info] EVIDENCE mob 19 health 20.0000 pos (-1.3141, 129.2158, 7.9425) vel (-0.1956, -0.3043, -0.0727)
[2026-09-19 14:03:12.064] [info] mob event: melee 3.0 damage at (-1.2, 129.0, 7.8)
[2026-09-19 14:03:12.064] [info] mob event: melee 3.0 damage at (-1.8, 129.0, 7.7)
[2026-09-19 14:03:12.064] [info] mob melee for 3.0 absorbed by the hurt window (8 tick(s) left, last 3.0)
[2026-09-19 14:03:12.064] [info] mob melee for 3.0 absorbed by the hurt window (8 tick(s) left, last 3.0)
[2026-09-19 14:03:12.064] [info] EVIDENCE mob 19 health 20.0000 pos (-1.5097, 129.0000, 7.8698) vel (-0.1068, 0.0000, -0.0397)
[2026-09-19 14:03:12.083] [info] EVIDENCE mob 19 health 20.0000 pos (-1.5097, 129.0000, 7.8698) vel (-0.1068, 0.0000, -0.0397)
[2026-09-19 14:03:12.087] [info] EVIDENCE mob 19 health 20.0000 pos (-1.5097, 129.0000, 7.8698) vel (-0.1068, 0.0000, -0.0397)
[2026-09-19 14:03:12.100] [info] EVIDENCE mob 19 health 20.0000 pos (-1.5097, 129.0000, 7.8698) vel (-0.1068, 0.0000, -0.0397)
[2026-09-19 14:03:12.114] [info] EVIDENCE mob 19 health 20.0000 pos (-1.6165, 129.0000, 7.8302) vel (-0.0583, 0.0000, -0.0217)
[2026-09-19 14:03:12.127] [info] EVIDENCE mob 19 health 20.0000 pos (-1.6165, 129.0000, 7.8302) vel (-0.0583, 0.0000, -0.0217)
[2026-09-19 14:03:12.141] [info] EVIDENCE mob 19 health 20.0000 pos (-1.6165, 129.0000, 7.8302) vel (-0.0583, 0.0000, -0.0217)
[2026-09-19 14:03:12.155] [info] EVIDENCE mob 19 health 20.0000 pos (-1.6165, 129.0000, 7.8302) vel (-0.0583, 0.0000, -0.0217)
[2026-09-19 14:03:12.168] [info] EVIDENCE mob 19 health 20.0000 pos (-1.6749, 129.0000, 7.8085) vel (-0.0318, 0.0000, -0.0118)
[2026-09-19 14:03:12.183] [info] EVIDENCE mob 19 health 20.0000 pos (-1.6749, 129.0000, 7.8085) vel (-0.0318, 0.0000, -0.0118)
[2026-09-19 14:03:12.196] [info] EVIDENCE mob 19 health 20.0000 pos (-1.6749, 129.0000, 7.8085) vel (-0.0318, 0.0000, -0.0118)
[2026-09-19 14:03:12.210] [info] EVIDENCE mob 19 health 20.0000 pos (-1.6749, 129.0000, 7.8085) vel (-0.0318, 0.0000, -0.0118)
[2026-09-19 14:03:12.225] [info] EVIDENCE mob 19 health 20.0000 pos (-1.7067, 129.0000, 7.7967) vel (-0.0174, 0.0000, -0.0065)
[2026-09-19 14:03:12.238] [info] EVIDENCE mob 19 health 20.0000 pos (-1.7067, 129.0000, 7.7967) vel (-0.0174, 0.0000, -0.0065)
[2026-09-19 14:03:12.252] [info] EVIDENCE mob 19 health 20.0000 pos (-1.7067, 129.0000, 7.7967) vel (-0.0174, 0.0000, -0.0065)
[2026-09-19 14:03:12.266] [info] EVIDENCE mob 19 health 20.0000 pos (-1.7241, 129.0000, 7.7902) vel (-0.0095, 0.0000, -0.0035)
[2026-09-19 14:03:12.279] [info] EVIDENCE mob 19 health 20.0000 pos (-1.7241, 129.0000, 7.7902) vel (-0.0095, 0.0000, -0.0035)
[2026-09-19 14:03:12.295] [info] EVIDENCE summon hollow_wretch id=20 at (-2.6, 128.8, 5.5)
[2026-09-19 14:03:12.295] [info] EVIDENCE mob 20 health 20.0000 pos (-2.5776, 128.7664, 5.4655) vel (0.0000, 0.0000, 0.0000)
[2026-09-19 14:03:12.300] [info] EVIDENCE mob 20 health 20.0000 pos (-2.5776, 128.7664, 5.4655) vel (0.0000, 0.0000, 0.0000)
[2026-09-19 14:03:12.314] [info] EVIDENCE mob 20 health 20.0000 pos (-2.5113, 128.6864, 5.3848) vel (0.0603, -0.0784, -0.0734)
[2026-09-19 14:03:12.329] [info] EVIDENCE mob 20 health 20.0000 pos (-2.5113, 128.6864, 5.3848) vel (0.0603, -0.0784, -0.0734)
[2026-09-19 14:03:12.342] [info] EVIDENCE mob 20 health 20.0000 pos (-2.5113, 128.6864, 5.3848) vel (0.0603, -0.0784, -0.0734)
[2026-09-19 14:03:12.356] [info] EVIDENCE mob 20 health 20.0000 pos (-2.5113, 128.6864, 5.3848) vel (0.0603, -0.0784, -0.0734)
[2026-09-19 14:03:12.375] [info] EVIDENCE mob 20 health 20.0000 pos (-2.3847, 128.5280, 5.2307) vel (0.1152, -0.1552, -0.1402)
[2026-09-19 14:03:12.378] [info] EVIDENCE mob 20 health 20.0000 pos (-2.3847, 128.5280, 5.2307) vel (0.1152, -0.1552, -0.1402)
[2026-09-19 14:03:12.391] [info] EVIDENCE mob 20 health 20.0000 pos (-2.3847, 128.5280, 5.2307) vel (0.1152, -0.1552, -0.1402)
[2026-09-19 14:03:12.405] [info] EVIDENCE mob 20 health 20.0000 pos (-2.3847, 128.5280, 5.2307) vel (0.1152, -0.1552, -0.1402)
[2026-09-19 14:03:12.418] [info] mob event: melee 3.0 damage at (-1.8, 129.0, 7.7)
[2026-09-19 14:03:12.418] [info] mob melee for 3.0 absorbed by the hurt window (1 tick(s) left, last 3.0)
[2026-09-19 14:03:12.418] [info] EVIDENCE mob 20 health 20.0000 pos (-2.2796, 129.0000, 4.9866) vel (0.0573, -0.2305, -0.1333)
[2026-09-19 14:03:12.433] [info] EVIDENCE mob 20 health 20.0000 pos (-2.2796, 129.0000, 4.9866) vel (0.0573, -0.2305, -0.1333)
[2026-09-19 14:03:12.446] [info] EVIDENCE probe yaw 0.0000 pitch 0.0000 eye (-2.712, 129.620, 7.423) nearest_mob 0 dist 1000000000.000
[2026-09-19 14:03:12.446] [info] EVIDENCE mob 20 health 20.0000 pos (-2.2796, 129.0000, 4.9866) vel (0.0573, -0.2305, -0.1333)
[2026-09-19 14:03:12.460] [info] EVIDENCE mob 20 health 20.0000 pos (-2.2796, 129.0000, 4.9866) vel (0.0573, -0.2305, -0.1333)
[2026-09-19 14:03:12.467] [info] mob event: melee 3.0 damage at (-1.8, 129.0, 7.7)
[2026-09-19 14:03:12.467] [info] mob event: melee 3.0 damage at (-1.7, 129.0, 7.8)
[2026-09-19 14:03:12.467] [info] mob melee for 3.0 at (-1.80, 129.00, 7.70); health now 11.0
[2026-09-19 14:03:12.467] [info] mob melee for 3.0 absorbed by the hurt window (10 tick(s) left, last 3.0)
[2026-09-19 14:03:12.467] [info] EVIDENCE mob 20 health 20.0000 pos (-2.1538, 129.0000, 4.7744) vel (0.0687, 0.0000, -0.1158)
[2026-09-19 14:03:12.481] [info] EVIDENCE lmb down | yaw 0.0000 picked 0 dist 0.000 swinging false age 29 charge 1.000 sprint false fall false onground true vy 0.0000
[2026-09-19 14:03:12.481] [info] EVIDENCE mob 20 health 20.0000 pos (-2.1538, 129.0000, 4.7744) vel (0.0687, 0.0000, -0.1158)
[2026-09-19 14:03:12.488] [info] EVIDENCE mob 20 health 20.0000 pos (-2.1538, 129.0000, 4.7744) vel (0.0687, 0.0000, -0.1158)
[2026-09-19 14:03:12.502] [info] EVIDENCE mob 20 health 20.0000 pos (-2.1538, 129.0000, 4.7744) vel (0.0687, 0.0000, -0.1158)
[2026-09-19 14:03:12.516] [info] EVIDENCE mob 20 health 20.0000 pos (-2.0153, 129.0000, 4.5810) vel (0.0756, 0.0000, -0.1056)
[2026-09-19 14:03:12.530] [info] EVIDENCE mob 20 health 20.0000 pos (-2.0153, 129.0000, 4.5810) vel (0.0756, 0.0000, -0.1056)
[2026-09-19 14:03:12.544] [info] EVIDENCE lmb up
[2026-09-19 14:03:12.544] [info] EVIDENCE mob 20 health 20.0000 pos (-2.0153, 129.0000, 4.5810) vel (0.0756, 0.0000, -0.1056)
[2026-09-19 14:03:12.558] [info] EVIDENCE mob 20 health 20.0000 pos (-2.0153, 129.0000, 4.5810) vel (0.0756, 0.0000, -0.1056)
[2026-09-19 14:03:12.571] [info] EVIDENCE mob 20 health 20.0000 pos (-1.8689, 129.0000, 4.3985) vel (0.0799, 0.0000, -0.0996)
[2026-09-19 14:03:12.585] [info] EVIDENCE mob 20 health 20.0000 pos (-1.8689, 129.0000, 4.3985) vel (0.0799, 0.0000, -0.0996)
[2026-09-19 14:03:12.599] [info] EVIDENCE mob 20 health 20.0000 pos (-1.8689, 129.0000, 4.3985) vel (0.0799, 0.0000, -0.0996)
[2026-09-19 14:03:12.613] [info] EVIDENCE mob 20 health 20.0000 pos (-1.8689, 129.0000, 4.3985) vel (0.0799, 0.0000, -0.0996)
[2026-09-19 14:03:12.627] [info] EVIDENCE mob 20 health 20.0000 pos (-1.7176, 129.0000, 4.2227) vel (0.0826, 0.0000, -0.0960)
[2026-09-19 14:03:12.641] [info] EVIDENCE mob 20 health 20.0000 pos (-1.7176, 129.0000, 4.2227) vel (0.0826, 0.0000, -0.0960)
[2026-09-19 14:03:12.655] [info] EVIDENCE mob 20 health 20.0000 pos (-1.7176, 129.0000, 4.2227) vel (0.0826, 0.0000, -0.0960)
[2026-09-19 14:03:12.668] [info] EVIDENCE mob 20 health 20.0000 pos (-1.6915, 129.0000, 4.2145) vel (0.0143, 0.0000, -0.0045)
[2026-09-19 14:03:12.683] [info] EVIDENCE mob 20 health 20.0000 pos (-1.6915, 129.0000, 4.2145) vel (0.0143, 0.0000, -0.0045)
[2026-09-19 14:03:12.696] [info] EVIDENCE mob 20 health 20.0000 pos (-1.6915, 129.0000, 4.2145) vel (0.0143, 0.0000, -0.0045)
[2026-09-19 14:03:12.710] [info] EVIDENCE mob 20 health 20.0000 pos (-1.6915, 129.0000, 4.2145) vel (0.0143, 0.0000, -0.0045)
[2026-09-19 14:03:12.725] [info] EVIDENCE mob 20 health 20.0000 pos (-1.7362, 129.0000, 4.2963) vel (-0.0244, 0.0000, 0.0446)
[2026-09-19 14:03:12.738] [info] EVIDENCE mob 20 health 20.0000 pos (-1.7362, 129.0000, 4.2963) vel (-0.0244, 0.0000, 0.0446)
[2026-09-19 14:03:12.752] [info] EVIDENCE mob 20 health 20.0000 pos (-1.7362, 129.0000, 4.2963) vel (-0.0244, 0.0000, 0.0446)
[2026-09-19 14:03:12.766] [info] EVIDENCE mob 20 health 20.0000 pos (-1.8212, 129.0000, 4.4259) vel (-0.0465, 0.0000, 0.0708)
[2026-09-19 14:03:12.780] [info] EVIDENCE mob 20 health 20.0000 pos (-1.8212, 129.0000, 4.4259) vel (-0.0465, 0.0000, 0.0708)
[2026-09-19 14:03:12.793] [info] EVIDENCE mob 20 health 20.0000 pos (-1.8212, 129.0000, 4.4259) vel (-0.0465, 0.0000, 0.0708)
[2026-09-19 14:03:12.808] [info] EVIDENCE mob 20 health 20.0000 pos (-1.8212, 129.0000, 4.4259) vel (-0.0465, 0.0000, 0.0708)
[2026-09-19 14:03:12.821] [info] EVIDENCE mob 20 health 20.0000 pos (-1.9298, 129.0000, 4.5805) vel (-0.0593, 0.0000, 0.0845)
[2026-09-19 14:03:12.837] [info] EVIDENCE mob 20 health 20.0000 pos (-1.9298, 129.0000, 4.5805) vel (-0.0593, 0.0000, 0.0845)
[2026-09-19 14:03:12.850] [info] EVIDENCE probe yaw 0.0000 pitch 0.0000 eye (-3.795, 129.107, 7.091) nearest_mob 0 dist 1000000000.000
[2026-09-19 14:03:12.850] [info] EVIDENCE mob 20 health 20.0000 pos (-1.9298, 129.0000, 4.5805) vel (-0.0593, 0.0000, 0.0845)
[2026-09-19 14:03:12.863] [info] EVIDENCE mob 20 health 20.0000 pos (-1.9298, 129.0000, 4.5805) vel (-0.0593, 0.0000, 0.0845)
[2026-09-19 14:03:12.877] [info] EVIDENCE mob 20 health 20.0000 pos (-2.0525, 129.0000, 4.7480) vel (-0.0670, 0.0000, 0.0914)
[2026-09-19 14:03:12.891] [info] EVIDENCE mob 20 health 20.0000 pos (-2.0525, 129.0000, 4.7480) vel (-0.0670, 0.0000, 0.0914)
[2026-09-19 14:03:12.905] [info] EVIDENCE mob 20 health 20.0000 pos (-2.0525, 129.0000, 4.7480) vel (-0.0670, 0.0000, 0.0914)
[2026-09-19 14:03:12.918] [info] EVIDENCE mob 20 health 20.0000 pos (-2.1838, 129.0000, 4.9217) vel (-0.0717, 0.0000, 0.0948)
[2026-09-19 14:03:12.933] [info] EVIDENCE mob 20 health 20.0000 pos (-2.1838, 129.0000, 4.9217) vel (-0.0717, 0.0000, 0.0948)
[2026-09-19 14:03:12.946] [info] EVIDENCE mob 20 health 20.0000 pos (-2.1838, 129.0000, 4.9217) vel (-0.0717, 0.0000, 0.0948)
[2026-09-19 14:03:12.960] [info] EVIDENCE mob 20 health 20.0000 pos (-2.1838, 129.0000, 4.9217) vel (-0.0717, 0.0000, 0.0948)
[2026-09-19 14:03:12.975] [info] mob event: melee 3.0 damage at (-3.8, 127.4, 7.1)
[2026-09-19 14:03:12.975] [info] mob melee for 3.0 at (-3.78, 127.37, 7.10); health now 8.0
[2026-09-19 14:03:12.975] [info] EVIDENCE mob 20 health 20.0000 pos (-2.3207, 129.0000, 5.0980) vel (-0.0748, 0.0000, 0.0963)
[2026-09-19 14:03:12.988] [info] EVIDENCE mob 20 health 20.0000 pos (-2.3207, 129.0000, 5.0980) vel (-0.0748, 0.0000, 0.0963)
[2026-09-19 14:03:13.002] [info] EVIDENCE mob 20 health 20.0000 pos (-2.3207, 129.0000, 5.0980) vel (-0.0748, 0.0000, 0.0963)
[2026-09-19 14:03:13.016] [info] EVIDENCE mob 20 health 20.0000 pos (-2.3207, 129.0000, 5.0980) vel (-0.0748, 0.0000, 0.0963)
[2026-09-19 14:03:13.030] [info] mob event: melee 3.0 damage at (-3.9, 127.0, 7.1)
[2026-09-19 14:03:13.030] [info] mob melee for 3.0 absorbed by the hurt window (9 tick(s) left, last 3.0)
[2026-09-19 14:03:13.030] [info] EVIDENCE mob 20 health 20.0000 pos (-2.4701, 128.9200, 5.2674) vel (-0.1359, -0.0784, 0.1541)
[2026-09-19 14:03:13.043] [info] EVIDENCE mob 20 health 20.0000 pos (-2.4701, 128.9200, 5.2674) vel (-0.1359, -0.0784, 0.1541)
[2026-09-19 14:03:13.058] [info] EVIDENCE mob 20 health 20.0000 pos (-2.4701, 128.9200, 5.2674) vel (-0.1359, -0.0784, 0.1541)
[2026-09-19 14:03:13.071] [info] mob event: melee 3.0 damage at (-4.0, 127.0, 7.0)
[2026-09-19 14:03:13.071] [info] mob event: melee 3.0 damage at (-3.8, 127.5, 7.1)
[2026-09-19 14:03:13.071] [info] mob melee for 3.0 absorbed by the hurt window (8 tick(s) left, last 3.0)
[2026-09-19 14:03:13.071] [info] mob melee for 3.0 absorbed by the hurt window (8 tick(s) left, last 3.0)
[2026-09-19 14:03:13.071] [info] EVIDENCE mob 20 health 20.0000 pos (-2.6876, 128.7616, 5.4867) vel (-0.1979, -0.1552, 0.1996)
[2026-09-19 14:03:13.085] [info] EVIDENCE mob 20 health 20.0000 pos (-2.6876, 128.7616, 5.4867) vel (-0.1979, -0.1552, 0.1996)
[2026-09-19 14:03:13.100] [info] EVIDENCE mob 20 health 20.0000 pos (-2.6876, 128.7616, 5.4867) vel (-0.1979, -0.1552, 0.1996)
[2026-09-19 14:03:13.113] [info] EVIDENCE mob 20 health 20.0000 pos (-2.6876, 128.7616, 5.4867) vel (-0.1979, -0.1552, 0.1996)
[2026-09-19 14:03:13.127] [info] EVIDENCE mob 20 health 20.0000 pos (-2.9726, 128.5264, 5.7438) vel (-0.2594, -0.2305, 0.2340)
[2026-09-19 14:03:13.141] [info] EVIDENCE mob 20 health 20.0000 pos (-2.9726, 128.5264, 5.7438) vel (-0.2594, -0.2305, 0.2340)
[2026-09-19 14:03:13.155] [info] EVIDENCE mob 20 health 20.0000 pos (-2.9726, 128.5264, 5.7438) vel (-0.2594, -0.2305, 0.2340)
[2026-09-19 14:03:13.168] [info] EVIDENCE mob 20 health 20.0000 pos (-2.9726, 128.5264, 5.7438) vel (-0.2594, -0.2305, 0.2340)
[2026-09-19 14:03:13.183] [info] EVIDENCE mob 20 health 20.0000 pos (-3.3240, 128.2158, 6.0272) vel (-0.3197, -0.3043, 0.2579)
[2026-09-19 14:03:13.196] [info] EVIDENCE mob 20 health 20.0000 pos (-3.3240, 128.2158, 6.0272) vel (-0.3197, -0.3043, 0.2579)
[2026-09-19 14:03:13.210] [info] EVIDENCE mob 20 health 20.0000 pos (-3.3240, 128.2158, 6.0272) vel (-0.3197, -0.3043, 0.2579)
[2026-09-19 14:03:13.225] [info] EVIDENCE mob 20 health 20.0000 pos (-3.7403, 127.8315, 6.3249) vel (-0.3788, -0.3766, 0.2709)
[2026-09-19 14:03:13.238] [info] EVIDENCE mob 20 health 20.0000 pos (-3.7403, 127.8315, 6.3249) vel (-0.3788, -0.3766, 0.2709)
[2026-09-19 14:03:13.252] [info] EVIDENCE mob 20 health 20.0000 pos (-3.7403, 127.8315, 6.3249) vel (-0.3788, -0.3766, 0.2709)
[2026-09-19 14:03:13.266] [info] EVIDENCE probe yaw 0.0000 pitch 0.0000 eye (-4.990, 128.620, 6.714) nearest_mob 0 dist 1000000000.000
[2026-09-19 14:03:13.266] [info] EVIDENCE mob 20 health 20.0000 pos (-3.7403, 127.8315, 6.3249) vel (-0.3788, -0.3766, 0.2709)
[2026-09-19 14:03:13.280] [info] mob event: melee 3.0 damage at (-3.7, 127.8, 6.3)
[2026-09-19 14:03:13.280] [info] mob melee for 3.0 absorbed by the hurt window (4 tick(s) left, last 3.0)
[2026-09-19 14:03:13.280] [info] EVIDENCE mob 20 health 20.0000 pos (-4.2201, 127.3749, 6.6223) vel (-0.4367, -0.4475, 0.2706)
[2026-09-19 14:03:13.293] [info] EVIDENCE mob 20 health 20.0000 pos (-4.2201, 127.3749, 6.6223) vel (-0.4367, -0.4475, 0.2706)
[2026-09-19 14:03:13.308] [info] EVIDENCE mob 20 health 20.0000 pos (-4.2201, 127.3749, 6.6223) vel (-0.4367, -0.4475, 0.2706)
[2026-09-19 14:03:13.321] [info] mob blastbud spawned at (-22.9, 83.0, 73.1) in chunk (-2, 4)
[2026-09-19 14:03:13.321] [info] EVIDENCE mob 20 health 20.0000 pos (-4.6568, 127.0000, 6.8929) vel (-0.2384, 0.0000, 0.1477)
[2026-09-19 14:03:13.335] [info] EVIDENCE mob 20 health 20.0000 pos (-4.6568, 127.0000, 6.8929) vel (-0.2384, 0.0000, 0.1477)
[2026-09-19 14:03:13.350] [info] EVIDENCE mob 20 health 20.0000 pos (-4.6568, 127.0000, 6.8929) vel (-0.2384, 0.0000, 0.1477)
[2026-09-19 14:03:13.363] [info] EVIDENCE mob 20 health 20.0000 pos (-4.6568, 127.0000, 6.8929) vel (-0.2384, 0.0000, 0.1477)
[2026-09-19 14:03:13.377] [info] fps 73.8 | pos (-5.18, 127.00, 6.65) | chunks 126 | stream-meshed 117
[2026-09-19 14:03:13.377] [info] EVIDENCE mob 20 health 20.0000 pos (-4.8952, 127.0000, 7.0406) vel (-0.1302, 0.0000, 0.0807)
[2026-09-19 14:03:13.391] [info] EVIDENCE mob 20 health 20.0000 pos (-4.8952, 127.0000, 7.0406) vel (-0.1302, 0.0000, 0.0807)
[2026-09-19 14:03:13.404] [info] EVIDENCE mob 20 health 20.0000 pos (-4.8952, 127.0000, 7.0406) vel (-0.1302, 0.0000, 0.0807)
[2026-09-19 14:03:13.418] [info] EVIDENCE mob 20 health 20.0000 pos (-4.8952, 127.0000, 7.0406) vel (-0.1302, 0.0000, 0.0807)
[2026-09-19 14:03:13.433] [info] mob event: melee 3.0 damage at (-4.3, 127.0, 6.9)
[2026-09-19 14:03:13.433] [info] mob melee for 3.0 absorbed by the hurt window (1 tick(s) left, last 3.0)
[2026-09-19 14:03:13.433] [info] EVIDENCE mob 20 health 20.0000 pos (-5.0253, 127.0000, 7.1213) vel (-0.0711, 0.0000, 0.0440)
[2026-09-19 14:03:13.446] [info] EVIDENCE mob 20 health 20.0000 pos (-5.0253, 127.0000, 7.1213) vel (-0.0711, 0.0000, 0.0440)
[2026-09-19 14:03:13.460] [info] EVIDENCE mob 20 health 20.0000 pos (-5.0253, 127.0000, 7.1213) vel (-0.0711, 0.0000, 0.0440)
[2026-09-19 14:03:13.474] [info] mob event: melee 3.0 damage at (-4.3, 127.0, 6.9)
[2026-09-19 14:03:13.474] [info] mob event: melee 3.0 damage at (-4.4, 127.0, 6.9)
[2026-09-19 14:03:13.474] [info] mob melee for 3.0 at (-4.33, 127.00, 6.93); health now 5.0
[2026-09-19 14:03:13.474] [info] mob melee for 3.0 absorbed by the hurt window (10 tick(s) left, last 3.0)
[2026-09-19 14:03:13.474] [info] EVIDENCE player healed from 5.0 to 20.0 (scene stabilisation)
[2026-09-19 14:03:13.474] [info] EVIDENCE mob 20 health 20.0000 pos (-5.0964, 127.0000, 7.1653) vel (-0.0388, 0.0000, 0.0240)
[2026-09-19 14:03:13.488] [info] EVIDENCE mob 20 health 20.0000 pos (-5.0964, 127.0000, 7.1653) vel (-0.0388, 0.0000, 0.0240)
[2026-09-19 14:03:13.501] [info] EVIDENCE mob 20 health 20.0000 pos (-5.0964, 127.0000, 7.1653) vel (-0.0388, 0.0000, 0.0240)
[2026-09-19 14:03:13.516] [info] EVIDENCE mob 20 health 20.0000 pos (-5.0964, 127.0000, 7.1653) vel (-0.0388, 0.0000, 0.0240)
[2026-09-19 14:03:13.530] [info] EVIDENCE mob 20 health 20.0000 pos (-5.1352, 127.0000, 7.1894) vel (-0.0212, 0.0000, 0.0131)
[2026-09-19 14:03:13.543] [info] EVIDENCE mob 20 health 20.0000 pos (-5.1352, 127.0000, 7.1894) vel (-0.0212, 0.0000, 0.0131)
[2026-09-19 14:03:13.558] [info] EVIDENCE mob 20 health 20.0000 pos (-5.1352, 127.0000, 7.1894) vel (-0.0212, 0.0000, 0.0131)
[2026-09-19 14:03:13.576] [info] EVIDENCE mob 20 health 20.0000 pos (-5.1564, 127.0000, 7.2025) vel (-0.0116, 0.0000, 0.0072)
[2026-09-19 14:03:13.580] [info] EVIDENCE mob 20 health 20.0000 pos (-5.1564, 127.0000, 7.2025) vel (-0.0116, 0.0000, 0.0072)
[2026-09-19 14:03:13.592] [info] EVIDENCE mob 20 health 20.0000 pos (-5.1564, 127.0000, 7.2025) vel (-0.0116, 0.0000, 0.0072)
[2026-09-19 14:03:13.606] [info] EVIDENCE mob 20 health 20.0000 pos (-5.1564, 127.0000, 7.2025) vel (-0.0116, 0.0000, 0.0072)
[2026-09-19 14:03:13.620] [info] EVIDENCE mob 20 health 20.0000 pos (-5.1564, 127.0000, 7.2025) vel (-0.0116, 0.0000, 0.0072)
[2026-09-19 14:03:13.634] [info] EVIDENCE mob 20 health 20.0000 pos (-5.2474, 127.0000, 7.1419) vel (-0.0497, 0.0000, -0.0331)
[2026-09-19 14:03:13.647] [info] EVIDENCE mob 20 health 20.0000 pos (-5.2474, 127.0000, 7.1419) vel (-0.0497, 0.0000, -0.0331)
[2026-09-19 14:03:13.662] [info] EVIDENCE mob 20 health 20.0000 pos (-5.2474, 127.0000, 7.1419) vel (-0.0497, 0.0000, -0.0331)
[2026-09-19 14:03:13.675] [info] EVIDENCE probe yaw 0.0000 pitch 0.0000 eye (-6.351, 128.389, 6.276) nearest_mob 0 dist 1000000000.000
[2026-09-19 14:03:13.675] [info] EVIDENCE mob 20 health 20.0000 pos (-5.3792, 127.0000, 7.0443) vel (-0.0720, 0.0000, -0.0533)
[2026-09-19 14:03:13.689] [info] EVIDENCE mob 20 health 20.0000 pos (-5.3792, 127.0000, 7.0443) vel (-0.0720, 0.0000, -0.0533)
[2026-09-19 14:03:13.704] [info] EVIDENCE mob 20 health 20.0000 pos (-5.3792, 127.0000, 7.0443) vel (-0.0720, 0.0000, -0.0533)
[2026-09-19 14:03:13.717] [info] EVIDENCE mob 20 health 20.0000 pos (-5.3792, 127.0000, 7.0443) vel (-0.0720, 0.0000, -0.0533)
[2026-09-19 14:03:13.731] [info] EVIDENCE mob 20 health 20.0000 pos (-5.5354, 126.9200, 6.9293) vel (-0.1421, -0.0784, -0.1047)
[2026-09-19 14:03:13.750] [info] EVIDENCE mob 20 health 20.0000 pos (-5.5354, 126.9200, 6.9293) vel (-0.1421, -0.0784, -0.1047)
[2026-09-19 14:03:13.758] [info] EVIDENCE mob 20 health 20.0000 pos (-5.5354, 126.9200, 6.9293) vel (-0.1421, -0.0784, -0.1047)
[2026-09-19 14:03:13.772] [info] EVIDENCE mob 20 health 20.0000 pos (-5.5354, 126.9200, 6.9293) vel (-0.1421, -0.0784, -0.1047)
[2026-09-19 14:03:13.790] [info] EVIDENCE summon hollow_wretch id=22 at (-5.6, 126.6, 4.2)
[2026-09-19 14:03:13.790] [info] EVIDENCE mob 22 health 20.0000 pos (-5.6008, 126.6161, 4.1944) vel (0.0000, 0.0000, 0.0000)
[2026-09-19 14:03:13.793] [info] EVIDENCE mob 22 health 20.0000 pos (-5.6008, 126.6161, 4.1944) vel (0.0000, 0.0000, 0.0000)
[2026-09-19 14:03:13.808] [info] EVIDENCE mob 22 health 20.0000 pos (-5.6008, 126.6161, 4.1944) vel (0.0000, 0.0000, 0.0000)
[2026-09-19 14:03:13.821] [info] EVIDENCE mob 22 health 20.0000 pos (-5.6008, 126.6161, 4.1944) vel (0.0000, 0.0000, 0.0000)
[2026-09-19 14:03:13.835] [info] EVIDENCE mob 22 health 20.0000 pos (-5.5708, 126.5361, 4.2945) vel (0.0272, -0.0784, 0.0910)
[2026-09-19 14:03:13.849] [info] EVIDENCE mob 22 health 20.0000 pos (-5.5708, 126.5361, 4.2945) vel (0.0272, -0.0784, 0.0910)
[2026-09-19 14:03:13.867] [info] EVIDENCE mob 22 health 20.0000 pos (-5.5708, 126.5361, 4.2945) vel (0.0272, -0.0784, 0.0910)
[2026-09-19 14:03:13.872] [info] EVIDENCE mob 22 health 20.0000 pos (-5.5708, 126.5361, 4.2945) vel (0.0272, -0.0784, 0.0910)
[2026-09-19 14:03:13.884] [info] EVIDENCE mob 22 health 20.0000 pos (-5.5136, 126.3777, 4.4855) vel (0.0520, -0.1552, 0.1739)
[2026-09-19 14:03:13.898] [info] EVIDENCE mob 22 health 20.0000 pos (-5.5136, 126.3777, 4.4855) vel (0.0520, -0.1552, 0.1739)
[2026-09-19 14:03:13.912] [info] EVIDENCE mob 22 health 20.0000 pos (-5.5136, 126.3777, 4.4855) vel (0.0520, -0.1552, 0.1739)
[2026-09-19 14:03:13.925] [info] EVIDENCE mob 22 health 20.0000 pos (-5.4316, 126.1425, 4.7594) vel (0.0746, -0.2305, 0.2493)
[2026-09-19 14:03:13.939] [info] EVIDENCE mob 22 health 20.0000 pos (-5.4316, 126.1425, 4.7594) vel (0.0746, -0.2305, 0.2493)
[2026-09-19 14:03:13.954] [info] EVIDENCE mob 22 health 20.0000 pos (-5.4316, 126.1425, 4.7594) vel (0.0746, -0.2305, 0.2493)
[2026-09-19 14:03:13.967] [info] EVIDENCE mob 22 health 20.0000 pos (-5.4316, 126.1425, 4.7594) vel (0.0746, -0.2305, 0.2493)
[2026-09-19 14:03:13.981] [info] EVIDENCE lmb down | yaw 0.0000 picked 0 dist 0.000 swinging false age 59 charge 1.000 sprint false fall true onground false vy -0.0931
[2026-09-19 14:03:13.981] [info] EVIDENCE mob 22 health 20.0000 pos (-5.3271, 126.0000, 5.1087) vel (0.0571, 0.0000, 0.1907)
[2026-09-19 14:03:13.995] [info] EVIDENCE mob 22 health 20.0000 pos (-5.3271, 126.0000, 5.1087) vel (0.0571, 0.0000, 0.1907)
[2026-09-19 14:03:14.009] [info] EVIDENCE mob 22 health 20.0000 pos (-5.3271, 126.0000, 5.1087) vel (0.0571, 0.0000, 0.1907)
[2026-09-19 14:03:14.022] [info] EVIDENCE mob 22 health 20.0000 pos (-5.3271, 126.0000, 5.1087) vel (0.0571, 0.0000, 0.1907)
[2026-09-19 14:03:14.037] [info] EVIDENCE lmb up
[2026-09-19 14:03:14.038] [info] EVIDENCE mob 22 health 20.0000 pos (-5.1781, 127.0000, 5.3490) vel (0.0813, 0.0000, 0.1312)
[2026-09-19 14:03:14.050] [info] EVIDENCE mob 22 health 20.0000 pos (-5.1781, 127.0000, 5.3490) vel (0.0813, 0.0000, 0.1312)
[2026-09-19 14:03:14.064] [info] EVIDENCE mob 22 health 20.0000 pos (-5.1781, 127.0000, 5.3490) vel (0.0813, 0.0000, 0.1312)
[2026-09-19 14:03:14.079] [info] EVIDENCE probe yaw 0.0000 pitch 0.0000 eye (-6.929, 127.698, 6.088) nearest_mob 0 dist 1000000000.000
[2026-09-19 14:03:14.079] [info] EVIDENCE mob 22 health 20.0000 pos (-5.0675, 127.0000, 5.5804) vel (0.0604, 0.0000, 0.1264)
[2026-09-19 14:03:14.092] [info] EVIDENCE mob 22 health 20.0000 pos (-5.0675, 127.0000, 5.5804) vel (0.0604, 0.0000, 0.1264)
[2026-09-19 14:03:14.106] [info] EVIDENCE mob 22 health 20.0000 pos (-5.0675, 127.0000, 5.5804) vel (0.0604, 0.0000, 0.1264)
[2026-09-19 14:03:14.120] [info] EVIDENCE mob 22 health 20.0000 pos (-5.0675, 127.0000, 5.5804) vel (0.0604, 0.0000, 0.1264)
[2026-09-19 14:03:14.134] [info] EVIDENCE mob 22 health 20.0000 pos (-4.9782, 127.0000, 5.8071) vel (0.0488, 0.0000, 0.1238)
[2026-09-19 14:03:14.148] [info] EVIDENCE mob 22 health 20.0000 pos (-4.9782, 127.0000, 5.8071) vel (0.0488, 0.0000, 0.1238)
[2026-09-19 14:03:14.162] [info] EVIDENCE mob 22 health 20.0000 pos (-4.9782, 127.0000, 5.8071) vel (0.0488, 0.0000, 0.1238)
[2026-09-19 14:03:14.175] [info] EVIDENCE mob 22 health 20.0000 pos (-4.9007, 127.0000, 6.0313) vel (0.0423, 0.0000, 0.1224)
[2026-09-19 14:03:14.190] [info] EVIDENCE mob 22 health 20.0000 pos (-4.9007, 127.0000, 6.0313) vel (0.0423, 0.0000, 0.1224)
[2026-09-19 14:03:14.204] [info] EVIDENCE mob 22 health 20.0000 pos (-4.9007, 127.0000, 6.0313) vel (0.0423, 0.0000, 0.1224)
[2026-09-19 14:03:14.217] [info] EVIDENCE mob 22 health 20.0000 pos (-4.9007, 127.0000, 6.0313) vel (0.0423, 0.0000, 0.1224)
[2026-09-19 14:03:14.231] [info] EVIDENCE mob 22 health 20.0000 pos (-4.8299, 127.0000, 6.2542) vel (0.0387, 0.0000, 0.1217)
[2026-09-19 14:03:14.246] [info] EVIDENCE mob 22 health 20.0000 pos (-4.8299, 127.0000, 6.2542) vel (0.0387, 0.0000, 0.1217)
[2026-09-19 14:03:14.259] [info] EVIDENCE mob 22 health 20.0000 pos (-4.8299, 127.0000, 6.2542) vel (0.0387, 0.0000, 0.1217)
[2026-09-19 14:03:14.272] [info] EVIDENCE mob 22 health 20.0000 pos (-4.8299, 127.0000, 6.2542) vel (0.0387, 0.0000, 0.1217)
[2026-09-19 14:03:14.287] [info] EVIDENCE mob 22 health 20.0000 pos (-4.7627, 127.0000, 6.4763) vel (0.0367, 0.0000, 0.1213)
[2026-09-19 14:03:14.301] [info] EVIDENCE mob 22 health 20.0000 pos (-4.7627, 127.0000, 6.4763) vel (0.0367, 0.0000, 0.1213)
[2026-09-19 14:03:14.314] [info] EVIDENCE mob 22 health 20.0000 pos (-4.7627, 127.0000, 6.4763) vel (0.0367, 0.0000, 0.1213)
[2026-09-19 14:03:14.329] [info] EVIDENCE mob 22 health 20.0000 pos (-4.6976, 127.0000, 6.6980) vel (0.0356, 0.0000, 0.1211)
[2026-09-19 14:03:14.342] [info] EVIDENCE mob 22 health 20.0000 pos (-4.6976, 127.0000, 6.6980) vel (0.0356, 0.0000, 0.1211)
[2026-09-19 14:03:14.356] [info] EVIDENCE mob 22 health 20.0000 pos (-4.6976, 127.0000, 6.6980) vel (0.0356, 0.0000, 0.1211)
[2026-09-19 14:03:14.370] [info] EVIDENCE mob 22 health 20.0000 pos (-4.6976, 127.0000, 6.6980) vel (0.0356, 0.0000, 0.1211)
[2026-09-19 14:03:14.384] [info] EVIDENCE mob 22 health 20.0000 pos (-4.6336, 127.0000, 6.9196) vel (0.0349, 0.0000, 0.1210)
[2026-09-19 14:03:14.397] [info] EVIDENCE mob 22 health 20.0000 pos (-4.6336, 127.0000, 6.9196) vel (0.0349, 0.0000, 0.1210)
[2026-09-19 14:03:14.412] [info] EVIDENCE mob 22 health 20.0000 pos (-4.6336, 127.0000, 6.9196) vel (0.0349, 0.0000, 0.1210)
[2026-09-19 14:03:14.425] [info] EVIDENCE mob 22 health 20.0000 pos (-4.6336, 127.0000, 6.9196) vel (0.0349, 0.0000, 0.1210)
[2026-09-19 14:03:14.439] [info] EVIDENCE mob 22 health 20.0000 pos (-4.5703, 127.0000, 7.1410) vel (0.0346, 0.0000, 0.1209)
[2026-09-19 14:03:14.458] [info] EVIDENCE mob 22 health 20.0000 pos (-4.5703, 127.0000, 7.1410) vel (0.0346, 0.0000, 0.1209)
[2026-09-19 14:03:14.461] [info] EVIDENCE mob 22 health 20.0000 pos (-4.5703, 127.0000, 7.1410) vel (0.0346, 0.0000, 0.1209)
[2026-09-19 14:03:14.474] [info] EVIDENCE mob 22 health 20.0000 pos (-4.5703, 127.0000, 7.1410) vel (0.0346, 0.0000, 0.1209)
[2026-09-19 14:03:14.488] [info] EVIDENCE probe yaw 0.0000 pitch 0.0000 eye (-7.026, 126.916, 6.060) nearest_mob 0 dist 1000000000.000
[2026-09-19 14:03:14.488] [info] EVIDENCE mob 22 health 20.0000 pos (-4.5073, 127.0000, 7.3624) vel (0.0344, 0.0000, 0.1209)
[2026-09-19 14:03:14.501] [info] EVIDENCE mob 22 health 20.0000 pos (-4.5073, 127.0000, 7.3624) vel (0.0344, 0.0000, 0.1209)
[2026-09-19 14:03:14.516] [info] EVIDENCE mob 22 health 20.0000 pos (-4.5073, 127.0000, 7.3624) vel (0.0344, 0.0000, 0.1209)
[2026-09-19 14:03:14.530] [info] EVIDENCE mob 22 health 20.0000 pos (-4.4445, 127.0000, 7.5838) vel (0.0343, 0.0000, 0.1209)
[2026-09-19 14:03:14.543] [info] EVIDENCE mob 22 health 20.0000 pos (-4.4445, 127.0000, 7.5838) vel (0.0343, 0.0000, 0.1209)
[2026-09-19 14:03:14.558] [info] EVIDENCE mob 22 health 20.0000 pos (-4.4445, 127.0000, 7.5838) vel (0.0343, 0.0000, 0.1209)
[2026-09-19 14:03:14.571] [info] EVIDENCE mob 22 health 20.0000 pos (-4.4445, 127.0000, 7.5838) vel (0.0343, 0.0000, 0.1209)
[2026-09-19 14:03:14.585] [info] EVIDENCE mob 22 health 20.0000 pos (-4.3819, 127.0000, 7.8052) vel (0.0342, 0.0000, 0.1209)
[2026-09-19 14:03:14.599] [info] EVIDENCE mob 22 health 20.0000 pos (-4.3819, 127.0000, 7.8052) vel (0.0342, 0.0000, 0.1209)
[2026-09-19 14:03:14.613] [info] EVIDENCE mob 22 health 20.0000 pos (-4.3819, 127.0000, 7.8052) vel (0.0342, 0.0000, 0.1209)
[2026-09-19 14:03:14.626] [info] EVIDENCE mob 22 health 20.0000 pos (-4.3819, 127.0000, 7.8052) vel (0.0342, 0.0000, 0.1209)
[2026-09-19 14:03:14.641] [info] EVIDENCE mob 22 health 20.0000 pos (-4.3192, 127.0000, 8.0265) vel (0.0342, 0.0000, 0.1209)
[2026-09-19 14:03:14.654] [info] EVIDENCE mob 22 health 20.0000 pos (-4.3192, 127.0000, 8.0265) vel (0.0342, 0.0000, 0.1209)
[2026-09-19 14:03:14.670] [info] EVIDENCE summon hollow_wretch id=23 at (-6.0, 125.0, 4.1)
[2026-09-19 14:03:14.670] [info] EVIDENCE mob 23 health 20.0000 pos (-6.0355, 125.0000, 4.0601) vel (0.0000, 0.0000, 0.0000)
[2026-09-19 14:03:14.683] [info] EVIDENCE mob 23 health 20.0000 pos (-5.9965, 126.0000, 4.1570) vel (0.0213, 0.0000, 0.0529)
[2026-09-19 14:03:14.696] [info] EVIDENCE mob 23 health 20.0000 pos (-5.9965, 126.0000, 4.1570) vel (0.0213, 0.0000, 0.0529)
[2026-09-19 14:03:14.710] [info] EVIDENCE mob 23 health 20.0000 pos (-5.9965, 126.0000, 4.1570) vel (0.0213, 0.0000, 0.0529)
[2026-09-19 14:03:14.724] [info] EVIDENCE mob 23 health 20.0000 pos (-5.9965, 126.0000, 4.1570) vel (0.0213, 0.0000, 0.0529)
[2026-09-19 14:03:14.742] [info] EVIDENCE mob 23 health 20.0000 pos (-5.8789, 126.0000, 4.2501) vel (0.0642, 0.0000, 0.0508)
[2026-09-19 14:03:14.747] [info] EVIDENCE mob 23 health 20.0000 pos (-5.8789, 126.0000, 4.2501) vel (0.0642, 0.0000, 0.0508)
[2026-09-19 14:03:14.759] [info] EVIDENCE mob 23 health 20.0000 pos (-5.8789, 126.0000, 4.2501) vel (0.0642, 0.0000, 0.0508)
[2026-09-19 14:03:14.773] [info] EVIDENCE mob 23 health 20.0000 pos (-5.8789, 126.0000, 4.2501) vel (0.0642, 0.0000, 0.0508)
[2026-09-19 14:03:14.779] [info] EVIDENCE mob 23 health 20.0000 pos (-5.7180, 126.0000, 4.3405) vel (0.0878, 0.0000, 0.0494)
[2026-09-19 14:03:14.793] [info] EVIDENCE mob 23 health 20.0000 pos (-5.7180, 126.0000, 4.3405) vel (0.0878, 0.0000, 0.0494)
[2026-09-19 14:03:14.808] [info] EVIDENCE mob 23 health 20.0000 pos (-5.7180, 126.0000, 4.3405) vel (0.0878, 0.0000, 0.0494)
[2026-09-19 14:03:14.821] [info] EVIDENCE mob 23 health 20.0000 pos (-5.7180, 126.0000, 4.3405) vel (0.0878, 0.0000, 0.0494)
[2026-09-19 14:03:14.842] [info] EVIDENCE mob 23 health 20.0000 pos (-5.5335, 126.0000, 4.4294) vel (0.1007, 0.0000, 0.0485)
[2026-09-19 14:03:14.856] [info] EVIDENCE lmb down | yaw 0.0000 picked 10 dist 0.000 swinging false age 76 charge 1.000 sprint false fall false onground true vy -0.0200
[2026-09-19 14:03:14.856] [info] EVIDENCE mob 23 health 20.0000 pos (-5.5335, 126.0000, 4.4294) vel (0.1007, 0.0000, 0.0485)
[2026-09-19 14:03:14.863] [info] EVIDENCE mob 23 health 20.0000 pos (-5.5335, 126.0000, 4.4294) vel (0.1007, 0.0000, 0.0485)
[2026-09-19 14:03:14.877] [info] EVIDENCE mob 23 health 20.0000 pos (-5.5335, 126.0000, 4.4294) vel (0.1007, 0.0000, 0.0485)
[2026-09-19 14:03:14.891] [info] EVIDENCE swing weapon 33 charge 1.000000 charged true crit false falling false sprinting false damage 4.000000
[2026-09-19 14:03:14.891] [info] EVIDENCE knockback 0.4 (sprint gate false)
[2026-09-19 14:03:14.891] [info] attacked mob 10 at (-7.04, 125.00, 6.06) charge 1.000
[2026-09-19 14:03:14.891] [info] mob mossback spawned at (27.6, 144.0, -10.0) in chunk (1, -1)
[2026-09-19 14:03:14.891] [info] EVIDENCE probe yaw 0.0000 pitch 0.0000 eye (-7.035, 126.620, 6.060) nearest_mob 15 dist 0.000
[2026-09-19 14:03:14.891] [info] EVIDENCE mob 23 health 20.0000 pos (-5.3360, 126.0000, 4.5171) vel (0.1078, 0.0000, 0.0479)
[2026-09-19 14:03:14.904] [info] EVIDENCE mob 23 health 20.0000 pos (-5.3360, 126.0000, 4.5171) vel (0.1078, 0.0000, 0.0479)
[2026-09-19 14:03:14.918] [info] EVIDENCE lmb up
[2026-09-19 14:03:14.919] [info] EVIDENCE mob 23 health 20.0000 pos (-5.3360, 126.0000, 4.5171) vel (0.1078, 0.0000, 0.0479)
[2026-09-19 14:03:14.933] [info] EVIDENCE mob 23 health 20.0000 pos (-5.1321, 127.0000, 4.5243) vel (0.1114, 0.0000, 0.0039)
[2026-09-19 14:03:14.946] [info] EVIDENCE mob 23 health 20.0000 pos (-5.1321, 127.0000, 4.5243) vel (0.1114, 0.0000, 0.0039)
[2026-09-19 14:03:14.960] [info] EVIDENCE mob 23 health 20.0000 pos (-5.1321, 127.0000, 4.5243) vel (0.1114, 0.0000, 0.0039)
[2026-09-19 14:03:14.974] [info] EVIDENCE mob 23 health 20.0000 pos (-5.1321, 127.0000, 4.5243) vel (0.1114, 0.0000, 0.0039)
[2026-09-19 14:03:14.988] [info] EVIDENCE mob 23 health 20.0000 pos (-4.9243, 127.0000, 4.5683) vel (0.1135, 0.0000, 0.0240)
[2026-09-19 14:03:15.002] [info] EVIDENCE mob 23 health 20.0000 pos (-4.9243, 127.0000, 4.5683) vel (0.1135, 0.0000, 0.0240)
[2026-09-19 14:03:15.016] [info] EVIDENCE mob 23 health 20.0000 pos (-4.9243, 127.0000, 4.5683) vel (0.1135, 0.0000, 0.0240)
[2026-09-19 14:03:15.029] [info] EVIDENCE mob 23 health 20.0000 pos (-4.9243, 127.0000, 4.5683) vel (0.1135, 0.0000, 0.0240)
[2026-09-19 14:03:15.043] [info] EVIDENCE mob 23 health 20.0000 pos (-4.7146, 127.0000, 4.6328) vel (0.1145, 0.0000, 0.0353)
[2026-09-19 14:03:15.058] [info] EVIDENCE mob 23 health 20.0000 pos (-4.7146, 127.0000, 4.6328) vel (0.1145, 0.0000, 0.0353)
[2026-09-19 14:03:15.071] [info] EVIDENCE mob 23 health 20.0000 pos (-4.7146, 127.0000, 4.6328) vel (0.1145, 0.0000, 0.0353)
[2026-09-19 14:03:15.085] [info] EVIDENCE mob 23 health 20.0000 pos (-4.5040, 127.0000, 4.7089) vel (0.1150, 0.0000, 0.0416)
[2026-09-19 14:03:15.100] [info] EVIDENCE mob 23 health 20.0000 pos (-4.5040, 127.0000, 4.7089) vel (0.1150, 0.0000, 0.0416)
[2026-09-19 14:03:15.113] [info] EVIDENCE mob 23 health 20.0000 pos (-4.5040, 127.0000, 4.7089) vel (0.1150, 0.0000, 0.0416)
[2026-09-19 14:03:15.127] [info] EVIDENCE mob 23 health 20.0000 pos (-4.5040, 127.0000, 4.7089) vel (0.1150, 0.0000, 0.0416)
[2026-09-19 14:03:15.141] [info] EVIDENCE mob 23 health 20.0000 pos (-4.2921, 128.0000, 4.7116) vel (0.1157, 0.0000, 0.0000)
[2026-09-19 14:03:15.155] [info] EVIDENCE mob 23 health 20.0000 pos (-4.2921, 128.0000, 4.7116) vel (0.1157, 0.0000, 0.0000)
[2026-09-19 14:03:15.168] [info] EVIDENCE mob 23 health 20.0000 pos (-4.2921, 128.0000, 4.7116) vel (0.1157, 0.0000, 0.0000)
[2026-09-19 14:03:15.183] [info] EVIDENCE mob 23 health 20.0000 pos (-4.0809, 128.0000, 4.7538) vel (0.1153, 0.0000, 0.0230)
[2026-09-19 14:03:15.196] [info] EVIDENCE mob 23 health 20.0000 pos (-4.0809, 128.0000, 4.7538) vel (0.1153, 0.0000, 0.0230)
[2026-09-19 14:03:15.211] [info] EVIDENCE mob 23 health 20.0000 pos (-4.0809, 128.0000, 4.7538) vel (0.1153, 0.0000, 0.0230)
[2026-09-19 14:03:15.226] [info] EVIDENCE mob 23 health 20.0000 pos (-4.0809, 128.0000, 4.7538) vel (0.1153, 0.0000, 0.0230)
[2026-09-19 14:03:15.238] [info] EVIDENCE mob 23 health 20.0000 pos (-3.8703, 128.0000, 4.8197) vel (0.1150, 0.0000, 0.0360)
[2026-09-19 14:03:15.251] [info] EVIDENCE mob 23 health 20.0000 pos (-3.8703, 128.0000, 4.8197) vel (0.1150, 0.0000, 0.0360)
[2026-09-19 14:03:15.266] [info] EVIDENCE mob 23 health 20.0000 pos (-3.8703, 128.0000, 4.8197) vel (0.1150, 0.0000, 0.0360)
[2026-09-19 14:03:15.280] [info] EVIDENCE mob 23 health 20.0000 pos (-3.8703, 128.0000, 4.8197) vel (0.1150, 0.0000, 0.0360)
[2026-09-19 14:03:15.293] [info] EVIDENCE mob 23 health 20.0000 pos (-3.6603, 128.0000, 4.8988) vel (0.1147, 0.0000, 0.0432)
[2026-09-19 14:03:15.308] [info] EVIDENCE probe yaw 0.0000 pitch 0.0000 eye (-7.035, 126.620, 6.060) nearest_mob 15 dist 0.000
[2026-09-19 14:03:15.308] [info] EVIDENCE mob 23 health 20.0000 pos (-3.6603, 128.0000, 4.8988) vel (0.1147, 0.0000, 0.0432)
[2026-09-19 14:03:15.321] [info] EVIDENCE mob 23 health 20.0000 pos (-3.6603, 128.0000, 4.8988) vel (0.1147, 0.0000, 0.0432)
[2026-09-19 14:03:15.335] [info] EVIDENCE mob 23 health 20.0000 pos (-3.4507, 128.0000, 4.9856) vel (0.1144, 0.0000, 0.0473)
[2026-09-19 14:03:15.349] [info] EVIDENCE mob 23 health 20.0000 pos (-3.4507, 128.0000, 4.9856) vel (0.1144, 0.0000, 0.0473)
[2026-09-19 14:03:15.363] [info] EVIDENCE mob 23 health 20.0000 pos (-3.4507, 128.0000, 4.9856) vel (0.1144, 0.0000, 0.0473)
[2026-09-19 14:03:15.376] [info] EVIDENCE mob 23 health 20.0000 pos (-3.4507, 128.0000, 4.9856) vel (0.1144, 0.0000, 0.0473)
[2026-09-19 14:03:15.391] [info] fps 73.5 | pos (-7.04, 125.00, 6.06) | chunks 126 | stream-meshed 117
[2026-09-19 14:03:15.391] [info] EVIDENCE mob 23 health 20.0000 pos (-3.2414, 128.0000, 5.0765) vel (0.1143, 0.0000, 0.0497)
[2026-09-19 14:03:15.404] [info] EVIDENCE mob 23 health 20.0000 pos (-3.2414, 128.0000, 5.0765) vel (0.1143, 0.0000, 0.0497)
[2026-09-19 14:03:15.418] [info] EVIDENCE mob 23 health 20.0000 pos (-3.2414, 128.0000, 5.0765) vel (0.1143, 0.0000, 0.0497)
[2026-09-19 14:03:15.433] [info] EVIDENCE mob 23 health 20.0000 pos (-3.2414, 128.0000, 5.0765) vel (0.1143, 0.0000, 0.0497)
[2026-09-19 14:03:15.446] [info] EVIDENCE mob 23 health 20.0000 pos (-3.0323, 128.0000, 5.1698) vel (0.1142, 0.0000, 0.0510)
[2026-09-19 14:03:15.460] [info] EVIDENCE mob 23 health 20.0000 pos (-3.0323, 128.0000, 5.1698) vel (0.1142, 0.0000, 0.0510)
[2026-09-19 14:03:15.474] [info] EVIDENCE mob 23 health 20.0000 pos (-3.0323, 128.0000, 5.1698) vel (0.1142, 0.0000, 0.0510)
[2026-09-19 14:03:15.488] [info] EVIDENCE mob 23 health 20.0000 pos (-2.8232, 128.0000, 5.2645) vel (0.1141, 0.0000, 0.0517)
[2026-09-19 14:03:15.501] [info] EVIDENCE mob 23 health 20.0000 pos (-2.8232, 128.0000, 5.2645) vel (0.1141, 0.0000, 0.0517)
[2026-09-19 14:03:15.516] [info] EVIDENCE mob 23 health 20.0000 pos (-2.8232, 128.0000, 5.2645) vel (0.1141, 0.0000, 0.0517)
[2026-09-19 14:03:15.529] [info] EVIDENCE mob 23 health 20.0000 pos (-2.8232, 128.0000, 5.2645) vel (0.1141, 0.0000, 0.0517)
[2026-09-19 14:03:15.543] [info] EVIDENCE mob 23 health 20.0000 pos (-2.6143, 128.0000, 5.3600) vel (0.1141, 0.0000, 0.0521)
[2026-09-19 14:03:15.558] [info] EVIDENCE mob 23 health 20.0000 pos (-2.6143, 128.0000, 5.3600) vel (0.1141, 0.0000, 0.0521)
[2026-09-19 14:03:15.571] [info] EVIDENCE mob 23 health 20.0000 pos (-2.6143, 128.0000, 5.3600) vel (0.1141, 0.0000, 0.0521)
[2026-09-19 14:03:15.585] [info] EVIDENCE mob 23 health 20.0000 pos (-2.4054, 128.0000, 5.4559) vel (0.1140, 0.0000, 0.0524)
[2026-09-19 14:03:15.600] [info] EVIDENCE mob 23 health 20.0000 pos (-2.4054, 128.0000, 5.4559) vel (0.1140, 0.0000, 0.0524)
[2026-09-19 14:03:15.613] [info] EVIDENCE mob 23 health 20.0000 pos (-2.4054, 128.0000, 5.4559) vel (0.1140, 0.0000, 0.0524)
[2026-09-19 14:03:15.630] [info] EVIDENCE mob 23 health 20.0000 pos (-2.4054, 128.0000, 5.4559) vel (0.1140, 0.0000, 0.0524)
[2026-09-19 14:03:15.642] [info] EVIDENCE mob 23 health 20.0000 pos (-2.1934, 129.0000, 5.4721) vel (0.1158, 0.0000, 0.0089)
[2026-09-19 14:03:15.655] [info] EVIDENCE mob 23 health 20.0000 pos (-2.1934, 129.0000, 5.4721) vel (0.1158, 0.0000, 0.0089)
[2026-09-19 14:03:15.668] [info] EVIDENCE mob 23 health 20.0000 pos (-2.1934, 129.0000, 5.4721) vel (0.1158, 0.0000, 0.0089)
[2026-09-19 14:03:15.683] [info] EVIDENCE mob 23 health 20.0000 pos (-2.1934, 129.0000, 5.4721) vel (0.1158, 0.0000, 0.0089)
[2026-09-19 14:03:15.696] [info] EVIDENCE mob 23 health 20.0000 pos (-1.9835, 129.0000, 5.5263) vel (0.1146, 0.0000, 0.0296)
[2026-09-19 14:03:15.710] [info] EVIDENCE mob 23 health 20.0000 pos (-1.9835, 129.0000, 5.5263) vel (0.1146, 0.0000, 0.0296)
[2026-09-19 14:03:15.725] [info] EVIDENCE probe yaw 0.0000 pitch 0.0000 eye (-7.035, 126.620, 6.060) nearest_mob 15 dist 0.000
[2026-09-19 14:03:15.725] [info] EVIDENCE mob 23 health 20.0000 pos (-1.9835, 129.0000, 5.5263) vel (0.1146, 0.0000, 0.0296)
[2026-09-19 14:03:15.738] [info] EVIDENCE mob 23 health 20.0000 pos (-1.7753, 129.0000, 5.6022) vel (0.1137, 0.0000, 0.0414)
[2026-09-19 14:03:15.751] [info] EVIDENCE mob 23 health 20.0000 pos (-1.7753, 129.0000, 5.6022) vel (0.1137, 0.0000, 0.0414)
[2026-09-19 14:03:15.766] [info] EVIDENCE mob 23 health 20.0000 pos (-1.7753, 129.0000, 5.6022) vel (0.1137, 0.0000, 0.0414)
[2026-09-19 14:03:15.780] [info] EVIDENCE mob 23 health 20.0000 pos (-1.7753, 129.0000, 5.6022) vel (0.1137, 0.0000, 0.0414)
[2026-09-19 14:03:15.793] [info] EVIDENCE mob 23 health 20.0000 pos (-1.5683, 129.0000, 5.6903) vel (0.1130, 0.0000, 0.0481)
[2026-09-19 14:03:15.808] [info] EVIDENCE mob 23 health 20.0000 pos (-1.5683, 129.0000, 5.6903) vel (0.1130, 0.0000, 0.0481)
[2026-09-19 14:03:15.821] [info] EVIDENCE mob 23 health 20.0000 pos (-1.5683, 129.0000, 5.6903) vel (0.1130, 0.0000, 0.0481)
[2026-09-19 14:03:15.835] [info] EVIDENCE mob 23 health 20.0000 pos (-1.3620, 129.0000, 5.7856) vel (0.1126, 0.0000, 0.0520)
[2026-09-19 14:03:15.850] [info] EVIDENCE mob 23 health 20.0000 pos (-1.3620, 129.0000, 5.7856) vel (0.1126, 0.0000, 0.0520)
[2026-09-19 14:03:15.863] [info] EVIDENCE mob 23 health 20.0000 pos (-1.3620, 129.0000, 5.7856) vel (0.1126, 0.0000, 0.0520)
[2026-09-19 14:03:15.877] [info] EVIDENCE mob 23 health 20.0000 pos (-1.3620, 129.0000, 5.7856) vel (0.1126, 0.0000, 0.0520)
[2026-09-19 14:03:15.891] [info] EVIDENCE mob 23 health 20.0000 pos (-1.1502, 130.0000, 5.8052) vel (0.1157, 0.0000, 0.0107)
[2026-09-19 14:03:15.904] [info] EVIDENCE mob 23 health 20.0000 pos (-1.1502, 130.0000, 5.8052) vel (0.1157, 0.0000, 0.0107)
[2026-09-19 14:03:15.918] [info] EVIDENCE mob 23 health 20.0000 pos (-1.1502, 130.0000, 5.8052) vel (0.1157, 0.0000, 0.0107)
[2026-09-19 14:03:15.933] [info] EVIDENCE mob 23 health 20.0000 pos (-1.1502, 130.0000, 5.8052) vel (0.1157, 0.0000, 0.0107)
[2026-09-19 14:03:15.951] [info] EVIDENCE mob 23 health 20.0000 pos (-0.9425, 130.0000, 5.8653) vel (0.1134, 0.0000, 0.0328)
[2026-09-19 14:03:15.956] [info] EVIDENCE mob 23 health 20.0000 pos (-0.9425, 130.0000, 5.8653) vel (0.1134, 0.0000, 0.0328)
[2026-09-19 14:03:15.967] [info] EVIDENCE mob 23 health 20.0000 pos (-0.9425, 130.0000, 5.8653) vel (0.1134, 0.0000, 0.0328)
[2026-09-19 14:03:15.981] [info] EVIDENCE mob 23 health 20.0000 pos (-0.9425, 130.0000, 5.8653) vel (0.1134, 0.0000, 0.0328)
[2026-09-19 14:03:15.988] [info] EVIDENCE mob 23 health 20.0000 pos (-0.7378, 130.0000, 5.9487) vel (0.1118, 0.0000, 0.0456)
[2026-09-19 14:03:16.001] [info] EVIDENCE mob 23 health 20.0000 pos (-0.7378, 130.0000, 5.9487) vel (0.1118, 0.0000, 0.0456)
[2026-09-19 14:03:16.016] [info] EVIDENCE mob 23 health 20.0000 pos (-0.7378, 130.0000, 5.9487) vel (0.1118, 0.0000, 0.0456)
[2026-09-19 14:03:16.029] [info] EVIDENCE mob 23 health 20.0000 pos (-0.7378, 130.0000, 5.9487) vel (0.1118, 0.0000, 0.0456)
[2026-09-19 14:03:16.043] [info] EVIDENCE mob 23 health 20.0000 pos (-0.5351, 130.0000, 6.0457) vel (0.1106, 0.0000, 0.0530)
[2026-09-19 14:03:16.058] [info] EVIDENCE mob 23 health 20.0000 pos (-0.5351, 130.0000, 6.0457) vel (0.1106, 0.0000, 0.0530)
[2026-09-19 14:03:16.071] [info] EVIDENCE mob 23 health 20.0000 pos (-0.5351, 130.0000, 6.0457) vel (0.1106, 0.0000, 0.0530)
[2026-09-19 14:03:16.085] [info] EVIDENCE mob 23 health 20.0000 pos (-0.5351, 130.0000, 6.0457) vel (0.1106, 0.0000, 0.0530)
[2026-09-19 14:03:16.099] [info] EVIDENCE mob 23 health 20.0000 pos (-0.3339, 130.0000, 6.1506) vel (0.1099, 0.0000, 0.0573)
[2026-09-19 14:03:16.113] [info] EVIDENCE mob 23 health 20.0000 pos (-0.3339, 130.0000, 6.1506) vel (0.1099, 0.0000, 0.0573)
[2026-09-19 14:03:16.126] [info] EVIDENCE probe yaw 0.0000 pitch 0.0000 eye (-7.035, 126.620, 6.060) nearest_mob 15 dist 0.000
[2026-09-19 14:03:16.126] [info] EVIDENCE mob 23 health 20.0000 pos (-0.3339, 130.0000, 6.1506) vel (0.1099, 0.0000, 0.0573)
[2026-09-19 14:03:16.133] [info] EVIDENCE mob 23 health 20.0000 pos (-0.3339, 130.0000, 6.1506) vel (0.1099, 0.0000, 0.0573)
[2026-09-19 14:03:16.147] [info] EVIDENCE mob 23 health 20.0000 pos (-0.1231, 131.0000, 6.1809) vel (0.1151, 0.0000, 0.0165)
[2026-09-19 14:03:16.164] [info] EVIDENCE summon hollow_wretch id=25 at (-7.0, 125.0, 4.1)
[2026-09-19 14:03:16.164] [info] EVIDENCE mob 25 health 20.0000 pos (-7.0355, 125.0000, 4.0601) vel (0.0000, 0.0000, 0.0000)
[2026-09-19 14:03:16.175] [info] EVIDENCE mob 25 health 20.0000 pos (-7.0355, 125.0000, 4.0601) vel (0.0000, 0.0000, 0.0000)
[2026-09-19 14:03:16.189] [info] EVIDENCE mob 25 health 20.0000 pos (-6.9350, 126.0000, 4.0884) vel (0.0549, 0.0000, 0.0154)
[2026-09-19 14:03:16.204] [info] EVIDENCE mob 25 health 20.0000 pos (-6.9350, 126.0000, 4.0884) vel (0.0549, 0.0000, 0.0154)
[2026-09-19 14:03:16.217] [info] EVIDENCE mob 25 health 20.0000 pos (-6.9350, 126.0000, 4.0884) vel (0.0549, 0.0000, 0.0154)
[2026-09-19 14:03:16.235] [info] EVIDENCE mob 25 health 20.0000 pos (-6.9350, 126.0000, 4.0884) vel (0.0549, 0.0000, 0.0154)
[2026-09-19 14:03:16.240] [info] EVIDENCE mob 25 health 20.0000 pos (-6.7892, 126.0000, 4.0524) vel (0.0796, 0.0000, -0.0197)
[2026-09-19 14:03:16.252] [info] EVIDENCE mob 25 health 20.0000 pos (-6.7892, 126.0000, 4.0524) vel (0.0796, 0.0000, -0.0197)
[2026-09-19 14:03:16.267] [info] EVIDENCE mob 25 health 20.0000 pos (-6.7892, 126.0000, 4.0524) vel (0.0796, 0.0000, -0.0197)
[2026-09-19 14:03:16.279] [info] EVIDENCE mob 25 health 20.0000 pos (-6.7892, 126.0000, 4.0524) vel (0.0796, 0.0000, -0.0197)
[2026-09-19 14:03:16.293] [info] EVIDENCE mob 25 health 20.0000 pos (-6.6189, 126.0000, 3.9811) vel (0.0930, 0.0000, -0.0389)
[2026-09-19 14:03:16.308] [info] EVIDENCE mob 25 health 20.0000 pos (-6.6189, 126.0000, 3.9811) vel (0.0930, 0.0000, -0.0389)
[2026-09-19 14:03:16.321] [info] EVIDENCE mob 25 health 20.0000 pos (-6.6189, 126.0000, 3.9811) vel (0.0930, 0.0000, -0.0389)
[2026-09-19 14:03:16.335] [info] EVIDENCE mob 25 health 20.0000 pos (-6.6189, 126.0000, 3.9811) vel (0.0930, 0.0000, -0.0389)
[2026-09-19 14:03:16.344] [info] EVIDENCE swing weapon 33 charge 1.000000 charged true crit false falling false sprinting false damage 4.000000
[2026-09-19 14:03:16.344] [info] EVIDENCE knockback 0.4 (sprint gate false)
[2026-09-19 14:03:16.344] [info] attacked mob 15 at (-7.04, 125.00, 6.06) charge 1.000
[2026-09-19 14:03:16.344] [info] EVIDENCE lmb down | yaw 0.0000 picked 15 dist 0.000 swinging true age 0 charge 0.201 sprint false fall false onground true vy -0.0200
[2026-09-19 14:03:16.344] [info] EVIDENCE mob 25 health 20.0000 pos (-6.4351, 126.0000, 3.8905) vel (0.1003, 0.0000, -0.0495)
[2026-09-19 14:03:16.356] [info] EVIDENCE mob 25 health 20.0000 pos (-6.4351, 126.0000, 3.8905) vel (0.1003, 0.0000, -0.0495)
[2026-09-19 14:03:16.370] [info] EVIDENCE mob 25 health 20.0000 pos (-6.4351, 126.0000, 3.8905) vel (0.1003, 0.0000, -0.0495)
[2026-09-19 14:03:16.384] [info] EVIDENCE mob 25 health 20.0000 pos (-6.4351, 126.0000, 3.8905) vel (0.1003, 0.0000, -0.0495)
[2026-09-19 14:03:16.397] [info] EVIDENCE mob 25 health 20.0000 pos (-6.2442, 126.0000, 3.7892) vel (0.1043, 0.0000, -0.0553)
[2026-09-19 14:03:16.412] [info] EVIDENCE lmb up
[2026-09-19 14:03:16.412] [info] EVIDENCE mob 25 health 20.0000 pos (-6.2442, 126.0000, 3.7892) vel (0.1043, 0.0000, -0.0553)
[2026-09-19 14:03:16.425] [info] EVIDENCE mob 25 health 20.0000 pos (-6.2442, 126.0000, 3.7892) vel (0.1043, 0.0000, -0.0553)
[2026-09-19 14:03:16.439] [info] EVIDENCE mob 25 health 20.0000 pos (-6.0493, 126.0000, 3.6820) vel (0.1064, 0.0000, -0.0585)
[2026-09-19 14:03:16.453] [info] EVIDENCE mob 25 health 20.0000 pos (-6.0493, 126.0000, 3.6820) vel (0.1064, 0.0000, -0.0585)
[2026-09-19 14:03:16.467] [info] EVIDENCE mob 25 health 20.0000 pos (-6.0493, 126.0000, 3.6820) vel (0.1064, 0.0000, -0.0585)
[2026-09-19 14:03:16.481] [info] EVIDENCE mob 25 health 20.0000 pos (-6.0493, 126.0000, 3.6820) vel (0.1064, 0.0000, -0.0585)
[2026-09-19 14:03:16.495] [info] EVIDENCE mob 25 health 20.0000 pos (-5.8522, 126.0000, 3.5717) vel (0.1076, 0.0000, -0.0603)
[2026-09-19 14:03:16.509] [info] EVIDENCE mob 25 health 20.0000 pos (-5.8522, 126.0000, 3.5717) vel (0.1076, 0.0000, -0.0603)
[2026-09-19 14:03:16.522] [info] EVIDENCE probe yaw 0.0000 pitch 0.0000 eye (-7.035, 126.620, 6.060) nearest_mob 16 dist 0.000
[2026-09-19 14:03:16.522] [info] EVIDENCE mob 25 health 20.0000 pos (-5.8522, 126.0000, 3.5717) vel (0.1076, 0.0000, -0.0603)
[2026-09-19 14:03:16.537] [info] EVIDENCE mob 25 health 20.0000 pos (-5.8522, 126.0000, 3.5717) vel (0.1076, 0.0000, -0.0603)
[2026-09-19 14:03:16.550] [info] EVIDENCE mob 25 health 20.0000 pos (-5.6540, 126.0000, 3.4596) vel (0.1082, 0.0000, -0.0612)
[2026-09-19 14:03:16.564] [info] EVIDENCE mob 25 health 20.0000 pos (-5.6540, 126.0000, 3.4596) vel (0.1082, 0.0000, -0.0612)
[2026-09-19 14:03:16.579] [info] EVIDENCE mob 25 health 20.0000 pos (-5.6540, 126.0000, 3.4596) vel (0.1082, 0.0000, -0.0612)
[2026-09-19 14:03:16.592] [info] EVIDENCE mob 25 health 20.0000 pos (-5.4551, 126.0000, 3.3465) vel (0.1086, 0.0000, -0.0617)
[2026-09-19 14:03:16.606] [info] EVIDENCE mob 25 health 20.0000 pos (-5.4551, 126.0000, 3.3465) vel (0.1086, 0.0000, -0.0617)
[2026-09-19 14:03:16.621] [info] EVIDENCE mob 25 health 20.0000 pos (-5.4551, 126.0000, 3.3465) vel (0.1086, 0.0000, -0.0617)
[2026-09-19 14:03:16.634] [info] EVIDENCE mob 25 health 20.0000 pos (-5.4551, 126.0000, 3.3465) vel (0.1086, 0.0000, -0.0617)
[2026-09-19 14:03:16.648] [info] EVIDENCE mob 25 health 20.0000 pos (-5.3192, 126.0000, 3.1840) vel (0.0742, 0.0000, -0.0887)
[2026-09-19 14:03:16.662] [info] EVIDENCE mob 25 health 20.0000 pos (-5.3192, 126.0000, 3.1840) vel (0.0742, 0.0000, -0.0887)
[2026-09-19 14:03:16.675] [info] EVIDENCE mob 25 health 20.0000 pos (-5.3192, 126.0000, 3.1840) vel (0.0742, 0.0000, -0.0887)
[2026-09-19 14:03:16.689] [info] EVIDENCE mob 25 health 20.0000 pos (-5.3192, 126.0000, 3.1840) vel (0.0742, 0.0000, -0.0887)
[2026-09-19 14:03:16.704] [info] EVIDENCE mob 25 health 20.0000 pos (-5.2171, 127.0000, 2.9946) vel (0.0557, 0.0000, -0.1034)
[2026-09-19 14:03:16.720] [info] EVIDENCE mob 25 health 20.0000 pos (-5.2171, 127.0000, 2.9946) vel (0.0557, 0.0000, -0.1034)
[2026-09-19 14:03:16.725] [info] EVIDENCE mob 25 health 20.0000 pos (-5.2171, 127.0000, 2.9946) vel (0.0557, 0.0000, -0.1034)
[2026-09-19 14:03:16.738] [info] EVIDENCE mob 25 health 20.0000 pos (-5.2171, 127.0000, 2.9946) vel (0.0557, 0.0000, -0.1034)
[2026-09-19 14:03:16.752] [info] EVIDENCE mob 25 health 20.0000 pos (-5.0701, 127.0000, 2.8403) vel (0.0802, 0.0000, -0.0842)
[2026-09-19 14:03:16.766] [info] EVIDENCE mob 25 health 20.0000 pos (-5.0701, 127.0000, 2.8403) vel (0.0802, 0.0000, -0.0842)
[2026-09-19 14:03:16.779] [info] EVIDENCE mob 25 health 20.0000 pos (-5.0701, 127.0000, 2.8403) vel (0.0802, 0.0000, -0.0842)
[2026-09-19 14:03:16.793] [info] EVIDENCE mob 25 health 20.0000 pos (-4.8985, 127.0000, 2.7056) vel (0.0937, 0.0000, -0.0736)
[2026-09-19 14:03:16.808] [info] EVIDENCE mob 25 health 20.0000 pos (-4.8985, 127.0000, 2.7056) vel (0.0937, 0.0000, -0.0736)
[2026-09-19 14:03:16.825] [info] EVIDENCE mob 25 health 20.0000 pos (-4.8985, 127.0000, 2.7056) vel (0.0937, 0.0000, -0.0736)
[2026-09-19 14:03:16.830] [info] EVIDENCE mob 25 health 20.0000 pos (-4.8985, 127.0000, 2.7056) vel (0.0937, 0.0000, -0.0736)
[2026-09-19 14:03:16.842] [info] EVIDENCE mob 25 health 20.0000 pos (-4.7133, 127.0000, 2.5817) vel (0.1011, 0.0000, -0.0676)
[2026-09-19 14:03:16.856] [info] EVIDENCE mob 25 health 20.0000 pos (-4.7133, 127.0000, 2.5817) vel (0.1011, 0.0000, -0.0676)
[2026-09-19 14:03:16.870] [info] EVIDENCE mob 25 health 20.0000 pos (-4.7133, 127.0000, 2.5817) vel (0.1011, 0.0000, -0.0676)
[2026-09-19 14:03:16.884] [info] EVIDENCE mob 25 health 20.0000 pos (-4.7133, 127.0000, 2.5817) vel (0.1011, 0.0000, -0.0676)
[2026-09-19 14:03:16.898] [info] autosave: 0 chunk(s) queued for async write, level written (ticks=399)
[2026-09-19 14:03:16.898] [info] EVIDENCE mob 25 health 20.0000 pos (-4.5206, 127.0000, 2.4639) vel (0.1052, 0.0000, -0.0643)
[2026-09-19 14:03:16.912] [info] EVIDENCE mob 25 health 20.0000 pos (-4.5206, 127.0000, 2.4639) vel (0.1052, 0.0000, -0.0643)
[2026-09-19 14:03:16.925] [info] EVIDENCE probe yaw 0.0000 pitch 0.0000 eye (-7.035, 126.620, 6.060) nearest_mob 16 dist 0.000
[2026-09-19 14:03:16.925] [info] EVIDENCE mob 25 health 20.0000 pos (-4.5206, 127.0000, 2.4639) vel (0.1052, 0.0000, -0.0643)
[2026-09-19 14:03:16.939] [info] EVIDENCE mob 25 health 20.0000 pos (-4.5206, 127.0000, 2.4639) vel (0.1052, 0.0000, -0.0643)
[2026-09-19 14:03:16.954] [info] EVIDENCE mob 25 health 20.0000 pos (-4.3238, 127.0000, 2.3494) vel (0.1075, 0.0000, -0.0625)
[2026-09-19 14:03:16.967] [info] EVIDENCE mob 25 health 20.0000 pos (-4.3238, 127.0000, 2.3494) vel (0.1075, 0.0000, -0.0625)
[2026-09-19 14:03:16.981] [info] EVIDENCE mob 25 health 20.0000 pos (-4.3238, 127.0000, 2.3494) vel (0.1075, 0.0000, -0.0625)
[2026-09-19 14:03:16.995] [info] EVIDENCE mob 25 health 20.0000 pos (-4.1162, 128.0000, 2.3162) vel (0.1134, 0.0000, -0.0181)
[2026-09-19 14:03:17.009] [info] EVIDENCE mob 25 health 20.0000 pos (-4.1162, 128.0000, 2.3162) vel (0.1134, 0.0000, -0.0181)
[2026-09-19 14:03:17.022] [info] EVIDENCE mob 25 health 20.0000 pos (-4.1162, 128.0000, 2.3162) vel (0.1134, 0.0000, -0.0181)
[2026-09-19 14:03:17.039] [info] EVIDENCE summon hollow_wretch id=26 at (-7.0, 125.0, 4.1)
[2026-09-19 14:03:17.039] [info] EVIDENCE mob 26 health 20.0000 pos (-7.0355, 125.0000, 4.0601) vel (0.0000, 0.0000, 0.0000)
[2026-09-19 14:03:17.050] [info] EVIDENCE mob 26 health 20.0000 pos (-7.1354, 126.0000, 4.0905) vel (-0.0546, 0.0000, 0.0166)
[2026-09-19 14:03:17.064] [info] EVIDENCE mob 26 health 20.0000 pos (-7.1354, 126.0000, 4.0905) vel (-0.0546, 0.0000, 0.0166)
[2026-09-19 14:03:17.079] [info] EVIDENCE mob 26 health 20.0000 pos (-7.1354, 126.0000, 4.0905) vel (-0.0546, 0.0000, 0.0166)
[2026-09-19 14:03:17.092] [info] EVIDENCE mob 26 health 20.0000 pos (-7.1354, 126.0000, 4.0905) vel (-0.0546, 0.0000, 0.0166)
[2026-09-19 14:03:17.110] [info] EVIDENCE mob 26 health 20.0000 pos (-7.2816, 126.0000, 4.0571) vel (-0.0798, 0.0000, -0.0182)
[2026-09-19 14:03:17.114] [info] EVIDENCE mob 26 health 20.0000 pos (-7.2816, 126.0000, 4.0571) vel (-0.0798, 0.0000, -0.0182)
[2026-09-19 14:03:17.127] [info] EVIDENCE mob 26 health 20.0000 pos (-7.2816, 126.0000, 4.0571) vel (-0.0798, 0.0000, -0.0182)
[2026-09-19 14:03:17.141] [info] EVIDENCE mob 26 health 20.0000 pos (-7.2816, 126.0000, 4.0571) vel (-0.0798, 0.0000, -0.0182)
[2026-09-19 14:03:17.155] [info] EVIDENCE mob 26 health 20.0000 pos (-7.4529, 126.0000, 3.9884) vel (-0.0935, 0.0000, -0.0375)
[2026-09-19 14:03:17.168] [info] EVIDENCE mob 26 health 20.0000 pos (-7.4529, 126.0000, 3.9884) vel (-0.0935, 0.0000, -0.0375)
[2026-09-19 14:03:17.183] [info] EVIDENCE mob 26 health 20.0000 pos (-7.4529, 126.0000, 3.9884) vel (-0.0935, 0.0000, -0.0375)
[2026-09-19 14:03:17.201] [info] EVIDENCE mob 26 health 20.0000 pos (-7.6378, 125.9200, 3.9003) vel (-0.1682, -0.0784, -0.0802)
[2026-09-19 14:03:17.204] [info] EVIDENCE mob 26 health 20.0000 pos (-7.6378, 125.9200, 3.9003) vel (-0.1682, -0.0784, -0.0802)
[2026-09-19 14:03:17.217] [info] EVIDENCE lmb down | yaw 0.0000 picked 16 dist 0.000 swinging false age 17 charge 1.000 sprint false fall false onground true vy -0.0200
[2026-09-19 14:03:17.217] [info] EVIDENCE mob 26 health 20.0000 pos (-7.6378, 125.9200, 3.9003) vel (-0.1682, -0.0784, -0.0802)
[2026-09-19 14:03:17.231] [info] EVIDENCE mob 26 health 20.0000 pos (-7.6378, 125.9200, 3.9003) vel (-0.1682, -0.0784, -0.0802)
[2026-09-19 14:03:17.245] [info] EVIDENCE swing weapon 33 charge 1.000000 charged true crit false falling false sprinting false damage 4.000000
[2026-09-19 14:03:17.245] [info] EVIDENCE knockback 0.4 (sprint gate false)
[2026-09-19 14:03:17.245] [info] attacked mob 16 at (-7.04, 125.00, 6.06) charge 1.000
[2026-09-19 14:03:17.245] [info] EVIDENCE mob 26 health 20.0000 pos (-7.8973, 125.7616, 3.7694) vel (-0.2361, -0.1552, -0.1192)
[2026-09-19 14:03:17.259] [info] EVIDENCE mob 26 health 20.0000 pos (-7.8973, 125.7616, 3.7694) vel (-0.2361, -0.1552, -0.1192)
[2026-09-19 14:03:17.272] [info] EVIDENCE mob 26 health 20.0000 pos (-7.8973, 125.7616, 3.7694) vel (-0.2361, -0.1552, -0.1192)
[2026-09-19 14:03:17.287] [info] EVIDENCE lmb up
[2026-09-19 14:03:17.287] [info] EVIDENCE mob 26 health 20.0000 pos (-7.8973, 125.7616, 3.7694) vel (-0.2361, -0.1552, -0.1192)
[2026-09-19 14:03:17.300] [info] EVIDENCE mob 26 health 20.0000 pos (-8.2246, 125.5264, 3.5993) vel (-0.2978, -0.2305, -0.1548)
[2026-09-19 14:03:17.314] [info] EVIDENCE mob 26 health 20.0000 pos (-8.2246, 125.5264, 3.5993) vel (-0.2978, -0.2305, -0.1548)
[2026-09-19 14:03:17.328] [info] EVIDENCE probe yaw 0.0000 pitch 0.0000 eye (-7.035, 126.620, 6.060) nearest_mob 17 dist 0.000
[2026-09-19 14:03:17.328] [info] EVIDENCE mob 26 health 20.0000 pos (-8.2246, 125.5264, 3.5993) vel (-0.2978, -0.2305, -0.1548)
[2026-09-19 14:03:17.342] [info] EVIDENCE mob 26 health 20.0000 pos (-8.2246, 125.5264, 3.5993) vel (-0.2978, -0.2305, -0.1548)
[2026-09-19 14:03:17.356] [info] EVIDENCE mob 26 health 20.0000 pos (-8.6135, 125.2158, 3.3935) vel (-0.3539, -0.3043, -0.1873)
[2026-09-19 14:03:17.370] [info] EVIDENCE mob 26 health 20.0000 pos (-8.6135, 125.2158, 3.3935) vel (-0.3539, -0.3043, -0.1873)
[2026-09-19 14:03:17.383] [info] EVIDENCE mob 26 health 20.0000 pos (-8.6135, 125.2158, 3.3935) vel (-0.3539, -0.3043, -0.1873)
[2026-09-19 14:03:17.397] [info] fps 74.2 | pos (-7.04, 125.00, 6.06) | chunks 126 | stream-meshed 117
[2026-09-19 14:03:17.397] [info] EVIDENCE mob 26 health 20.0000 pos (-9.0584, 125.0000, 3.1551) vel (-0.2429, -0.3766, -0.1302)
[2026-09-19 14:03:17.412] [info] EVIDENCE mob 26 health 20.0000 pos (-9.0584, 125.0000, 3.1551) vel (-0.2429, -0.3766, -0.1302)
[2026-09-19 14:03:17.426] [info] EVIDENCE mob 26 health 20.0000 pos (-9.0584, 125.0000, 3.1551) vel (-0.2429, -0.3766, -0.1302)
[2026-09-19 14:03:17.439] [info] EVIDENCE mob 26 health 20.0000 pos (-9.0584, 125.0000, 3.1551) vel (-0.2429, -0.3766, -0.1302)
[2026-09-19 14:03:17.453] [info] EVIDENCE mob 26 health 20.0000 pos (-9.3923, 125.0000, 2.9736) vel (-0.1823, 0.0000, -0.0991)
[2026-09-19 14:03:17.467] [info] EVIDENCE mob 26 health 20.0000 pos (-9.3923, 125.0000, 2.9736) vel (-0.1823, 0.0000, -0.0991)
[2026-09-19 14:03:17.480] [info] EVIDENCE mob 26 health 20.0000 pos (-9.3923, 125.0000, 2.9736) vel (-0.1823, 0.0000, -0.0991)
[2026-09-19 14:03:17.497] [info] EVIDENCE mob 26 health 20.0000 pos (-9.6655, 124.9200, 2.8231) vel (-0.2486, -0.0784, -0.1369)
[2026-09-19 14:03:17.508] [info] EVIDENCE mob 26 health 20.0000 pos (-9.6655, 124.9200, 2.8231) vel (-0.2486, -0.0784, -0.1369)
[2026-09-19 14:03:17.522] [info] EVIDENCE mob 26 health 20.0000 pos (-9.6655, 124.9200, 2.8231) vel (-0.2486, -0.0784, -0.1369)
[2026-09-19 14:03:17.537] [info] EVIDENCE mob 26 health 20.0000 pos (-9.6655, 124.9200, 2.8231) vel (-0.2486, -0.0784, -0.1369)
[2026-09-19 14:03:17.550] [info] EVIDENCE mob 26 health 20.0000 pos (-10.0050, 124.7616, 2.6348) vel (-0.3089, -0.1552, -0.1714)
[2026-09-19 14:03:17.566] [info] EVIDENCE mob 26 health 20.0000 pos (-10.0050, 124.7616, 2.6348) vel (-0.3089, -0.1552, -0.1714)
[2026-09-19 14:03:17.579] [info] EVIDENCE mob 26 health 20.0000 pos (-10.0050, 124.7616, 2.6348) vel (-0.3089, -0.1552, -0.1714)
[2026-09-19 14:03:17.592] [info] EVIDENCE mob 26 health 20.0000 pos (-10.0050, 124.7616, 2.6348) vel (-0.3089, -0.1552, -0.1714)
[2026-09-19 14:03:17.606] [info] EVIDENCE mob 26 health 20.0000 pos (-10.4048, 124.5264, 2.4118) vel (-0.3638, -0.2305, -0.2029)
[2026-09-19 14:03:17.614] [info] EVIDENCE mob 26 health 20.0000 pos (-10.4048, 124.5264, 2.4118) vel (-0.3638, -0.2305, -0.2029)
[2026-09-19 14:03:17.626] [info] EVIDENCE mob 26 health 20.0000 pos (-10.4048, 124.5264, 2.4118) vel (-0.3638, -0.2305, -0.2029)
[2026-09-19 14:03:17.641] [info] EVIDENCE mob 26 health 20.0000 pos (-10.4048, 124.5264, 2.4118) vel (-0.3638, -0.2305, -0.2029)
[2026-09-19 14:03:17.655] [info] EVIDENCE mob 26 health 20.0000 pos (-10.8594, 124.2158, 2.1574) vel (-0.4137, -0.3043, -0.2315)
[2026-09-19 14:03:17.668] [info] EVIDENCE mob 26 health 20.0000 pos (-10.8594, 124.2158, 2.1574) vel (-0.4137, -0.3043, -0.2315)
[2026-09-19 14:03:17.683] [info] EVIDENCE mob 26 health 20.0000 pos (-10.8594, 124.2158, 2.1574) vel (-0.4137, -0.3043, -0.2315)
[2026-09-19 14:03:17.696] [info] EVIDENCE mob 26 health 20.0000 pos (-10.8594, 124.2158, 2.1574) vel (-0.4137, -0.3043, -0.2315)
[2026-09-19 14:03:17.710] [info] EVIDENCE mob 26 health 20.0000 pos (-11.3639, 124.0000, 1.8743) vel (-0.2754, 0.0000, -0.1546)
[2026-09-19 14:03:17.725] [info] EVIDENCE mob 26 health 20.0000 pos (-11.3639, 124.0000, 1.8743) vel (-0.2754, 0.0000, -0.1546)
[2026-09-19 14:03:17.738] [info] EVIDENCE probe yaw 0.0000 pitch 0.0000 eye (-7.035, 126.620, 6.060) nearest_mob 17 dist 0.000
[2026-09-19 14:03:17.738] [info] EVIDENCE mob 26 health 20.0000 pos (-11.3639, 124.0000, 1.8743) vel (-0.2754, 0.0000, -0.1546)
[2026-09-19 14:03:17.752] [info] EVIDENCE mob 26 health 20.0000 pos (-11.7300, 123.9200, 1.6681) vel (-0.3332, -0.0784, -0.1877)
[2026-09-19 14:03:17.766] [info] EVIDENCE mob 26 health 20.0000 pos (-11.7300, 123.9200, 1.6681) vel (-0.3332, -0.0784, -0.1877)
[2026-09-19 14:03:17.780] [info] EVIDENCE mob 26 health 20.0000 pos (-11.7300, 123.9200, 1.6681) vel (-0.3332, -0.0784, -0.1877)
[2026-09-19 14:03:17.793] [info] EVIDENCE mob 26 health 20.0000 pos (-11.7300, 123.9200, 1.6681) vel (-0.3332, -0.0784, -0.1877)
[2026-09-19 14:03:17.808] [info] EVIDENCE mob 26 health 20.0000 pos (-12.1540, 123.7616, 1.4286) vel (-0.3858, -0.1552, -0.2179)
[2026-09-19 14:03:17.821] [info] EVIDENCE mob 26 health 20.0000 pos (-12.1540, 123.7616, 1.4286) vel (-0.3858, -0.1552, -0.2179)
[2026-09-19 14:03:17.835] [info] EVIDENCE mob 26 health 20.0000 pos (-12.1540, 123.7616, 1.4286) vel (-0.3858, -0.1552, -0.2179)
[2026-09-19 14:03:17.849] [info] EVIDENCE mob 26 health 20.0000 pos (-12.6304, 123.5264, 1.1590) vel (-0.4336, -0.2305, -0.2454)
[2026-09-19 14:03:17.862] [info] EVIDENCE mob 26 health 20.0000 pos (-12.6304, 123.5264, 1.1590) vel (-0.4336, -0.2305, -0.2454)
[2026-09-19 14:03:17.876] [info] EVIDENCE mob 26 health 20.0000 pos (-12.6304, 123.5264, 1.1590) vel (-0.4336, -0.2305, -0.2454)
[2026-09-19 14:03:17.891] [info] EVIDENCE mob 26 health 20.0000 pos (-12.6304, 123.5264, 1.1590) vel (-0.4336, -0.2305, -0.2454)
[2026-09-19 14:03:17.905] [info] EVIDENCE mob 26 health 20.0000 pos (-13.1546, 123.2158, 0.8617) vel (-0.4770, -0.3043, -0.2705)
[2026-09-19 14:03:17.920] [info] EVIDENCE mob 26 health 20.0000 pos (-13.1546, 123.2158, 0.8617) vel (-0.4770, -0.3043, -0.2705)
[2026-09-19 14:03:17.933] [info] EVIDENCE mob 26 health 20.0000 pos (-13.1546, 123.2158, 0.8617) vel (-0.4770, -0.3043, -0.2705)
[2026-09-19 14:03:17.946] [info] EVIDENCE mob 26 health 20.0000 pos (-13.1546, 123.2158, 0.8617) vel (-0.4770, -0.3043, -0.2705)
[2026-09-19 14:03:17.960] [info] EVIDENCE mob 26 health 20.0000 pos (-13.7222, 123.0000, 0.5393) vel (-0.3099, 0.0000, -0.1761)
[2026-09-19 14:03:17.974] [info] EVIDENCE mob 26 health 20.0000 pos (-13.7222, 123.0000, 0.5393) vel (-0.3099, 0.0000, -0.1761)
[2026-09-19 14:03:17.988] [info] EVIDENCE mob 26 health 20.0000 pos (-13.7222, 123.0000, 0.5393) vel (-0.3099, 0.0000, -0.1761)
[2026-09-19 14:03:18.002] [info] EVIDENCE mob 26 health 20.0000 pos (-14.1226, 123.0000, 0.3111) vel (-0.2186, 0.0000, -0.1246)
[2026-09-19 14:03:18.016] [info] EVIDENCE mob 26 health 20.0000 pos (-14.1226, 123.0000, 0.3111) vel (-0.2186, 0.0000, -0.1246)
[2026-09-19 14:03:18.030] [info] EVIDENCE mob 26 health 20.0000 pos (-14.1226, 123.0000, 0.3111) vel (-0.2186, 0.0000, -0.1246)
[2026-09-19 14:03:18.043] [info] EVIDENCE mob 26 health 20.0000 pos (-14.1226, 123.0000, 0.3111) vel (-0.2186, 0.0000, -0.1246)
[2026-09-19 14:03:18.058] [info] EVIDENCE mob 26 health 20.0000 pos (-14.3412, 123.0000, 0.1865) vel (-0.1194, 0.0000, -0.0680)
[2026-09-19 14:03:18.071] [info] EVIDENCE mob 26 health 20.0000 pos (-14.3412, 123.0000, 0.1865) vel (-0.1194, 0.0000, -0.0680)
[2026-09-19 14:03:18.085] [info] EVIDENCE mob 26 health 20.0000 pos (-14.3412, 123.0000, 0.1865) vel (-0.1194, 0.0000, -0.0680)
[2026-09-19 14:03:18.100] [info] EVIDENCE mob 26 health 20.0000 pos (-14.3412, 123.0000, 0.1865) vel (-0.1194, 0.0000, -0.0680)
[2026-09-19 14:03:18.113] [info] EVIDENCE mob 26 health 20.0000 pos (-14.5294, 123.0000, 0.0399) vel (-0.1028, 0.0000, -0.0800)
[2026-09-19 14:03:18.127] [info] EVIDENCE mob 26 health 20.0000 pos (-14.5294, 123.0000, 0.0399) vel (-0.1028, 0.0000, -0.0800)
[2026-09-19 14:03:18.142] [info] EVIDENCE mob 26 health 20.0000 pos (-14.5294, 123.0000, 0.0399) vel (-0.1028, 0.0000, -0.0800)
[2026-09-19 14:03:18.155] [info] EVIDENCE probe yaw 0.0000 pitch 0.0000 eye (-7.035, 126.620, 6.060) nearest_mob 17 dist 0.000
[2026-09-19 14:03:18.155] [info] EVIDENCE mob 26 health 20.0000 pos (-14.7001, 123.0000, -0.1194) vel (-0.0932, 0.0000, -0.0870)
[2026-09-19 14:03:18.168] [info] EVIDENCE mob 26 health 20.0000 pos (-14.7001, 123.0000, -0.1194) vel (-0.0932, 0.0000, -0.0870)
[2026-09-19 14:03:18.183] [info] EVIDENCE mob 26 health 20.0000 pos (-14.7001, 123.0000, -0.1194) vel (-0.0932, 0.0000, -0.0870)
[2026-09-19 14:03:18.196] [info] EVIDENCE mob 26 health 20.0000 pos (-14.7001, 123.0000, -0.1194) vel (-0.0932, 0.0000, -0.0870)
[2026-09-19 14:03:18.213] [info] EVIDENCE mob 26 health 20.0000 pos (-14.8608, 123.0000, -0.2860) vel (-0.0877, 0.0000, -0.0910)
[2026-09-19 14:03:18.225] [info] EVIDENCE mob 26 health 20.0000 pos (-14.8608, 123.0000, -0.2860) vel (-0.0877, 0.0000, -0.0910)
[2026-09-19 14:03:18.238] [info] EVIDENCE mob 26 health 20.0000 pos (-14.8608, 123.0000, -0.2860) vel (-0.0877, 0.0000, -0.0910)
[2026-09-19 14:03:18.252] [info] EVIDENCE mob 26 health 20.0000 pos (-15.0156, 123.0000, -0.4570) vel (-0.0845, 0.0000, -0.0934)
[2026-09-19 14:03:18.266] [info] EVIDENCE mob 26 health 20.0000 pos (-15.0156, 123.0000, -0.4570) vel (-0.0845, 0.0000, -0.0934)
[2026-09-19 14:03:18.280] [info] EVIDENCE mob 26 health 20.0000 pos (-15.0156, 123.0000, -0.4570) vel (-0.0845, 0.0000, -0.0934)
[2026-09-19 14:03:18.293] [info] EVIDENCE mob 26 health 20.0000 pos (-15.0156, 123.0000, -0.4570) vel (-0.0845, 0.0000, -0.0934)
[2026-09-19 14:03:18.312] [info] EVIDENCE mob 26 health 20.0000 pos (-15.1671, 123.0000, -0.6305) vel (-0.0827, 0.0000, -0.0947)
[2026-09-19 14:03:18.316] [info] EVIDENCE mob 26 health 20.0000 pos (-15.1671, 123.0000, -0.6305) vel (-0.0827, 0.0000, -0.0947)
[2026-09-19 14:03:18.329] [info] EVIDENCE mob 26 health 20.0000 pos (-15.1671, 123.0000, -0.6305) vel (-0.0827, 0.0000, -0.0947)
[2026-09-19 14:03:18.343] [info] EVIDENCE mob 26 health 20.0000 pos (-15.1671, 123.0000, -0.6305) vel (-0.0827, 0.0000, -0.0947)
[2026-09-19 14:03:18.356] [info] EVIDENCE mob 26 health 20.0000 pos (-15.3166, 123.0000, -0.8055) vel (-0.0816, 0.0000, -0.0956)
[2026-09-19 14:03:18.370] [info] EVIDENCE mob 26 health 20.0000 pos (-15.3166, 123.0000, -0.8055) vel (-0.0816, 0.0000, -0.0956)
[2026-09-19 14:03:18.384] [info] EVIDENCE mob 26 health 20.0000 pos (-15.3166, 123.0000, -0.8055) vel (-0.0816, 0.0000, -0.0956)
[2026-09-19 14:03:18.397] [info] EVIDENCE mob 26 health 20.0000 pos (-15.3166, 123.0000, -0.8055) vel (-0.0816, 0.0000, -0.0956)
[2026-09-19 14:03:18.412] [info] EVIDENCE mob 26 health 20.0000 pos (-15.4649, 122.9200, -0.9814) vel (-0.1350, -0.0784, -0.1601)
[2026-09-19 14:03:18.425] [info] EVIDENCE mob 26 health 20.0000 pos (-15.4649, 122.9200, -0.9814) vel (-0.1350, -0.0784, -0.1601)
[2026-09-19 14:03:18.439] [info] EVIDENCE mob 26 health 20.0000 pos (-15.4649, 122.9200, -0.9814) vel (-0.1350, -0.0784, -0.1601)
[2026-09-19 14:03:18.453] [info] EVIDENCE mob 26 health 20.0000 pos (-15.6666, 122.7616, -1.2219) vel (-0.1835, -0.1552, -0.2188)
[2026-09-19 14:03:18.467] [info] EVIDENCE mob 26 health 20.0000 pos (-15.6666, 122.7616, -1.2219) vel (-0.1835, -0.1552, -0.2188)
[2026-09-19 14:03:18.481] [info] EVIDENCE mob 26 health 20.0000 pos (-15.6666, 122.7616, -1.2219) vel (-0.1835, -0.1552, -0.2188)
[2026-09-19 14:03:18.498] [info] EVIDENCE mob 26 health 20.0000 pos (-15.6666, 122.7616, -1.2219) vel (-0.1835, -0.1552, -0.2188)
[2026-09-19 14:03:18.502] [info] EVIDENCE mob 26 health 20.0000 pos (-15.6666, 122.7616, -1.2219) vel (-0.1835, -0.1552, -0.2188)
[2026-09-19 14:03:18.516] [info] EVIDENCE mob 26 health 20.0000 pos (-15.9167, 122.5264, -1.5211) vel (-0.2276, -0.2305, -0.2723)
[2026-09-19 14:03:18.530] [info] EVIDENCE mob 26 health 20.0000 pos (-15.9167, 122.5264, -1.5211) vel (-0.2276, -0.2305, -0.2723)
[2026-09-19 14:03:18.545] [info] EVIDENCE summon hollow_wretch id=27 at (-6.0, 125.0, 4.1)
[2026-09-19 14:03:18.545] [info] EVIDENCE mob 27 health 20.0000 pos (-6.0355, 125.0000, 4.0601) vel (0.0000, 0.0000, 0.0000)
[2026-09-19 14:03:18.558] [info] EVIDENCE probe yaw 0.0000 pitch 0.0000 eye (-7.035, 126.620, 6.060) nearest_mob 17 dist 0.000
[2026-09-19 14:03:18.558] [info] EVIDENCE mob 27 health 20.0000 pos (-6.1370, 126.0000, 4.0359) vel (-0.0555, 0.0000, -0.0133)
[2026-09-19 14:03:18.571] [info] EVIDENCE mob 27 health 20.0000 pos (-6.1370, 126.0000, 4.0359) vel (-0.0555, 0.0000, -0.0133)
[2026-09-19 14:03:18.585] [info] EVIDENCE mob 27 health 20.0000 pos (-6.1370, 126.0000, 4.0359) vel (-0.0555, 0.0000, -0.0133)
[2026-09-19 14:03:18.599] [info] EVIDENCE mob 27 health 20.0000 pos (-6.1370, 126.0000, 4.0359) vel (-0.0555, 0.0000, -0.0133)
[2026-09-19 14:03:18.617] [info] EVIDENCE mob 27 health 20.0000 pos (-6.2465, 126.0000, 3.9333) vel (-0.0598, 0.0000, -0.0560)
[2026-09-19 14:03:18.622] [info] EVIDENCE mob 27 health 20.0000 pos (-6.2465, 126.0000, 3.9333) vel (-0.0598, 0.0000, -0.0560)
[2026-09-19 14:03:18.634] [info] EVIDENCE mob 27 health 20.0000 pos (-6.2465, 126.0000, 3.9333) vel (-0.0598, 0.0000, -0.0560)
[2026-09-19 14:03:18.647] [info] EVIDENCE mob 27 health 20.0000 pos (-6.2465, 126.0000, 3.9333) vel (-0.0598, 0.0000, -0.0560)
[2026-09-19 14:03:18.654] [info] EVIDENCE mob 27 health 20.0000 pos (-6.3600, 126.0000, 3.7877) vel (-0.0620, 0.0000, -0.0795)
[2026-09-19 14:03:18.668] [info] EVIDENCE mob 27 health 20.0000 pos (-6.3600, 126.0000, 3.7877) vel (-0.0620, 0.0000, -0.0795)
[2026-09-19 14:03:18.683] [info] EVIDENCE mob 27 health 20.0000 pos (-6.3600, 126.0000, 3.7877) vel (-0.0620, 0.0000, -0.0795)
[2026-09-19 14:03:18.696] [info] EVIDENCE mob 27 health 20.0000 pos (-6.3600, 126.0000, 3.7877) vel (-0.0620, 0.0000, -0.0795)
[2026-09-19 14:03:18.710] [info] EVIDENCE mob 27 health 20.0000 pos (-6.4755, 126.0000, 3.6185) vel (-0.0630, 0.0000, -0.0924)
[2026-09-19 14:03:18.719] [info] EVIDENCE lmb down | yaw 0.0000 picked 17 dist 0.000 swinging false age 29 charge 1.000 sprint false fall false onground true vy -0.0200
[2026-09-19 14:03:18.719] [info] EVIDENCE mob 27 health 20.0000 pos (-6.4755, 126.0000, 3.6185) vel (-0.0630, 0.0000, -0.0924)
[2026-09-19 14:03:18.731] [info] EVIDENCE mob 27 health 20.0000 pos (-6.4755, 126.0000, 3.6185) vel (-0.0630, 0.0000, -0.0924)
[2026-09-19 14:03:18.745] [info] EVIDENCE mob 27 health 20.0000 pos (-6.4755, 126.0000, 3.6185) vel (-0.0630, 0.0000, -0.0924)
[2026-09-19 14:03:18.758] [info] EVIDENCE swing weapon 33 charge 1.000000 charged true crit false falling false sprinting false damage 4.000000
[2026-09-19 14:03:18.758] [info] EVIDENCE knockback 0.4 (sprint gate false)
[2026-09-19 14:03:18.758] [info] attacked mob 17 at (-7.04, 125.00, 6.06) charge 1.000
[2026-09-19 14:03:18.758] [info] EVIDENCE mob 27 health 20.0000 pos (-6.5919, 126.0000, 3.4364) vel (-0.0636, 0.0000, -0.0994)
[2026-09-19 14:03:18.772] [info] EVIDENCE mob 27 health 20.0000 pos (-6.5919, 126.0000, 3.4364) vel (-0.0636, 0.0000, -0.0994)
[2026-09-19 14:03:18.787] [info] EVIDENCE lmb up
[2026-09-19 14:03:18.787] [info] EVIDENCE mob 27 health 20.0000 pos (-6.5919, 126.0000, 3.4364) vel (-0.0636, 0.0000, -0.0994)
[2026-09-19 14:03:18.800] [info] EVIDENCE mob 27 health 20.0000 pos (-6.5919, 126.0000, 3.4364) vel (-0.0636, 0.0000, -0.0994)
[2026-09-19 14:03:18.814] [info] EVIDENCE mob 27 health 20.0000 pos (-6.7088, 126.0000, 3.2473) vel (-0.0638, 0.0000, -0.1033)
[2026-09-19 14:03:18.828] [info] EVIDENCE mob 27 health 20.0000 pos (-6.7088, 126.0000, 3.2473) vel (-0.0638, 0.0000, -0.1033)
[2026-09-19 14:03:18.842] [info] EVIDENCE mob 27 health 20.0000 pos (-6.7088, 126.0000, 3.2473) vel (-0.0638, 0.0000, -0.1033)
[2026-09-19 14:03:18.856] [info] EVIDENCE mob 27 health 20.0000 pos (-6.8260, 126.0000, 3.0542) vel (-0.0640, 0.0000, -0.1054)
[2026-09-19 14:03:18.870] [info] EVIDENCE mob 27 health 20.0000 pos (-6.8260, 126.0000, 3.0542) vel (-0.0640, 0.0000, -0.1054)
[2026-09-19 14:03:18.883] [info] EVIDENCE mob 27 health 20.0000 pos (-6.8260, 126.0000, 3.0542) vel (-0.0640, 0.0000, -0.1054)
[2026-09-19 14:03:18.897] [info] EVIDENCE mob 27 health 20.0000 pos (-6.8260, 126.0000, 3.0542) vel (-0.0640, 0.0000, -0.1054)
[2026-09-19 14:03:18.912] [info] EVIDENCE mob 27 health 20.0000 pos (-6.9432, 126.0000, 2.8589) vel (-0.0640, 0.0000, -0.1066)
[2026-09-19 14:03:18.925] [info] EVIDENCE mob 27 health 20.0000 pos (-6.9432, 126.0000, 2.8589) vel (-0.0640, 0.0000, -0.1066)
[2026-09-19 14:03:18.939] [info] EVIDENCE mob 27 health 20.0000 pos (-6.9432, 126.0000, 2.8589) vel (-0.0640, 0.0000, -0.1066)
[2026-09-19 14:03:18.953] [info] EVIDENCE probe yaw 0.0000 pitch 0.0000 eye (-7.035, 126.620, 6.060) nearest_mob 18 dist 0.000
[2026-09-19 14:03:18.953] [info] EVIDENCE mob 27 health 20.0000 pos (-6.9432, 126.0000, 2.8589) vel (-0.0640, 0.0000, -0.1066)
[2026-09-19 14:03:18.967] [info] EVIDENCE mob 27 health 20.0000 pos (-7.0605, 126.0000, 2.6625) vel (-0.0640, 0.0000, -0.1072)
[2026-09-19 14:03:18.981] [info] EVIDENCE mob 27 health 20.0000 pos (-7.0605, 126.0000, 2.6625) vel (-0.0640, 0.0000, -0.1072)
[2026-09-19 14:03:18.995] [info] EVIDENCE mob 27 health 20.0000 pos (-7.0605, 126.0000, 2.6625) vel (-0.0640, 0.0000, -0.1072)
[2026-09-19 14:03:19.009] [info] EVIDENCE mob 27 health 20.0000 pos (-7.1778, 126.0000, 2.4655) vel (-0.0640, 0.0000, -0.1076)
[2026-09-19 14:03:19.022] [info] EVIDENCE mob 27 health 20.0000 pos (-7.1778, 126.0000, 2.4655) vel (-0.0640, 0.0000, -0.1076)
[2026-09-19 14:03:19.037] [info] EVIDENCE mob 27 health 20.0000 pos (-7.1778, 126.0000, 2.4655) vel (-0.0640, 0.0000, -0.1076)
[2026-09-19 14:03:19.050] [info] EVIDENCE mob 27 health 20.0000 pos (-7.1778, 126.0000, 2.4655) vel (-0.0640, 0.0000, -0.1076)
[2026-09-19 14:03:19.064] [info] EVIDENCE mob 27 health 20.0000 pos (-7.2951, 126.0000, 2.2681) vel (-0.0640, 0.0000, -0.1078)
[2026-09-19 14:03:19.078] [info] EVIDENCE mob 27 health 20.0000 pos (-7.2951, 126.0000, 2.2681) vel (-0.0640, 0.0000, -0.1078)
[2026-09-19 14:03:19.092] [info] EVIDENCE mob 27 health 20.0000 pos (-7.2951, 126.0000, 2.2681) vel (-0.0640, 0.0000, -0.1078)
[2026-09-19 14:03:19.105] [info] EVIDENCE mob 27 health 20.0000 pos (-7.2951, 126.0000, 2.2681) vel (-0.0640, 0.0000, -0.1078)
[2026-09-19 14:03:19.120] [info] EVIDENCE mob 27 health 20.0000 pos (-7.4124, 126.0000, 2.0705) vel (-0.0641, 0.0000, -0.1079)
[2026-09-19 14:03:19.133] [info] EVIDENCE mob 27 health 20.0000 pos (-7.4124, 126.0000, 2.0705) vel (-0.0641, 0.0000, -0.1079)
[2026-09-19 14:03:19.147] [info] EVIDENCE mob 27 health 20.0000 pos (-7.4124, 126.0000, 2.0705) vel (-0.0641, 0.0000, -0.1079)
[2026-09-19 14:03:19.162] [info] EVIDENCE mob 27 health 20.0000 pos (-7.5297, 125.9200, 1.8728) vel (-0.1067, -0.0784, -0.1799)
[2026-09-19 14:03:19.175] [info] EVIDENCE mob 27 health 20.0000 pos (-7.5297, 125.9200, 1.8728) vel (-0.1067, -0.0784, -0.1799)
[2026-09-19 14:03:19.189] [info] EVIDENCE mob 27 health 20.0000 pos (-7.5297, 125.9200, 1.8728) vel (-0.1067, -0.0784, -0.1799)
[2026-09-19 14:03:19.208] [info] EVIDENCE mob 27 health 20.0000 pos (-7.6897, 125.7616, 1.6030) vel (-0.1456, -0.1552, -0.2455)
[2026-09-19 14:03:19.211] [info] EVIDENCE mob 27 health 20.0000 pos (-7.6897, 125.7616, 1.6030) vel (-0.1456, -0.1552, -0.2455)
[2026-09-19 14:03:19.224] [info] EVIDENCE mob 27 health 20.0000 pos (-7.6897, 125.7616, 1.6030) vel (-0.1456, -0.1552, -0.2455)
[2026-09-19 14:03:19.238] [info] EVIDENCE mob 27 health 20.0000 pos (-7.6897, 125.7616, 1.6030) vel (-0.1456, -0.1552, -0.2455)
[2026-09-19 14:03:19.251] [info] EVIDENCE mob 27 health 20.0000 pos (-7.6897, 125.7616, 1.6030) vel (-0.1456, -0.1552, -0.2455)
[2026-09-19 14:03:19.266] [info] EVIDENCE mob 27 health 20.0000 pos (-7.8886, 125.5264, 1.2678) vel (-0.1810, -0.2305, -0.3051)
[2026-09-19 14:03:19.279] [info] EVIDENCE mob 27 health 20.0000 pos (-7.8886, 125.5264, 1.2678) vel (-0.1810, -0.2305, -0.3051)
[2026-09-19 14:03:19.293] [info] EVIDENCE mob 27 health 20.0000 pos (-7.8886, 125.5264, 1.2678) vel (-0.1810, -0.2305, -0.3051)
[2026-09-19 14:03:19.308] [info] EVIDENCE mob 27 health 20.0000 pos (-8.1228, 125.2158, 0.8728) vel (-0.2131, -0.3043, -0.3594)
[2026-09-19 14:03:19.321] [info] EVIDENCE mob 27 health 20.0000 pos (-8.1228, 125.2158, 0.8728) vel (-0.2131, -0.3043, -0.3594)
[2026-09-19 14:03:19.335] [info] EVIDENCE mob 27 health 20.0000 pos (-8.1228, 125.2158, 0.8728) vel (-0.2131, -0.3043, -0.3594)
[2026-09-19 14:03:19.349] [info] EVIDENCE mob 27 health 20.0000 pos (-8.1228, 125.2158, 0.8728) vel (-0.2131, -0.3043, -0.3594)
[2026-09-19 14:03:19.363] [info] EVIDENCE probe yaw 0.0000 pitch 0.0000 eye (-7.035, 126.620, 6.060) nearest_mob 18 dist 0.000
[2026-09-19 14:03:19.363] [info] EVIDENCE mob 27 health 20.0000 pos (-8.3892, 125.0000, 0.4236) vel (-0.1455, 0.0000, -0.2453)
[2026-09-19 14:03:19.376] [info] EVIDENCE mob 27 health 20.0000 pos (-8.3892, 125.0000, 0.4236) vel (-0.1455, 0.0000, -0.2453)
[2026-09-19 14:03:19.391] [info] EVIDENCE mob 27 health 20.0000 pos (-8.3892, 125.0000, 0.4236) vel (-0.1455, 0.0000, -0.2453)
[2026-09-19 14:03:19.404] [info] fps 73.7 | pos (-7.04, 125.00, 6.06) | chunks 126 | stream-meshed 117
[2026-09-19 14:03:19.404] [info] EVIDENCE mob 27 health 20.0000 pos (-8.3892, 125.0000, 0.4236) vel (-0.1455, 0.0000, -0.2453)
[2026-09-19 14:03:19.421] [info] EVIDENCE mob 27 health 20.0000 pos (-8.5879, 125.0000, 0.0886) vel (-0.1085, 0.0000, -0.1830)
[2026-09-19 14:03:19.435] [info] EVIDENCE summon hollow_wretch id=28 at (-6.0, 125.0, 4.1)
[2026-09-19 14:03:19.435] [info] EVIDENCE mob 28 health 20.0000 pos (-6.0355, 125.0000, 4.0601) vel (0.0000, 0.0000, 0.0000)
[2026-09-19 14:03:19.446] [info] EVIDENCE mob 28 health 20.0000 pos (-6.0355, 125.0000, 4.0601) vel (0.0000, 0.0000, 0.0000)
[2026-09-19 14:03:19.460] [info] EVIDENCE mob 28 health 20.0000 pos (-6.1387, 126.0000, 4.0441) vel (-0.0563, 0.0000, -0.0088)
[2026-09-19 14:03:19.474] [info] EVIDENCE mob 28 health 20.0000 pos (-6.1387, 126.0000, 4.0441) vel (-0.0563, 0.0000, -0.0088)
[2026-09-19 14:03:19.488] [info] EVIDENCE mob 28 health 20.0000 pos (-6.1387, 126.0000, 4.0441) vel (-0.0563, 0.0000, -0.0088)
[2026-09-19 14:03:19.506] [info] EVIDENCE mob 28 health 20.0000 pos (-6.1387, 126.0000, 4.0441) vel (-0.0563, 0.0000, -0.0088)
[2026-09-19 14:03:19.510] [info] EVIDENCE mob 28 health 20.0000 pos (-6.2561, 126.0000, 3.9507) vel (-0.0641, 0.0000, -0.0510)
[2026-09-19 14:03:19.522] [info] EVIDENCE mob 28 health 20.0000 pos (-6.2561, 126.0000, 3.9507) vel (-0.0641, 0.0000, -0.0510)
[2026-09-19 14:03:19.538] [info] EVIDENCE mob 28 health 20.0000 pos (-6.2561, 126.0000, 3.9507) vel (-0.0641, 0.0000, -0.0510)
[2026-09-19 14:03:19.550] [info] EVIDENCE mob 28 health 20.0000 pos (-6.2561, 126.0000, 3.9507) vel (-0.0641, 0.0000, -0.0510)
[2026-09-19 14:03:19.564] [info] EVIDENCE mob 28 health 20.0000 pos (-6.3811, 126.0000, 3.8148) vel (-0.0683, 0.0000, -0.0742)
[2026-09-19 14:03:19.578] [info] EVIDENCE mob 28 health 20.0000 pos (-6.3811, 126.0000, 3.8148) vel (-0.0683, 0.0000, -0.0742)
[2026-09-19 14:03:19.592] [info] EVIDENCE mob 28 health 20.0000 pos (-6.3811, 126.0000, 3.8148) vel (-0.0683, 0.0000, -0.0742)
[2026-09-19 14:03:19.605] [info] EVIDENCE mob 28 health 20.0000 pos (-6.3811, 126.0000, 3.8148) vel (-0.0683, 0.0000, -0.0742)
[2026-09-19 14:03:19.615] [info] EVIDENCE swing weapon 33 charge 1.000000 charged true crit false falling false sprinting false damage 4.000000
[2026-09-19 14:03:19.616] [info] EVIDENCE knockback 0.4 (sprint gate false)
[2026-09-19 14:03:19.616] [info] attacked mob 18 at (-7.04, 125.00, 6.06) charge 1.000
[2026-09-19 14:03:19.616] [info] EVIDENCE lmb down | yaw 0.0000 picked 18 dist 0.000 swinging true age 0 charge 0.201 sprint false fall false onground true vy -0.0200
[2026-09-19 14:03:19.616] [info] EVIDENCE mob 28 health 20.0000 pos (-6.5101, 126.0000, 3.6557) vel (-0.0704, 0.0000, -0.0869)
[2026-09-19 14:03:19.626] [info] EVIDENCE mob 28 health 20.0000 pos (-6.5101, 126.0000, 3.6557) vel (-0.0704, 0.0000, -0.0869)
[2026-09-19 14:03:19.641] [info] EVIDENCE mob 28 health 20.0000 pos (-6.5101, 126.0000, 3.6557) vel (-0.0704, 0.0000, -0.0869)
[2026-09-19 14:03:19.654] [info] EVIDENCE mob 28 health 20.0000 pos (-6.5101, 126.0000, 3.6557) vel (-0.0704, 0.0000, -0.0869)
[2026-09-19 14:03:19.668] [info] EVIDENCE mob 28 health 20.0000 pos (-6.6412, 126.0000, 3.4838) vel (-0.0716, 0.0000, -0.0938)
[2026-09-19 14:03:19.683] [info] EVIDENCE lmb up
[2026-09-19 14:03:19.683] [info] EVIDENCE mob 28 health 20.0000 pos (-6.6412, 126.0000, 3.4838) vel (-0.0716, 0.0000, -0.0938)
[2026-09-19 14:03:19.696] [info] EVIDENCE mob 28 health 20.0000 pos (-6.6412, 126.0000, 3.4838) vel (-0.0716, 0.0000, -0.0938)
[2026-09-19 14:03:19.710] [info] EVIDENCE mob 28 health 20.0000 pos (-6.6412, 126.0000, 3.4838) vel (-0.0716, 0.0000, -0.0938)
[2026-09-19 14:03:19.724] [info] EVIDENCE mob 28 health 20.0000 pos (-6.7733, 126.0000, 3.3049) vel (-0.0722, 0.0000, -0.0977)
[2026-09-19 14:03:19.738] [info] EVIDENCE mob 28 health 20.0000 pos (-6.7733, 126.0000, 3.3049) vel (-0.0722, 0.0000, -0.0977)
[2026-09-19 14:03:19.751] [info] EVIDENCE mob 28 health 20.0000 pos (-6.7733, 126.0000, 3.3049) vel (-0.0722, 0.0000, -0.0977)
[2026-09-19 14:03:19.766] [info] EVIDENCE probe yaw 0.0000 pitch 0.0000 eye (-7.035, 126.620, 6.060) nearest_mob 19 dist 0.000
[2026-09-19 14:03:19.766] [info] EVIDENCE mob 28 health 20.0000 pos (-6.9061, 126.0000, 3.1222) vel (-0.0725, 0.0000, -0.0998)
[2026-09-19 14:03:19.779] [info] EVIDENCE mob 28 health 20.0000 pos (-6.9061, 126.0000, 3.1222) vel (-0.0725, 0.0000, -0.0998)
[2026-09-19 14:03:19.793] [info] EVIDENCE mob 28 health 20.0000 pos (-6.9061, 126.0000, 3.1222) vel (-0.0725, 0.0000, -0.0998)
[2026-09-19 14:03:19.808] [info] EVIDENCE mob 28 health 20.0000 pos (-6.9061, 126.0000, 3.1222) vel (-0.0725, 0.0000, -0.0998)
[2026-09-19 14:03:19.821] [info] EVIDENCE mob 28 health 20.0000 pos (-7.0391, 126.0000, 2.9374) vel (-0.0726, 0.0000, -0.1009)
[2026-09-19 14:03:19.835] [info] EVIDENCE mob 28 health 20.0000 pos (-7.0391, 126.0000, 2.9374) vel (-0.0726, 0.0000, -0.1009)
[2026-09-19 14:03:19.849] [info] EVIDENCE mob 28 health 20.0000 pos (-7.0391, 126.0000, 2.9374) vel (-0.0726, 0.0000, -0.1009)
[2026-09-19 14:03:19.863] [info] EVIDENCE mob 28 health 20.0000 pos (-7.1723, 126.0000, 2.7514) vel (-0.0727, 0.0000, -0.1016)
[2026-09-19 14:03:19.876] [info] EVIDENCE mob 28 health 20.0000 pos (-7.1723, 126.0000, 2.7514) vel (-0.0727, 0.0000, -0.1016)
[2026-09-19 14:03:19.891] [info] EVIDENCE mob 28 health 20.0000 pos (-7.1723, 126.0000, 2.7514) vel (-0.0727, 0.0000, -0.1016)
[2026-09-19 14:03:19.904] [info] EVIDENCE mob 28 health 20.0000 pos (-7.1723, 126.0000, 2.7514) vel (-0.0727, 0.0000, -0.1016)
[2026-09-19 14:03:19.918] [info] EVIDENCE mob 28 health 20.0000 pos (-7.3055, 126.0000, 2.5647) vel (-0.0728, 0.0000, -0.1019)
[2026-09-19 14:03:19.933] [info] EVIDENCE mob 28 health 20.0000 pos (-7.3055, 126.0000, 2.5647) vel (-0.0728, 0.0000, -0.1019)
[2026-09-19 14:03:19.946] [info] EVIDENCE mob 28 health 20.0000 pos (-7.3055, 126.0000, 2.5647) vel (-0.0728, 0.0000, -0.1019)
[2026-09-19 14:03:19.960] [info] EVIDENCE mob 28 health 20.0000 pos (-7.3055, 126.0000, 2.5647) vel (-0.0728, 0.0000, -0.1019)
[2026-09-19 14:03:19.974] [info] EVIDENCE mob 28 health 20.0000 pos (-7.4388, 125.9200, 2.3777) vel (-0.1213, -0.0784, -0.1702)
[2026-09-19 14:03:19.988] [info] EVIDENCE mob 28 health 20.0000 pos (-7.4388, 125.9200, 2.3777) vel (-0.1213, -0.0784, -0.1702)
[2026-09-19 14:03:20.001] [info] EVIDENCE mob 28 health 20.0000 pos (-7.4388, 125.9200, 2.3777) vel (-0.1213, -0.0784, -0.1702)
[2026-09-19 14:03:20.016] [info] EVIDENCE mob 28 health 20.0000 pos (-7.6206, 125.7616, 2.1225) vel (-0.1655, -0.1552, -0.2323)
[2026-09-19 14:03:20.029] [info] EVIDENCE mob 28 health 20.0000 pos (-7.6206, 125.7616, 2.1225) vel (-0.1655, -0.1552, -0.2323)
[2026-09-19 14:03:20.046] [info] EVIDENCE mob 28 health 20.0000 pos (-7.6206, 125.7616, 2.1225) vel (-0.1655, -0.1552, -0.2323)
[2026-09-19 14:03:20.058] [info] EVIDENCE mob 28 health 20.0000 pos (-7.6206, 125.7616, 2.1225) vel (-0.1655, -0.1552, -0.2323)
[2026-09-19 14:03:20.071] [info] EVIDENCE mob 28 health 20.0000 pos (-7.8466, 125.5264, 1.8051) vel (-0.2056, -0.2305, -0.2888)
[2026-09-19 14:03:20.085] [info] EVIDENCE mob 28 health 20.0000 pos (-7.8466, 125.5264, 1.8051) vel (-0.2056, -0.2305, -0.2888)
[2026-09-19 14:03:20.099] [info] EVIDENCE mob 28 health 20.0000 pos (-7.8466, 125.5264, 1.8051) vel (-0.2056, -0.2305, -0.2888)
[2026-09-19 14:03:20.113] [info] EVIDENCE mob 28 health 20.0000 pos (-8.1128, 125.2158, 1.4312) vel (-0.2422, -0.3043, -0.3402)
[2026-09-19 14:03:20.126] [info] EVIDENCE mob 28 health 20.0000 pos (-8.1128, 125.2158, 1.4312) vel (-0.2422, -0.3043, -0.3402)
[2026-09-19 14:03:20.141] [info] EVIDENCE mob 28 health 20.0000 pos (-8.1128, 125.2158, 1.4312) vel (-0.2422, -0.3043, -0.3402)
[2026-09-19 14:03:20.154] [info] EVIDENCE mob 28 health 20.0000 pos (-8.1128, 125.2158, 1.4312) vel (-0.2422, -0.3043, -0.3402)
[2026-09-19 14:03:20.168] [info] EVIDENCE mob 28 health 20.0000 pos (-8.4155, 125.0000, 1.0059) vel (-0.1653, 0.0000, -0.2322)
[2026-09-19 14:03:20.183] [info] EVIDENCE probe yaw 0.0000 pitch 0.0000 eye (-7.035, 126.620, 6.060) nearest_mob 19 dist 0.000
[2026-09-19 14:03:20.183] [info] EVIDENCE mob 28 health 20.0000 pos (-8.4155, 125.0000, 1.0059) vel (-0.1653, 0.0000, -0.2322)
[2026-09-19 14:03:20.196] [info] EVIDENCE mob 28 health 20.0000 pos (-8.4155, 125.0000, 1.0059) vel (-0.1653, 0.0000, -0.2322)
[2026-09-19 14:03:20.210] [info] EVIDENCE mob 28 health 20.0000 pos (-8.4155, 125.0000, 1.0059) vel (-0.1653, 0.0000, -0.2322)
[2026-09-19 14:03:20.224] [info] EVIDENCE mob 28 health 20.0000 pos (-8.6413, 125.0000, 0.6886) vel (-0.1233, 0.0000, -0.1733)
[2026-09-19 14:03:20.238] [info] EVIDENCE mob 28 health 20.0000 pos (-8.6413, 125.0000, 0.6886) vel (-0.1233, 0.0000, -0.1733)
[2026-09-19 14:03:20.251] [info] EVIDENCE mob 28 health 20.0000 pos (-8.6413, 125.0000, 0.6886) vel (-0.1233, 0.0000, -0.1733)
[2026-09-19 14:03:20.266] [info] EVIDENCE mob 28 health 20.0000 pos (-8.8252, 125.0000, 0.4303) vel (-0.1004, 0.0000, -0.1411)
[2026-09-19 14:03:20.279] [info] EVIDENCE mob 28 health 20.0000 pos (-8.8252, 125.0000, 0.4303) vel (-0.1004, 0.0000, -0.1411)
[2026-09-19 14:03:20.296] [info] EVIDENCE mob 28 health 20.0000 pos (-8.8252, 125.0000, 0.4303) vel (-0.1004, 0.0000, -0.1411)
[2026-09-19 14:03:20.308] [info] EVIDENCE mob 28 health 20.0000 pos (-8.8252, 125.0000, 0.4303) vel (-0.1004, 0.0000, -0.1411)
[2026-09-19 14:03:20.321] [info] EVIDENCE mob 28 health 20.0000 pos (-8.9861, 125.0000, 0.2041) vel (-0.0878, 0.0000, -0.1235)
[2026-09-19 14:03:20.335] [info] EVIDENCE mob 28 health 20.0000 pos (-8.9861, 125.0000, 0.2041) vel (-0.0878, 0.0000, -0.1235)
[2026-09-19 14:03:20.349] [info] EVIDENCE mob 28 health 20.0000 pos (-8.9861, 125.0000, 0.2041) vel (-0.0878, 0.0000, -0.1235)
[2026-09-19 14:03:20.363] [info] EVIDENCE mob 28 health 20.0000 pos (-8.9861, 125.0000, 0.2041) vel (-0.0878, 0.0000, -0.1235)
[2026-09-19 14:03:20.376] [info] EVIDENCE mob 28 health 20.0000 pos (-9.1344, 125.0000, -0.0044) vel (-0.0810, 0.0000, -0.1139)
[2026-09-19 14:03:20.391] [info] EVIDENCE mob 28 health 20.0000 pos (-9.1344, 125.0000, -0.0044) vel (-0.0810, 0.0000, -0.1139)
[2026-09-19 14:03:20.404] [info] EVIDENCE mob 28 health 20.0000 pos (-9.1344, 125.0000, -0.0044) vel (-0.0810, 0.0000, -0.1139)
[2026-09-19 14:03:20.418] [info] EVIDENCE mob 28 health 20.0000 pos (-9.2760, 125.0000, -0.2034) vel (-0.0773, 0.0000, -0.1086)
[2026-09-19 14:03:20.432] [info] EVIDENCE mob 28 health 20.0000 pos (-9.2760, 125.0000, -0.2034) vel (-0.0773, 0.0000, -0.1086)
[2026-09-19 14:03:20.446] [info] EVIDENCE mob 28 health 20.0000 pos (-9.2760, 125.0000, -0.2034) vel (-0.0773, 0.0000, -0.1086)
[2026-09-19 14:03:20.460] [info] EVIDENCE mob 28 health 20.0000 pos (-9.2760, 125.0000, -0.2034) vel (-0.0773, 0.0000, -0.1086)
[2026-09-19 14:03:20.474] [info] EVIDENCE mob 28 health 20.0000 pos (-9.4138, 125.0000, -0.3971) vel (-0.0752, 0.0000, -0.1058)
[2026-09-19 14:03:20.488] [info] EVIDENCE mob 28 health 20.0000 pos (-9.4138, 125.0000, -0.3971) vel (-0.0752, 0.0000, -0.1058)
[2026-09-19 14:03:20.501] [info] EVIDENCE mob 28 health 20.0000 pos (-9.4138, 125.0000, -0.3971) vel (-0.0752, 0.0000, -0.1058)
[2026-09-19 14:03:20.516] [info] EVIDENCE mob 28 health 20.0000 pos (-9.5495, 124.9200, -0.5880) vel (-0.1235, -0.0784, -0.1737)
[2026-09-19 14:03:20.529] [info] EVIDENCE mob 28 health 20.0000 pos (-9.5495, 124.9200, -0.5880) vel (-0.1235, -0.0784, -0.1737)
[2026-09-19 14:03:20.543] [info] EVIDENCE mob 28 health 20.0000 pos (-9.5495, 124.9200, -0.5880) vel (-0.1235, -0.0784, -0.1737)
[2026-09-19 14:03:20.558] [info] EVIDENCE mob 28 health 20.0000 pos (-9.5495, 124.9200, -0.5880) vel (-0.1235, -0.0784, -0.1737)
[2026-09-19 14:03:20.571] [info] EVIDENCE mob 28 health 20.0000 pos (-9.7761, 125.0000, -0.7791) vel (-0.1237, -0.1552, -0.1043)
[2026-09-19 14:03:20.585] [info] EVIDENCE mob 28 health 20.0000 pos (-9.7761, 125.0000, -0.7791) vel (-0.1237, -0.1552, -0.1043)
[2026-09-19 14:03:20.599] [info] EVIDENCE probe yaw 0.0000 pitch 0.0000 eye (-7.035, 126.620, 6.060) nearest_mob 19 dist 0.000
[2026-09-19 14:03:20.599] [info] EVIDENCE mob 28 health 20.0000 pos (-9.7761, 125.0000, -0.7791) vel (-0.1237, -0.1552, -0.1043)
[2026-09-19 14:03:20.614] [info] EVIDENCE mob 28 health 20.0000 pos (-9.7761, 125.0000, -0.7791) vel (-0.1237, -0.1552, -0.1043)
[2026-09-19 14:03:20.627] [info] EVIDENCE mob 28 health 20.0000 pos (-9.9594, 125.0000, -0.9691) vel (-0.1001, 0.0000, -0.1038)
[2026-09-19 14:03:20.641] [info] EVIDENCE mob 28 health 20.0000 pos (-9.9594, 125.0000, -0.9691) vel (-0.1001, 0.0000, -0.1038)
[2026-09-19 14:03:20.655] [info] EVIDENCE mob 28 health 20.0000 pos (-9.9594, 125.0000, -0.9691) vel (-0.1001, 0.0000, -0.1038)
[2026-09-19 14:03:20.668] [info] EVIDENCE mob 28 health 20.0000 pos (-10.1185, 125.0000, -1.1590) vel (-0.0869, 0.0000, -0.1037)
[2026-09-19 14:03:20.683] [info] EVIDENCE mob 28 health 20.0000 pos (-10.1185, 125.0000, -1.1590) vel (-0.0869, 0.0000, -0.1037)
[2026-09-19 14:03:20.696] [info] EVIDENCE mob 28 health 20.0000 pos (-10.1185, 125.0000, -1.1590) vel (-0.0869, 0.0000, -0.1037)
[2026-09-19 14:03:20.714] [info] EVIDENCE mob 28 health 20.0000 pos (-10.1185, 125.0000, -1.1590) vel (-0.0869, 0.0000, -0.1037)
[2026-09-19 14:03:20.719] [info] EVIDENCE mob 28 health 20.0000 pos (-10.2642, 125.0000, -1.3489) vel (-0.0795, 0.0000, -0.1037)
[2026-09-19 14:03:20.731] [info] EVIDENCE mob 28 health 20.0000 pos (-10.2642, 125.0000, -1.3489) vel (-0.0795, 0.0000, -0.1037)
[2026-09-19 14:03:20.745] [info] EVIDENCE mob 28 health 20.0000 pos (-10.2642, 125.0000, -1.3489) vel (-0.0795, 0.0000, -0.1037)
[2026-09-19 14:03:20.758] [info] EVIDENCE mob 28 health 20.0000 pos (-10.2642, 125.0000, -1.3489) vel (-0.0795, 0.0000, -0.1037)
[2026-09-19 14:03:20.772] [info] EVIDENCE mob 28 health 20.0000 pos (-10.4023, 125.0000, -1.5391) vel (-0.0754, 0.0000, -0.1038)
[2026-09-19 14:03:20.787] [info] EVIDENCE mob 28 health 20.0000 pos (-10.4023, 125.0000, -1.5391) vel (-0.0754, 0.0000, -0.1038)
[2026-09-19 14:03:20.800] [info] EVIDENCE mob 28 health 20.0000 pos (-10.4023, 125.0000, -1.5391) vel (-0.0754, 0.0000, -0.1038)
[2026-09-19 14:03:20.814] [info] EVIDENCE mob 28 health 20.0000 pos (-10.4023, 125.0000, -1.5391) vel (-0.0754, 0.0000, -0.1038)
[2026-09-19 14:03:20.829] [info] EVIDENCE mob 28 health 20.0000 pos (-10.5362, 124.9200, -1.7294) vel (-0.1218, -0.0784, -0.1732)
[2026-09-19 14:03:20.842] [info] EVIDENCE mob 28 health 20.0000 pos (-10.5362, 124.9200, -1.7294) vel (-0.1218, -0.0784, -0.1732)
[2026-09-19 14:03:20.855] [info] EVIDENCE mob 28 health 20.0000 pos (-10.5362, 124.9200, -1.7294) vel (-0.1218, -0.0784, -0.1732)
[2026-09-19 14:03:20.870] [info] EVIDENCE mob 28 health 20.0000 pos (-10.7165, 124.7616, -1.9892) vel (-0.1640, -0.1552, -0.2364)
[2026-09-19 14:03:20.888] [info] EVIDENCE mob 28 health 20.0000 pos (-10.7165, 124.7616, -1.9892) vel (-0.1640, -0.1552, -0.2364)
[2026-09-19 14:03:20.891] [info] EVIDENCE mob 28 health 20.0000 pos (-10.7165, 124.7616, -1.9892) vel (-0.1640, -0.1552, -0.2364)
[2026-09-19 14:03:20.904] [info] EVIDENCE mob 28 health 20.0000 pos (-10.7165, 124.7616, -1.9892) vel (-0.1640, -0.1552, -0.2364)
[2026-09-19 14:03:20.920] [info] EVIDENCE summon hollow_wretch id=29 at (-7.0, 125.0, 4.1)
[2026-09-19 14:03:20.920] [info] EVIDENCE mob 29 health 20.0000 pos (-7.0355, 125.0000, 4.0601) vel (0.0000, 0.0000, 0.0000)
[2026-09-19 14:03:20.925] [info] EVIDENCE mob 29 health 20.0000 pos (-7.0355, 125.0000, 4.0601) vel (0.0000, 0.0000, 0.0000)
[2026-09-19 14:03:20.939] [info] EVIDENCE mob 29 health 20.0000 pos (-7.0355, 125.0000, 4.0601) vel (0.0000, 0.0000, 0.0000)
[2026-09-19 14:03:20.953] [info] EVIDENCE mob 29 health 20.0000 pos (-7.0355, 125.0000, 4.0601) vel (0.0000, 0.0000, 0.0000)
[2026-09-19 14:03:20.967] [info] EVIDENCE mob 29 health 20.0000 pos (-7.0355, 125.0000, 4.0601) vel (0.0000, 0.0000, 0.0000)
[2026-09-19 14:03:20.981] [info] EVIDENCE mob 29 health 20.0000 pos (-6.9322, 126.0000, 4.0449) vel (0.0564, 0.0000, -0.0083)
[2026-09-19 14:03:20.999] [info] EVIDENCE probe yaw 0.0000 pitch 0.0000 eye (-7.035, 126.620, 6.060) nearest_mob 19 dist 0.000
[2026-09-19 14:03:20.999] [info] EVIDENCE mob 29 health 20.0000 pos (-6.9322, 126.0000, 4.0449) vel (0.0564, 0.0000, -0.0083)
[2026-09-19 14:03:21.003] [info] EVIDENCE mob 29 health 20.0000 pos (-6.9322, 126.0000, 4.0449) vel (0.0564, 0.0000, -0.0083)
[2026-09-19 14:03:21.016] [info] EVIDENCE mob 29 health 20.0000 pos (-6.9322, 126.0000, 4.0449) vel (0.0564, 0.0000, -0.0083)
[2026-09-19 14:03:21.030] [info] EVIDENCE mob 29 health 20.0000 pos (-6.7924, 126.0000, 4.0995) vel (0.0763, 0.0000, 0.0298)
[2026-09-19 14:03:21.043] [info] EVIDENCE mob 29 health 20.0000 pos (-6.7924, 126.0000, 4.0995) vel (0.0763, 0.0000, 0.0298)
[2026-09-19 14:03:21.058] [info] EVIDENCE mob 29 health 20.0000 pos (-6.7924, 126.0000, 4.0995) vel (0.0763, 0.0000, 0.0298)
[2026-09-19 14:03:21.071] [info] EVIDENCE mob 29 health 20.0000 pos (-6.6331, 126.0000, 4.1926) vel (0.0870, 0.0000, 0.0508)
[2026-09-19 14:03:21.085] [info] EVIDENCE mob 29 health 20.0000 pos (-6.6331, 126.0000, 4.1926) vel (0.0870, 0.0000, 0.0508)
[2026-09-19 14:03:21.100] [info] EVIDENCE mob 29 health 20.0000 pos (-6.6331, 126.0000, 4.1926) vel (0.0870, 0.0000, 0.0508)
[2026-09-19 14:03:21.113] [info] EVIDENCE lmb down | yaw 0.0000 picked 19 dist 0.000 swinging false age 29 charge 1.000 sprint false fall false onground true vy -0.0200
[2026-09-19 14:03:21.113] [info] EVIDENCE mob 29 health 20.0000 pos (-6.6331, 126.0000, 4.1926) vel (0.0870, 0.0000, 0.0508)
[2026-09-19 14:03:21.126] [info] EVIDENCE swing weapon 33 charge 1.000000 charged true crit false falling false sprinting false damage 4.000000
[2026-09-19 14:03:21.126] [info] EVIDENCE knockback 0.4 (sprint gate false)
[2026-09-19 14:03:21.126] [info] attacked mob 19 at (-7.04, 125.00, 6.06) charge 1.000
[2026-09-19 14:03:21.126] [info] EVIDENCE mob 29 health 20.0000 pos (-6.4632, 126.0000, 4.3069) vel (0.0928, 0.0000, 0.0624)
[2026-09-19 14:03:21.141] [info] EVIDENCE mob 29 health 20.0000 pos (-6.4632, 126.0000, 4.3069) vel (0.0928, 0.0000, 0.0624)
[2026-09-19 14:03:21.154] [info] EVIDENCE mob 29 health 20.0000 pos (-6.4632, 126.0000, 4.3069) vel (0.0928, 0.0000, 0.0624)
[2026-09-19 14:03:21.168] [info] EVIDENCE mob 29 health 20.0000 pos (-6.4632, 126.0000, 4.3069) vel (0.0928, 0.0000, 0.0624)
[2026-09-19 14:03:21.183] [info] EVIDENCE lmb up
[2026-09-19 14:03:21.183] [info] EVIDENCE mob 29 health 20.0000 pos (-6.2876, 126.0000, 4.4330) vel (0.0959, -0.0784, 0.0688)
[2026-09-19 14:03:21.196] [info] EVIDENCE mob 29 health 20.0000 pos (-6.2876, 126.0000, 4.4330) vel (0.0959, -0.0784, 0.0688)
[2026-09-19 14:03:21.210] [info] EVIDENCE mob 29 health 20.0000 pos (-6.2876, 126.0000, 4.4330) vel (0.0959, -0.0784, 0.0688)
[2026-09-19 14:03:21.224] [info] EVIDENCE mob 29 health 20.0000 pos (-6.1090, 126.0000, 4.5655) vel (0.0975, 0.0000, 0.0723)
[2026-09-19 14:03:21.237] [info] EVIDENCE mob 29 health 20.0000 pos (-6.1090, 126.0000, 4.5655) vel (0.0975, 0.0000, 0.0723)
[2026-09-19 14:03:21.251] [info] EVIDENCE mob 29 health 20.0000 pos (-6.1090, 126.0000, 4.5655) vel (0.0975, 0.0000, 0.0723)
[2026-09-19 14:03:21.266] [info] EVIDENCE mob 29 health 20.0000 pos (-6.1090, 126.0000, 4.5655) vel (0.0975, 0.0000, 0.0723)
[2026-09-19 14:03:21.280] [info] EVIDENCE mob 29 health 20.0000 pos (-5.9288, 126.0000, 4.7016) vel (0.0984, 0.0000, 0.0743)
[2026-09-19 14:03:21.293] [info] EVIDENCE mob 29 health 20.0000 pos (-5.9288, 126.0000, 4.7016) vel (0.0984, 0.0000, 0.0743)
[2026-09-19 14:03:21.308] [info] EVIDENCE mob 29 health 20.0000 pos (-5.9288, 126.0000, 4.7016) vel (0.0984, 0.0000, 0.0743)
[2026-09-19 14:03:21.321] [info] EVIDENCE mob 29 health 20.0000 pos (-5.7477, 126.0000, 4.8396) vel (0.0989, 0.0000, 0.0754)
[2026-09-19 14:03:21.335] [info] EVIDENCE mob 29 health 20.0000 pos (-5.7477, 126.0000, 4.8396) vel (0.0989, 0.0000, 0.0754)
[2026-09-19 14:03:21.350] [info] EVIDENCE mob 29 health 20.0000 pos (-5.7477, 126.0000, 4.8396) vel (0.0989, 0.0000, 0.0754)
[2026-09-19 14:03:21.363] [info] EVIDENCE mob 29 health 20.0000 pos (-5.7477, 126.0000, 4.8396) vel (0.0989, 0.0000, 0.0754)
[2026-09-19 14:03:21.376] [info] EVIDENCE mob 29 health 20.0000 pos (-5.5661, 126.0000, 4.9787) vel (0.0991, 0.0000, 0.0760)
[2026-09-19 14:03:21.391] [info] EVIDENCE mob 29 health 20.0000 pos (-5.5661, 126.0000, 4.9787) vel (0.0991, 0.0000, 0.0760)
[2026-09-19 14:03:21.404] [info] fps 73.5 | pos (-7.04, 125.00, 6.06) | chunks 126 | stream-meshed 117
[2026-09-19 14:03:21.404] [info] EVIDENCE probe yaw 0.0000 pitch 0.0000 eye (-7.035, 126.620, 6.060) nearest_mob 20 dist 0.000
[2026-09-19 14:03:21.404] [info] EVIDENCE mob 29 health 20.0000 pos (-5.5661, 126.0000, 4.9787) vel (0.0991, 0.0000, 0.0760)
[2026-09-19 14:03:21.418] [info] EVIDENCE mob 29 health 20.0000 pos (-5.5661, 126.0000, 4.9787) vel (0.0991, 0.0000, 0.0760)
[2026-09-19 14:03:21.432] [info] EVIDENCE mob 29 health 20.0000 pos (-5.3842, 126.0000, 5.1185) vel (0.0993, 0.0000, 0.0763)
[2026-09-19 14:03:21.446] [info] EVIDENCE mob 29 health 20.0000 pos (-5.3842, 126.0000, 5.1185) vel (0.0993, 0.0000, 0.0763)
[2026-09-19 14:03:21.459] [info] EVIDENCE mob 29 health 20.0000 pos (-5.3842, 126.0000, 5.1185) vel (0.0993, 0.0000, 0.0763)
[2026-09-19 14:03:21.474] [info] EVIDENCE mob 29 health 20.0000 pos (-5.1814, 127.0000, 5.1814) vel (0.1108, 0.0000, 0.0344)
[2026-09-19 14:03:21.488] [info] EVIDENCE mob 29 health 20.0000 pos (-5.1814, 127.0000, 5.1814) vel (0.1108, 0.0000, 0.0344)
[2026-09-19 14:03:21.501] [info] EVIDENCE mob 29 health 20.0000 pos (-5.1814, 127.0000, 5.1814) vel (0.1108, 0.0000, 0.0344)
[2026-09-19 14:03:21.516] [info] EVIDENCE mob 29 health 20.0000 pos (-5.1814, 127.0000, 5.1814) vel (0.1108, 0.0000, 0.0344)
[2026-09-19 14:03:21.529] [info] EVIDENCE mob 29 health 20.0000 pos (-4.9886, 127.0000, 5.2803) vel (0.1053, 0.0000, 0.0540)
[2026-09-19 14:03:21.543] [info] EVIDENCE mob 29 health 20.0000 pos (-4.9886, 127.0000, 5.2803) vel (0.1053, 0.0000, 0.0540)
[2026-09-19 14:03:21.558] [info] EVIDENCE mob 29 health 20.0000 pos (-4.9886, 127.0000, 5.2803) vel (0.1053, 0.0000, 0.0540)
[2026-09-19 14:03:21.571] [info] EVIDENCE mob 29 health 20.0000 pos (-4.9886, 127.0000, 5.2803) vel (0.1053, 0.0000, 0.0540)
[2026-09-19 14:03:21.585] [info] EVIDENCE mob 29 health 20.0000 pos (-4.8017, 127.0000, 5.3994) vel (0.1021, 0.0000, 0.0650)
[2026-09-19 14:03:21.604] [info] EVIDENCE mob 29 health 20.0000 pos (-4.8017, 127.0000, 5.3994) vel (0.1021, 0.0000, 0.0650)
[2026-09-19 14:03:21.607] [info] EVIDENCE mob 29 health 20.0000 pos (-4.8017, 127.0000, 5.3994) vel (0.1021, 0.0000, 0.0650)
[2026-09-19 14:03:21.620] [info] EVIDENCE mob 29 health 20.0000 pos (-4.8017, 127.0000, 5.3994) vel (0.1021, 0.0000, 0.0650)
[2026-09-19 14:03:21.634] [info] EVIDENCE mob 29 health 20.0000 pos (-4.6182, 127.0000, 5.5298) vel (0.1002, 0.0000, 0.0712)
[2026-09-19 14:03:21.647] [info] EVIDENCE mob 29 health 20.0000 pos (-4.6182, 127.0000, 5.5298) vel (0.1002, 0.0000, 0.0712)
[2026-09-19 14:03:21.662] [info] EVIDENCE mob 29 health 20.0000 pos (-4.6182, 127.0000, 5.5298) vel (0.1002, 0.0000, 0.0712)
[2026-09-19 14:03:21.675] [info] EVIDENCE mob 29 health 20.0000 pos (-4.4367, 127.0000, 5.6666) vel (0.0991, 0.0000, 0.0746)
[2026-09-19 14:03:21.689] [info] EVIDENCE mob 29 health 20.0000 pos (-4.4367, 127.0000, 5.6666) vel (0.0991, 0.0000, 0.0746)
[2026-09-19 14:03:21.703] [info] EVIDENCE mob 29 health 20.0000 pos (-4.4367, 127.0000, 5.6666) vel (0.0991, 0.0000, 0.0746)
[2026-09-19 14:03:21.717] [info] EVIDENCE mob 29 health 20.0000 pos (-4.4367, 127.0000, 5.6666) vel (0.0991, 0.0000, 0.0746)
[2026-09-19 14:03:21.730] [info] EVIDENCE mob 29 health 20.0000 pos (-4.2564, 127.0000, 5.8068) vel (0.0985, 0.0000, 0.0766)
[2026-09-19 14:03:21.745] [info] EVIDENCE mob 29 health 20.0000 pos (-4.2564, 127.0000, 5.8068) vel (0.0985, 0.0000, 0.0766)
[2026-09-19 14:03:21.758] [info] EVIDENCE mob 29 health 20.0000 pos (-4.2564, 127.0000, 5.8068) vel (0.0985, 0.0000, 0.0766)
[2026-09-19 14:03:21.776] [info] EVIDENCE mob 29 health 20.0000 pos (-4.0768, 127.0000, 5.9491) vel (0.0981, 0.0000, 0.0777)
[2026-09-19 14:03:21.779] [info] EVIDENCE mob 29 health 20.0000 pos (-4.0768, 127.0000, 5.9491) vel (0.0981, 0.0000, 0.0777)
[2026-09-19 14:03:21.794] [info] EVIDENCE mob 29 health 20.0000 pos (-4.0768, 127.0000, 5.9491) vel (0.0981, 0.0000, 0.0777)
[2026-09-19 14:03:21.807] [info] EVIDENCE probe yaw 0.0000 pitch 0.0000 eye (-7.035, 126.620, 6.060) nearest_mob 20 dist 0.000
[2026-09-19 14:03:21.807] [info] EVIDENCE mob 29 health 20.0000 pos (-4.0768, 127.0000, 5.9491) vel (0.0981, 0.0000, 0.0777)
[2026-09-19 14:03:21.823] [info] EVIDENCE summon hollow_wretch id=30 at (-7.0, 125.0, 4.1)
[2026-09-19 14:03:21.823] [info] EVIDENCE mob 30 health 20.0000 pos (-7.0355, 125.0000, 4.0601) vel (0.0000, 0.0000, 0.0000)
[2026-09-19 14:03:21.835] [info] EVIDENCE mob 30 health 20.0000 pos (-7.1345, 126.0000, 4.0271) vel (-0.0541, 0.0000, -0.0181)
[2026-09-19 14:03:21.849] [info] EVIDENCE mob 30 health 20.0000 pos (-7.1345, 126.0000, 4.0271) vel (-0.0541, 0.0000, -0.0181)
[2026-09-19 14:03:21.863] [info] EVIDENCE mob 30 health 20.0000 pos (-7.1345, 126.0000, 4.0271) vel (-0.0541, 0.0000, -0.0181)
[2026-09-19 14:03:21.881] [info] EVIDENCE mob 30 health 20.0000 pos (-7.2817, 126.0000, 4.0564) vel (-0.0803, 0.0000, 0.0160)
[2026-09-19 14:03:21.885] [info] EVIDENCE mob 30 health 20.0000 pos (-7.2817, 126.0000, 4.0564) vel (-0.0803, 0.0000, 0.0160)
[2026-09-19 14:03:21.897] [info] EVIDENCE mob 30 health 20.0000 pos (-7.2817, 126.0000, 4.0564) vel (-0.0803, 0.0000, 0.0160)
[2026-09-19 14:03:21.912] [info] EVIDENCE mob 30 health 20.0000 pos (-7.2817, 126.0000, 4.0564) vel (-0.0803, 0.0000, 0.0160)
[2026-09-19 14:03:21.925] [info] EVIDENCE mob 30 health 20.0000 pos (-7.4549, 126.0000, 4.1201) vel (-0.0946, 0.0000, 0.0348)
[2026-09-19 14:03:21.939] [info] EVIDENCE mob 30 health 20.0000 pos (-7.4549, 126.0000, 4.1201) vel (-0.0946, 0.0000, 0.0348)
[2026-09-19 14:03:21.953] [info] EVIDENCE mob 30 health 20.0000 pos (-7.4549, 126.0000, 4.1201) vel (-0.0946, 0.0000, 0.0348)
[2026-09-19 14:03:21.967] [info] EVIDENCE mob 30 health 20.0000 pos (-7.4549, 126.0000, 4.1201) vel (-0.0946, 0.0000, 0.0348)
[2026-09-19 14:03:21.980] [info] EVIDENCE mob 30 health 20.0000 pos (-7.6422, 125.9200, 4.2028) vel (-0.1705, -0.0784, 0.0753)
[2026-09-19 14:03:21.995] [info] EVIDENCE lmb down | yaw 0.0000 picked 20 dist 0.000 swinging false age 17 charge 1.000 sprint false fall false onground true vy -0.0200
[2026-09-19 14:03:21.995] [info] EVIDENCE mob 30 health 20.0000 pos (-7.6422, 125.9200, 4.2028) vel (-0.1705, -0.0784, 0.0753)
[2026-09-19 14:03:22.008] [info] EVIDENCE mob 30 health 20.0000 pos (-7.6422, 125.9200, 4.2028) vel (-0.1705, -0.0784, 0.0753)
[2026-09-19 14:03:22.022] [info] EVIDENCE mob 30 health 20.0000 pos (-7.6422, 125.9200, 4.2028) vel (-0.1705, -0.0784, 0.0753)
[2026-09-19 14:03:22.037] [info] EVIDENCE swing weapon 33 charge 1.000000 charged true crit false falling false sprinting false damage 4.000000
[2026-09-19 14:03:22.037] [info] EVIDENCE knockback 0.4 (sprint gate false)
[2026-09-19 14:03:22.037] [info] attacked mob 20 at (-7.04, 125.00, 6.06) charge 1.000
[2026-09-19 14:03:22.037] [info] EVIDENCE mob 30 health 20.0000 pos (-7.9054, 125.7616, 4.3262) vel (-0.2395, -0.1552, 0.1123)
[2026-09-19 14:03:22.050] [info] EVIDENCE lmb up
[2026-09-19 14:03:22.050] [info] EVIDENCE mob 30 health 20.0000 pos (-7.9054, 125.7616, 4.3262) vel (-0.2395, -0.1552, 0.1123)
[2026-09-19 14:03:22.064] [info] EVIDENCE mob 30 health 20.0000 pos (-7.9054, 125.7616, 4.3262) vel (-0.2395, -0.1552, 0.1123)
[2026-09-19 14:03:22.079] [info] EVIDENCE mob 30 health 20.0000 pos (-8.2375, 125.5264, 4.4866) vel (-0.3022, -0.2305, 0.1460)
[2026-09-19 14:03:22.092] [info] EVIDENCE mob 30 health 20.0000 pos (-8.2375, 125.5264, 4.4866) vel (-0.3022, -0.2305, 0.1460)
[2026-09-19 14:03:22.105] [info] EVIDENCE mob 30 health 20.0000 pos (-8.2375, 125.5264, 4.4866) vel (-0.3022, -0.2305, 0.1460)
[2026-09-19 14:03:22.120] [info] EVIDENCE mob 30 health 20.0000 pos (-8.2375, 125.5264, 4.4866) vel (-0.3022, -0.2305, 0.1460)
[2026-09-19 14:03:22.134] [info] EVIDENCE mob 30 health 20.0000 pos (-8.6323, 125.2158, 4.6809) vel (-0.3593, -0.3043, 0.1768)
[2026-09-19 14:03:22.147] [info] EVIDENCE mob 30 health 20.0000 pos (-8.6323, 125.2158, 4.6809) vel (-0.3593, -0.3043, 0.1768)
[2026-09-19 14:03:22.162] [info] EVIDENCE mob 30 health 20.0000 pos (-8.6323, 125.2158, 4.6809) vel (-0.3593, -0.3043, 0.1768)
[2026-09-19 14:03:22.175] [info] EVIDENCE mob 30 health 20.0000 pos (-8.6323, 125.2158, 4.6809) vel (-0.3593, -0.3043, 0.1768)
[2026-09-19 14:03:22.189] [info] EVIDENCE mob 30 health 20.0000 pos (-9.0841, 124.8315, 4.9062) vel (-0.4111, -0.3766, 0.2050)
[2026-09-19 14:03:22.203] [info] EVIDENCE mob 30 health 20.0000 pos (-9.0841, 124.8315, 4.9062) vel (-0.4111, -0.3766, 0.2050)
[2026-09-19 14:03:22.217] [info] EVIDENCE probe yaw 0.0000 pitch 0.0000 eye (-7.035, 126.620, 6.060) nearest_mob 0 dist 1000000000.000
[2026-09-19 14:03:22.217] [info] EVIDENCE mob 30 health 20.0000 pos (-9.0841, 124.8315, 4.9062) vel (-0.4111, -0.3766, 0.2050)
[2026-09-19 14:03:22.231] [info] EVIDENCE mob 30 health 20.0000 pos (-9.5877, 124.3749, 5.1597) vel (-0.4583, -0.4475, 0.2307)
[2026-09-19 14:03:22.245] [info] EVIDENCE mob 30 health 20.0000 pos (-9.5877, 124.3749, 5.1597) vel (-0.4583, -0.4475, 0.2307)
[2026-09-19 14:03:22.259] [info] EVIDENCE mob 30 health 20.0000 pos (-9.5877, 124.3749, 5.1597) vel (-0.4583, -0.4475, 0.2307)
[2026-09-19 14:03:22.272] [info] EVIDENCE mob 30 health 20.0000 pos (-9.5877, 124.3749, 5.1597) vel (-0.4583, -0.4475, 0.2307)
[2026-09-19 14:03:22.287] [info] EVIDENCE mob 30 health 20.0000 pos (-10.1384, 124.0000, 5.4390) vel (-0.3007, 0.0000, 0.1525)
[2026-09-19 14:03:22.300] [info] EVIDENCE mob 30 health 20.0000 pos (-10.1384, 124.0000, 5.4390) vel (-0.3007, 0.0000, 0.1525)
[2026-09-19 14:03:22.314] [info] EVIDENCE mob 30 health 20.0000 pos (-10.1384, 124.0000, 5.4390) vel (-0.3007, 0.0000, 0.1525)
[2026-09-19 14:03:22.329] [info] EVIDENCE mob 30 health 20.0000 pos (-10.5314, 124.0000, 5.6403) vel (-0.2146, 0.0000, 0.1099)
[2026-09-19 14:03:22.342] [info] EVIDENCE mob 30 health 20.0000 pos (-10.5314, 124.0000, 5.6403) vel (-0.2146, 0.0000, 0.1099)
[2026-09-19 14:03:22.356] [info] EVIDENCE mob 30 health 20.0000 pos (-10.5314, 124.0000, 5.6403) vel (-0.2146, 0.0000, 0.1099)
[2026-09-19 14:03:22.370] [info] EVIDENCE mob 30 health 20.0000 pos (-10.5314, 124.0000, 5.6403) vel (-0.2146, 0.0000, 0.1099)
[2026-09-19 14:03:22.384] [info] EVIDENCE mob 30 health 20.0000 pos (-10.8382, 123.9200, 5.7991) vel (-0.2792, -0.0784, 0.1445)
[2026-09-19 14:03:22.397] [info] EVIDENCE mob 30 health 20.0000 pos (-10.8382, 123.9200, 5.7991) vel (-0.2792, -0.0784, 0.1445)
[2026-09-19 14:03:22.411] [info] EVIDENCE mob 30 health 20.0000 pos (-10.8382, 123.9200, 5.7991) vel (-0.2792, -0.0784, 0.1445)
[2026-09-19 14:03:22.426] [info] EVIDENCE mob 30 health 20.0000 pos (-10.8382, 123.9200, 5.7991) vel (-0.2792, -0.0784, 0.1445)
[2026-09-19 14:03:22.439] [info] EVIDENCE mob 30 health 20.0000 pos (-11.2097, 123.7616, 5.9925) vel (-0.3381, -0.1552, 0.1760)
[2026-09-19 14:03:22.453] [info] EVIDENCE mob 30 health 20.0000 pos (-11.2097, 123.7616, 5.9925) vel (-0.3381, -0.1552, 0.1760)
[2026-09-19 14:03:22.467] [info] EVIDENCE mob 30 health 20.0000 pos (-11.2097, 123.7616, 5.9925) vel (-0.3381, -0.1552, 0.1760)
[2026-09-19 14:03:22.481] [info] EVIDENCE mob 30 health 20.0000 pos (-11.6400, 123.5264, 6.2175) vel (-0.3916, -0.2305, 0.2047)
[2026-09-19 14:03:22.495] [info] EVIDENCE mob 30 health 20.0000 pos (-11.6400, 123.5264, 6.2175) vel (-0.3916, -0.2305, 0.2047)
[2026-09-19 14:03:22.508] [info] EVIDENCE mob 30 health 20.0000 pos (-11.6400, 123.5264, 6.2175) vel (-0.3916, -0.2305, 0.2047)
[2026-09-19 14:03:22.522] [info] EVIDENCE mob 30 health 20.0000 pos (-11.6400, 123.5264, 6.2175) vel (-0.3916, -0.2305, 0.2047)
[2026-09-19 14:03:22.537] [info] EVIDENCE mob 30 health 20.0000 pos (-12.1237, 123.2158, 6.4712) vel (-0.4402, -0.3043, 0.2309)
[2026-09-19 14:03:22.550] [info] EVIDENCE mob 30 health 20.0000 pos (-12.1237, 123.2158, 6.4712) vel (-0.4402, -0.3043, 0.2309)
[2026-09-19 14:03:22.564] [info] EVIDENCE mob 30 health 20.0000 pos (-12.1237, 123.2158, 6.4712) vel (-0.4402, -0.3043, 0.2309)
[2026-09-19 14:03:22.578] [info] EVIDENCE mob 30 health 20.0000 pos (-12.6561, 123.0000, 6.7512) vel (-0.2907, 0.0000, 0.1529)
[2026-09-19 14:03:22.592] [info] EVIDENCE mob 30 health 20.0000 pos (-12.6561, 123.0000, 6.7512) vel (-0.2907, 0.0000, 0.1529)
[2026-09-19 14:03:22.605] [info] EVIDENCE mob 30 health 20.0000 pos (-12.6561, 123.0000, 6.7512) vel (-0.2907, 0.0000, 0.1529)
[2026-09-19 14:03:22.620] [info] EVIDENCE mob 30 health 20.0000 pos (-12.6561, 123.0000, 6.7512) vel (-0.2907, 0.0000, 0.1529)
[2026-09-19 14:03:22.633] [info] EVIDENCE probe yaw 0.0000 pitch 0.0000 eye (-7.035, 126.620, 6.060) nearest_mob 27 dist 2.241
[2026-09-19 14:03:22.633] [info] EVIDENCE mob 30 health 20.0000 pos (-13.0389, 123.0000, 6.9532) vel (-0.2090, 0.0000, 0.1103)
[2026-09-19 14:03:22.647] [info] EVIDENCE mob 30 health 20.0000 pos (-13.0389, 123.0000, 6.9532) vel (-0.2090, 0.0000, 0.1103)
[2026-09-19 14:03:22.662] [info] EVIDENCE mob 30 health 20.0000 pos (-13.0389, 123.0000, 6.9532) vel (-0.2090, 0.0000, 0.1103)
[2026-09-19 14:03:22.675] [info] EVIDENCE mob 30 health 20.0000 pos (-13.0389, 123.0000, 6.9532) vel (-0.2090, 0.0000, 0.1103)
[2026-09-19 14:03:22.689] [info] EVIDENCE mob 30 health 20.0000 pos (-13.3400, 123.0000, 7.1128) vel (-0.1644, 0.0000, 0.0871)
[2026-09-19 14:03:22.704] [info] EVIDENCE mob 30 health 20.0000 pos (-13.3400, 123.0000, 7.1128) vel (-0.1644, 0.0000, 0.0871)
[2026-09-19 14:03:22.717] [info] EVIDENCE mob 30 health 20.0000 pos (-13.3400, 123.0000, 7.1128) vel (-0.1644, 0.0000, 0.0871)
[2026-09-19 14:03:22.730] [info] EVIDENCE mob 30 health 20.0000 pos (-13.5965, 122.9200, 7.2491) vel (-0.2334, -0.0784, 0.1241)
[2026-09-19 14:03:22.745] [info] EVIDENCE mob 30 health 20.0000 pos (-13.5965, 122.9200, 7.2491) vel (-0.2334, -0.0784, 0.1241)
[2026-09-19 14:03:22.758] [info] EVIDENCE mob 30 health 20.0000 pos (-13.5965, 122.9200, 7.2491) vel (-0.2334, -0.0784, 0.1241)
[2026-09-19 14:03:22.772] [info] EVIDENCE mob 30 health 20.0000 pos (-13.5965, 122.9200, 7.2491) vel (-0.2334, -0.0784, 0.1241)
[2026-09-19 14:03:22.787] [info] EVIDENCE mob 30 health 20.0000 pos (-13.9219, 122.7616, 7.4225) vel (-0.2962, -0.1552, 0.1578)
[2026-09-19 14:03:22.800] [info] EVIDENCE mob 30 health 20.0000 pos (-13.9219, 122.7616, 7.4225) vel (-0.2962, -0.1552, 0.1578)
[2026-09-19 14:03:22.814] [info] EVIDENCE mob 30 health 20.0000 pos (-13.9219, 122.7616, 7.4225) vel (-0.2962, -0.1552, 0.1578)
[2026-09-19 14:03:22.828] [info] EVIDENCE mob 30 health 20.0000 pos (-13.9219, 122.7616, 7.4225) vel (-0.2962, -0.1552, 0.1578)
[2026-09-19 14:03:22.845] [info] EVIDENCE mob 30 health 20.0000 pos (-14.3101, 122.5264, 7.6296) vel (-0.3533, -0.2305, 0.1884)
[2026-09-19 14:03:22.855] [info] EVIDENCE mob 30 health 20.0000 pos (-14.3101, 122.5264, 7.6296) vel (-0.3533, -0.2305, 0.1884)
[2026-09-19 14:03:22.870] [info] EVIDENCE mob 30 health 20.0000 pos (-14.3101, 122.5264, 7.6296) vel (-0.3533, -0.2305, 0.1884)
[2026-09-19 14:03:22.883] [info] EVIDENCE mob 30 health 20.0000 pos (-14.7554, 122.2158, 7.8674) vel (-0.4052, -0.3043, 0.2164)
[2026-09-19 14:03:22.897] [info] EVIDENCE mob 30 health 20.0000 pos (-14.7554, 122.2158, 7.8674) vel (-0.4052, -0.3043, 0.2164)
[2026-09-19 14:03:22.912] [info] EVIDENCE mob 30 health 20.0000 pos (-14.7554, 122.2158, 7.8674) vel (-0.4052, -0.3043, 0.2164)
[2026-09-19 14:03:22.925] [info] EVIDENCE mob 30 health 20.0000 pos (-14.7554, 122.2158, 7.8674) vel (-0.4052, -0.3043, 0.2164)
[2026-09-19 14:03:22.939] [info] EVIDENCE mob 30 health 20.0000 pos (-15.2526, 122.0000, 8.1332) vel (-0.2715, 0.0000, 0.1451)
[2026-09-19 14:03:22.953] [info] EVIDENCE mob 30 health 20.0000 pos (-15.2526, 122.0000, 8.1332) vel (-0.2715, 0.0000, 0.1451)
[2026-09-19 14:03:22.967] [info] EVIDENCE mob 30 health 20.0000 pos (-15.2526, 122.0000, 8.1332) vel (-0.2715, 0.0000, 0.1451)
[2026-09-19 14:03:22.980] [info] EVIDENCE mob 30 health 20.0000 pos (-15.5241, 122.0000, 8.2783) vel (-0.1482, 0.0000, 0.0792)
[2026-09-19 14:03:22.995] [info] EVIDENCE mob 30 health 20.0000 pos (-15.5241, 122.0000, 8.2783) vel (-0.1482, 0.0000, 0.0792)
[2026-09-19 14:03:23.008] [info] EVIDENCE mob 30 health 20.0000 pos (-15.5241, 122.0000, 8.2783) vel (-0.1482, 0.0000, 0.0792)
[2026-09-19 14:03:23.022] [info] EVIDENCE mob 30 health 20.0000 pos (-15.5241, 122.0000, 8.2783) vel (-0.1482, 0.0000, 0.0792)
[2026-09-19 14:03:23.037] [info] EVIDENCE mob 30 health 20.0000 pos (-15.6922, 122.0000, 8.2550) vel (-0.0918, 0.0000, -0.0127)
[2026-09-19 14:03:23.050] [info] EVIDENCE probe yaw 0.0000 pitch 0.0000 eye (-7.035, 126.620, 6.060) nearest_mob 0 dist 1000000000.000
[2026-09-19 14:03:23.050] [info] EVIDENCE mob 30 health 20.0000 pos (-15.6922, 122.0000, 8.2550) vel (-0.0918, 0.0000, -0.0127)
[2026-09-19 14:03:23.064] [info] EVIDENCE mob 30 health 20.0000 pos (-15.6922, 122.0000, 8.2550) vel (-0.0918, 0.0000, -0.0127)
[2026-09-19 14:03:23.083] [info] EVIDENCE mob 30 health 20.0000 pos (-15.8005, 122.0000, 8.1392) vel (-0.0592, 0.0000, -0.0632)
[2026-09-19 14:03:23.086] [info] EVIDENCE mob 30 health 20.0000 pos (-15.8005, 122.0000, 8.1392) vel (-0.0592, 0.0000, -0.0632)
[2026-09-19 14:03:23.099] [info] EVIDENCE mob 30 health 20.0000 pos (-15.8005, 122.0000, 8.1392) vel (-0.0592, 0.0000, -0.0632)
[2026-09-19 14:03:23.113] [info] EVIDENCE mob 30 health 20.0000 pos (-15.8005, 122.0000, 8.1392) vel (-0.0592, 0.0000, -0.0632)
[2026-09-19 14:03:23.126] [info] EVIDENCE mob 30 health 20.0000 pos (-15.8005, 122.0000, 8.1392) vel (-0.0592, 0.0000, -0.0632)
[2026-09-19 14:03:23.141] [info] EVIDENCE mob 30 health 20.0000 pos (-15.8745, 122.0000, 7.9726) vel (-0.0404, 0.0000, -0.0910)
[2026-09-19 14:03:23.154] [info] EVIDENCE mob 30 health 20.0000 pos (-15.8745, 122.0000, 7.9726) vel (-0.0404, 0.0000, -0.0910)
[2026-09-19 14:03:23.168] [info] EVIDENCE mob 30 health 20.0000 pos (-15.8745, 122.0000, 7.9726) vel (-0.0404, 0.0000, -0.0910)
[2026-09-19 14:03:23.183] [info] EVIDENCE mob 30 health 20.0000 pos (-15.9285, 122.0000, 7.7781) vel (-0.0295, 0.0000, -0.1062)
[2026-09-19 14:03:23.196] [info] EVIDENCE mob 30 health 20.0000 pos (-15.9285, 122.0000, 7.7781) vel (-0.0295, 0.0000, -0.1062)
[2026-09-19 14:03:23.210] [info] EVIDENCE mob 30 health 20.0000 pos (-15.9285, 122.0000, 7.7781) vel (-0.0295, 0.0000, -0.1062)
[2026-09-19 14:03:23.224] [info] EVIDENCE mob 30 health 20.0000 pos (-15.9285, 122.0000, 7.7781) vel (-0.0295, 0.0000, -0.1062)
[2026-09-19 14:03:23.237] [info] EVIDENCE mob 30 health 20.0000 pos (-15.9711, 122.0000, 7.5684) vel (-0.0233, 0.0000, -0.1145)
[2026-09-19 14:03:23.251] [info] EVIDENCE mob 30 health 20.0000 pos (-15.9711, 122.0000, 7.5684) vel (-0.0233, 0.0000, -0.1145)
[2026-09-19 14:03:23.266] [info] EVIDENCE mob 30 health 20.0000 pos (-15.9711, 122.0000, 7.5684) vel (-0.0233, 0.0000, -0.1145)
[2026-09-19 14:03:23.279] [info] EVIDENCE mob 30 health 20.0000 pos (-15.9711, 122.0000, 7.5684) vel (-0.0233, 0.0000, -0.1145)
[2026-09-19 14:03:23.295] [info] mob hollow_wretch spawned at (-63.8, 117.0, -4.2) in chunk (-4, -1)
[2026-09-19 14:03:23.295] [info] mob hollow_wretch spawned at (-61.5, 117.0, -4.4) in chunk (-4, -1)
[2026-09-19 14:03:23.295] [info] EVIDENCE mob 30 health 20.0000 pos (-16.0071, 122.0000, 7.3502) vel (-0.0196, 0.0000, -0.1191)
[2026-09-19 14:03:23.309] [info] EVIDENCE summon hollow_wretch id=33 at (-6.0, 125.0, 4.1)
[2026-09-19 14:03:23.309] [info] EVIDENCE mob 33 health 20.0000 pos (-6.0355, 125.0000, 4.0601) vel (0.0000, 0.0000, 0.0000)
[2026-09-19 14:03:23.321] [info] EVIDENCE mob 33 health 20.0000 pos (-6.0355, 125.0000, 4.0601) vel (0.0000, 0.0000, 0.0000)
[2026-09-19 14:03:23.335] [info] EVIDENCE mob 33 health 20.0000 pos (-6.1331, 126.0000, 4.0231) vel (-0.0533, 0.0000, -0.0202)
[2026-09-19 14:03:23.349] [info] EVIDENCE mob 33 health 20.0000 pos (-6.1331, 126.0000, 4.0231) vel (-0.0533, 0.0000, -0.0202)
[2026-09-19 14:03:23.363] [info] EVIDENCE mob 33 health 20.0000 pos (-6.1331, 126.0000, 4.0231) vel (-0.0533, 0.0000, -0.0202)
[2026-09-19 14:03:23.377] [info] EVIDENCE mob 33 health 20.0000 pos (-6.1331, 126.0000, 4.0231) vel (-0.0533, 0.0000, -0.0202)
[2026-09-19 14:03:23.397] [info] EVIDENCE mob 33 health 20.0000 pos (-6.2281, 126.0000, 3.9072) vel (-0.0518, 0.0000, -0.0633)
[2026-09-19 14:03:23.398] [info] fps 72.8 | pos (-7.04, 125.00, 6.06) | chunks 126 | stream-meshed 117
[2026-09-19 14:03:23.399] [info] EVIDENCE mob 33 health 20.0000 pos (-6.2281, 126.0000, 3.9072) vel (-0.0518, 0.0000, -0.0633)
[2026-09-19 14:03:23.412] [info] EVIDENCE mob 33 health 20.0000 pos (-6.2281, 126.0000, 3.9072) vel (-0.0518, 0.0000, -0.0633)
[2026-09-19 14:03:23.426] [info] EVIDENCE mob 33 health 20.0000 pos (-6.2281, 126.0000, 3.9072) vel (-0.0518, 0.0000, -0.0633)
[2026-09-19 14:03:23.439] [info] EVIDENCE mob 33 health 20.0000 pos (-6.3208, 126.0000, 3.7478) vel (-0.0507, 0.0000, -0.0870)
[2026-09-19 14:03:23.453] [info] EVIDENCE probe yaw 0.0000 pitch 0.0000 eye (-7.035, 126.620, 6.060) nearest_mob 0 dist 1000000000.000
[2026-09-19 14:03:23.453] [info] EVIDENCE mob 33 health 20.0000 pos (-6.3208, 126.0000, 3.7478) vel (-0.0507, 0.0000, -0.0870)
[2026-09-19 14:03:23.467] [info] EVIDENCE mob 33 health 20.0000 pos (-6.3208, 126.0000, 3.7478) vel (-0.0507, 0.0000, -0.0870)
[2026-09-19 14:03:23.480] [info] EVIDENCE mob 33 health 20.0000 pos (-6.3208, 126.0000, 3.7478) vel (-0.0507, 0.0000, -0.0870)
[2026-09-19 14:03:23.495] [info] EVIDENCE mob 33 health 20.0000 pos (-6.4120, 126.0000, 3.5645) vel (-0.0498, 0.0000, -0.1001)
[2026-09-19 14:03:23.509] [info] EVIDENCE lmb down | yaw 0.0000 picked 0 dist 0.000 swinging false age 29 charge 1.000 sprint false fall false onground true vy -0.0200
[2026-09-19 14:03:23.509] [info] EVIDENCE mob 33 health 20.0000 pos (-6.4120, 126.0000, 3.5645) vel (-0.0498, 0.0000, -0.1001)
[2026-09-19 14:03:23.522] [info] EVIDENCE mob 33 health 20.0000 pos (-6.4120, 126.0000, 3.5645) vel (-0.0498, 0.0000, -0.1001)
[2026-09-19 14:03:23.537] [info] EVIDENCE mob 33 health 20.0000 pos (-6.5021, 126.0000, 3.3681) vel (-0.0492, 0.0000, -0.1072)
[2026-09-19 14:03:23.550] [info] EVIDENCE mob 33 health 20.0000 pos (-6.5021, 126.0000, 3.3681) vel (-0.0492, 0.0000, -0.1072)
[2026-09-19 14:03:23.564] [info] EVIDENCE mob 33 health 20.0000 pos (-6.5021, 126.0000, 3.3681) vel (-0.0492, 0.0000, -0.1072)
[2026-09-19 14:03:23.579] [info] EVIDENCE lmb up
[2026-09-19 14:03:23.579] [info] EVIDENCE mob 33 health 20.0000 pos (-6.5021, 126.0000, 3.3681) vel (-0.0492, 0.0000, -0.1072)
[2026-09-19 14:03:23.592] [info] EVIDENCE mob 33 health 20.0000 pos (-6.5913, 126.0000, 3.1645) vel (-0.0488, 0.0000, -0.1112)
[2026-09-19 14:03:23.605] [info] EVIDENCE mob 33 health 20.0000 pos (-6.5913, 126.0000, 3.1645) vel (-0.0488, 0.0000, -0.1112)
[2026-09-19 14:03:23.620] [info] EVIDENCE mob 33 health 20.0000 pos (-6.5913, 126.0000, 3.1645) vel (-0.0488, 0.0000, -0.1112)
[2026-09-19 14:03:23.633] [info] EVIDENCE mob 33 health 20.0000 pos (-6.5913, 126.0000, 3.1645) vel (-0.0488, 0.0000, -0.1112)
[2026-09-19 14:03:23.647] [info] EVIDENCE mob 33 health 20.0000 pos (-6.6801, 126.0000, 2.9569) vel (-0.0485, 0.0000, -0.1134)
[2026-09-19 14:03:23.662] [info] EVIDENCE mob 33 health 20.0000 pos (-6.6801, 126.0000, 2.9569) vel (-0.0485, 0.0000, -0.1134)
[2026-09-19 14:03:23.675] [info] EVIDENCE mob 33 health 20.0000 pos (-6.6801, 126.0000, 2.9569) vel (-0.0485, 0.0000, -0.1134)
[2026-09-19 14:03:23.689] [info] EVIDENCE mob 33 health 20.0000 pos (-6.7686, 126.0000, 2.7470) vel (-0.0483, 0.0000, -0.1146)
[2026-09-19 14:03:23.704] [info] EVIDENCE mob 33 health 20.0000 pos (-6.7686, 126.0000, 2.7470) vel (-0.0483, 0.0000, -0.1146)
[2026-09-19 14:03:23.717] [info] EVIDENCE mob 33 health 20.0000 pos (-6.7686, 126.0000, 2.7470) vel (-0.0483, 0.0000, -0.1146)
[2026-09-19 14:03:23.730] [info] EVIDENCE mob 33 health 20.0000 pos (-6.7686, 126.0000, 2.7470) vel (-0.0483, 0.0000, -0.1146)
[2026-09-19 14:03:23.745] [info] EVIDENCE mob 33 health 20.0000 pos (-6.8569, 126.0000, 2.5360) vel (-0.0482, 0.0000, -0.1152)
[2026-09-19 14:03:23.758] [info] EVIDENCE mob 33 health 20.0000 pos (-6.8569, 126.0000, 2.5360) vel (-0.0482, 0.0000, -0.1152)
[2026-09-19 14:03:23.772] [info] EVIDENCE mob 33 health 20.0000 pos (-6.8569, 126.0000, 2.5360) vel (-0.0482, 0.0000, -0.1152)
[2026-09-19 14:03:23.787] [info] EVIDENCE mob 33 health 20.0000 pos (-6.9450, 126.0000, 2.3243) vel (-0.0481, 0.0000, -0.1156)
[2026-09-19 14:03:23.800] [info] EVIDENCE mob 33 health 20.0000 pos (-6.9450, 126.0000, 2.3243) vel (-0.0481, 0.0000, -0.1156)
[2026-09-19 14:03:23.814] [info] EVIDENCE mob 33 health 20.0000 pos (-6.9450, 126.0000, 2.3243) vel (-0.0481, 0.0000, -0.1156)
[2026-09-19 14:03:23.828] [info] EVIDENCE mob 33 health 20.0000 pos (-6.9450, 126.0000, 2.3243) vel (-0.0481, 0.0000, -0.1156)
[2026-09-19 14:03:23.842] [info] EVIDENCE mob 33 health 20.0000 pos (-7.0331, 126.0000, 2.1122) vel (-0.0481, 0.0000, -0.1158)
[2026-09-19 14:03:23.855] [info] EVIDENCE mob 33 health 20.0000 pos (-7.0331, 126.0000, 2.1122) vel (-0.0481, 0.0000, -0.1158)
[2026-09-19 14:03:23.870] [info] EVIDENCE probe yaw 0.0000 pitch 0.0000 eye (-7.035, 126.620, 6.060) nearest_mob 33 dist 3.648
[2026-09-19 14:03:23.870] [info] EVIDENCE mob 33 health 20.0000 pos (-7.0331, 126.0000, 2.1122) vel (-0.0481, 0.0000, -0.1158)
[2026-09-19 14:03:23.883] [info] EVIDENCE mob 33 health 20.0000 pos (-7.0331, 126.0000, 2.1122) vel (-0.0481, 0.0000, -0.1158)
[2026-09-19 14:03:23.897] [info] EVIDENCE mob 33 health 20.0000 pos (-7.1211, 126.0000, 1.8999) vel (-0.0480, 0.0000, -0.1159)
[2026-09-19 14:03:23.912] [info] EVIDENCE mob 33 health 20.0000 pos (-7.1211, 126.0000, 1.8999) vel (-0.0480, 0.0000, -0.1159)
[2026-09-19 14:03:23.925] [info] EVIDENCE mob 33 health 20.0000 pos (-7.1211, 126.0000, 1.8999) vel (-0.0480, 0.0000, -0.1159)
[2026-09-19 14:03:23.939] [info] EVIDENCE mob 33 health 20.0000 pos (-7.2090, 126.0000, 1.6875) vel (-0.0480, 0.0000, -0.1160)
[2026-09-19 14:03:23.953] [info] EVIDENCE mob 33 health 20.0000 pos (-7.2090, 126.0000, 1.6875) vel (-0.0480, 0.0000, -0.1160)
[2026-09-19 14:03:23.967] [info] EVIDENCE mob 33 health 20.0000 pos (-7.2090, 126.0000, 1.6875) vel (-0.0480, 0.0000, -0.1160)
[2026-09-19 14:03:23.981] [info] EVIDENCE mob 33 health 20.0000 pos (-7.2090, 126.0000, 1.6875) vel (-0.0480, 0.0000, -0.1160)
[2026-09-19 14:03:24.002] [info] EVIDENCE mob 33 health 20.0000 pos (-7.2970, 126.0000, 1.4751) vel (-0.0480, 0.0000, -0.1160)
[2026-09-19 14:03:24.005] [info] EVIDENCE mob 33 health 20.0000 pos (-7.2970, 126.0000, 1.4751) vel (-0.0480, 0.0000, -0.1160)
[2026-09-19 14:03:24.009] [info] EVIDENCE mob 33 health 20.0000 pos (-7.2970, 126.0000, 1.4751) vel (-0.0480, 0.0000, -0.1160)
[2026-09-19 14:03:24.026] [info] EVIDENCE mob 33 health 20.0000 pos (-7.2970, 126.0000, 1.4751) vel (-0.0480, 0.0000, -0.1160)
[2026-09-19 14:03:24.030] [info] EVIDENCE mob 33 health 20.0000 pos (-7.2970, 126.0000, 1.4751) vel (-0.0480, 0.0000, -0.1160)
[2026-09-19 14:03:24.043] [info] EVIDENCE mob 33 health 20.0000 pos (-7.3849, 126.0000, 1.2626) vel (-0.0480, 0.0000, -0.1160)
[2026-09-19 14:03:24.058] [info] EVIDENCE mob 33 health 20.0000 pos (-7.3849, 126.0000, 1.2626) vel (-0.0480, 0.0000, -0.1160)
[2026-09-19 14:03:24.071] [info] EVIDENCE mob 33 health 20.0000 pos (-7.3849, 126.0000, 1.2626) vel (-0.0480, 0.0000, -0.1160)
[2026-09-19 14:03:24.085] [info] EVIDENCE mob 33 health 20.0000 pos (-7.3849, 126.0000, 1.2626) vel (-0.0480, 0.0000, -0.1160)
[2026-09-19 14:03:24.099] [info] EVIDENCE mob 33 health 20.0000 pos (-7.4728, 125.9200, 1.0501) vel (-0.0800, -0.0784, -0.1934)
[2026-09-19 14:03:24.112] [info] EVIDENCE mob 33 health 20.0000 pos (-7.4728, 125.9200, 1.0501) vel (-0.0800, -0.0784, -0.1934)
[2026-09-19 14:03:24.126] [info] EVIDENCE mob 33 health 20.0000 pos (-7.4728, 125.9200, 1.0501) vel (-0.0800, -0.0784, -0.1934)
[2026-09-19 14:03:24.141] [info] EVIDENCE mob 33 health 20.0000 pos (-7.5927, 125.7616, 0.7602) vel (-0.1091, -0.1552, -0.2638)
[2026-09-19 14:03:24.154] [info] EVIDENCE mob 33 health 20.0000 pos (-7.5927, 125.7616, 0.7602) vel (-0.1091, -0.1552, -0.2638)
[2026-09-19 14:03:24.168] [info] EVIDENCE mob 33 health 20.0000 pos (-7.5927, 125.7616, 0.7602) vel (-0.1091, -0.1552, -0.2638)
[2026-09-19 14:03:24.183] [info] EVIDENCE mob 33 health 20.0000 pos (-7.5927, 125.7616, 0.7602) vel (-0.1091, -0.1552, -0.2638)
[2026-09-19 14:03:24.196] [info] EVIDENCE mob 33 health 20.0000 pos (-7.7417, 125.5264, 0.3999) vel (-0.1356, -0.2305, -0.3279)
[2026-09-19 14:03:25.005] [info] EVIDENCE mob 33 health 20.0000 pos (-7.7417, 125.5264, 0.3999) vel (-0.1356, -0.2305, -0.3279)
[2026-09-19 14:03:25.008] [info] EVIDENCE mob 33 health 20.0000 pos (-7.7417, 125.5264, 0.3999) vel (-0.1356, -0.2305, -0.3279)
[2026-09-19 14:03:25.023] [info] EVIDENCE mob 33 health 20.0000 pos (-7.7417, 125.5264, 0.3999) vel (-0.1356, -0.2305, -0.3279)
[2026-09-19 14:03:25.036] [info] EVIDENCE mob 33 health 20.0000 pos (-7.7417, 125.5264, 0.3999) vel (-0.1356, -0.2305, -0.3279)
[2026-09-19 14:03:25.050] [info] EVIDENCE probe yaw 0.0000 pitch 0.0000 eye (-7.035, 126.620, 6.060) nearest_mob 0 dist 1000000000.000
[2026-09-19 14:03:25.050] [info] EVIDENCE mob 33 health 20.0000 pos (-7.9738, 126.0000, 0.0320) vel (-0.1267, -0.3043, -0.2009)
[2026-09-19 14:03:25.064] [info] EVIDENCE mob 33 health 20.0000 pos (-7.9738, 126.0000, 0.0320) vel (-0.1267, -0.3043, -0.2009)
[2026-09-19 14:03:25.078] [info] EVIDENCE mob 33 health 20.0000 pos (-7.9738, 126.0000, 0.0320) vel (-0.1267, -0.3043, -0.2009)
[2026-09-19 14:03:25.091] [info] EVIDENCE mob 33 health 20.0000 pos (-8.1347, 126.0000, -0.2675) vel (-0.0879, 0.0000, -0.1635)
[2026-09-19 14:03:25.106] [info] EVIDENCE mob 33 health 20.0000 pos (-8.1347, 126.0000, -0.2675) vel (-0.0879, 0.0000, -0.1635)
[2026-09-19 14:03:25.119] [info] EVIDENCE mob 33 health 20.0000 pos (-8.1347, 126.0000, -0.2675) vel (-0.0879, 0.0000, -0.1635)
[2026-09-19 14:03:25.133] [info] EVIDENCE mob 33 health 20.0000 pos (-8.1347, 126.0000, -0.2675) vel (-0.0879, 0.0000, -0.1635)
[2026-09-19 14:03:25.148] [info] EVIDENCE mob 33 health 20.0000 pos (-8.2226, 126.0000, -0.4310) vel (-0.0480, 0.0000, -0.0893)
[2026-09-19 14:03:25.161] [info] EVIDENCE mob 33 health 20.0000 pos (-8.2226, 126.0000, -0.4310) vel (-0.0480, 0.0000, -0.0893)
[2026-09-19 14:03:25.175] [info] EVIDENCE mob 33 health 20.0000 pos (-8.2226, 126.0000, -0.4310) vel (-0.0480, 0.0000, -0.0893)
[2026-09-19 14:03:25.190] [info] EVIDENCE mob 33 health 20.0000 pos (-8.3559, 126.0000, -0.5805) vel (-0.0728, 0.0000, -0.0816)
[2026-09-19 14:03:25.203] [info] EVIDENCE mob 33 health 20.0000 pos (-8.3559, 126.0000, -0.5805) vel (-0.0728, 0.0000, -0.0816)
[2026-09-19 14:03:25.216] [info] EVIDENCE mob 33 health 20.0000 pos (-8.3559, 126.0000, -0.5805) vel (-0.0728, 0.0000, -0.0816)
[2026-09-19 14:03:25.231] [info] EVIDENCE mob 33 health 20.0000 pos (-8.3559, 126.0000, -0.5805) vel (-0.0728, 0.0000, -0.0816)
[2026-09-19 14:03:25.244] [info] EVIDENCE mob 33 health 20.0000 pos (-8.5144, 125.9200, -0.7217) vel (-0.1442, -0.0784, -0.1285)
[2026-09-19 14:03:25.258] [info] EVIDENCE mob 33 health 20.0000 pos (-8.5144, 125.9200, -0.7217) vel (-0.1442, -0.0784, -0.1285)
[2026-09-19 14:03:25.273] [info] EVIDENCE mob 33 health 20.0000 pos (-8.5144, 125.9200, -0.7217) vel (-0.1442, -0.0784, -0.1285)
[2026-09-19 14:03:25.286] [info] EVIDENCE mob 33 health 20.0000 pos (-8.5144, 125.9200, -0.7217) vel (-0.1442, -0.0784, -0.1285)
[2026-09-19 14:03:25.300] [info] EVIDENCE mob 33 health 20.0000 pos (-8.7446, 125.7616, -0.9095) vel (-0.2095, -0.1552, -0.1709)
[2026-09-19 14:03:25.315] [info] EVIDENCE mob 33 health 20.0000 pos (-8.7446, 125.7616, -0.9095) vel (-0.2095, -0.1552, -0.1709)
[2026-09-19 14:03:25.328] [info] EVIDENCE mob 33 health 20.0000 pos (-8.7446, 125.7616, -0.9095) vel (-0.2095, -0.1552, -0.1709)
[2026-09-19 14:03:25.342] [info] EVIDENCE mob 33 health 20.0000 pos (-9.0402, 125.5264, -1.1394) vel (-0.2690, -0.2305, -0.2092)
[2026-09-19 14:03:25.356] [info] EVIDENCE mob 33 health 20.0000 pos (-9.0402, 125.5264, -1.1394) vel (-0.2690, -0.2305, -0.2092)
[2026-09-19 14:03:25.370] [info] EVIDENCE mob 33 health 20.0000 pos (-9.0402, 125.5264, -1.1394) vel (-0.2690, -0.2305, -0.2092)
[2026-09-19 14:03:25.383] [info] EVIDENCE mob 33 health 20.0000 pos (-9.0402, 125.5264, -1.1394) vel (-0.2690, -0.2305, -0.2092)
[2026-09-19 14:03:25.398] [info] EVIDENCE mob 33 health 20.0000 pos (-9.3956, 125.2158, -1.4073) vel (-0.3234, -0.3043, -0.2438)
[2026-09-19 14:03:25.411] [info] fps 74.5 | pos (-7.04, 125.00, 6.06) | chunks 126 | stream-meshed 117
[2026-09-19 14:03:25.411] [info] EVIDENCE mob 33 health 20.0000 pos (-9.3956, 125.2158, -1.4073) vel (-0.3234, -0.3043, -0.2438)
[2026-09-19 14:03:25.428] [info] EVIDENCE mob 33 health 20.0000 pos (-9.3956, 125.2158, -1.4073) vel (-0.3234, -0.3043, -0.2438)
[2026-09-19 14:03:25.434] [info] EVIDENCE mob 33 health 20.0000 pos (-9.3956, 125.2158, -1.4073) vel (-0.3234, -0.3043, -0.2438)
[2026-09-19 14:03:25.446] [info] EVIDENCE mob 33 health 20.0000 pos (-9.8057, 125.0000, -1.7094) vel (-0.2239, 0.0000, -0.1649)
[2026-09-19 14:03:25.460] [info] EVIDENCE probe yaw 0.0000 pitch 0.0000 eye (-7.035, 126.620, 6.060) nearest_mob 0 dist 1000000000.000
[2026-09-19 14:03:25.460] [info] EVIDENCE mob 33 health 20.0000 pos (-9.8057, 125.0000, -1.7094) vel (-0.2239, 0.0000, -0.1649)
[2026-09-19 14:03:25.473] [info] EVIDENCE mob 33 health 20.0000 pos (-9.8057, 125.0000, -1.7094) vel (-0.2239, 0.0000, -0.1649)
[2026-09-19 14:03:25.487] [info] EVIDENCE mob 33 health 20.0000 pos (-9.8057, 125.0000, -1.7094) vel (-0.2239, 0.0000, -0.1649)
[2026-09-19 14:03:25.502] [info] EVIDENCE mob 33 health 20.0000 pos (-10.1164, 125.0000, -1.9323) vel (-0.1697, 0.0000, -0.1217)
[2026-09-19 14:03:25.515] [info] EVIDENCE mob 33 health 20.0000 pos (-10.1164, 125.0000, -1.9323) vel (-0.1697, 0.0000, -0.1217)
[2026-09-19 14:03:25.529] [info] EVIDENCE mob 33 health 20.0000 pos (-10.1164, 125.0000, -1.9323) vel (-0.1697, 0.0000, -0.1217)
[2026-09-19 14:03:25.544] [info] EVIDENCE mob 33 health 20.0000 pos (-10.3731, 125.0000, -2.1117) vel (-0.1401, 0.0000, -0.0980)
[2026-09-19 14:03:25.557] [info] EVIDENCE mob 33 health 20.0000 pos (-10.3731, 125.0000, -2.1117) vel (-0.1401, 0.0000, -0.0980)
[2026-09-19 14:03:25.571] [info] EVIDENCE mob 33 health 20.0000 pos (-10.3731, 125.0000, -2.1117) vel (-0.1401, 0.0000, -0.0980)
[2026-09-19 14:03:25.585] [info] EVIDENCE mob 33 health 20.0000 pos (-10.3731, 125.0000, -2.1117) vel (-0.1401, 0.0000, -0.0980)
[2026-09-19 14:03:25.599] [info] EVIDENCE mob 33 health 20.0000 pos (-10.6004, 124.9200, -2.2673) vel (-0.2068, -0.0784, -0.1415)
[2026-09-19 14:03:25.612] [info] EVIDENCE mob 33 health 20.0000 pos (-10.6004, 124.9200, -2.2673) vel (-0.2068, -0.0784, -0.1415)
[2026-09-19 14:03:25.627] [info] EVIDENCE mob 33 health 20.0000 pos (-10.6004, 124.9200, -2.2673) vel (-0.2068, -0.0784, -0.1415)
[2026-09-19 14:03:25.643] [info] EVIDENCE scene reset: back to the respawn point (0.5, 132.0, 0.5)
[2026-09-19 14:03:25.643] [info] EVIDENCE mob 33 health 20.0000 pos (-10.8943, 124.7616, -2.4663) vel (-0.2675, -0.1552, -0.1811)
[2026-09-19 14:03:25.654] [info] EVIDENCE mob 33 health 20.0000 pos (-10.8943, 124.7616, -2.4663) vel (-0.2675, -0.1552, -0.1811)
[2026-09-19 14:03:25.668] [info] EVIDENCE mob 33 health 20.0000 pos (-10.8943, 124.7616, -2.4663) vel (-0.2675, -0.1552, -0.1811)
[2026-09-19 14:03:25.682] [info] EVIDENCE mob 33 health 20.0000 pos (-10.8943, 124.7616, -2.4663) vel (-0.2675, -0.1552, -0.1811)
[2026-09-19 14:03:25.696] [info] EVIDENCE mob 33 health 20.0000 pos (-11.2491, 125.0000, -2.7048) vel (-0.1937, -0.2305, -0.1302)
[2026-09-19 14:03:25.711] [info] EVIDENCE mob 33 health 20.0000 pos (-11.2491, 125.0000, -2.7048) vel (-0.1937, -0.2305, -0.1302)
[2026-09-19 14:03:25.724] [info] EVIDENCE mob 33 health 20.0000 pos (-11.2491, 125.0000, -2.7048) vel (-0.1937, -0.2305, -0.1302)
[2026-09-19 14:03:25.739] [info] EVIDENCE mob 33 health 20.0000 pos (-11.2491, 125.0000, -2.7048) vel (-0.1937, -0.2305, -0.1302)
[2026-09-19 14:03:25.752] [info] EVIDENCE mob 33 health 20.0000 pos (-11.5301, 125.0000, -2.8923) vel (-0.1534, 0.0000, -0.1024)
[2026-09-19 14:03:25.765] [info] EVIDENCE mob 33 health 20.0000 pos (-11.5301, 125.0000, -2.8923) vel (-0.1534, 0.0000, -0.1024)
[2026-09-19 14:03:25.780] [info] EVIDENCE mob 33 health 20.0000 pos (-11.5301, 125.0000, -2.8923) vel (-0.1534, 0.0000, -0.1024)
[2026-09-19 14:03:25.793] [info] EVIDENCE mob 33 health 20.0000 pos (-11.7709, 124.9200, -3.0519) vel (-0.2191, -0.0784, -0.1452)
[2026-09-19 14:03:25.807] [info] EVIDENCE mob 33 health 20.0000 pos (-11.7709, 124.9200, -3.0519) vel (-0.2191, -0.0784, -0.1452)
[2026-09-19 14:03:25.821] [info] EVIDENCE mob 33 health 20.0000 pos (-11.7709, 124.9200, -3.0519) vel (-0.2191, -0.0784, -0.1452)
[2026-09-19 14:03:25.835] [info] EVIDENCE mob 33 health 20.0000 pos (-11.7709, 124.9200, -3.0519) vel (-0.2191, -0.0784, -0.1452)
[2026-09-19 14:03:25.849] [info] EVIDENCE mob 33 health 20.0000 pos (-12.0774, 124.7616, -3.2542) vel (-0.2789, -0.1552, -0.1841)
[2026-09-19 14:03:25.862] [info] EVIDENCE mob 33 health 20.0000 pos (-12.0774, 124.7616, -3.2542) vel (-0.2789, -0.1552, -0.1841)
[2026-09-19 14:03:25.877] [info] EVIDENCE probe yaw 0.0000 pitch 0.0000 eye (0.500, 133.620, 0.500) nearest_mob 0 dist 1000000000.000
[2026-09-19 14:03:25.877] [info] EVIDENCE mob 33 health 20.0000 pos (-12.0774, 124.7616, -3.2542) vel (-0.2789, -0.1552, -0.1841)
[2026-09-19 14:03:25.890] [info] EVIDENCE mob 33 health 20.0000 pos (-12.0774, 124.7616, -3.2542) vel (-0.2789, -0.1552, -0.1841)
[2026-09-19 14:03:25.904] [info] EVIDENCE mob 33 health 20.0000 pos (-12.4438, 124.5264, -3.4955) vel (-0.3334, -0.2305, -0.2195)
[2026-09-19 14:03:25.919] [info] EVIDENCE mob 33 health 20.0000 pos (-12.4438, 124.5264, -3.4955) vel (-0.3334, -0.2305, -0.2195)
[2026-09-19 14:03:25.932] [info] EVIDENCE mob 33 health 20.0000 pos (-12.4438, 124.5264, -3.4955) vel (-0.3334, -0.2305, -0.2195)
[2026-09-19 14:03:25.946] [info] EVIDENCE mob 33 health 20.0000 pos (-12.8647, 124.2158, -3.7720) vel (-0.3830, -0.3043, -0.2516)
[2026-09-19 14:03:25.960] [info] EVIDENCE mob 33 health 20.0000 pos (-12.8647, 124.2158, -3.7720) vel (-0.3830, -0.3043, -0.2516)
[2026-09-19 14:03:25.974] [info] EVIDENCE mob 33 health 20.0000 pos (-12.8647, 124.2158, -3.7720) vel (-0.3830, -0.3043, -0.2516)
[2026-09-19 14:03:25.987] [info] EVIDENCE mob 33 health 20.0000 pos (-12.8647, 124.2158, -3.7720) vel (-0.3830, -0.3043, -0.2516)
[2026-09-19 14:03:26.004] [info] EVIDENCE mob 33 health 20.0000 pos (-13.3352, 124.0000, -4.0805) vel (-0.2569, 0.0000, -0.1685)
[2026-09-19 14:03:26.015] [info] EVIDENCE mob 33 health 20.0000 pos (-13.3352, 124.0000, -4.0805) vel (-0.2569, 0.0000, -0.1685)
[2026-09-19 14:03:26.029] [info] EVIDENCE mob 33 health 20.0000 pos (-13.3352, 124.0000, -4.0805) vel (-0.2569, 0.0000, -0.1685)
[2026-09-19 14:03:26.044] [info] EVIDENCE mob 33 health 20.0000 pos (-13.3352, 124.0000, -4.0805) vel (-0.2569, 0.0000, -0.1685)
[2026-09-19 14:03:26.057] [info] EVIDENCE mob 33 health 20.0000 pos (-13.5921, 124.0000, -4.2490) vel (-0.1403, 0.0000, -0.0920)
[2026-09-19 14:03:26.071] [info] EVIDENCE mob 33 health 20.0000 pos (-13.5921, 124.0000, -4.2490) vel (-0.1403, 0.0000, -0.0920)
[2026-09-19 14:03:26.085] [info] EVIDENCE mob 33 health 20.0000 pos (-13.5921, 124.0000, -4.2490) vel (-0.1403, 0.0000, -0.0920)
[2026-09-19 14:03:26.099] [info] EVIDENCE mob 33 health 20.0000 pos (-13.8271, 124.0000, -4.3851) vel (-0.1283, 0.0000, -0.0743)
[2026-09-19 14:03:26.116] [info] EVIDENCE mob 33 health 20.0000 pos (-13.8271, 124.0000, -4.3851) vel (-0.1283, 0.0000, -0.0743)
[2026-09-19 14:03:26.120] [info] EVIDENCE mob 33 health 20.0000 pos (-13.8271, 124.0000, -4.3851) vel (-0.1283, 0.0000, -0.0743)
[2026-09-19 14:03:26.133] [info] EVIDENCE mob 33 health 20.0000 pos (-13.8271, 124.0000, -4.3851) vel (-0.1283, 0.0000, -0.0743)
[2026-09-19 14:03:26.148] [info] EVIDENCE mob 33 health 20.0000 pos (-14.0502, 124.0000, -4.5029) vel (-0.1219, 0.0000, -0.0643)
[2026-09-19 14:03:26.161] [info] EVIDENCE mob 33 health 20.0000 pos (-14.0502, 124.0000, -4.5029) vel (-0.1219, 0.0000, -0.0643)
[2026-09-19 14:03:26.175] [info] EVIDENCE mob 33 health 20.0000 pos (-14.0502, 124.0000, -4.5029) vel (-0.1219, 0.0000, -0.0643)
[2026-09-19 14:03:26.189] [info] EVIDENCE mob 33 health 20.0000 pos (-14.0502, 124.0000, -4.5029) vel (-0.1219, 0.0000, -0.0643)
[2026-09-19 14:03:26.203] [info] EVIDENCE mob 33 health 20.0000 pos (-14.2672, 124.0000, -4.6105) vel (-0.1184, 0.0000, -0.0587)
[2026-09-19 14:03:26.217] [info] EVIDENCE mob 33 health 20.0000 pos (-14.2672, 124.0000, -4.6105) vel (-0.1184, 0.0000, -0.0587)
[2026-09-19 14:03:26.231] [info] EVIDENCE mob 33 health 20.0000 pos (-14.2672, 124.0000, -4.6105) vel (-0.1184, 0.0000, -0.0587)
[2026-09-19 14:03:26.245] [info] EVIDENCE mob 33 health 20.0000 pos (-14.2672, 124.0000, -4.6105) vel (-0.1184, 0.0000, -0.0587)
[2026-09-19 14:03:26.258] [info] EVIDENCE mob 33 health 20.0000 pos (-14.4807, 124.0000, -4.7122) vel (-0.1166, 0.0000, -0.0555)
[2026-09-19 14:03:26.273] [info] EVIDENCE mob 33 health 20.0000 pos (-14.4807, 124.0000, -4.7122) vel (-0.1166, 0.0000, -0.0555)
[2026-09-19 14:03:26.286] [info] EVIDENCE probe yaw 0.0000 pitch 0.0000 eye (0.500, 133.620, 0.500) nearest_mob 0 dist 1000000000.000
[2026-09-19 14:03:26.286] [info] EVIDENCE mob 33 health 20.0000 pos (-14.4807, 124.0000, -4.7122) vel (-0.1166, 0.0000, -0.0555)
[2026-09-19 14:03:26.300] [info] EVIDENCE mob 33 health 20.0000 pos (-14.6926, 123.9200, -4.8106) vel (-0.1928, -0.0784, -0.0895)
[2026-09-19 14:03:26.314] [info] EVIDENCE mob 33 health 20.0000 pos (-14.6926, 123.9200, -4.8106) vel (-0.1928, -0.0784, -0.0895)
[2026-09-19 14:03:26.328] [info] EVIDENCE mob 33 health 20.0000 pos (-14.6926, 123.9200, -4.8106) vel (-0.1928, -0.0784, -0.0895)
[2026-09-19 14:03:26.341] [info] EVIDENCE mob 33 health 20.0000 pos (-14.6926, 123.9200, -4.8106) vel (-0.1928, -0.0784, -0.0895)
[2026-09-19 14:03:26.356] [info] EVIDENCE mob 33 health 20.0000 pos (-14.9806, 123.7616, -4.9429) vel (-0.2621, -0.1552, -0.1204)
[2026-09-19 14:03:26.369] [info] EVIDENCE mob 33 health 20.0000 pos (-14.9806, 123.7616, -4.9429) vel (-0.2621, -0.1552, -0.1204)
[2026-09-19 14:03:26.383] [info] EVIDENCE mob 33 health 20.0000 pos (-14.9806, 123.7616, -4.9429) vel (-0.2621, -0.1552, -0.1204)
[2026-09-19 14:03:26.398] [info] EVIDENCE mob 33 health 20.0000 pos (-15.3380, 123.5264, -5.1060) vel (-0.3252, -0.2305, -0.1484)
[2026-09-19 14:03:26.411] [info] EVIDENCE mob 33 health 20.0000 pos (-15.3380, 123.5264, -5.1060) vel (-0.3252, -0.2305, -0.1484)
[2026-09-19 14:03:26.425] [info] EVIDENCE mob 33 health 20.0000 pos (-15.3380, 123.5264, -5.1060) vel (-0.3252, -0.2305, -0.1484)
[2026-09-19 14:03:26.439] [info] EVIDENCE mob 33 health 20.0000 pos (-15.3380, 123.5264, -5.1060) vel (-0.3252, -0.2305, -0.1484)
[2026-09-19 14:03:26.453] [info] EVIDENCE mob 33 health 20.0000 pos (-15.7586, 123.2158, -5.2971) vel (-0.3827, -0.3043, -0.1738)
[2026-09-19 14:03:26.466] [info] EVIDENCE mob 33 health 20.0000 pos (-15.7586, 123.2158, -5.2971) vel (-0.3827, -0.3043, -0.1738)
[2026-09-19 14:03:26.481] [info] EVIDENCE mob 33 health 20.0000 pos (-15.7586, 123.2158, -5.2971) vel (-0.3827, -0.3043, -0.1738)
[2026-09-19 14:03:26.494] [info] EVIDENCE mob 33 health 20.0000 pos (-15.7586, 123.2158, -5.2971) vel (-0.3827, -0.3043, -0.1738)
[2026-09-19 14:03:26.508] [info] EVIDENCE mob 33 health 20.0000 pos (-16.2367, 123.0000, -5.5133) vel (-0.2611, 0.0000, -0.1181)
[2026-09-19 14:03:26.523] [info] EVIDENCE mob 33 health 20.0000 pos (-16.2367, 123.0000, -5.5133) vel (-0.2611, 0.0000, -0.1181)
[2026-09-19 14:03:26.536] [info] EVIDENCE mob 33 health 20.0000 pos (-16.2367, 123.0000, -5.5133) vel (-0.2611, 0.0000, -0.1181)
[2026-09-19 14:03:26.550] [info] EVIDENCE mob 33 health 20.0000 pos (-16.5932, 123.0000, -5.6737) vel (-0.1947, 0.0000, -0.0875)
[2026-09-19 14:03:26.564] [info] EVIDENCE mob 33 health 20.0000 pos (-16.5932, 123.0000, -5.6737) vel (-0.1947, 0.0000, -0.0875)
[2026-09-19 14:03:26.578] [info] EVIDENCE mob 33 health 20.0000 pos (-16.5932, 123.0000, -5.6737) vel (-0.1947, 0.0000, -0.0875)
[2026-09-19 14:03:26.591] [info] EVIDENCE mob 33 health 20.0000 pos (-16.5932, 123.0000, -5.6737) vel (-0.1947, 0.0000, -0.0875)
[2026-09-19 14:03:26.606] [info] EVIDENCE mob 33 health 20.0000 pos (-16.8835, 123.0000, -5.8033) vel (-0.1585, 0.0000, -0.0708)
[2026-09-19 14:03:26.619] [info] EVIDENCE mob 33 health 20.0000 pos (-16.8835, 123.0000, -5.8033) vel (-0.1585, 0.0000, -0.0708)
[2026-09-19 14:03:26.633] [info] EVIDENCE mob 33 health 20.0000 pos (-16.8835, 123.0000, -5.8033) vel (-0.1585, 0.0000, -0.0708)
[2026-09-19 14:03:26.648] [info] EVIDENCE mob 33 health 20.0000 pos (-17.0420, 123.0000, -5.8740) vel (-0.0865, 0.0000, -0.0386)
[2026-09-19 14:03:26.661] [info] EVIDENCE mob 33 health 20.0000 pos (-17.0420, 123.0000, -5.8740) vel (-0.0865, 0.0000, -0.0386)
[2026-09-19 14:03:26.678] [info] EVIDENCE mob 33 health 20.0000 pos (-17.0420, 123.0000, -5.8740) vel (-0.0865, 0.0000, -0.0386)
[2026-09-19 14:03:26.691] [info] EVIDENCE mob 33 health 20.0000 pos (-17.0420, 123.0000, -5.8740) vel (-0.0865, 0.0000, -0.0386)
[2026-09-19 14:03:26.703] [info] EVIDENCE probe yaw 0.0000 pitch 0.0000 eye (0.500, 133.620, 0.500) nearest_mob 0 dist 1000000000.000
[2026-09-19 14:03:26.703] [info] EVIDENCE mob 33 health 20.0000 pos (-17.1877, 123.0000, -5.9987) vel (-0.0796, 0.0000, -0.0681)
[2026-09-19 14:03:26.716] [info] EVIDENCE mob 33 health 20.0000 pos (-17.1877, 123.0000, -5.9987) vel (-0.0796, 0.0000, -0.0681)
[2026-09-19 14:03:26.731] [info] EVIDENCE mob 33 health 20.0000 pos (-17.1877, 123.0000, -5.9987) vel (-0.0796, 0.0000, -0.0681)
[2026-09-19 14:03:26.744] [info] EVIDENCE mob 33 health 20.0000 pos (-17.1877, 123.0000, -5.9987) vel (-0.0796, 0.0000, -0.0681)
[2026-09-19 14:03:26.758] [info] EVIDENCE mob 33 health 20.0000 pos (-17.3262, 123.0000, -6.1529) vel (-0.0756, 0.0000, -0.0842)
[2026-09-19 14:03:26.773] [info] EVIDENCE mob 33 health 20.0000 pos (-17.3262, 123.0000, -6.1529) vel (-0.0756, 0.0000, -0.0842)
[2026-09-19 14:03:26.786] [info] EVIDENCE mob 33 health 20.0000 pos (-17.3262, 123.0000, -6.1529) vel (-0.0756, 0.0000, -0.0842)
[2026-09-19 14:03:26.800] [info] mob event: melee 3.0 damage at (0.8, 132.0, 1.8)
[2026-09-19 14:03:26.800] [info] mob melee for 3.0 at (0.80, 132.00, 1.83); health now 17.0
[2026-09-19 14:03:26.800] [info] EVIDENCE mob 33 health 20.0000 pos (-17.4607, 123.0000, -6.3234) vel (-0.0734, 0.0000, -0.0931)
[2026-09-19 14:03:26.815] [info] EVIDENCE mob 33 health 20.0000 pos (-17.4607, 123.0000, -6.3234) vel (-0.0734, 0.0000, -0.0931)
[2026-09-19 14:03:26.828] [info] EVIDENCE mob 33 health 20.0000 pos (-17.4607, 123.0000, -6.3234) vel (-0.0734, 0.0000, -0.0931)
[2026-09-19 14:03:26.842] [info] EVIDENCE mob 33 health 20.0000 pos (-17.4607, 123.0000, -6.3234) vel (-0.0734, 0.0000, -0.0931)
[2026-09-19 14:03:26.856] [info] EVIDENCE mob 33 health 20.0000 pos (-17.5929, 123.0000, -6.5028) vel (-0.0722, 0.0000, -0.0979)
[2026-09-19 14:03:26.869] [info] EVIDENCE mob 33 health 20.0000 pos (-17.5929, 123.0000, -6.5028) vel (-0.0722, 0.0000, -0.0979)
[2026-09-19 14:03:26.883] [info] EVIDENCE mob 33 health 20.0000 pos (-17.5929, 123.0000, -6.5028) vel (-0.0722, 0.0000, -0.0979)
[2026-09-19 14:03:26.898] [info] EVIDENCE mob 33 health 20.0000 pos (-17.5929, 123.0000, -6.5028) vel (-0.0722, 0.0000, -0.0979)
[2026-09-19 14:03:26.911] [info] EVIDENCE mob 33 health 20.0000 pos (-17.7239, 123.0000, -6.6870) vel (-0.0715, 0.0000, -0.1006)
[2026-09-19 14:03:26.945] [info] EVIDENCE mob 33 health 20.0000 pos (-17.7239, 123.0000, -6.6870) vel (-0.0715, 0.0000, -0.1006)
[2026-09-19 14:03:26.976] [info] EVIDENCE mob 33 health 20.0000 pos (-17.7239, 123.0000, -6.6870) vel (-0.0715, 0.0000, -0.1006)
[2026-09-19 14:03:27.002] [info] EVIDENCE mob 33 health 20.0000 pos (-17.7239, 123.0000, -6.6870) vel (-0.0715, 0.0000, -0.1006)
[2026-09-19 14:03:27.022] [info] EVIDENCE mob 33 health 20.0000 pos (-17.7239, 123.0000, -6.6870) vel (-0.0715, 0.0000, -0.1006)
[2026-09-19 14:03:27.043] [info] EVIDENCE mob 33 health 20.0000 pos (-17.7239, 123.0000, -6.6870) vel (-0.0715, 0.0000, -0.1006)
[2026-09-19 14:03:27.064] [info] EVIDENCE mob 33 health 20.0000 pos (-17.7239, 123.0000, -6.6870) vel (-0.0715, 0.0000, -0.1006)
[2026-09-19 14:03:27.085] [info] EVIDENCE mob 33 health 20.0000 pos (-17.7239, 123.0000, -6.6870) vel (-0.0715, 0.0000, -0.1006)
[2026-09-19 14:03:27.096] [info] EVIDENCE mob 33 health 20.0000 pos (-17.7239, 123.0000, -6.6870) vel (-0.0715, 0.0000, -0.1006)
[2026-09-19 14:03:27.099] [info] EVIDENCE mob 33 health 20.0000 pos (-17.7239, 123.0000, -6.6870) vel (-0.0715, 0.0000, -0.1006)
[2026-09-19 14:03:27.112] [info] EVIDENCE mob 33 health 20.0000 pos (-17.7239, 123.0000, -6.6870) vel (-0.0715, 0.0000, -0.1006)
[2026-09-19 14:03:27.127] [info] EVIDENCE mob 33 health 20.0000 pos (-17.8541, 123.0000, -6.8740) vel (-0.0711, 0.0000, -0.1021)
[2026-09-19 14:03:27.140] [info] EVIDENCE mob 33 health 20.0000 pos (-17.8541, 123.0000, -6.8740) vel (-0.0711, 0.0000, -0.1021)
[2026-09-19 14:03:27.157] [info] EVIDENCE mob 33 health 20.0000 pos (-17.8541, 123.0000, -6.8740) vel (-0.0711, 0.0000, -0.1021)
[2026-09-19 14:03:27.168] [info] EVIDENCE mob 33 health 20.0000 pos (-17.8541, 123.0000, -6.8740) vel (-0.0711, 0.0000, -0.1021)
[2026-09-19 14:03:27.182] [info] EVIDENCE probe yaw 0.0000 pitch 0.0000 eye (0.325, 133.620, -0.284) nearest_mob 0 dist 1000000000.000
[2026-09-19 14:03:27.182] [info] EVIDENCE mob 33 health 20.0000 pos (-17.9839, 123.0000, -7.0624) vel (-0.0709, 0.0000, -0.1029)
[2026-09-19 14:03:27.196] [info] EVIDENCE mob 33 health 20.0000 pos (-17.9839, 123.0000, -7.0624) vel (-0.0709, 0.0000, -0.1029)
[2026-09-19 14:03:27.210] [info] EVIDENCE mob 33 health 20.0000 pos (-17.9839, 123.0000, -7.0624) vel (-0.0709, 0.0000, -0.1029)
[2026-09-19 14:03:27.224] [info] EVIDENCE mob 33 health 20.0000 pos (-18.1135, 123.0000, -7.2516) vel (-0.0708, 0.0000, -0.1033)
[2026-09-19 14:03:27.237] [info] EVIDENCE mob 33 health 20.0000 pos (-18.1135, 123.0000, -7.2516) vel (-0.0708, 0.0000, -0.1033)
[2026-09-19 14:03:27.252] [info] EVIDENCE mob 33 health 20.0000 pos (-18.1135, 123.0000, -7.2516) vel (-0.0708, 0.0000, -0.1033)
[2026-09-19 14:03:27.265] [info] EVIDENCE mob 33 health 20.0000 pos (-18.1135, 123.0000, -7.2516) vel (-0.0708, 0.0000, -0.1033)
[2026-09-19 14:03:27.279] [info] EVIDENCE mob 33 health 20.0000 pos (-18.2429, 123.0000, -7.4413) vel (-0.0707, 0.0000, -0.1036)
[2026-09-19 14:03:27.293] [info] EVIDENCE mob 33 health 20.0000 pos (-18.2429, 123.0000, -7.4413) vel (-0.0707, 0.0000, -0.1036)
[2026-09-19 14:03:27.307] [info] EVIDENCE mob 33 health 20.0000 pos (-18.2429, 123.0000, -7.4413) vel (-0.0707, 0.0000, -0.1036)
[2026-09-19 14:03:27.325] [info] EVIDENCE mob 33 health 20.0000 pos (-18.3723, 123.0000, -7.6312) vel (-0.0706, 0.0000, -0.1037)
[2026-09-19 14:03:27.329] [info] EVIDENCE mob 33 health 20.0000 pos (-18.3723, 123.0000, -7.6312) vel (-0.0706, 0.0000, -0.1037)
[2026-09-19 14:03:27.342] [info] EVIDENCE mob 33 health 20.0000 pos (-18.3723, 123.0000, -7.6312) vel (-0.0706, 0.0000, -0.1037)
[2026-09-19 14:03:27.357] [info] EVIDENCE mob 33 health 20.0000 pos (-18.3723, 123.0000, -7.6312) vel (-0.0706, 0.0000, -0.1037)
[2026-09-19 14:03:27.369] [info] EVIDENCE mob 33 health 20.0000 pos (-18.3723, 123.0000, -7.6312) vel (-0.0706, 0.0000, -0.1037)
[2026-09-19 14:03:27.383] [info] EVIDENCE mob 33 health 20.0000 pos (-18.5017, 123.0000, -7.8213) vel (-0.0706, 0.0000, -0.1038)
[2026-09-19 14:03:27.398] [info] EVIDENCE mob 33 health 20.0000 pos (-18.5017, 123.0000, -7.8213) vel (-0.0706, 0.0000, -0.1038)
[2026-09-19 14:03:27.411] [info] EVIDENCE mob 33 health 20.0000 pos (-18.5017, 123.0000, -7.8213) vel (-0.0706, 0.0000, -0.1038)
[2026-09-19 14:03:27.425] [info] fps 70.5 | pos (0.31, 132.00, -0.35) | chunks 135 | stream-meshed 126
[2026-09-19 14:03:27.425] [info] EVIDENCE mob 33 health 20.0000 pos (-18.6310, 123.0000, -8.0114) vel (-0.0706, 0.0000, -0.1038)
[2026-09-19 14:03:27.439] [info] EVIDENCE mob 33 health 20.0000 pos (-18.6310, 123.0000, -8.0114) vel (-0.0706, 0.0000, -0.1038)
[2026-09-19 14:03:27.453] [info] EVIDENCE mob 33 health 20.0000 pos (-18.6310, 123.0000, -8.0114) vel (-0.0706, 0.0000, -0.1038)
[2026-09-19 14:03:27.466] [info] EVIDENCE mob 33 health 20.0000 pos (-18.6310, 123.0000, -8.0114) vel (-0.0706, 0.0000, -0.1038)
[2026-09-19 14:03:27.481] [info] EVIDENCE mob 33 health 20.0000 pos (-18.7603, 123.0000, -8.2016) vel (-0.0706, 0.0000, -0.1038)
[2026-09-19 14:03:27.494] [info] EVIDENCE mob 33 health 20.0000 pos (-18.7603, 123.0000, -8.2016) vel (-0.0706, 0.0000, -0.1038)
[2026-09-19 14:03:27.508] [info] EVIDENCE mob 33 health 20.0000 pos (-18.7603, 123.0000, -8.2016) vel (-0.0706, 0.0000, -0.1038)
[2026-09-19 14:03:27.515] [info] EVIDENCE mob 33 health 20.0000 pos (-18.7603, 123.0000, -8.2016) vel (-0.0706, 0.0000, -0.1038)
[2026-09-19 14:03:27.529] [info] EVIDENCE mob 33 health 20.0000 pos (-18.8896, 123.0000, -8.3918) vel (-0.0706, 0.0000, -0.1038)
[2026-09-19 14:03:27.545] [info] EVIDENCE summon hollow_wretch id=34 at (1.3, 132.0, -2.4)
[2026-09-19 14:03:27.546] [info] EVIDENCE mob 34 health 20.0000 pos (1.3135, 132.0000, -2.3563) vel (0.0000, 0.0000, 0.0000)
[2026-09-19 14:03:27.557] [info] EVIDENCE mob 34 health 20.0000 pos (1.3135, 132.0000, -2.3563) vel (0.0000, 0.0000, 0.0000)
[2026-09-19 14:03:27.571] [info] EVIDENCE mob 34 health 20.0000 pos (1.3135, 132.0000, -2.3563) vel (0.0000, 0.0000, 0.0000)
[2026-09-19 14:03:27.585] [info] mob event: melee 3.0 damage at (-1.1, 131.0, 0.8)
[2026-09-19 14:03:27.585] [info] mob melee for 3.0 at (-1.11, 131.00, 0.79); health now 14.0
[2026-09-19 14:03:27.585] [info] EVIDENCE probe yaw 0.0000 pitch 0.0000 eye (0.314, 133.620, -0.356) nearest_mob 0 dist 1000000000.000
[2026-09-19 14:03:27.585] [info] EVIDENCE mob 34 health 20.0000 pos (1.3776, 133.0000, -2.4387) vel (0.0350, 0.0000, -0.0450)
[2026-09-19 14:03:27.599] [info] EVIDENCE mob 34 health 20.0000 pos (1.3776, 133.0000, -2.4387) vel (0.0350, 0.0000, -0.0450)
[2026-09-19 14:03:27.618] [info] EVIDENCE mob 34 health 20.0000 pos (1.3776, 133.0000, -2.4387) vel (0.0350, 0.0000, -0.0450)
[2026-09-19 14:03:27.621] [info] EVIDENCE mob 34 health 20.0000 pos (1.3776, 133.0000, -2.4387) vel (0.0350, 0.0000, -0.0450)
[2026-09-19 14:03:27.633] [info] EVIDENCE mob 34 health 20.0000 pos (1.5164, 133.0000, -2.4947) vel (0.0758, 0.0000, -0.0306)
[2026-09-19 14:03:27.648] [info] EVIDENCE mob 34 health 20.0000 pos (1.5164, 133.0000, -2.4947) vel (0.0758, 0.0000, -0.0306)
[2026-09-19 14:03:27.661] [info] EVIDENCE mob 34 health 20.0000 pos (1.5164, 133.0000, -2.4947) vel (0.0758, 0.0000, -0.0306)
[2026-09-19 14:03:27.675] [info] EVIDENCE mob 34 health 20.0000 pos (1.6588, 133.0000, -2.6058) vel (0.0777, 0.0000, -0.0606)
[2026-09-19 14:03:27.689] [info] EVIDENCE mob 34 health 20.0000 pos (1.6588, 133.0000, -2.6058) vel (0.0777, 0.0000, -0.0606)
[2026-09-19 14:03:27.703] [info] EVIDENCE mob 34 health 20.0000 pos (1.6588, 133.0000, -2.6058) vel (0.0777, 0.0000, -0.0606)
[2026-09-19 14:03:27.716] [info] EVIDENCE mob 34 health 20.0000 pos (1.6588, 133.0000, -2.6058) vel (0.0777, 0.0000, -0.0606)
[2026-09-19 14:03:27.731] [info] EVIDENCE mob 34 health 20.0000 pos (1.8053, 134.0000, -2.7450) vel (0.0800, 0.0000, -0.0760)
[2026-09-19 14:03:27.744] [info] EVIDENCE mob 34 health 20.0000 pos (1.8053, 134.0000, -2.7450) vel (0.0800, 0.0000, -0.0760)
[2026-09-19 14:03:27.758] [info] EVIDENCE mob 34 health 20.0000 pos (1.8053, 134.0000, -2.7450) vel (0.0800, 0.0000, -0.0760)
[2026-09-19 14:03:27.773] [info] EVIDENCE mob 34 health 20.0000 pos (1.8053, 134.0000, -2.7450) vel (0.0800, 0.0000, -0.0760)
[2026-09-19 14:03:27.786] [info] EVIDENCE mob 34 health 20.0000 pos (1.9896, 134.0000, -2.8241) vel (0.1006, 0.0000, -0.0432)
[2026-09-19 14:03:27.800] [info] EVIDENCE mob 34 health 20.0000 pos (1.9896, 134.0000, -2.8241) vel (0.1006, 0.0000, -0.0432)
[2026-09-19 14:03:27.806] [info] EVIDENCE mob 34 health 20.0000 pos (1.9896, 134.0000, -2.8241) vel (0.1006, 0.0000, -0.0432)
[2026-09-19 14:03:27.820] [info] EVIDENCE mob 34 health 20.0000 pos (1.9896, 134.0000, -2.8241) vel (0.1006, 0.0000, -0.0432)
[2026-09-19 14:03:27.837] [info] EVIDENCE keys w=0 ctrl=0 space=1
[2026-09-19 14:03:27.837] [info] EVIDENCE mob 34 health 20.0000 pos (2.1947, 134.0000, -2.8678) vel (0.1120, 0.0000, -0.0239)
[2026-09-19 14:03:27.848] [info] EVIDENCE mob 34 health 20.0000 pos (2.1947, 134.0000, -2.8678) vel (0.1120, 0.0000, -0.0239)
[2026-09-19 14:03:27.862] [info] EVIDENCE mob 34 health 20.0000 pos (2.1947, 134.0000, -2.8678) vel (0.1120, 0.0000, -0.0239)
[2026-09-19 14:03:27.877] [info] 1 mob(s) removed beyond 128 blocks
[2026-09-19 14:03:27.877] [info] EVIDENCE mob 34 health 20.0000 pos (2.4110, 134.0000, -2.8909) vel (0.1181, 0.0000, -0.0126)
[2026-09-19 14:03:27.890] [info] EVIDENCE keys w=0 ctrl=0 space=0
[2026-09-19 14:03:27.890] [info] EVIDENCE mob 34 health 20.0000 pos (2.4110, 134.0000, -2.8909) vel (0.1181, 0.0000, -0.0126)
[2026-09-19 14:03:27.904] [info] EVIDENCE mob 34 health 20.0000 pos (2.4110, 134.0000, -2.8909) vel (0.1181, 0.0000, -0.0126)
[2026-09-19 14:03:27.918] [info] EVIDENCE mob 34 health 20.0000 pos (2.4110, 134.0000, -2.8909) vel (0.1181, 0.0000, -0.0126)
[2026-09-19 14:03:27.932] [info] autosave: 0 chunk(s) queued for async write, level written (ticks=599)
[2026-09-19 14:03:27.932] [info] EVIDENCE mob 34 health 20.0000 pos (2.6336, 134.0000, -2.9017) vel (0.1215, 0.0000, -0.0059)
[2026-09-19 14:03:27.945] [info] EVIDENCE mob 34 health 20.0000 pos (2.6336, 134.0000, -2.9017) vel (0.1215, 0.0000, -0.0059)
[2026-09-19 14:03:27.960] [info] EVIDENCE mob 34 health 20.0000 pos (2.6336, 134.0000, -2.9017) vel (0.1215, 0.0000, -0.0059)
[2026-09-19 14:03:27.973] [info] EVIDENCE mob 34 health 20.0000 pos (2.6336, 134.0000, -2.9017) vel (0.1215, 0.0000, -0.0059)
[2026-09-19 14:03:27.987] [info] mob event: melee 3.0 damage at (-0.7, 131.0, 0.4)
[2026-09-19 14:03:27.987] [info] mob event: melee 3.0 damage at (0.5, 132.0, 0.0)
[2026-09-19 14:03:27.987] [info] mob melee for 3.0 absorbed by the hurt window (2 tick(s) left, last 3.0)
[2026-09-19 14:03:27.987] [info] mob melee for 3.0 absorbed by the hurt window (2 tick(s) left, last 3.0)
[2026-09-19 14:03:27.987] [info] EVIDENCE probe yaw 0.0000 pitch 0.0000 eye (0.700, 134.786, -0.915) nearest_mob 0 dist 1000000000.000
[2026-09-19 14:03:27.987] [info] EVIDENCE mob 34 health 20.0000 pos (2.8306, 135.0000, -2.9798) vel (0.1076, 0.0000, -0.0426)
[2026-09-19 14:03:28.002] [info] EVIDENCE mob 34 health 20.0000 pos (2.8306, 135.0000, -2.9798) vel (0.1076, 0.0000, -0.0426)
[2026-09-19 14:03:28.015] [info] EVIDENCE mob 34 health 20.0000 pos (2.8306, 135.0000, -2.9798) vel (0.1076, 0.0000, -0.0426)
[2026-09-19 14:03:28.031] [info] mob event: melee 3.0 damage at (-0.6, 131.0, -0.1)
[2026-09-19 14:03:28.031] [info] mob melee for 3.0 absorbed by the hurt window (1 tick(s) left, last 3.0)
[2026-09-19 14:03:28.031] [info] EVIDENCE mob 34 health 20.0000 pos (3.0424, 135.0000, -3.0164) vel (0.1156, 0.0000, -0.0200)
[2026-09-19 14:03:28.043] [info] EVIDENCE mob 34 health 20.0000 pos (3.0424, 135.0000, -3.0164) vel (0.1156, 0.0000, -0.0200)
[2026-09-19 14:03:28.057] [info] EVIDENCE mob 34 health 20.0000 pos (3.0424, 135.0000, -3.0164) vel (0.1156, 0.0000, -0.0200)
[2026-09-19 14:03:28.071] [info] EVIDENCE mob 34 health 20.0000 pos (3.0424, 135.0000, -3.0164) vel (0.1156, 0.0000, -0.0200)
[2026-09-19 14:03:28.085] [info] mob event: melee 3.0 damage at (-0.5, 131.0, -0.2)
[2026-09-19 14:03:28.085] [info] mob event: melee 3.0 damage at (-0.7, 131.0, 0.0)
[2026-09-19 14:03:28.085] [info] mob event: melee 3.0 damage at (-0.6, 131.0, -0.0)
[2026-09-19 14:03:28.085] [info] mob melee for 3.0 at (-0.54, 131.00, -0.17); health now 11.0
[2026-09-19 14:03:28.085] [info] mob melee for 3.0 absorbed by the hurt window (10 tick(s) left, last 3.0)
[2026-09-19 14:03:28.085] [info] mob melee for 3.0 absorbed by the hurt window (10 tick(s) left, last 3.0)
[2026-09-19 14:03:28.085] [info] EVIDENCE mob 34 health 20.0000 pos (3.2621, 135.0000, -3.0281) vel (0.1200, 0.0000, -0.0064)
[2026-09-19 14:03:28.099] [info] EVIDENCE mob 34 health 20.0000 pos (3.2621, 135.0000, -3.0281) vel (0.1200, 0.0000, -0.0064)
[2026-09-19 14:03:28.112] [info] EVIDENCE mob 34 health 20.0000 pos (3.2621, 135.0000, -3.0281) vel (0.1200, 0.0000, -0.0064)
[2026-09-19 14:03:28.127] [info] EVIDENCE mob 34 health 20.0000 pos (3.4861, 135.0000, -3.0245) vel (0.1223, 0.0000, 0.0000)
[2026-09-19 14:03:28.140] [info] EVIDENCE mob 34 health 20.0000 pos (3.4861, 135.0000, -3.0245) vel (0.1223, 0.0000, 0.0000)
[2026-09-19 14:03:28.154] [info] EVIDENCE mob 34 health 20.0000 pos (3.4861, 135.0000, -3.0245) vel (0.1223, 0.0000, 0.0000)
[2026-09-19 14:03:28.168] [info] EVIDENCE mob 34 health 20.0000 pos (3.4861, 135.0000, -3.0245) vel (0.1223, 0.0000, 0.0000)
[2026-09-19 14:03:28.182] [info] EVIDENCE mob 34 health 20.0000 pos (3.7122, 135.0000, -3.0136) vel (0.1235, 0.0000, 0.0060)
[2026-09-19 14:03:28.195] [info] EVIDENCE mob 34 health 20.0000 pos (3.7122, 135.0000, -3.0136) vel (0.1235, 0.0000, 0.0060)
[2026-09-19 14:03:28.214] [info] EVIDENCE mob 34 health 20.0000 pos (3.7122, 135.0000, -3.0136) vel (0.1235, 0.0000, 0.0060)
[2026-09-19 14:03:28.219] [info] EVIDENCE mob 34 health 20.0000 pos (3.7122, 135.0000, -3.0136) vel (0.1235, 0.0000, 0.0060)
[2026-09-19 14:03:28.231] [info] EVIDENCE mob 34 health 20.0000 pos (3.9394, 135.0000, -2.9957) vel (0.1241, 0.0000, 0.0097)
[2026-09-19 14:03:28.245] [info] EVIDENCE mob 34 health 20.0000 pos (3.9394, 135.0000, -2.9957) vel (0.1241, 0.0000, 0.0097)
[2026-09-19 14:03:28.252] [info] EVIDENCE mob 34 health 20.0000 pos (3.9394, 135.0000, -2.9957) vel (0.1241, 0.0000, 0.0097)
[2026-09-19 14:03:28.265] [info] EVIDENCE mob 34 health 20.0000 pos (3.9394, 135.0000, -2.9957) vel (0.1241, 0.0000, 0.0097)
[2026-09-19 14:03:28.279] [info] mob event: melee 3.0 damage at (2.5, 135.5, -3.1)
[2026-09-19 14:03:28.279] [info] mob melee for 3.0 absorbed by the hurt window (6 tick(s) left, last 3.0)
[2026-09-19 14:03:28.279] [info] EVIDENCE mob 34 health 20.0000 pos (3.9732, 135.0000, -2.9334) vel (0.0185, 0.0000, 0.0340)
[2026-09-19 14:03:28.293] [info] EVIDENCE mob 34 health 20.0000 pos (3.9732, 135.0000, -2.9334) vel (0.0185, 0.0000, 0.0340)
[2026-09-19 14:03:28.307] [info] EVIDENCE mob 34 health 20.0000 pos (3.9732, 135.0000, -2.9334) vel (0.0185, 0.0000, 0.0340)
[2026-09-19 14:03:28.320] [info] EVIDENCE mob 34 health 20.0000 pos (3.9732, 135.0000, -2.9334) vel (0.0185, 0.0000, 0.0340)
[2026-09-19 14:03:28.335] [info] EVIDENCE mob 34 health 20.0000 pos (3.8986, 135.0000, -2.8520) vel (-0.0407, 0.0000, 0.0444)
[2026-09-19 14:03:28.349] [info] EVIDENCE lmb down | yaw 0.0000 picked 0 dist 0.000 swinging false age 106 charge 1.000 sprint false fall false onground true vy 0.0000
[2026-09-19 14:03:28.349] [info] EVIDENCE mob 34 health 20.0000 pos (3.8986, 135.0000, -2.8520) vel (-0.0407, 0.0000, 0.0444)
[2026-09-19 14:03:28.362] [info] EVIDENCE mob 34 health 20.0000 pos (3.8986, 135.0000, -2.8520) vel (-0.0407, 0.0000, 0.0444)
[2026-09-19 14:03:28.377] [info] EVIDENCE mob 34 health 20.0000 pos (3.8986, 135.0000, -2.8520) vel (-0.0407, 0.0000, 0.0444)
[2026-09-19 14:03:28.390] [info] mob event: melee 3.0 damage at (0.3, 132.0, -1.0)
[2026-09-19 14:03:28.390] [info] mob event: melee 3.0 damage at (0.3, 132.0, -0.9)
[2026-09-19 14:03:28.390] [info] mob melee for 3.0 absorbed by the hurt window (4 tick(s) left, last 3.0)
[2026-09-19 14:03:28.390] [info] mob melee for 3.0 absorbed by the hurt window (4 tick(s) left, last 3.0)
[2026-09-19 14:03:28.390] [info] EVIDENCE probe yaw 0.0000 pitch 0.0000 eye (1.700, 134.620, -1.827) nearest_mob 25 dist 0.000
[2026-09-19 14:03:28.390] [info] EVIDENCE mob 34 health 20.0000 pos (3.7633, 135.0000, -2.7635) vel (-0.0739, 0.0000, 0.0483)
[2026-09-19 14:03:28.404] [info] EVIDENCE mob 34 health 20.0000 pos (3.7633, 135.0000, -2.7635) vel (-0.0739, 0.0000, 0.0483)
[2026-09-19 14:03:28.418] [info] EVIDENCE lmb up
[2026-09-19 14:03:28.418] [info] EVIDENCE mob 34 health 20.0000 pos (3.7633, 135.0000, -2.7635) vel (-0.0739, 0.0000, 0.0483)
[2026-09-19 14:03:28.432] [info] EVIDENCE mob 34 health 20.0000 pos (3.5938, 135.0000, -2.6730) vel (-0.0925, 0.0000, 0.0494)
[2026-09-19 14:03:28.445] [info] EVIDENCE mob 34 health 20.0000 pos (3.5938, 135.0000, -2.6730) vel (-0.0925, 0.0000, 0.0494)
[2026-09-19 14:03:28.460] [info] EVIDENCE mob 34 health 20.0000 pos (3.5938, 135.0000, -2.6730) vel (-0.0925, 0.0000, 0.0494)
[2026-09-19 14:03:28.473] [info] EVIDENCE mob 34 health 20.0000 pos (3.5938, 135.0000, -2.6730) vel (-0.0925, 0.0000, 0.0494)
[2026-09-19 14:03:28.487] [info] EVIDENCE mob 34 health 20.0000 pos (3.4052, 134.9200, -2.5828) vel (-0.1717, -0.0784, 0.0821)
[2026-09-19 14:03:28.502] [info] EVIDENCE mob 34 health 20.0000 pos (3.4052, 134.9200, -2.5828) vel (-0.1717, -0.0784, 0.0821)
[2026-09-19 14:03:28.515] [info] EVIDENCE mob 34 health 20.0000 pos (3.4052, 134.9200, -2.5828) vel (-0.1717, -0.0784, 0.0821)
[2026-09-19 14:03:28.529] [info] EVIDENCE mob 34 health 20.0000 pos (3.1371, 134.7616, -2.4607) vel (-0.2440, -0.1552, 0.1111)
[2026-09-19 14:03:28.543] [info] EVIDENCE mob 34 health 20.0000 pos (3.1371, 134.7616, -2.4607) vel (-0.2440, -0.1552, 0.1111)
[2026-09-19 14:03:28.557] [info] EVIDENCE mob 34 health 20.0000 pos (3.1371, 134.7616, -2.4607) vel (-0.2440, -0.1552, 0.1111)
[2026-09-19 14:03:28.570] [info] EVIDENCE mob 34 health 20.0000 pos (3.1371, 134.7616, -2.4607) vel (-0.2440, -0.1552, 0.1111)
[2026-09-19 14:03:28.585] [info] mob event: melee 3.0 damage at (1.0, 133.0, -1.0)
[2026-09-19 14:03:28.585] [info] mob melee for 3.0 at (0.96, 133.00, -1.03); health now 8.0
[2026-09-19 14:03:28.585] [info] EVIDENCE mob 34 health 20.0000 pos (2.7962, 134.5264, -2.3105) vel (-0.3101, -0.2305, 0.1367)
[2026-09-19 14:03:28.598] [info] EVIDENCE mob 34 health 20.0000 pos (2.7962, 134.5264, -2.3105) vel (-0.3101, -0.2305, 0.1367)
[2026-09-19 14:03:28.612] [info] EVIDENCE mob 34 health 20.0000 pos (2.7962, 134.5264, -2.3105) vel (-0.3101, -0.2305, 0.1367)
[2026-09-19 14:03:28.627] [info] EVIDENCE mob 34 health 20.0000 pos (2.7962, 134.5264, -2.3105) vel (-0.3101, -0.2305, 0.1367)
[2026-09-19 14:03:28.640] [info] mob event: melee 3.0 damage at (2.8, 134.5, -2.3)
[2026-09-19 14:03:28.640] [info] mob melee for 3.0 absorbed by the hurt window (9 tick(s) left, last 3.0)
[2026-09-19 14:03:28.640] [info] EVIDENCE mob 34 health 20.0000 pos (2.3824, 134.2158, -2.1617) vel (-0.3766, -0.3043, 0.1355)
[2026-09-19 14:03:28.654] [info] EVIDENCE mob 34 health 20.0000 pos (2.3824, 134.2158, -2.1617) vel (-0.3766, -0.3043, 0.1355)
[2026-09-19 14:03:28.669] [info] EVIDENCE mob 34 health 20.0000 pos (2.3824, 134.2158, -2.1617) vel (-0.3766, -0.3043, 0.1355)
[2026-09-19 14:03:28.682] [info] EVIDENCE mob 34 health 20.0000 pos (2.0058, 134.0000, -2.0262) vel (-0.2056, 0.0000, 0.0740)
[2026-09-19 14:03:28.696] [info] EVIDENCE mob 34 health 20.0000 pos (2.0058, 134.0000, -2.0262) vel (-0.2056, 0.0000, 0.0740)
[2026-09-19 14:03:28.710] [info] EVIDENCE mob 34 health 20.0000 pos (2.0058, 134.0000, -2.0262) vel (-0.2056, 0.0000, 0.0740)
[2026-09-19 14:03:28.724] [info] EVIDENCE mob 34 health 20.0000 pos (2.0058, 134.0000, -2.0262) vel (-0.2056, 0.0000, 0.0740)
[2026-09-19 14:03:28.737] [info] EVIDENCE mob 34 health 20.0000 pos (1.8002, 134.0000, -1.9522) vel (-0.1123, 0.0000, 0.0404)
[2026-09-19 14:03:28.752] [info] EVIDENCE mob 34 health 20.0000 pos (1.8002, 134.0000, -1.9522) vel (-0.1123, 0.0000, 0.0404)
[2026-09-19 14:03:28.765] [info] EVIDENCE mob 34 health 20.0000 pos (1.8002, 134.0000, -1.9522) vel (-0.1123, 0.0000, 0.0404)
[2026-09-19 14:03:28.779] [info] EVIDENCE mob 34 health 20.0000 pos (1.8002, 134.0000, -1.9522) vel (-0.1123, 0.0000, 0.0404)
[2026-09-19 14:03:28.794] [info] EVIDENCE mob 34 health 20.0000 pos (1.6879, 134.0000, -1.9118) vel (-0.0613, 0.0000, 0.0221)
[2026-09-19 14:03:28.807] [info] EVIDENCE probe yaw 0.0000 pitch 0.0000 eye (1.700, 134.620, -2.485) nearest_mob 0 dist 1000000000.000
[2026-09-19 14:03:28.807] [info] EVIDENCE mob 34 health 20.0000 pos (1.6879, 134.0000, -1.9118) vel (-0.0613, 0.0000, 0.0221)
[2026-09-19 14:03:28.823] [info] EVIDENCE mob 34 health 20.0000 pos (1.6879, 134.0000, -1.9118) vel (-0.0613, 0.0000, 0.0221)
[2026-09-19 14:03:28.835] [info] EVIDENCE mob 34 health 20.0000 pos (1.6266, 133.9200, -1.8898) vel (-0.0558, -0.0784, 0.0201)
[2026-09-19 14:03:28.848] [info] EVIDENCE mob 34 health 20.0000 pos (1.6266, 133.9200, -1.8898) vel (-0.0558, -0.0784, 0.0201)
[2026-09-19 14:03:28.862] [info] EVIDENCE mob 34 health 20.0000 pos (1.6266, 133.9200, -1.8898) vel (-0.0558, -0.0784, 0.0201)
[2026-09-19 14:03:28.877] [info] EVIDENCE mob 34 health 20.0000 pos (1.6266, 133.9200, -1.8898) vel (-0.0558, -0.0784, 0.0201)
[2026-09-19 14:03:28.890] [info] EVIDENCE mob 34 health 20.0000 pos (1.5708, 133.7616, -1.8697) vel (-0.0508, -0.1552, 0.0183)
[2026-09-19 14:03:28.904] [info] EVIDENCE mob 34 health 20.0000 pos (1.5708, 133.7616, -1.8697) vel (-0.0508, -0.1552, 0.0183)
[2026-09-19 14:03:28.918] [info] EVIDENCE mob 34 health 20.0000 pos (1.5708, 133.7616, -1.8697) vel (-0.0508, -0.1552, 0.0183)
[2026-09-19 14:03:28.936] [info] EVIDENCE mob 34 health 20.0000 pos (1.5201, 133.5264, -1.8514) vel (-0.0462, -0.2305, 0.0166)
[2026-09-19 14:03:28.941] [info] EVIDENCE mob 34 health 20.0000 pos (1.5201, 133.5264, -1.8514) vel (-0.0462, -0.2305, 0.0166)
[2026-09-19 14:03:28.953] [info] EVIDENCE mob 34 health 20.0000 pos (1.5201, 133.5264, -1.8514) vel (-0.0462, -0.2305, 0.0166)
[2026-09-19 14:03:28.967] [info] EVIDENCE mob 34 health 20.0000 pos (1.5201, 133.5264, -1.8514) vel (-0.0462, -0.2305, 0.0166)
[2026-09-19 14:03:28.981] [info] EVIDENCE mob 34 health 20.0000 pos (1.5201, 133.5264, -1.8514) vel (-0.0462, -0.2305, 0.0166)
[2026-09-19 14:03:28.994] [info] mob event: melee 3.0 damage at (1.3, 133.0, -1.8)
[2026-09-19 14:03:28.994] [info] mob event: melee 3.0 damage at (0.7, 133.0, -1.8)
[2026-09-19 14:03:28.994] [info] mob melee for 3.0 absorbed by the hurt window (2 tick(s) left, last 3.0)
[2026-09-19 14:03:28.994] [info] mob melee for 3.0 absorbed by the hurt window (2 tick(s) left, last 3.0)
[2026-09-19 14:03:28.994] [info] EVIDENCE mob 34 health 20.0000 pos (1.4739, 133.2158, -1.8348) vel (-0.0420, -0.3043, 0.0151)
[2026-09-19 14:03:29.008] [info] EVIDENCE mob 34 health 20.0000 pos (1.4739, 133.2158, -1.8348) vel (-0.0420, -0.3043, 0.0151)
[2026-09-19 14:03:29.023] [info] EVIDENCE mob 34 health 20.0000 pos (1.4739, 133.2158, -1.8348) vel (-0.0420, -0.3043, 0.0151)
[2026-09-19 14:03:29.036] [info] mob event: melee 3.0 damage at (1.0, 133.0, -1.6)
[2026-09-19 14:03:29.036] [info] mob melee for 3.0 absorbed by the hurt window (1 tick(s) left, last 3.0)
[2026-09-19 14:03:29.036] [info] EVIDENCE mob 34 health 20.0000 pos (1.4318, 133.0000, -1.8197) vel (-0.0230, 0.0000, 0.0083)
[2026-09-19 14:03:29.050] [info] EVIDENCE mob 34 health 20.0000 pos (1.4318, 133.0000, -1.8197) vel (-0.0230, 0.0000, 0.0083)
[2026-09-19 14:03:29.064] [info] EVIDENCE mob 34 health 20.0000 pos (1.4318, 133.0000, -1.8197) vel (-0.0230, 0.0000, 0.0083)
[2026-09-19 14:03:29.078] [info] EVIDENCE mob 34 health 20.0000 pos (1.4318, 133.0000, -1.8197) vel (-0.0230, 0.0000, 0.0083)
[2026-09-19 14:03:29.092] [info] mob event: melee 3.0 damage at (1.1, 133.0, -1.7)
[2026-09-19 14:03:29.092] [info] mob event: melee 3.0 damage at (0.9, 133.0, -1.5)
[2026-09-19 14:03:29.092] [info] mob event: melee 3.0 damage at (0.9, 133.0, -1.6)
[2026-09-19 14:03:29.092] [info] mob melee for 3.0 at (1.07, 133.00, -1.66); health now 5.0
[2026-09-19 14:03:29.092] [info] mob melee for 3.0 absorbed by the hurt window (10 tick(s) left, last 3.0)
[2026-09-19 14:03:29.092] [info] mob melee for 3.0 absorbed by the hurt window (10 tick(s) left, last 3.0)
[2026-09-19 14:03:29.092] [info] EVIDENCE player healed from 5.0 to 20.0 (scene stabilisation)
[2026-09-19 14:03:29.092] [info] EVIDENCE mob 34 health 20.0000 pos (1.4089, 133.0000, -1.8115) vel (-0.0125, 0.0000, 0.0045)
[2026-09-19 14:03:29.106] [info] EVIDENCE mob 34 health 20.0000 pos (1.4089, 133.0000, -1.8115) vel (-0.0125, 0.0000, 0.0045)
[2026-09-19 14:03:29.119] [info] EVIDENCE mob 34 health 20.0000 pos (1.4089, 133.0000, -1.8115) vel (-0.0125, 0.0000, 0.0045)
[2026-09-19 14:03:29.133] [info] EVIDENCE mob 34 health 20.0000 pos (1.4242, 133.0000, -1.9076) vel (0.0084, 0.0000, -0.0525)
[2026-09-19 14:03:29.439] [info] fps 73.5 | pos (1.70, 133.00, -2.86) | chunks 135 | stream-meshed 126
[2026-09-19 14:03:29.942] [info] EVIDENCE mob 34 health 20.0000 pos (1.4242, 133.0000, -1.9076) vel (0.0084, 0.0000, -0.0525)
[2026-09-19 14:03:29.945] [info] EVIDENCE mob 34 health 20.0000 pos (1.4242, 133.0000, -1.9076) vel (0.0084, 0.0000, -0.0525)
[2026-09-19 14:03:29.960] [info] EVIDENCE mob 34 health 20.0000 pos (1.4242, 133.0000, -1.9076) vel (0.0084, 0.0000, -0.0525)
[2026-09-19 14:03:29.973] [info] EVIDENCE mob 34 health 20.0000 pos (1.4242, 133.0000, -1.9076) vel (0.0084, 0.0000, -0.0525)
[2026-09-19 14:03:29.987] [info] EVIDENCE mob 34 health 20.0000 pos (1.4572, 133.0000, -2.0615) vel (0.0180, 0.0000, -0.0841)
[2026-09-19 14:03:30.002] [info] EVIDENCE probe yaw 0.0000 pitch 0.0000 eye (1.700, 134.620, -3.041) nearest_mob 0 dist 1000000000.000
[2026-09-19 14:03:30.002] [info] EVIDENCE mob 34 health 20.0000 pos (1.4572, 133.0000, -2.0615) vel (0.0180, 0.0000, -0.0841)
[2026-09-19 14:03:30.015] [info] EVIDENCE mob 34 health 20.0000 pos (1.4572, 133.0000, -2.0615) vel (0.0180, 0.0000, -0.0841)
[2026-09-19 14:03:30.029] [info] EVIDENCE mob 34 health 20.0000 pos (1.4982, 133.0000, -2.2475) vel (0.0224, 0.0000, -0.1015)
[2026-09-19 14:03:30.043] [info] EVIDENCE mob 34 health 20.0000 pos (1.4982, 133.0000, -2.2475) vel (0.0224, 0.0000, -0.1015)
[2026-09-19 14:03:30.057] [info] EVIDENCE mob 34 health 20.0000 pos (1.4982, 133.0000, -2.2475) vel (0.0224, 0.0000, -0.1015)
[2026-09-19 14:03:30.070] [info] EVIDENCE mob 34 health 20.0000 pos (1.4982, 133.0000, -2.2475) vel (0.0224, 0.0000, -0.1015)
[2026-09-19 14:03:30.085] [info] mob event: melee 3.0 damage at (0.8, 133.0, -2.6)
[2026-09-19 14:03:30.085] [info] mob melee for 3.0 absorbed by the hurt window (6 tick(s) left, last 3.0)
[2026-09-19 14:03:30.085] [info] EVIDENCE mob 34 health 20.0000 pos (1.5206, 133.0000, -2.3490) vel (0.0122, 0.0000, -0.0554)
[2026-09-19 14:03:30.098] [info] EVIDENCE mob 34 health 20.0000 pos (1.5206, 133.0000, -2.3490) vel (0.0122, 0.0000, -0.0554)
[2026-09-19 14:03:30.112] [info] EVIDENCE mob 34 health 20.0000 pos (1.5206, 133.0000, -2.3490) vel (0.0122, 0.0000, -0.0554)
[2026-09-19 14:03:30.127] [info] EVIDENCE mob 34 health 20.0000 pos (1.5329, 133.0000, -2.4044) vel (0.0067, 0.0000, -0.0303)
[2026-09-19 14:03:30.140] [info] EVIDENCE mob 34 health 20.0000 pos (1.5329, 133.0000, -2.4044) vel (0.0067, 0.0000, -0.0303)
[2026-09-19 14:03:30.154] [info] EVIDENCE mob 34 health 20.0000 pos (1.5329, 133.0000, -2.4044) vel (0.0067, 0.0000, -0.0303)
[2026-09-19 14:03:30.169] [info] EVIDENCE mob 34 health 20.0000 pos (1.5329, 133.0000, -2.4044) vel (0.0067, 0.0000, -0.0303)
[2026-09-19 14:03:30.182] [info] mob event: melee 3.0 damage at (1.5, 133.0, -2.4)
[2026-09-19 14:03:30.182] [info] mob event: melee 3.0 damage at (1.2, 133.0, -2.3)
[2026-09-19 14:03:30.182] [info] mob melee for 3.0 absorbed by the hurt window (4 tick(s) left, last 3.0)
[2026-09-19 14:03:30.182] [info] mob melee for 3.0 absorbed by the hurt window (4 tick(s) left, last 3.0)
[2026-09-19 14:03:30.182] [info] EVIDENCE mob 34 health 20.0000 pos (1.5395, 133.0000, -2.4347) vel (0.0036, 0.0000, -0.0165)
[2026-09-19 14:03:30.196] [info] EVIDENCE mob 34 health 20.0000 pos (1.5395, 133.0000, -2.4347) vel (0.0036, 0.0000, -0.0165)
[2026-09-19 14:03:30.210] [info] EVIDENCE mob 34 health 20.0000 pos (1.5395, 133.0000, -2.4347) vel (0.0036, 0.0000, -0.0165)
[2026-09-19 14:03:30.224] [info] EVIDENCE mob 34 health 20.0000 pos (1.5395, 133.0000, -2.4347) vel (0.0036, 0.0000, -0.0165)
[2026-09-19 14:03:30.237] [info] EVIDENCE mob 34 health 20.0000 pos (1.5432, 133.0000, -2.4512) vel (0.0000, 0.0000, -0.0090)
[2026-09-19 14:03:30.252] [info] EVIDENCE mob 34 health 20.0000 pos (1.5432, 133.0000, -2.4512) vel (0.0000, 0.0000, -0.0090)
[2026-09-19 14:03:30.265] [info] EVIDENCE mob 34 health 20.0000 pos (1.5432, 133.0000, -2.4512) vel (0.0000, 0.0000, -0.0090)
[2026-09-19 14:03:30.279] [info] EVIDENCE mob 34 health 20.0000 pos (1.5432, 133.0000, -2.4602) vel (0.0000, 0.0000, -0.0049)
[2026-09-19 14:03:30.294] [info] EVIDENCE mob 34 health 20.0000 pos (1.5432, 133.0000, -2.4602) vel (0.0000, 0.0000, -0.0049)
[2026-09-19 14:03:30.307] [info] EVIDENCE mob 34 health 20.0000 pos (1.5432, 133.0000, -2.4602) vel (0.0000, 0.0000, -0.0049)
[2026-09-19 14:03:30.321] [info] EVIDENCE mob 34 health 20.0000 pos (1.5432, 133.0000, -2.4602) vel (0.0000, 0.0000, -0.0049)
[2026-09-19 14:03:30.335] [info] EVIDENCE mob 34 health 20.0000 pos (1.5432, 133.0000, -2.4651) vel (0.0000, 0.0000, 0.0000)
[2026-09-19 14:03:30.348] [info] EVIDENCE mob 34 health 20.0000 pos (1.5432, 133.0000, -2.4651) vel (0.0000, 0.0000, 0.0000)
[2026-09-19 14:03:30.367] [info] EVIDENCE mob 34 health 20.0000 pos (1.5432, 133.0000, -2.4651) vel (0.0000, 0.0000, 0.0000)
[2026-09-19 14:03:30.371] [info] EVIDENCE mob 34 health 20.0000 pos (1.5432, 133.0000, -2.4651) vel (0.0000, 0.0000, 0.0000)
[2026-09-19 14:03:30.383] [info] mob event: melee 3.0 damage at (1.6, 133.0, -2.5)
[2026-09-19 14:03:30.384] [info] mob melee for 3.0 at (1.57, 133.00, -2.51); health now 17.0
[2026-09-19 14:03:30.384] [info] EVIDENCE mob 34 health 20.0000 pos (1.5432, 133.0000, -2.4651) vel (0.0000, 0.0000, 0.0000)
[2026-09-19 14:03:30.398] [info] EVIDENCE mob 34 health 20.0000 pos (1.5432, 133.0000, -2.4651) vel (0.0000, 0.0000, 0.0000)
[2026-09-19 14:03:30.411] [info] EVIDENCE probe yaw 0.0000 pitch 0.0000 eye (1.700, 134.620, -3.249) nearest_mob 0 dist 1000000000.000
[2026-09-19 14:03:30.411] [info] EVIDENCE mob 34 health 20.0000 pos (1.5432, 133.0000, -2.4651) vel (0.0000, 0.0000, 0.0000)
[2026-09-19 14:03:30.424] [info] EVIDENCE mob 34 health 20.0000 pos (1.5432, 133.0000, -2.4651) vel (0.0000, 0.0000, 0.0000)
[2026-09-19 14:03:30.439] [info] mob event: melee 3.0 damage at (1.5, 133.0, -2.5)
[2026-09-19 14:03:30.439] [info] mob melee for 3.0 absorbed by the hurt window (9 tick(s) left, last 3.0)
[2026-09-19 14:03:30.439] [info] EVIDENCE mob 34 health 20.0000 pos (1.5569, 133.0000, -2.5686) vel (0.0075, 0.0000, -0.0565)
[2026-09-19 14:03:30.453] [info] EVIDENCE mob 34 health 20.0000 pos (1.5569, 133.0000, -2.5686) vel (0.0075, 0.0000, -0.0565)
[2026-09-19 14:03:30.466] [info] EVIDENCE mob 34 health 20.0000 pos (1.5569, 133.0000, -2.5686) vel (0.0075, 0.0000, -0.0565)
[2026-09-19 14:03:30.481] [info] EVIDENCE mob 34 health 20.0000 pos (1.5760, 133.0000, -2.7289) vel (0.0104, 0.0000, -0.0875)
[2026-09-19 14:03:30.494] [info] EVIDENCE mob 34 health 20.0000 pos (1.5760, 133.0000, -2.7289) vel (0.0104, 0.0000, -0.0875)
[2026-09-19 14:03:30.508] [info] EVIDENCE mob 34 health 20.0000 pos (1.5760, 133.0000, -2.7289) vel (0.0104, 0.0000, -0.0875)
[2026-09-19 14:03:30.522] [info] EVIDENCE mob 34 health 20.0000 pos (1.5760, 133.0000, -2.7289) vel (0.0104, 0.0000, -0.0875)
[2026-09-19 14:03:30.536] [info] EVIDENCE mob 34 health 20.0000 pos (1.5967, 133.0000, -2.9204) vel (0.0113, 0.0000, -0.1045)
[2026-09-19 14:03:30.549] [info] EVIDENCE mob 34 health 20.0000 pos (1.5967, 133.0000, -2.9204) vel (0.0113, 0.0000, -0.1045)
[2026-09-19 14:03:30.556] [info] EVIDENCE mob 34 health 20.0000 pos (1.5967, 133.0000, -2.9204) vel (0.0113, 0.0000, -0.1045)
[2026-09-19 14:03:30.570] [info] EVIDENCE mob 34 health 20.0000 pos (1.5967, 133.0000, -2.9204) vel (0.0113, 0.0000, -0.1045)
[2026-09-19 14:03:30.587] [info] EVIDENCE scene reset: back to the respawn point (0.5, 132.0, 0.5)
[2026-09-19 14:03:30.587] [info] EVIDENCE mob 34 health 20.0000 pos (1.6176, 133.0000, -3.1289) vel (0.0114, 0.0000, -0.1138)
[2026-09-19 14:03:30.598] [info] EVIDENCE mob 34 health 20.0000 pos (1.6176, 133.0000, -3.1289) vel (0.0114, 0.0000, -0.1138)
[2026-09-19 14:03:30.612] [info] EVIDENCE mob 34 health 20.0000 pos (1.6176, 133.0000, -3.1289) vel (0.0114, 0.0000, -0.1138)
[2026-09-19 14:03:30.627] [info] EVIDENCE mob 34 health 20.0000 pos (1.6176, 133.0000, -3.1289) vel (0.0114, 0.0000, -0.1138)
[2026-09-19 14:03:30.640] [info] mob event: melee 3.0 damage at (1.2, 133.0, 0.2)
[2026-09-19 14:03:30.640] [info] mob melee for 3.0 absorbed by the hurt window (5 tick(s) left, last 3.0)
[2026-09-19 14:03:30.640] [info] EVIDENCE mob 34 health 20.0000 pos (1.5983, 133.0000, -3.1429) vel (-0.0105, 0.0000, -0.0077)
[2026-09-19 14:03:30.654] [info] EVIDENCE mob 34 health 20.0000 pos (1.5983, 133.0000, -3.1429) vel (-0.0105, 0.0000, -0.0077)
[2026-09-19 14:03:30.668] [info] EVIDENCE mob 34 health 20.0000 pos (1.5983, 133.0000, -3.1429) vel (-0.0105, 0.0000, -0.0077)
[2026-09-19 14:03:30.682] [info] EVIDENCE mob 34 health 20.0000 pos (1.5576, 133.0000, -3.0506) vel (-0.0222, 0.0000, 0.0504)
[2026-09-19 14:03:30.695] [info] EVIDENCE mob 34 health 20.0000 pos (1.5576, 133.0000, -3.0506) vel (-0.0222, 0.0000, 0.0504)
[2026-09-19 14:03:30.710] [info] EVIDENCE mob 34 health 20.0000 pos (1.5576, 133.0000, -3.0506) vel (-0.0222, 0.0000, 0.0504)
[2026-09-19 14:03:30.723] [info] EVIDENCE mob 34 health 20.0000 pos (1.5576, 133.0000, -3.0506) vel (-0.0222, 0.0000, 0.0504)
[2026-09-19 14:03:30.737] [info] EVIDENCE mob 34 health 20.0000 pos (1.5056, 133.0000, -2.9001) vel (-0.0284, 0.0000, 0.0822)
[2026-09-19 14:03:30.752] [info] EVIDENCE mob 34 health 20.0000 pos (1.5056, 133.0000, -2.9001) vel (-0.0284, 0.0000, 0.0822)
[2026-09-19 14:03:30.765] [info] EVIDENCE mob 34 health 20.0000 pos (1.5056, 133.0000, -2.9001) vel (-0.0284, 0.0000, 0.0822)
[2026-09-19 14:03:30.779] [info] EVIDENCE mob 34 health 20.0000 pos (1.5056, 133.0000, -2.9001) vel (-0.0284, 0.0000, 0.0822)
[2026-09-19 14:03:30.787] [info] EVIDENCE mob 34 health 20.0000 pos (1.4475, 133.0000, -2.7178) vel (-0.0317, 0.0000, 0.0995)
[2026-09-19 14:03:30.799] [info] EVIDENCE mob 34 health 20.0000 pos (1.4475, 133.0000, -2.7178) vel (-0.0317, 0.0000, 0.0995)
[2026-09-19 14:03:30.814] [info] EVIDENCE probe yaw 0.0000 pitch 0.0000 eye (0.500, 133.620, 0.500) nearest_mob 0 dist 1000000000.000
[2026-09-19 14:03:30.814] [info] EVIDENCE mob 34 health 20.0000 pos (1.4475, 133.0000, -2.7178) vel (-0.0317, 0.0000, 0.0995)
[2026-09-19 14:03:30.828] [info] EVIDENCE mob 34 health 20.0000 pos (1.4475, 133.0000, -2.7178) vel (-0.0317, 0.0000, 0.0995)
[2026-09-19 14:03:30.841] [info] EVIDENCE mob 34 health 20.0000 pos (1.3864, 133.0000, -2.5181) vel (-0.0334, 0.0000, 0.1090)
[2026-09-19 14:03:30.856] [info] EVIDENCE mob 34 health 20.0000 pos (1.3864, 133.0000, -2.5181) vel (-0.0334, 0.0000, 0.1090)
[2026-09-19 14:03:30.869] [info] EVIDENCE mob 34 health 20.0000 pos (1.3864, 133.0000, -2.5181) vel (-0.0334, 0.0000, 0.1090)
[2026-09-19 14:03:30.886] [info] EVIDENCE mob 34 health 20.0000 pos (1.3235, 133.0000, -2.3089) vel (-0.0343, 0.0000, 0.1142)
[2026-09-19 14:03:30.898] [info] EVIDENCE mob 34 health 20.0000 pos (1.3235, 133.0000, -2.3089) vel (-0.0343, 0.0000, 0.1142)
[2026-09-19 14:03:30.911] [info] EVIDENCE mob 34 health 20.0000 pos (1.3235, 133.0000, -2.3089) vel (-0.0343, 0.0000, 0.1142)
[2026-09-19 14:03:30.924] [info] EVIDENCE mob 34 health 20.0000 pos (1.3235, 133.0000, -2.3089) vel (-0.0343, 0.0000, 0.1142)
[2026-09-19 14:03:30.939] [info] EVIDENCE mob 34 health 20.0000 pos (1.2599, 133.0000, -2.0945) vel (-0.0348, 0.0000, 0.1171)
[2026-09-19 14:03:30.952] [info] EVIDENCE mob 34 health 20.0000 pos (1.2599, 133.0000, -2.0945) vel (-0.0348, 0.0000, 0.1171)
[2026-09-19 14:03:30.966] [info] EVIDENCE mob 34 health 20.0000 pos (1.2599, 133.0000, -2.0945) vel (-0.0348, 0.0000, 0.1171)
[2026-09-19 14:03:30.981] [info] EVIDENCE mob 34 health 20.0000 pos (1.2599, 133.0000, -2.0945) vel (-0.0348, 0.0000, 0.1171)
[2026-09-19 14:03:30.994] [info] EVIDENCE mob 34 health 20.0000 pos (1.1957, 133.0000, -1.8772) vel (-0.0350, 0.0000, 0.1186)
[2026-09-19 14:03:31.008] [info] EVIDENCE mob 34 health 20.0000 pos (1.1957, 133.0000, -1.8772) vel (-0.0350, 0.0000, 0.1186)
[2026-09-19 14:03:31.022] [info] EVIDENCE mob 34 health 20.0000 pos (1.1957, 133.0000, -1.8772) vel (-0.0350, 0.0000, 0.1186)
[2026-09-19 14:03:31.036] [info] EVIDENCE mob 34 health 20.0000 pos (1.1314, 133.0000, -1.6583) vel (-0.0351, 0.0000, 0.1195)
[2026-09-19 14:03:31.049] [info] EVIDENCE mob 34 health 20.0000 pos (1.1314, 133.0000, -1.6583) vel (-0.0351, 0.0000, 0.1195)
[2026-09-19 14:03:31.064] [info] EVIDENCE mob 34 health 20.0000 pos (1.1314, 133.0000, -1.6583) vel (-0.0351, 0.0000, 0.1195)
[2026-09-19 14:03:31.077] [info] EVIDENCE mob 34 health 20.0000 pos (1.1314, 133.0000, -1.6583) vel (-0.0351, 0.0000, 0.1195)
[2026-09-19 14:03:31.091] [info] EVIDENCE mob 34 health 20.0000 pos (1.0670, 133.0000, -1.4386) vel (-0.0352, 0.0000, 0.1200)
[2026-09-19 14:03:31.106] [info] EVIDENCE mob 34 health 20.0000 pos (1.0670, 133.0000, -1.4386) vel (-0.0352, 0.0000, 0.1200)
[2026-09-19 14:03:31.119] [info] EVIDENCE mob 34 health 20.0000 pos (1.0670, 133.0000, -1.4386) vel (-0.0352, 0.0000, 0.1200)
[2026-09-19 14:03:31.133] [info] EVIDENCE mob 34 health 20.0000 pos (1.0025, 133.0000, -1.2184) vel (-0.0352, 0.0000, 0.1202)
[2026-09-19 14:03:31.147] [info] EVIDENCE mob 34 health 20.0000 pos (1.0025, 133.0000, -1.2184) vel (-0.0352, 0.0000, 0.1202)
[2026-09-19 14:03:31.161] [info] EVIDENCE mob 34 health 20.0000 pos (1.0025, 133.0000, -1.2184) vel (-0.0352, 0.0000, 0.1202)
[2026-09-19 14:03:31.175] [info] EVIDENCE mob 34 health 20.0000 pos (1.0025, 133.0000, -1.2184) vel (-0.0352, 0.0000, 0.1202)
[2026-09-19 14:03:31.189] [info] mob event: melee 3.0 damage at (1.1, 134.6, -0.9)
[2026-09-19 14:03:31.189] [info] mob melee for 3.0 at (1.11, 134.59, -0.91); health now 17.0
[2026-09-19 14:03:31.189] [info] EVIDENCE mob 34 health 20.0000 pos (0.9379, 133.0000, -0.9980) vel (-0.0352, 0.0000, 0.1204)
[2026-09-19 14:03:31.202] [info] EVIDENCE mob 34 health 20.0000 pos (0.9379, 133.0000, -0.9980) vel (-0.0352, 0.0000, 0.1204)
[2026-09-19 14:03:31.216] [info] EVIDENCE mob 34 health 20.0000 pos (0.9379, 133.0000, -0.9980) vel (-0.0352, 0.0000, 0.1204)
[2026-09-19 14:03:31.231] [info] EVIDENCE probe yaw 0.0000 pitch 0.0000 eye (0.500, 133.620, 0.500) nearest_mob 25 dist 1.002
[2026-09-19 14:03:31.231] [info] EVIDENCE mob 34 health 20.0000 pos (0.9379, 133.0000, -0.9980) vel (-0.0352, 0.0000, 0.1204)
[2026-09-19 14:03:31.244] [info] EVIDENCE mob 34 health 20.0000 pos (0.8709, 133.0000, -0.7782) vel (-0.0366, 0.0000, 0.1200)
[2026-09-19 14:03:31.258] [info] EVIDENCE mob 34 health 20.0000 pos (0.8709, 133.0000, -0.7782) vel (-0.0366, 0.0000, 0.1200)
[2026-09-19 14:03:31.272] [info] EVIDENCE mob 34 health 20.0000 pos (0.8709, 133.0000, -0.7782) vel (-0.0366, 0.0000, 0.1200)
[2026-09-19 14:03:31.286] [info] EVIDENCE mob 34 health 20.0000 pos (0.8011, 133.0000, -0.5591) vel (-0.0381, 0.0000, 0.1196)
[2026-09-19 14:03:31.302] [info] EVIDENCE mob 34 health 20.0000 pos (0.8011, 133.0000, -0.5591) vel (-0.0381, 0.0000, 0.1196)
[2026-09-19 14:03:31.316] [info] EVIDENCE mob 34 health 20.0000 pos (0.8011, 133.0000, -0.5591) vel (-0.0381, 0.0000, 0.1196)
[2026-09-19 14:03:31.328] [info] EVIDENCE mob 34 health 20.0000 pos (0.8011, 133.0000, -0.5591) vel (-0.0381, 0.0000, 0.1196)
[2026-09-19 14:03:31.341] [info] EVIDENCE mob 34 health 20.0000 pos (0.7292, 133.0000, -0.3407) vel (-0.0393, 0.0000, 0.1192)
[2026-09-19 14:03:31.356] [info] EVIDENCE mob 34 health 20.0000 pos (0.7292, 133.0000, -0.3407) vel (-0.0393, 0.0000, 0.1192)
[2026-09-19 14:03:31.369] [info] EVIDENCE mob 34 health 20.0000 pos (0.7292, 133.0000, -0.3407) vel (-0.0393, 0.0000, 0.1192)
[2026-09-19 14:03:31.383] [info] EVIDENCE mob 34 health 20.0000 pos (0.7292, 133.0000, -0.3407) vel (-0.0393, 0.0000, 0.1192)
[2026-09-19 14:03:31.398] [info] mob event: melee 3.0 damage at (0.6, 132.8, -0.0)
[2026-09-19 14:03:31.398] [info] mob melee for 3.0 absorbed by the hurt window (6 tick(s) left, last 3.0)
[2026-09-19 14:03:31.398] [info] EVIDENCE mob 34 health 20.0000 pos (0.6556, 133.0000, -0.1229) vel (-0.0402, 0.0000, 0.1190)
[2026-09-19 14:03:31.413] [info] EVIDENCE mob 34 health 20.0000 pos (0.6556, 133.0000, -0.1229) vel (-0.0402, 0.0000, 0.1190)
[2026-09-19 14:03:31.424] [info] EVIDENCE mob 34 health 20.0000 pos (0.6556, 133.0000, -0.1229) vel (-0.0402, 0.0000, 0.1190)
[2026-09-19 14:03:31.439] [info] fps 73.5 | pos (0.18, 132.00, 1.24) | chunks 135 | stream-meshed 126
[2026-09-19 14:03:31.439] [info] mob event: melee 3.0 damage at (0.6, 133.0, -0.0)
[2026-09-19 14:03:31.439] [info] mob event: melee 3.0 damage at (0.6, 133.0, -0.1)
[2026-09-19 14:03:31.439] [info] mob event: melee 3.0 damage at (0.7, 133.0, -0.1)
[2026-09-19 14:03:31.439] [info] mob event: melee 3.0 damage at (0.6, 132.9, -0.0)
[2026-09-19 14:03:31.439] [info] mob event: melee 3.0 damage at (0.6, 132.9, -0.0)
[2026-09-19 14:03:31.439] [info] mob event: melee 3.0 damage at (0.6, 133.0, -0.1)
[2026-09-19 14:03:31.439] [info] mob event: melee 3.0 damage at (0.7, 133.0, -0.1)
[2026-09-19 14:03:31.439] [info] mob melee for 3.0 absorbed by the hurt window (5 tick(s) left, last 3.0)
[2026-09-19 14:03:31.439] [info] mob melee for 3.0 absorbed by the hurt window (5 tick(s) left, last 3.0)
[2026-09-19 14:03:31.439] [info] mob melee for 3.0 absorbed by the hurt window (5 tick(s) left, last 3.0)
[2026-09-19 14:03:31.439] [info] mob melee for 3.0 absorbed by the hurt window (5 tick(s) left, last 3.0)
[2026-09-19 14:03:31.439] [info] mob melee for 3.0 absorbed by the hurt window (5 tick(s) left, last 3.0)
[2026-09-19 14:03:31.439] [info] mob melee for 3.0 absorbed by the hurt window (5 tick(s) left, last 3.0)
[2026-09-19 14:03:31.439] [info] mob melee for 3.0 absorbed by the hurt window (5 tick(s) left, last 3.0)
[2026-09-19 14:03:31.439] [info] EVIDENCE mob 34 health 20.0000 pos (0.5808, 132.9200, 0.0946) vel (-0.0681, -0.0784, 0.1979)
[2026-09-19 14:03:31.452] [info] EVIDENCE mob 34 health 20.0000 pos (0.5808, 132.9200, 0.0946) vel (-0.0681, -0.0784, 0.1979)
[2026-09-19 14:03:31.467] [info] EVIDENCE mob 34 health 20.0000 pos (0.5808, 132.9200, 0.0946) vel (-0.0681, -0.0784, 0.1979)
[2026-09-19 14:03:31.481] [info] EVIDENCE mob 34 health 20.0000 pos (0.5808, 132.9200, 0.0946) vel (-0.0681, -0.0784, 0.1979)
[2026-09-19 14:03:31.494] [info] mob event: melee 3.0 damage at (0.6, 132.9, 0.0)
[2026-09-19 14:03:31.494] [info] mob event: melee 3.0 damage at (0.6, 132.9, 0.0)
[2026-09-19 14:03:31.494] [info] mob event: melee 3.0 damage at (0.6, 132.9, 0.1)
[2026-09-19 14:03:31.494] [info] mob melee for 3.0 absorbed by the hurt window (4 tick(s) left, last 3.0)
[2026-09-19 14:03:31.494] [info] mob melee for 3.0 absorbed by the hurt window (4 tick(s) left, last 3.0)
[2026-09-19 14:03:31.494] [info] mob melee for 3.0 absorbed by the hurt window (4 tick(s) left, last 3.0)
[2026-09-19 14:03:31.494] [info] EVIDENCE mob 34 health 20.0000 pos (0.4779, 132.7616, 0.3909) vel (-0.0937, -0.1552, 0.2697)
[2026-09-19 14:03:31.508] [info] EVIDENCE mob 34 health 20.0000 pos (0.4779, 132.7616, 0.3909) vel (-0.0937, -0.1552, 0.2697)
[2026-09-19 14:03:31.523] [info] EVIDENCE mob 34 health 20.0000 pos (0.4779, 132.7616, 0.3909) vel (-0.0937, -0.1552, 0.2697)
[2026-09-19 14:03:31.537] [info] EVIDENCE mob 34 health 20.0000 pos (0.3842, 132.5264, 0.6606) vel (-0.0852, -0.2305, 0.2454)
[2026-09-19 14:03:31.550] [info] EVIDENCE mob 34 health 20.0000 pos (0.3842, 132.5264, 0.6606) vel (-0.0852, -0.2305, 0.2454)
[2026-09-19 14:03:31.564] [info] EVIDENCE mob 34 health 20.0000 pos (0.3842, 132.5264, 0.6606) vel (-0.0852, -0.2305, 0.2454)
[2026-09-19 14:03:31.578] [info] EVIDENCE mob 34 health 20.0000 pos (0.3842, 132.5264, 0.6606) vel (-0.0852, -0.2305, 0.2454)
[2026-09-19 14:03:31.591] [info] EVIDENCE mob 34 health 20.0000 pos (0.2990, 132.2158, 0.9059) vel (-0.0776, -0.3043, 0.2233)
[2026-09-19 14:03:31.606] [info] EVIDENCE mob 34 health 20.0000 pos (0.2990, 132.2158, 0.9059) vel (-0.0776, -0.3043, 0.2233)
[2026-09-19 14:03:31.619] [info] EVIDENCE mob 34 health 20.0000 pos (0.2990, 132.2158, 0.9059) vel (-0.0776, -0.3043, 0.2233)
[2026-09-19 14:03:31.633] [info] EVIDENCE mob 34 health 20.0000 pos (0.2990, 132.2158, 0.9059) vel (-0.0776, -0.3043, 0.2233)
[2026-09-19 14:03:31.647] [info] mob event: melee 3.0 damage at (0.6, 132.2, 0.6)
[2026-09-19 14:03:31.648] [info] mob melee for 3.0 absorbed by the hurt window (1 tick(s) left, last 3.0)
[2026-09-19 14:03:31.648] [info] EVIDENCE probe yaw 0.0000 pitch 0.0000 eye (0.154, 133.620, 1.302) nearest_mob 9 dist 0.000
[2026-09-19 14:03:31.648] [info] EVIDENCE mob 34 health 20.0000 pos (0.2214, 132.0000, 1.1292) vel (-0.0424, 0.0000, 0.1219)
[2026-09-19 14:03:31.661] [info] EVIDENCE mob 34 health 20.0000 pos (0.2214, 132.0000, 1.1292) vel (-0.0424, 0.0000, 0.1219)
[2026-09-19 14:03:31.675] [info] EVIDENCE mob 34 health 20.0000 pos (0.2214, 132.0000, 1.1292) vel (-0.0424, 0.0000, 0.1219)
[2026-09-19 14:03:31.689] [info] EVIDENCE mob 34 health 20.0000 pos (0.1791, 132.0000, 1.2512) vel (-0.0231, 0.0000, 0.0666)
[2026-09-19 14:03:31.702] [info] EVIDENCE mob 34 health 20.0000 pos (0.1791, 132.0000, 1.2512) vel (-0.0231, 0.0000, 0.0666)
[2026-09-19 14:03:31.716] [info] EVIDENCE mob 34 health 20.0000 pos (0.1791, 132.0000, 1.2512) vel (-0.0231, 0.0000, 0.0666)
[2026-09-19 14:03:31.731] [info] EVIDENCE mob 34 health 20.0000 pos (0.1791, 132.0000, 1.2512) vel (-0.0231, 0.0000, 0.0666)
[2026-09-19 14:03:31.744] [info] EVIDENCE mob 34 health 20.0000 pos (0.1560, 132.0000, 1.3177) vel (-0.0126, 0.0000, 0.0363)
[2026-09-19 14:03:31.758] [info] EVIDENCE mob 34 health 20.0000 pos (0.1560, 132.0000, 1.3177) vel (-0.0126, 0.0000, 0.0363)
[2026-09-19 14:03:31.772] [info] EVIDENCE mob 34 health 20.0000 pos (0.1560, 132.0000, 1.3177) vel (-0.0126, 0.0000, 0.0363)
[2026-09-19 14:03:31.786] [info] EVIDENCE mob 34 health 20.0000 pos (0.1560, 132.0000, 1.3177) vel (-0.0126, 0.0000, 0.0363)
[2026-09-19 14:03:31.799] [info] EVIDENCE mob 34 health 20.0000 pos (0.1433, 131.9200, 1.3541) vel (-0.0115, -0.0784, 0.0331)
[2026-09-19 14:03:31.814] [info] EVIDENCE mob 34 health 20.0000 pos (0.1433, 131.9200, 1.3541) vel (-0.0115, -0.0784, 0.0331)
[2026-09-19 14:03:31.827] [info] EVIDENCE mob 34 health 20.0000 pos (0.1433, 131.9200, 1.3541) vel (-0.0115, -0.0784, 0.0331)
[2026-09-19 14:03:31.841] [info] EVIDENCE mob 34 health 20.0000 pos (0.1318, 131.7616, 1.3871) vel (-0.0105, -0.1552, 0.0301)
[2026-09-19 14:03:31.856] [info] EVIDENCE mob 34 health 20.0000 pos (0.1318, 131.7616, 1.3871) vel (-0.0105, -0.1552, 0.0301)
[2026-09-19 14:03:31.869] [info] EVIDENCE mob 34 health 20.0000 pos (0.1318, 131.7616, 1.3871) vel (-0.0105, -0.1552, 0.0301)
[2026-09-19 14:03:31.883] [info] EVIDENCE mob 34 health 20.0000 pos (0.1318, 131.7616, 1.3871) vel (-0.0105, -0.1552, 0.0301)
[2026-09-19 14:03:31.898] [info] EVIDENCE mob 34 health 20.0000 pos (0.1214, 131.5264, 1.4172) vel (-0.0095, -0.2305, 0.0274)
[2026-09-19 14:03:31.911] [info] EVIDENCE mob 34 health 20.0000 pos (0.1214, 131.5264, 1.4172) vel (-0.0095, -0.2305, 0.0274)
[2026-09-19 14:03:31.925] [info] EVIDENCE mob 34 health 20.0000 pos (0.1214, 131.5264, 1.4172) vel (-0.0095, -0.2305, 0.0274)
[2026-09-19 14:03:31.942] [info] EVIDENCE mob 34 health 20.0000 pos (0.1119, 131.2158, 1.4446) vel (-0.0087, -0.3043, 0.0249)
[2026-09-19 14:03:31.946] [info] EVIDENCE mob 34 health 20.0000 pos (0.1119, 131.2158, 1.4446) vel (-0.0087, -0.3043, 0.0249)
[2026-09-19 14:03:31.960] [info] EVIDENCE mob 34 health 20.0000 pos (0.1119, 131.2158, 1.4446) vel (-0.0087, -0.3043, 0.0249)
[2026-09-19 14:03:31.973] [info] EVIDENCE mob 34 health 20.0000 pos (0.1119, 131.2158, 1.4446) vel (-0.0087, -0.3043, 0.0249)
[2026-09-19 14:03:31.987] [info] EVIDENCE mob 34 health 20.0000 pos (0.1119, 131.2158, 1.4446) vel (-0.0087, -0.3043, 0.0249)
[2026-09-19 14:03:32.002] [info] EVIDENCE mob 34 health 20.0000 pos (0.1032, 131.0000, 1.4696) vel (-0.0047, 0.0000, 0.0136)
[2026-09-19 14:03:32.015] [info] EVIDENCE mob 34 health 20.0000 pos (0.1032, 131.0000, 1.4696) vel (-0.0047, 0.0000, 0.0136)
[2026-09-19 14:03:32.029] [info] EVIDENCE mob 34 health 20.0000 pos (0.1032, 131.0000, 1.4696) vel (-0.0047, 0.0000, 0.0136)
[2026-09-19 14:03:32.044] [info] EVIDENCE mob 34 health 20.0000 pos (0.0985, 131.0000, 1.4832) vel (0.0000, 0.0000, 0.0074)
[2026-09-19 14:03:32.057] [info] EVIDENCE probe yaw 0.0000 pitch 0.0000 eye (0.154, 132.620, 1.302) nearest_mob 15 dist 0.000
[2026-09-19 14:03:32.057] [info] EVIDENCE mob 34 health 20.0000 pos (0.0985, 131.0000, 1.4832) vel (0.0000, 0.0000, 0.0074)
[2026-09-19 14:03:32.070] [info] EVIDENCE mob 34 health 20.0000 pos (0.0985, 131.0000, 1.4832) vel (0.0000, 0.0000, 0.0074)
[2026-09-19 14:03:32.085] [info] EVIDENCE mob 34 health 20.0000 pos (0.0985, 131.0000, 1.4832) vel (0.0000, 0.0000, 0.0074)
[2026-09-19 14:03:32.101] [info] EVIDENCE mob 34 health 20.0000 pos (0.0985, 131.0000, 1.4906) vel (0.0000, 0.0000, 0.0041)
[2026-09-19 14:03:32.112] [info] EVIDENCE mob 34 health 20.0000 pos (0.0985, 131.0000, 1.4906) vel (0.0000, 0.0000, 0.0041)
[2026-09-19 14:03:32.127] [info] EVIDENCE mob 34 health 20.0000 pos (0.0985, 131.0000, 1.4906) vel (0.0000, 0.0000, 0.0041)
[2026-09-19 14:03:32.140] [info] EVIDENCE mob 34 health 20.0000 pos (0.0985, 131.0000, 1.4947) vel (0.0000, 0.0000, 0.0000)
[2026-09-19 14:03:32.154] [info] EVIDENCE mob 34 health 20.0000 pos (0.0985, 131.0000, 1.4947) vel (0.0000, 0.0000, 0.0000)
[2026-09-19 14:03:32.168] [info] EVIDENCE mob 34 health 20.0000 pos (0.0985, 131.0000, 1.4947) vel (0.0000, 0.0000, 0.0000)
[2026-09-19 14:03:32.182] [info] EVIDENCE mob 34 health 20.0000 pos (0.0985, 131.0000, 1.4947) vel (0.0000, 0.0000, 0.0000)
[2026-09-19 14:03:32.195] [info] mob event: melee 3.0 damage at (-0.6, 130.0, 1.9)
[2026-09-19 14:03:32.196] [info] mob melee for 3.0 at (-0.57, 130.00, 1.94); health now 14.0
[2026-09-19 14:03:32.196] [info] EVIDENCE mob 34 health 20.0000 pos (0.0985, 131.0000, 1.4947) vel (0.0000, 0.0000, 0.0000)
[2026-09-19 14:03:32.210] [info] EVIDENCE mob 34 health 20.0000 pos (0.0985, 131.0000, 1.4947) vel (0.0000, 0.0000, 0.0000)
[2026-09-19 14:03:32.224] [info] EVIDENCE mob 34 health 20.0000 pos (0.0985, 131.0000, 1.4947) vel (0.0000, 0.0000, 0.0000)
[2026-09-19 14:03:32.237] [info] EVIDENCE mob 34 health 20.0000 pos (0.0985, 131.0000, 1.4947) vel (0.0000, 0.0000, 0.0000)
[2026-09-19 14:03:32.252] [info] EVIDENCE mob 34 health 20.0000 pos (0.0985, 131.0000, 1.4947) vel (0.0000, 0.0000, 0.0000)
[2026-09-19 14:03:32.269] [info] EVIDENCE mob 34 health 20.0000 pos (0.0985, 131.0000, 1.4947) vel (0.0000, 0.0000, 0.0000)
[2026-09-19 14:03:32.274] [info] EVIDENCE mob 34 health 20.0000 pos (0.0985, 131.0000, 1.4947) vel (0.0000, 0.0000, 0.0000)
[2026-09-19 14:03:32.286] [info] EVIDENCE mob 34 health 20.0000 pos (0.0985, 131.0000, 1.4947) vel (0.0000, 0.0000, 0.0000)
[2026-09-19 14:03:32.300] [info] EVIDENCE mob 34 health 20.0000 pos (0.0985, 131.0000, 1.4947) vel (0.0000, 0.0000, 0.0000)
[2026-09-19 14:03:32.306] [info] EVIDENCE mob 34 health 20.0000 pos (0.0985, 131.0000, 1.4947) vel (0.0000, 0.0000, 0.0000)
[2026-09-19 14:03:32.320] [info] EVIDENCE mob 34 health 20.0000 pos (0.0985, 131.0000, 1.4947) vel (0.0000, 0.0000, 0.0000)
[2026-09-19 14:03:32.335] [info] EVIDENCE mob 34 health 20.0000 pos (0.0985, 131.0000, 1.4947) vel (0.0000, 0.0000, 0.0000)
[2026-09-19 14:03:32.348] [info] EVIDENCE mob 34 health 20.0000 pos (0.0985, 131.0000, 1.4947) vel (0.0000, 0.0000, 0.0000)
[2026-09-19 14:03:32.362] [info] EVIDENCE mob 34 health 20.0000 pos (0.0985, 131.0000, 1.4947) vel (0.0000, 0.0000, 0.0000)
[2026-09-19 14:03:32.377] [info] EVIDENCE mob 34 health 20.0000 pos (0.0985, 131.0000, 1.4947) vel (0.0000, 0.0000, 0.0000)
[2026-09-19 14:03:32.390] [info] EVIDENCE mob 34 health 20.0000 pos (0.0985, 131.0000, 1.4947) vel (0.0000, 0.0000, 0.0000)
[2026-09-19 14:03:32.404] [info] mob event: melee 3.0 damage at (0.2, 131.0, 1.4)
[2026-09-19 14:03:32.404] [info] mob melee for 3.0 absorbed by the hurt window (6 tick(s) left, last 3.0)
[2026-09-19 14:03:32.404] [info] EVIDENCE mob 34 health 20.0000 pos (0.0985, 131.0000, 1.4947) vel (0.0000, 0.0000, 0.0000)
[2026-09-19 14:03:32.418] [info] EVIDENCE mob 34 health 20.0000 pos (0.0985, 131.0000, 1.4947) vel (0.0000, 0.0000, 0.0000)
[2026-09-19 14:03:32.432] [info] EVIDENCE mob 34 health 20.0000 pos (0.0985, 131.0000, 1.4947) vel (0.0000, 0.0000, 0.0000)
[2026-09-19 14:03:32.445] [info] mob event: melee 3.0 damage at (0.0, 131.0, 1.7)
[2026-09-19 14:03:32.445] [info] mob event: melee 3.0 damage at (0.0, 131.0, 1.6)
[2026-09-19 14:03:32.445] [info] mob event: melee 3.0 damage at (0.1, 131.0, 1.5)
[2026-09-19 14:03:32.445] [info] mob event: melee 3.0 damage at (0.2, 132.0, 1.3)
[2026-09-19 14:03:32.445] [info] mob event: melee 3.0 damage at (-0.0, 131.0, 1.9)
[2026-09-19 14:03:32.445] [info] mob event: melee 3.0 damage at (0.1, 131.0, 1.5)
[2026-09-19 14:03:32.445] [info] mob event: melee 3.0 damage at (0.1, 131.0, 1.5)
[2026-09-19 14:03:32.445] [info] mob melee for 3.0 absorbed by the hurt window (5 tick(s) left, last 3.0)
[2026-09-19 14:03:32.445] [info] mob melee for 3.0 absorbed by the hurt window (5 tick(s) left, last 3.0)
[2026-09-19 14:03:32.445] [info] mob melee for 3.0 absorbed by the hurt window (5 tick(s) left, last 3.0)
[2026-09-19 14:03:32.445] [info] mob melee for 3.0 absorbed by the hurt window (5 tick(s) left, last 3.0)
[2026-09-19 14:03:32.445] [info] mob melee for 3.0 absorbed by the hurt window (5 tick(s) left, last 3.0)
[2026-09-19 14:03:32.445] [info] mob melee for 3.0 absorbed by the hurt window (5 tick(s) left, last 3.0)
[2026-09-19 14:03:32.445] [info] mob melee for 3.0 absorbed by the hurt window (5 tick(s) left, last 3.0)
[2026-09-19 14:03:32.445] [info] EVIDENCE mob 34 health 20.0000 pos (0.0985, 131.0000, 1.4947) vel (0.0000, 0.0000, 0.0000)
[2026-09-19 14:03:32.452] [info] EVIDENCE probe yaw 0.0000 pitch 0.0000 eye (0.700, 132.620, 1.300) nearest_mob 27 dist 0.268
[2026-09-19 14:03:32.452] [info] EVIDENCE mob 34 health 20.0000 pos (0.0985, 131.0000, 1.4947) vel (0.0000, 0.0000, 0.0000)
[2026-09-19 14:03:32.466] [info] EVIDENCE mob 34 health 20.0000 pos (0.0985, 131.0000, 1.4947) vel (0.0000, 0.0000, 0.0000)
[2026-09-19 14:03:32.483] [info] EVIDENCE summon hollow_wretch id=8 at (0.7, 131.0, -0.7)
[2026-09-19 14:03:32.483] [info] EVIDENCE mob 8 health 20.0000 pos (0.7000, 131.0000, -0.7000) vel (0.0000, 0.0000, 0.0000)
[2026-09-19 14:03:32.494] [info] mob event: melee 3.0 damage at (0.1, 131.0, 1.4)
[2026-09-19 14:03:32.494] [info] mob event: melee 3.0 damage at (0.1, 131.0, 1.4)
[2026-09-19 14:03:32.494] [info] mob event: melee 3.0 damage at (0.1, 131.0, 1.4)
[2026-09-19 14:03:32.494] [info] mob melee for 3.0 absorbed by the hurt window (4 tick(s) left, last 3.0)
[2026-09-19 14:03:32.494] [info] mob melee for 3.0 absorbed by the hurt window (4 tick(s) left, last 3.0)
[2026-09-19 14:03:32.494] [info] mob melee for 3.0 absorbed by the hurt window (4 tick(s) left, last 3.0)
[2026-09-19 14:03:32.494] [info] EVIDENCE mob 8 health 20.0000 pos (0.6617, 132.0000, -0.7971) vel (-0.0209, 0.0000, -0.0530)
[2026-09-19 14:03:32.508] [info] EVIDENCE mob 8 health 20.0000 pos (0.6617, 132.0000, -0.7971) vel (-0.0209, 0.0000, -0.0530)
[2026-09-19 14:03:32.522] [info] EVIDENCE mob 8 health 20.0000 pos (0.6617, 132.0000, -0.7971) vel (-0.0209, 0.0000, -0.0530)
[2026-09-19 14:03:32.536] [info] EVIDENCE mob 8 health 20.0000 pos (0.6617, 132.0000, -0.7971) vel (-0.0209, 0.0000, -0.0530)
[2026-09-19 14:03:32.554] [info] EVIDENCE mob 8 health 20.0000 pos (0.6041, 132.0000, -0.9480) vel (-0.0314, 0.0000, -0.0823)
[2026-09-19 14:03:32.558] [info] EVIDENCE mob 8 health 20.0000 pos (0.6041, 132.0000, -0.9480) vel (-0.0314, 0.0000, -0.0823)
[2026-09-19 14:03:32.571] [info] EVIDENCE mob 8 health 20.0000 pos (0.6041, 132.0000, -0.9480) vel (-0.0314, 0.0000, -0.0823)
[2026-09-19 14:03:32.585] [info] EVIDENCE mob 8 health 20.0000 pos (0.6041, 132.0000, -0.9480) vel (-0.0314, 0.0000, -0.0823)
[2026-09-19 14:03:32.603] [info] EVIDENCE mob 8 health 20.0000 pos (0.5388, 132.0000, -1.1291) vel (-0.0357, 0.0000, -0.0989)
[2026-09-19 14:03:32.606] [info] EVIDENCE mob 8 health 20.0000 pos (0.5388, 132.0000, -1.1291) vel (-0.0357, 0.0000, -0.0989)
[2026-09-19 14:03:32.619] [info] EVIDENCE mob 8 health 20.0000 pos (0.5388, 132.0000, -1.1291) vel (-0.0357, 0.0000, -0.0989)
2026-09-19 14:03:32.657 opencraft[8073:2360276] error messaging the mach port for IMKCFRunLoopWakeUpReliable
[2026-09-19 14:03:32.658] [info] sprint start at tick 677 (pos 0.70, 131.42, 1.30)
[2026-09-19 14:03:32.658] [info] mob event: melee 3.0 damage at (0.5, 132.0, 0.7)
[2026-09-19 14:03:32.658] [info] mob melee for 3.0 absorbed by the hurt window (1 tick(s) left, last 3.0)
[2026-09-19 14:03:32.658] [info] EVIDENCE keys w=1 ctrl=1 space=0
[2026-09-19 14:03:32.658] [info] EVIDENCE mob 8 health 20.0000 pos (0.5521, 132.0000, -1.3201) vel (0.0073, 0.0000, -0.1043)
[2026-09-19 14:03:32.661] [info] EVIDENCE mob 8 health 20.0000 pos (0.5521, 132.0000, -1.3201) vel (0.0073, 0.0000, -0.1043)
[2026-09-19 14:03:32.676] [info] EVIDENCE mob 8 health 20.0000 pos (0.5521, 132.0000, -1.3201) vel (0.0073, 0.0000, -0.1043)
[2026-09-19 14:03:32.689] [info] EVIDENCE mob 8 health 20.0000 pos (0.5521, 132.0000, -1.3201) vel (0.0073, 0.0000, -0.1043)
[2026-09-19 14:03:32.707] [info] EVIDENCE mob 8 health 20.0000 pos (0.6103, 132.0000, -1.5157) vel (0.0317, 0.0000, -0.1068)
[2026-09-19 14:03:32.712] [info] EVIDENCE mob 8 health 20.0000 pos (0.6103, 132.0000, -1.5157) vel (0.0317, 0.0000, -0.1068)
[2026-09-19 14:03:32.724] [info] EVIDENCE mob 8 health 20.0000 pos (0.6103, 132.0000, -1.5157) vel (0.0317, 0.0000, -0.1068)
[2026-09-19 14:03:32.737] [info] EVIDENCE mob 8 health 20.0000 pos (0.6103, 132.0000, -1.5157) vel (0.0317, 0.0000, -0.1068)
[2026-09-19 14:03:32.752] [info] EVIDENCE mob 8 health 20.0000 pos (0.6147, 132.0000, -1.7232) vel (0.0000, 0.0000, -0.1133)
[2026-09-19 14:03:32.765] [info] EVIDENCE mob 8 health 20.0000 pos (0.6147, 132.0000, -1.7232) vel (0.0000, 0.0000, -0.1133)
[2026-09-19 14:03:32.779] [info] EVIDENCE mob 8 health 20.0000 pos (0.6147, 132.0000, -1.7232) vel (0.0000, 0.0000, -0.1133)
[2026-09-19 14:03:32.794] [info] mob blastbud spawned at (70.7, 61.0, 27.1) in chunk (4, 1)
[2026-09-19 14:03:32.794] [info] EVIDENCE mob 8 health 20.0000 pos (0.5903, 132.0000, -1.9381) vel (-0.0133, 0.0000, -0.1173)
[2026-09-19 14:03:32.807] [info] EVIDENCE mob 8 health 20.0000 pos (0.5903, 132.0000, -1.9381) vel (-0.0133, 0.0000, -0.1173)
[2026-09-19 14:03:32.821] [info] EVIDENCE lmb down | yaw 0.0000 picked 27 dist 0.194 swinging false age 179 charge 1.000 sprint true fall false onground false vy 0.0831
[2026-09-19 14:03:32.821] [info] EVIDENCE mob 8 health 20.0000 pos (0.5903, 132.0000, -1.9381) vel (-0.0133, 0.0000, -0.1173)
[2026-09-19 14:03:32.827] [info] EVIDENCE mob 8 health 20.0000 pos (0.5903, 132.0000, -1.9381) vel (-0.0133, 0.0000, -0.1173)
[2026-09-19 14:03:32.841] [info] EVIDENCE mob 8 health 20.0000 pos (0.5903, 132.0000, -1.9381) vel (-0.0133, 0.0000, -0.1173)
[2026-09-19 14:03:32.856] [info] EVIDENCE probe yaw 0.0000 pitch 0.0000 eye (0.700, 133.869, 1.156) nearest_mob 0 dist 1000000000.000
[2026-09-19 14:03:32.856] [info] EVIDENCE mob 8 health 20.0000 pos (0.5566, 132.0000, -2.1578) vel (-0.0184, 0.0000, -0.1200)
[2026-09-19 14:03:32.869] [info] EVIDENCE mob 8 health 20.0000 pos (0.5566, 132.0000, -2.1578) vel (-0.0184, 0.0000, -0.1200)
[2026-09-19 14:03:32.883] [info] EVIDENCE lmb up
[2026-09-19 14:03:32.883] [info] EVIDENCE mob 8 health 20.0000 pos (0.5566, 132.0000, -2.1578) vel (-0.0184, 0.0000, -0.1200)
[2026-09-19 14:03:32.898] [info] EVIDENCE mob 8 health 20.0000 pos (0.5228, 132.0000, -2.3810) vel (-0.0185, 0.0000, -0.1219)
[2026-09-19 14:03:32.911] [info] EVIDENCE mob 8 health 20.0000 pos (0.5228, 132.0000, -2.3810) vel (-0.0185, 0.0000, -0.1219)
[2026-09-19 14:03:32.924] [info] EVIDENCE mob 8 health 20.0000 pos (0.5228, 132.0000, -2.3810) vel (-0.0185, 0.0000, -0.1219)
[2026-09-19 14:03:32.939] [info] EVIDENCE mob 8 health 20.0000 pos (0.5228, 132.0000, -2.3810) vel (-0.0185, 0.0000, -0.1219)
[2026-09-19 14:03:32.953] [info] EVIDENCE mob 8 health 20.0000 pos (0.5708, 132.0000, -2.5834) vel (0.0262, 0.0000, -0.1105)
[2026-09-19 14:03:32.966] [info] EVIDENCE mob 8 health 20.0000 pos (0.5708, 132.0000, -2.5834) vel (0.0262, 0.0000, -0.1105)
[2026-09-19 14:03:32.981] [info] EVIDENCE mob 8 health 20.0000 pos (0.5708, 132.0000, -2.5834) vel (0.0262, 0.0000, -0.1105)
[2026-09-19 14:03:32.994] [info] EVIDENCE mob 8 health 20.0000 pos (0.5708, 132.0000, -2.5834) vel (0.0262, 0.0000, -0.1105)
[2026-09-19 14:03:33.008] [info] EVIDENCE mob 8 health 20.0000 pos (0.5905, 132.0000, -2.7982) vel (0.0107, 0.0000, -0.1172)
[2026-09-19 14:03:33.023] [info] EVIDENCE mob 8 health 20.0000 pos (0.5905, 132.0000, -2.7982) vel (0.0107, 0.0000, -0.1172)
[2026-09-19 14:03:33.036] [info] EVIDENCE mob 8 health 20.0000 pos (0.5905, 132.0000, -2.7982) vel (0.0107, 0.0000, -0.1172)
[2026-09-19 14:03:33.050] [info] sprint-jump arc: 9 moves, horizontal 0.598 blocks, clearance -0.002, avg 1.330 m/s (from (0.70, 131.42, 1.30))
[2026-09-19 14:03:33.050] [info] EVIDENCE mob 8 health 20.0000 pos (0.5997, 132.0000, -3.0198) vel (0.0050, 0.0000, -0.1210)
[2026-09-19 14:03:33.064] [info] EVIDENCE mob 8 health 20.0000 pos (0.5997, 132.0000, -3.0198) vel (0.0050, 0.0000, -0.1210)
[2026-09-19 14:03:33.078] [info] EVIDENCE mob 8 health 20.0000 pos (0.5997, 132.0000, -3.0198) vel (0.0050, 0.0000, -0.1210)
[2026-09-19 14:03:33.091] [info] EVIDENCE mob 8 health 20.0000 pos (0.5997, 132.0000, -3.0198) vel (0.0050, 0.0000, -0.1210)
[2026-09-19 14:03:33.106] [info] EVIDENCE mob 8 health 20.0000 pos (0.6094, 132.0000, -3.2452) vel (0.0053, 0.0000, -0.1230)
[2026-09-19 14:03:33.119] [info] EVIDENCE mob 8 health 20.0000 pos (0.6094, 132.0000, -3.2452) vel (0.0053, 0.0000, -0.1230)
[2026-09-19 14:03:33.133] [info] EVIDENCE mob 8 health 20.0000 pos (0.6094, 132.0000, -3.2452) vel (0.0053, 0.0000, -0.1230)
[2026-09-19 14:03:33.148] [info] EVIDENCE mob 8 health 20.0000 pos (0.6265, 132.0000, -3.4720) vel (0.0093, 0.0000, -0.1238)
[2026-09-19 14:03:33.161] [info] EVIDENCE mob 8 health 20.0000 pos (0.6265, 132.0000, -3.4720) vel (0.0093, 0.0000, -0.1238)
[2026-09-19 14:03:33.175] [info] EVIDENCE mob 8 health 20.0000 pos (0.6265, 132.0000, -3.4720) vel (0.0093, 0.0000, -0.1238)
[2026-09-19 14:03:33.189] [info] EVIDENCE mob 8 health 20.0000 pos (0.6265, 132.0000, -3.4720) vel (0.0093, 0.0000, -0.1238)
[2026-09-19 14:03:33.203] [info] mob event: melee 3.0 damage at (-0.1, 132.0, 1.2)
[2026-09-19 14:03:33.203] [info] mob melee for 3.0 at (-0.11, 132.00, 1.19); health now 11.0
[2026-09-19 14:03:33.203] [info] EVIDENCE mob 8 health 20.0000 pos (0.6555, 132.0000, -3.6983) vel (0.0158, 0.0000, -0.1236)
[2026-09-19 14:03:33.216] [info] EVIDENCE mob 8 health 20.0000 pos (0.6555, 132.0000, -3.6983) vel (0.0158, 0.0000, -0.1236)
[2026-09-19 14:03:33.231] [info] EVIDENCE mob 8 health 20.0000 pos (0.6555, 132.0000, -3.6983) vel (0.0158, 0.0000, -0.1236)
[2026-09-19 14:03:33.244] [info] EVIDENCE mob 8 health 20.0000 pos (0.6555, 132.0000, -3.6983) vel (0.0158, 0.0000, -0.1236)
[2026-09-19 14:03:33.258] [info] EVIDENCE mob 8 health 20.0000 pos (0.6995, 132.0000, -3.9225) vel (0.0240, 0.0000, -0.1224)
[2026-09-19 14:03:33.273] [info] EVIDENCE probe yaw 0.0000 pitch 0.0000 eye (0.700, 133.620, -0.701) nearest_mob 8 dist 2.922
[2026-09-19 14:03:33.273] [info] EVIDENCE mob 8 health 20.0000 pos (0.6995, 132.0000, -3.9225) vel (0.0240, 0.0000, -0.1224)
[2026-09-19 14:03:33.286] [info] EVIDENCE mob 8 health 20.0000 pos (0.6995, 132.0000, -3.9225) vel (0.0240, 0.0000, -0.1224)
[2026-09-19 14:03:33.300] [info] EVIDENCE mob 8 health 20.0000 pos (0.7607, 133.0000, -4.1424) vel (0.0335, 0.0000, -0.1201)
[2026-09-19 14:03:33.311] [info] EVIDENCE keys w=1 ctrl=0 space=0
[2026-09-19 14:03:33.311] [info] EVIDENCE mob 8 health 20.0000 pos (0.7607, 133.0000, -4.1424) vel (0.0335, 0.0000, -0.1201)
[2026-09-19 14:03:33.314] [info] EVIDENCE mob 8 health 20.0000 pos (0.7607, 133.0000, -4.1424) vel (0.0335, 0.0000, -0.1201)
[2026-09-19 14:03:33.328] [info] EVIDENCE mob 8 health 20.0000 pos (0.7607, 133.0000, -4.1424) vel (0.0335, 0.0000, -0.1201)
[2026-09-19 14:03:33.341] [info] EVIDENCE keys w=0 ctrl=0 space=0
[2026-09-19 14:03:33.341] [info] EVIDENCE mob 8 health 20.0000 pos (0.7607, 133.0000, -4.1424) vel (0.0335, 0.0000, -0.1201)
[2026-09-19 14:03:33.356] [info] sprint stop at tick 691 (pos 0.70, 132.00, -1.42)
[2026-09-19 14:03:33.356] [info] EVIDENCE mob 8 health 20.0000 pos (0.8933, 133.0000, -4.2955) vel (0.0724, 0.0000, -0.0836)
[2026-09-19 14:03:33.369] [info] EVIDENCE mob 8 health 20.0000 pos (0.8933, 133.0000, -4.2955) vel (0.0724, 0.0000, -0.0836)
[2026-09-19 14:03:33.383] [info] EVIDENCE mob 8 health 20.0000 pos (0.8933, 133.0000, -4.2955) vel (0.0724, 0.0000, -0.0836)
[2026-09-19 14:03:33.398] [info] EVIDENCE mob 8 health 20.0000 pos (1.0666, 133.0000, -4.4055) vel (0.0947, 0.0000, -0.0601)
[2026-09-19 14:03:33.411] [info] EVIDENCE mob 8 health 20.0000 pos (1.0666, 133.0000, -4.4055) vel (0.0947, 0.0000, -0.0601)
[2026-09-19 14:03:33.424] [info] EVIDENCE mob 8 health 20.0000 pos (1.0666, 133.0000, -4.4055) vel (0.0947, 0.0000, -0.0601)
[2026-09-19 14:03:33.439] [info] EVIDENCE mob 8 health 20.0000 pos (1.0666, 133.0000, -4.4055) vel (0.0947, 0.0000, -0.0601)
[2026-09-19 14:03:33.452] [info] fps 74.0 | pos (0.70, 132.00, -1.55) | chunks 135 | stream-meshed 126
[2026-09-19 14:03:33.452] [info] EVIDENCE mob 8 health 20.0000 pos (1.2634, 133.0000, -4.4875) vel (0.1074, 0.0000, -0.0448)
[2026-09-19 14:03:33.466] [info] EVIDENCE mob 8 health 20.0000 pos (1.2634, 133.0000, -4.4875) vel (0.1074, 0.0000, -0.0448)
[2026-09-19 14:03:33.481] [info] EVIDENCE mob 8 health 20.0000 pos (1.2634, 133.0000, -4.4875) vel (0.1074, 0.0000, -0.0448)
[2026-09-19 14:03:33.494] [info] EVIDENCE mob 8 health 20.0000 pos (1.2634, 133.0000, -4.4875) vel (0.1074, 0.0000, -0.0448)
[2026-09-19 14:03:33.508] [info] EVIDENCE mob 8 health 20.0000 pos (1.3504, 133.0000, -4.4299) vel (0.0475, 0.0000, 0.0315)
[2026-09-19 14:03:33.523] [info] EVIDENCE mob 8 health 20.0000 pos (1.3504, 133.0000, -4.4299) vel (0.0475, 0.0000, 0.0315)
[2026-09-19 14:03:33.536] [info] EVIDENCE mob 8 health 20.0000 pos (1.3504, 133.0000, -4.4299) vel (0.0475, 0.0000, 0.0315)
[2026-09-19 14:03:33.550] [info] EVIDENCE mob 8 health 20.0000 pos (1.3737, 133.0000, -4.2968) vel (0.0127, 0.0000, 0.0726)
[2026-09-19 14:03:33.564] [info] EVIDENCE mob 8 health 20.0000 pos (1.3737, 133.0000, -4.2968) vel (0.0127, 0.0000, 0.0726)
[2026-09-19 14:03:33.578] [info] EVIDENCE mob 8 health 20.0000 pos (1.3737, 133.0000, -4.2968) vel (0.0127, 0.0000, 0.0726)
[2026-09-19 14:03:33.591] [info] EVIDENCE mob 8 health 20.0000 pos (1.3737, 133.0000, -4.2968) vel (0.0127, 0.0000, 0.0726)
[2026-09-19 14:03:33.606] [info] mob event: melee 3.0 damage at (0.4, 132.0, -0.3)
[2026-09-19 14:03:33.606] [info] mob event: melee 3.0 damage at (0.5, 132.0, -0.4)
[2026-09-19 14:03:33.606] [info] mob event: melee 3.0 damage at (0.6, 132.0, -0.4)
[2026-09-19 14:03:33.606] [info] mob event: melee 3.0 damage at (0.3, 132.0, -0.3)
[2026-09-19 14:03:33.606] [info] mob event: melee 3.0 damage at (0.4, 132.0, -0.4)
[2026-09-19 14:03:33.606] [info] mob event: melee 3.0 damage at (0.3, 132.0, -0.3)
[2026-09-19 14:03:33.606] [info] mob event: melee 3.0 damage at (0.5, 132.0, -0.3)
[2026-09-19 14:03:33.606] [info] mob event: melee 3.0 damage at (0.5, 132.0, -0.4)
[2026-09-19 14:03:33.606] [info] mob melee for 3.0 absorbed by the hurt window (2 tick(s) left, last 3.0)
[2026-09-19 14:03:33.606] [info] mob melee for 3.0 absorbed by the hurt window (2 tick(s) left, last 3.0)
[2026-09-19 14:03:33.606] [info] mob melee for 3.0 absorbed by the hurt window (2 tick(s) left, last 3.0)
[2026-09-19 14:03:33.606] [info] mob melee for 3.0 absorbed by the hurt window (2 tick(s) left, last 3.0)
[2026-09-19 14:03:33.606] [info] mob melee for 3.0 absorbed by the hurt window (2 tick(s) left, last 3.0)
[2026-09-19 14:03:33.606] [info] mob melee for 3.0 absorbed by the hurt window (2 tick(s) left, last 3.0)
[2026-09-19 14:03:33.606] [info] mob melee for 3.0 absorbed by the hurt window (2 tick(s) left, last 3.0)
[2026-09-19 14:03:33.606] [info] mob melee for 3.0 absorbed by the hurt window (2 tick(s) left, last 3.0)
[2026-09-19 14:03:33.606] [info] EVIDENCE mob 8 health 20.0000 pos (1.3602, 133.0000, -4.1231) vel (-0.0074, 0.0000, 0.0948)
[2026-09-19 14:03:33.619] [info] EVIDENCE mob 8 health 20.0000 pos (1.3602, 133.0000, -4.1231) vel (-0.0074, 0.0000, 0.0948)
[2026-09-19 14:03:33.633] [info] EVIDENCE mob 8 health 20.0000 pos (1.3602, 133.0000, -4.1231) vel (-0.0074, 0.0000, 0.0948)
[2026-09-19 14:03:33.652] [info] mob event: melee 3.0 damage at (0.5, 132.0, -0.5)
[2026-09-19 14:03:33.652] [info] mob event: melee 3.0 damage at (0.7, 132.0, -0.8)
[2026-09-19 14:03:33.652] [info] mob melee for 3.0 absorbed by the hurt window (1 tick(s) left, last 3.0)
[2026-09-19 14:03:33.652] [info] mob melee for 3.0 absorbed by the hurt window (1 tick(s) left, last 3.0)
[2026-09-19 14:03:33.652] [info] EVIDENCE mob 8 health 20.0000 pos (1.3252, 133.0000, -3.9276) vel (-0.0191, 0.0000, 0.1068)
[2026-09-19 14:03:33.655] [info] EVIDENCE mob 8 health 20.0000 pos (1.3252, 133.0000, -3.9276) vel (-0.0191, 0.0000, 0.1068)
[2026-09-19 14:03:33.668] [info] EVIDENCE probe yaw 0.0000 pitch 0.0000 eye (0.700, 133.620, -1.711) nearest_mob 0 dist 1000000000.000
[2026-09-19 14:03:33.668] [info] EVIDENCE mob 8 health 20.0000 pos (1.3252, 133.0000, -3.9276) vel (-0.0191, 0.0000, 0.1068)
[2026-09-19 14:03:33.682] [info] EVIDENCE mob 8 health 20.0000 pos (1.3252, 133.0000, -3.9276) vel (-0.0191, 0.0000, 0.1068)
[2026-09-19 14:03:33.695] [info] EVIDENCE mob 8 health 20.0000 pos (1.3252, 133.0000, -3.9276) vel (-0.0191, 0.0000, 0.1068)
[2026-09-19 14:03:33.710] [info] mob event: melee 3.0 damage at (0.7, 133.0, -0.4)
[2026-09-19 14:03:33.710] [info] mob event: melee 3.0 damage at (0.7, 133.0, -0.4)
[2026-09-19 14:03:33.710] [info] mob melee for 3.0 at (0.69, 133.00, -0.43); health now 8.0
[2026-09-19 14:03:33.710] [info] mob melee for 3.0 absorbed by the hurt window (10 tick(s) left, last 3.0)
[2026-09-19 14:03:33.710] [info] EVIDENCE mob 8 health 20.0000 pos (1.2778, 133.0000, -3.7203) vel (-0.0259, 0.0000, 0.1132)
[2026-09-19 14:03:33.723] [info] EVIDENCE mob 8 health 20.0000 pos (1.2778, 133.0000, -3.7203) vel (-0.0259, 0.0000, 0.1132)
[2026-09-19 14:03:33.737] [info] EVIDENCE mob 8 health 20.0000 pos (1.2778, 133.0000, -3.7203) vel (-0.0259, 0.0000, 0.1132)
[2026-09-19 14:03:33.752] [info] EVIDENCE mob 8 health 20.0000 pos (1.2165, 133.0000, -3.5089) vel (-0.0335, 0.0000, 0.1154)
[2026-09-19 14:03:33.765] [info] EVIDENCE mob 8 health 20.0000 pos (1.2165, 133.0000, -3.5089) vel (-0.0335, 0.0000, 0.1154)
[2026-09-19 14:03:33.779] [info] EVIDENCE mob 8 health 20.0000 pos (1.2165, 133.0000, -3.5089) vel (-0.0335, 0.0000, 0.1154)
[2026-09-19 14:03:33.793] [info] EVIDENCE mob 8 health 20.0000 pos (1.2165, 133.0000, -3.5089) vel (-0.0335, 0.0000, 0.1154)
[2026-09-19 14:03:33.807] [info] mob event: melee 3.0 damage at (1.2, 133.0, -3.5)
[2026-09-19 14:03:33.807] [info] mob melee for 3.0 absorbed by the hurt window (8 tick(s) left, last 3.0)
[2026-09-19 14:03:33.807] [info] EVIDENCE mob 8 health 20.0000 pos (1.1410, 133.0000, -3.2979) vel (-0.0412, 0.0000, 0.1152)
[2026-09-19 14:03:33.825] [info] EVIDENCE mob 8 health 20.0000 pos (1.1410, 133.0000, -3.2979) vel (-0.0412, 0.0000, 0.1152)
[2026-09-19 14:03:33.828] [info] EVIDENCE mob 8 health 20.0000 pos (1.1410, 133.0000, -3.2979) vel (-0.0412, 0.0000, 0.1152)
[2026-09-19 14:03:33.841] [info] EVIDENCE mob 8 health 20.0000 pos (1.1410, 133.0000, -3.2979) vel (-0.0412, 0.0000, 0.1152)
[2026-09-19 14:03:33.856] [info] EVIDENCE mob 8 health 20.0000 pos (1.0998, 133.0000, -3.1826) vel (-0.0225, 0.0000, 0.0629)
[2026-09-19 14:03:33.872] [info] EVIDENCE scene reset: back to the respawn point (0.5, 132.0, 0.5)
[2026-09-19 14:03:33.872] [info] EVIDENCE mob 8 health 20.0000 pos (1.0998, 133.0000, -3.1826) vel (-0.0225, 0.0000, 0.0629)
[2026-09-19 14:03:33.883] [info] EVIDENCE mob 8 health 20.0000 pos (1.0998, 133.0000, -3.1826) vel (-0.0225, 0.0000, 0.0629)
[2026-09-19 14:03:33.897] [info] EVIDENCE mob 8 health 20.0000 pos (1.0998, 133.0000, -3.1826) vel (-0.0225, 0.0000, 0.0629)
[2026-09-19 14:03:33.911] [info] EVIDENCE mob 8 health 20.0000 pos (1.0606, 133.0000, -3.0167) vel (-0.0214, 0.0000, 0.0906)
[2026-09-19 14:03:33.925] [info] EVIDENCE mob 8 health 20.0000 pos (1.0606, 133.0000, -3.0167) vel (-0.0214, 0.0000, 0.0906)
[2026-09-19 14:03:33.939] [info] EVIDENCE mob 8 health 20.0000 pos (1.0606, 133.0000, -3.0167) vel (-0.0214, 0.0000, 0.0906)
[2026-09-19 14:03:33.952] [info] EVIDENCE mob 8 health 20.0000 pos (1.0227, 133.0000, -2.8229) vel (-0.0207, 0.0000, 0.1058)
[2026-09-19 14:03:33.966] [info] EVIDENCE mob 8 health 20.0000 pos (1.0227, 133.0000, -2.8229) vel (-0.0207, 0.0000, 0.1058)
[2026-09-19 14:03:33.981] [info] EVIDENCE mob 8 health 20.0000 pos (1.0227, 133.0000, -2.8229) vel (-0.0207, 0.0000, 0.1058)
[2026-09-19 14:03:33.994] [info] EVIDENCE mob 8 health 20.0000 pos (1.0227, 133.0000, -2.8229) vel (-0.0207, 0.0000, 0.1058)
[2026-09-19 14:03:34.008] [info] EVIDENCE mob 8 health 20.0000 pos (0.9858, 133.0000, -2.6140) vel (-0.0202, 0.0000, 0.1141)
[2026-09-19 14:03:34.022] [info] EVIDENCE mob 8 health 20.0000 pos (0.9858, 133.0000, -2.6140) vel (-0.0202, 0.0000, 0.1141)
[2026-09-19 14:03:34.036] [info] EVIDENCE mob 8 health 20.0000 pos (0.9858, 133.0000, -2.6140) vel (-0.0202, 0.0000, 0.1141)
[2026-09-19 14:03:34.052] [info] EVIDENCE mob 8 health 20.0000 pos (0.9495, 133.0000, -2.3967) vel (-0.0198, 0.0000, 0.1186)
[2026-09-19 14:03:34.064] [info] EVIDENCE mob 8 health 20.0000 pos (0.9495, 133.0000, -2.3967) vel (-0.0198, 0.0000, 0.1186)
[2026-09-19 14:03:34.078] [info] EVIDENCE probe yaw 0.0000 pitch 0.0000 eye (0.500, 133.620, 0.500) nearest_mob 9 dist 1.180
[2026-09-19 14:03:34.078] [info] EVIDENCE mob 8 health 20.0000 pos (0.9495, 133.0000, -2.3967) vel (-0.0198, 0.0000, 0.1186)
[2026-09-19 14:03:34.091] [info] EVIDENCE mob 8 health 20.0000 pos (0.9495, 133.0000, -2.3967) vel (-0.0198, 0.0000, 0.1186)
[2026-09-19 14:03:34.106] [info] EVIDENCE mob 8 health 20.0000 pos (0.9137, 133.0000, -2.1749) vel (-0.0195, 0.0000, 0.1211)
[2026-09-19 14:03:34.119] [info] EVIDENCE mob 8 health 20.0000 pos (0.9137, 133.0000, -2.1749) vel (-0.0195, 0.0000, 0.1211)
[2026-09-19 14:03:34.133] [info] EVIDENCE mob 8 health 20.0000 pos (0.9137, 133.0000, -2.1749) vel (-0.0195, 0.0000, 0.1211)
[2026-09-19 14:03:34.147] [info] EVIDENCE mob 8 health 20.0000 pos (0.9137, 133.0000, -2.1749) vel (-0.0195, 0.0000, 0.1211)
[2026-09-19 14:03:34.161] [info] EVIDENCE mob 8 health 20.0000 pos (0.8782, 133.0000, -1.9506) vel (-0.0194, 0.0000, 0.1225)
[2026-09-19 14:03:34.175] [info] EVIDENCE mob 8 health 20.0000 pos (0.8782, 133.0000, -1.9506) vel (-0.0194, 0.0000, 0.1225)
[2026-09-19 14:03:34.189] [info] EVIDENCE mob 8 health 20.0000 pos (0.8782, 133.0000, -1.9506) vel (-0.0194, 0.0000, 0.1225)
[2026-09-19 14:03:34.203] [info] EVIDENCE mob 8 health 20.0000 pos (0.8782, 133.0000, -1.9506) vel (-0.0194, 0.0000, 0.1225)
[2026-09-19 14:03:34.216] [info] mob event: melee 3.0 damage at (0.6, 132.0, -0.6)
[2026-09-19 14:03:34.216] [info] mob melee for 3.0 at (0.57, 132.00, -0.57); health now 17.0
[2026-09-19 14:03:34.216] [info] EVIDENCE mob 8 health 20.0000 pos (0.8429, 133.0000, -1.7250) vel (-0.0193, 0.0000, 0.1232)
[2026-09-19 14:03:34.231] [info] EVIDENCE mob 8 health 20.0000 pos (0.8429, 133.0000, -1.7250) vel (-0.0193, 0.0000, 0.1232)
[2026-09-19 14:03:34.244] [info] EVIDENCE mob 8 health 20.0000 pos (0.8429, 133.0000, -1.7250) vel (-0.0193, 0.0000, 0.1232)
[2026-09-19 14:03:34.258] [info] EVIDENCE mob 8 health 20.0000 pos (0.8091, 133.0000, -1.4984) vel (-0.0184, 0.0000, 0.1237)
[2026-09-19 14:03:34.273] [info] EVIDENCE mob 8 health 20.0000 pos (0.8091, 133.0000, -1.4984) vel (-0.0184, 0.0000, 0.1237)
[2026-09-19 14:03:34.286] [info] EVIDENCE mob 8 health 20.0000 pos (0.8091, 133.0000, -1.4984) vel (-0.0184, 0.0000, 0.1237)
[2026-09-19 14:03:34.300] [info] EVIDENCE mob 8 health 20.0000 pos (0.8091, 133.0000, -1.4984) vel (-0.0184, 0.0000, 0.1237)
[2026-09-19 14:03:34.314] [info] EVIDENCE mob 8 health 20.0000 pos (0.7769, 133.0000, -1.2711) vel (-0.0176, 0.0000, 0.1241)
[2026-09-19 14:03:34.328] [info] EVIDENCE mob 8 health 20.0000 pos (0.7769, 133.0000, -1.2711) vel (-0.0176, 0.0000, 0.1241)
[2026-09-19 14:03:34.341] [info] EVIDENCE mob 8 health 20.0000 pos (0.7769, 133.0000, -1.2711) vel (-0.0176, 0.0000, 0.1241)
[2026-09-19 14:03:34.356] [info] EVIDENCE mob 8 health 20.0000 pos (0.7459, 133.0000, -1.0435) vel (-0.0169, 0.0000, 0.1243)
[2026-09-19 14:03:34.369] [info] EVIDENCE mob 8 health 20.0000 pos (0.7459, 133.0000, -1.0435) vel (-0.0169, 0.0000, 0.1243)
[2026-09-19 14:03:34.383] [info] EVIDENCE mob 8 health 20.0000 pos (0.7459, 133.0000, -1.0435) vel (-0.0169, 0.0000, 0.1243)
[2026-09-19 14:03:34.397] [info] EVIDENCE mob 8 health 20.0000 pos (0.7459, 133.0000, -1.0435) vel (-0.0169, 0.0000, 0.1243)
[2026-09-19 14:03:34.411] [info] EVIDENCE mob 8 health 20.0000 pos (0.7159, 133.0000, -0.8156) vel (-0.0164, 0.0000, 0.1244)
[2026-09-19 14:03:34.424] [info] EVIDENCE mob 8 health 20.0000 pos (0.7159, 133.0000, -0.8156) vel (-0.0164, 0.0000, 0.1244)
[2026-09-19 14:03:34.439] [info] EVIDENCE mob 8 health 20.0000 pos (0.7159, 133.0000, -0.8156) vel (-0.0164, 0.0000, 0.1244)
[2026-09-19 14:03:34.455] [info] EVIDENCE mob 8 health 20.0000 pos (0.6867, 133.0000, -0.5875) vel (-0.0160, 0.0000, 0.1245)
[2026-09-19 14:03:34.466] [info] EVIDENCE mob 8 health 20.0000 pos (0.6867, 133.0000, -0.5875) vel (-0.0160, 0.0000, 0.1245)
[2026-09-19 14:03:34.481] [info] EVIDENCE mob 8 health 20.0000 pos (0.6867, 133.0000, -0.5875) vel (-0.0160, 0.0000, 0.1245)
[2026-09-19 14:03:34.494] [info] EVIDENCE probe yaw 0.0000 pitch 0.0000 eye (0.449, 133.620, 1.337) nearest_mob 25 dist 0.410
[2026-09-19 14:03:34.494] [info] EVIDENCE mob 8 health 20.0000 pos (0.6867, 133.0000, -0.5875) vel (-0.0160, 0.0000, 0.1245)
[2026-09-19 14:03:34.508] [info] EVIDENCE mob 8 health 20.0000 pos (0.6582, 132.9200, -0.3594) vel (-0.0260, -0.0784, 0.2076)
[2026-09-19 14:03:34.523] [info] EVIDENCE mob 8 health 20.0000 pos (0.6582, 132.9200, -0.3594) vel (-0.0260, -0.0784, 0.2076)
[2026-09-19 14:03:34.536] [info] EVIDENCE mob 8 health 20.0000 pos (0.6582, 132.9200, -0.3594) vel (-0.0260, -0.0784, 0.2076)
[2026-09-19 14:03:34.549] [info] EVIDENCE mob 8 health 20.0000 pos (0.6582, 132.9200, -0.3594) vel (-0.0260, -0.0784, 0.2076)
[2026-09-19 14:03:34.564] [info] EVIDENCE mob 8 health 20.0000 pos (0.6199, 132.7616, -0.0480) vel (-0.0348, -0.1552, 0.2833)
[2026-09-19 14:03:34.577] [info] EVIDENCE mob 8 health 20.0000 pos (0.6199, 132.7616, -0.0480) vel (-0.0348, -0.1552, 0.2833)
[2026-09-19 14:03:34.591] [info] EVIDENCE mob 8 health 20.0000 pos (0.6199, 132.7616, -0.0480) vel (-0.0348, -0.1552, 0.2833)
[2026-09-19 14:03:34.606] [info] mob event: melee 3.0 damage at (0.5, 132.0, 0.6)
[2026-09-19 14:03:34.606] [info] mob event: melee 3.0 damage at (0.5, 132.0, 0.7)
[2026-09-19 14:03:34.606] [info] mob event: melee 3.0 damage at (0.5, 132.0, 0.6)
[2026-09-19 14:03:34.606] [info] mob event: melee 3.0 damage at (0.5, 132.0, 0.6)
[2026-09-19 14:03:34.606] [info] mob event: melee 3.0 damage at (0.5, 132.0, 0.7)
[2026-09-19 14:03:34.606] [info] mob event: melee 3.0 damage at (0.5, 132.0, 0.6)
[2026-09-19 14:03:34.606] [info] mob event: melee 3.0 damage at (0.5, 132.0, 0.7)
[2026-09-19 14:03:34.606] [info] mob event: melee 3.0 damage at (0.5, 132.0, 0.7)
[2026-09-19 14:03:34.606] [info] mob melee for 3.0 absorbed by the hurt window (2 tick(s) left, last 3.0)
[2026-09-19 14:03:34.606] [info] mob melee for 3.0 absorbed by the hurt window (2 tick(s) left, last 3.0)
[2026-09-19 14:03:34.606] [info] mob melee for 3.0 absorbed by the hurt window (2 tick(s) left, last 3.0)
[2026-09-19 14:03:34.606] [info] mob melee for 3.0 absorbed by the hurt window (2 tick(s) left, last 3.0)
[2026-09-19 14:03:34.606] [info] mob melee for 3.0 absorbed by the hurt window (2 tick(s) left, last 3.0)
[2026-09-19 14:03:34.606] [info] mob melee for 3.0 absorbed by the hurt window (2 tick(s) left, last 3.0)
[2026-09-19 14:03:34.606] [info] mob melee for 3.0 absorbed by the hurt window (2 tick(s) left, last 3.0)
[2026-09-19 14:03:34.606] [info] mob melee for 3.0 absorbed by the hurt window (2 tick(s) left, last 3.0)
[2026-09-19 14:03:34.606] [info] EVIDENCE mob 8 health 20.0000 pos (0.5731, 132.5264, 0.3390) vel (-0.0426, -0.2305, 0.3522)
[2026-09-19 14:03:34.619] [info] EVIDENCE mob 8 health 20.0000 pos (0.5731, 132.5264, 0.3390) vel (-0.0426, -0.2305, 0.3522)
[2026-09-19 14:03:34.633] [info] EVIDENCE mob 8 health 20.0000 pos (0.5731, 132.5264, 0.3390) vel (-0.0426, -0.2305, 0.3522)
[2026-09-19 14:03:34.647] [info] EVIDENCE mob 8 health 20.0000 pos (0.5731, 132.5264, 0.3390) vel (-0.0426, -0.2305, 0.3522)
[2026-09-19 14:03:34.661] [info] mob event: melee 3.0 damage at (0.5, 132.0, 0.6)
[2026-09-19 14:03:34.661] [info] mob event: melee 3.0 damage at (0.5, 132.0, 0.7)
[2026-09-19 14:03:34.661] [info] mob melee for 3.0 absorbed by the hurt window (1 tick(s) left, last 3.0)
[2026-09-19 14:03:34.661] [info] mob melee for 3.0 absorbed by the hurt window (1 tick(s) left, last 3.0)
[2026-09-19 14:03:34.661] [info] EVIDENCE mob 8 health 20.0000 pos (0.5189, 132.2158, 0.7950) vel (-0.0493, -0.3043, 0.4149)
[2026-09-19 14:03:34.674] [info] EVIDENCE mob 8 health 20.0000 pos (0.5189, 132.2158, 0.7950) vel (-0.0493, -0.3043, 0.4149)
[2026-09-19 14:03:34.689] [info] EVIDENCE mob 8 health 20.0000 pos (0.5189, 132.2158, 0.7950) vel (-0.0493, -0.3043, 0.4149)
[2026-09-19 14:03:34.702] [info] EVIDENCE mob 8 health 20.0000 pos (0.5189, 132.2158, 0.7950) vel (-0.0493, -0.3043, 0.4149)
[2026-09-19 14:03:34.719] [info] mob event: melee 3.0 damage at (0.5, 132.0, 0.6)
[2026-09-19 14:03:34.719] [info] mob event: melee 3.0 damage at (0.5, 132.0, 0.6)
[2026-09-19 14:03:34.719] [info] mob melee for 3.0 at (0.49, 132.00, 0.57); health now 14.0
[2026-09-19 14:03:34.719] [info] mob melee for 3.0 absorbed by the hurt window (10 tick(s) left, last 3.0)
[2026-09-19 14:03:34.719] [info] EVIDENCE mob 8 health 20.0000 pos (0.4696, 132.0000, 1.2099) vel (-0.0269, 0.0000, 0.2266)
[2026-09-19 14:03:34.731] [info] EVIDENCE mob 8 health 20.0000 pos (0.4696, 132.0000, 1.2099) vel (-0.0269, 0.0000, 0.2266)
[2026-09-19 14:03:34.744] [info] EVIDENCE mob 8 health 20.0000 pos (0.4696, 132.0000, 1.2099) vel (-0.0269, 0.0000, 0.2266)
[2026-09-19 14:03:34.758] [info] EVIDENCE mob 8 health 20.0000 pos (0.4426, 132.0000, 1.4365) vel (-0.0147, 0.0000, 0.1237)
[2026-09-19 14:03:34.772] [info] EVIDENCE mob 8 health 20.0000 pos (0.4426, 132.0000, 1.4365) vel (-0.0147, 0.0000, 0.1237)
[2026-09-19 14:03:34.786] [info] EVIDENCE mob 8 health 20.0000 pos (0.4426, 132.0000, 1.4365) vel (-0.0147, 0.0000, 0.1237)
[2026-09-19 14:03:34.799] [info] EVIDENCE mob 8 health 20.0000 pos (0.4426, 132.0000, 1.4365) vel (-0.0147, 0.0000, 0.1237)
[2026-09-19 14:03:34.814] [info] mob event: melee 3.0 damage at (0.4, 132.0, 1.4)
[2026-09-19 14:03:34.814] [info] mob melee for 3.0 absorbed by the hurt window (8 tick(s) left, last 3.0)
[2026-09-19 14:03:34.814] [info] EVIDENCE mob 8 health 20.0000 pos (0.4279, 131.9200, 1.5602) vel (-0.0134, -0.0784, 0.1126)
[2026-09-19 14:03:34.827] [info] EVIDENCE mob 8 health 20.0000 pos (0.4279, 131.9200, 1.5602) vel (-0.0134, -0.0784, 0.1126)
[2026-09-19 14:03:34.841] [info] EVIDENCE mob 8 health 20.0000 pos (0.4279, 131.9200, 1.5602) vel (-0.0134, -0.0784, 0.1126)
[2026-09-19 14:03:34.856] [info] EVIDENCE mob 8 health 20.0000 pos (0.4279, 131.9200, 1.5602) vel (-0.0134, -0.0784, 0.1126)
[2026-09-19 14:03:34.869] [info] EVIDENCE mob 8 health 20.0000 pos (0.4146, 131.7616, 1.6728) vel (-0.0122, -0.1552, 0.1024)
[2026-09-19 14:03:34.883] [info] EVIDENCE mob 8 health 20.0000 pos (0.4146, 131.7616, 1.6728) vel (-0.0122, -0.1552, 0.1024)
[2026-09-19 14:03:34.898] [info] EVIDENCE mob 8 health 20.0000 pos (0.4146, 131.7616, 1.6728) vel (-0.0122, -0.1552, 0.1024)
[2026-09-19 14:03:34.911] [info] EVIDENCE probe yaw 0.0000 pitch 0.0000 eye (0.412, 132.620, 2.314) nearest_mob 8 dist 0.239
[2026-09-19 14:03:34.911] [info] EVIDENCE mob 8 health 20.0000 pos (0.4024, 131.5264, 1.7752) vel (-0.0111, -0.2305, 0.0932)
[2026-09-19 14:03:34.924] [info] EVIDENCE mob 8 health 20.0000 pos (0.4024, 131.5264, 1.7752) vel (-0.0111, -0.2305, 0.0932)
[2026-09-19 14:03:34.939] [info] EVIDENCE mob 8 health 20.0000 pos (0.4024, 131.5264, 1.7752) vel (-0.0111, -0.2305, 0.0932)
[2026-09-19 14:03:34.952] [info] EVIDENCE mob 8 health 20.0000 pos (0.4024, 131.5264, 1.7752) vel (-0.0111, -0.2305, 0.0932)
[2026-09-19 14:03:34.966] [info] EVIDENCE mob 8 health 20.0000 pos (0.3913, 131.2158, 1.8684) vel (-0.0101, -0.3043, 0.0848)
[2026-09-19 14:03:34.981] [info] EVIDENCE mob 8 health 20.0000 pos (0.3913, 131.2158, 1.8684) vel (-0.0101, -0.3043, 0.0848)
[2026-09-19 14:03:34.994] [info] EVIDENCE mob 8 health 20.0000 pos (0.3913, 131.2158, 1.8684) vel (-0.0101, -0.3043, 0.0848)
[2026-09-19 14:03:35.008] [info] EVIDENCE mob 8 health 20.0000 pos (0.3913, 131.2158, 1.8684) vel (-0.0101, -0.3043, 0.0848)
[2026-09-19 14:03:35.022] [info] EVIDENCE mob 8 health 20.0000 pos (0.3812, 131.0000, 1.9533) vel (-0.0055, 0.0000, 0.0463)
[2026-09-19 14:03:35.036] [info] EVIDENCE mob 8 health 20.0000 pos (0.3812, 131.0000, 1.9533) vel (-0.0055, 0.0000, 0.0463)
[2026-09-19 14:03:35.049] [info] EVIDENCE mob 8 health 20.0000 pos (0.3812, 131.0000, 1.9533) vel (-0.0055, 0.0000, 0.0463)
[2026-09-19 14:03:35.064] [info] EVIDENCE mob 8 health 20.0000 pos (0.3757, 131.0000, 1.9996) vel (-0.0030, 0.0000, 0.0253)
[2026-09-19 14:03:35.077] [info] EVIDENCE mob 8 health 20.0000 pos (0.3757, 131.0000, 1.9996) vel (-0.0030, 0.0000, 0.0253)
[2026-09-19 14:03:35.094] [info] EVIDENCE mob 8 health 20.0000 pos (0.3757, 131.0000, 1.9996) vel (-0.0030, 0.0000, 0.0253)
[2026-09-19 14:03:35.106] [info] EVIDENCE mob 8 health 20.0000 pos (0.3757, 131.0000, 1.9996) vel (-0.0030, 0.0000, 0.0253)
[2026-09-19 14:03:35.119] [info] EVIDENCE mob 8 health 20.0000 pos (0.3727, 131.0000, 2.0249) vel (0.0000, 0.0000, 0.0138)
[2026-09-19 14:03:35.133] [info] EVIDENCE mob 8 health 20.0000 pos (0.3727, 131.0000, 2.0249) vel (0.0000, 0.0000, 0.0138)
[2026-09-19 14:03:35.147] [info] EVIDENCE mob 8 health 20.0000 pos (0.3727, 131.0000, 2.0249) vel (0.0000, 0.0000, 0.0138)
[2026-09-19 14:03:35.161] [info] EVIDENCE mob 8 health 20.0000 pos (0.3727, 131.0000, 2.0387) vel (0.0000, 0.0000, 0.0075)
[2026-09-19 14:03:35.174] [info] EVIDENCE mob 8 health 20.0000 pos (0.3727, 131.0000, 2.0387) vel (0.0000, 0.0000, 0.0075)
[2026-09-19 14:03:35.189] [info] EVIDENCE mob 8 health 20.0000 pos (0.3727, 131.0000, 2.0387) vel (0.0000, 0.0000, 0.0075)
[2026-09-19 14:03:35.202] [info] EVIDENCE mob 8 health 20.0000 pos (0.3727, 131.0000, 2.0387) vel (0.0000, 0.0000, 0.0075)
[2026-09-19 14:03:35.216] [info] mob event: melee 3.0 damage at (0.4, 131.2, 1.9)
[2026-09-19 14:03:35.216] [info] mob melee for 3.0 at (0.43, 131.22, 1.91); health now 11.0
[2026-09-19 14:03:35.216] [info] EVIDENCE mob 8 health 20.0000 pos (0.3727, 131.0000, 2.0462) vel (0.0000, 0.0000, 0.0041)
[2026-09-19 14:03:35.231] [info] EVIDENCE mob 8 health 20.0000 pos (0.3727, 131.0000, 2.0462) vel (0.0000, 0.0000, 0.0041)
[2026-09-19 14:03:35.244] [info] EVIDENCE mob 8 health 20.0000 pos (0.3727, 131.0000, 2.0462) vel (0.0000, 0.0000, 0.0041)
[2026-09-19 14:03:35.258] [info] EVIDENCE mob 8 health 20.0000 pos (0.3727, 131.0000, 2.0462) vel (0.0000, 0.0000, 0.0041)
[2026-09-19 14:03:35.273] [info] EVIDENCE mob 8 health 20.0000 pos (0.3727, 131.0000, 2.0503) vel (0.0000, 0.0000, 0.0000)
[2026-09-19 14:03:35.286] [info] EVIDENCE mob 8 health 20.0000 pos (0.3727, 131.0000, 2.0503) vel (0.0000, 0.0000, 0.0000)
[2026-09-19 14:03:35.299] [info] EVIDENCE mob 8 health 20.0000 pos (0.3727, 131.0000, 2.0503) vel (0.0000, 0.0000, 0.0000)
[2026-09-19 14:03:35.314] [info] EVIDENCE mob 8 health 20.0000 pos (0.3727, 131.0000, 2.0503) vel (0.0000, 0.0000, 0.0000)
[2026-09-19 14:03:35.327] [info] EVIDENCE probe yaw 0.0000 pitch 0.0000 eye (0.386, 132.620, 3.010) nearest_mob 17 dist 0.316
[2026-09-19 14:03:35.327] [info] EVIDENCE mob 8 health 20.0000 pos (0.3727, 131.0000, 2.0503) vel (0.0000, 0.0000, 0.0000)
[2026-09-19 14:03:35.341] [info] EVIDENCE mob 8 health 20.0000 pos (0.3727, 131.0000, 2.0503) vel (0.0000, 0.0000, 0.0000)
[2026-09-19 14:03:35.357] [info] EVIDENCE mob 8 health 20.0000 pos (0.3727, 131.0000, 2.0503) vel (0.0000, 0.0000, 0.0000)
[2026-09-19 14:03:35.369] [info] EVIDENCE mob 8 health 20.0000 pos (0.3735, 131.0000, 2.1547) vel (0.0000, 0.0000, 0.0570)
[2026-09-19 14:03:35.383] [info] EVIDENCE mob 8 health 20.0000 pos (0.3735, 131.0000, 2.1547) vel (0.0000, 0.0000, 0.0570)
[2026-09-19 14:03:35.397] [info] EVIDENCE mob 8 health 20.0000 pos (0.3735, 131.0000, 2.1547) vel (0.0000, 0.0000, 0.0570)
[2026-09-19 14:03:35.411] [info] EVIDENCE mob 8 health 20.0000 pos (0.3742, 131.0000, 2.3162) vel (0.0000, 0.0000, 0.0881)
[2026-09-19 14:03:35.424] [info] EVIDENCE mob 8 health 20.0000 pos (0.3742, 131.0000, 2.3162) vel (0.0000, 0.0000, 0.0881)
[2026-09-19 14:03:35.439] [info] EVIDENCE mob 8 health 20.0000 pos (0.3742, 131.0000, 2.3162) vel (0.0000, 0.0000, 0.0881)
[2026-09-19 14:03:35.452] [info] EVIDENCE mob 8 health 20.0000 pos (0.3742, 131.0000, 2.3162) vel (0.0000, 0.0000, 0.0881)
[2026-09-19 14:03:35.466] [info] fps 72.5 | pos (0.38, 131.00, 3.19) | chunks 135 | stream-meshed 126
[2026-09-19 14:03:35.466] [info] EVIDENCE mob 8 health 20.0000 pos (0.3742, 131.0000, 2.4043) vel (0.0000, 0.0000, 0.0481)
[2026-09-19 14:03:35.481] [info] EVIDENCE mob 8 health 20.0000 pos (0.3742, 131.0000, 2.4043) vel (0.0000, 0.0000, 0.0481)
[2026-09-19 14:03:35.494] [info] EVIDENCE mob 8 health 20.0000 pos (0.3742, 131.0000, 2.4043) vel (0.0000, 0.0000, 0.0481)
[2026-09-19 14:03:35.508] [info] EVIDENCE mob 8 health 20.0000 pos (0.3742, 131.0000, 2.4043) vel (0.0000, 0.0000, 0.0481)
[2026-09-19 14:03:35.523] [info] EVIDENCE mob 8 health 20.0000 pos (0.3742, 131.0000, 2.4524) vel (0.0000, 0.0000, 0.0263)
[2026-09-19 14:03:35.536] [info] EVIDENCE mob 8 health 20.0000 pos (0.3742, 131.0000, 2.4524) vel (0.0000, 0.0000, 0.0263)
[2026-09-19 14:03:35.554] [info] EVIDENCE mob 8 health 20.0000 pos (0.3742, 131.0000, 2.4524) vel (0.0000, 0.0000, 0.0263)
[2026-09-19 14:03:35.560] [info] EVIDENCE mob 8 health 20.0000 pos (0.3742, 131.0000, 2.4524) vel (0.0000, 0.0000, 0.0263)
[2026-09-19 14:03:35.565] [info] EVIDENCE mob 8 health 20.0000 pos (0.3742, 131.0000, 2.4787) vel (0.0000, 0.0000, 0.0143)
[2026-09-19 14:03:35.577] [info] EVIDENCE mob 8 health 20.0000 pos (0.3742, 131.0000, 2.4787) vel (0.0000, 0.0000, 0.0143)
[2026-09-19 14:03:35.591] [info] EVIDENCE mob 8 health 20.0000 pos (0.3742, 131.0000, 2.4787) vel (0.0000, 0.0000, 0.0143)
[2026-09-19 14:03:35.606] [info] EVIDENCE mob 8 health 20.0000 pos (0.3742, 131.0000, 2.4787) vel (0.0000, 0.0000, 0.0143)
[2026-09-19 14:03:35.619] [info] mob event: melee 3.0 damage at (0.4, 131.0, 2.5)
[2026-09-19 14:03:35.619] [info] mob event: melee 3.0 damage at (0.4, 131.0, 2.4)
[2026-09-19 14:03:35.619] [info] mob event: melee 3.0 damage at (0.4, 131.0, 2.4)
[2026-09-19 14:03:35.619] [info] mob event: melee 3.0 damage at (0.4, 131.0, 2.5)
[2026-09-19 14:03:35.619] [info] mob event: melee 3.0 damage at (0.4, 131.0, 2.4)
[2026-09-19 14:03:35.619] [info] mob event: melee 3.0 damage at (0.4, 131.0, 2.5)
[2026-09-19 14:03:35.619] [info] mob event: melee 3.0 damage at (0.4, 131.0, 2.5)
[2026-09-19 14:03:35.619] [info] mob event: melee 3.0 damage at (0.4, 131.0, 2.4)
[2026-09-19 14:03:35.619] [info] mob melee for 3.0 absorbed by the hurt window (2 tick(s) left, last 3.0)
[2026-09-19 14:03:35.619] [info] mob melee for 3.0 absorbed by the hurt window (2 tick(s) left, last 3.0)
[2026-09-19 14:03:35.619] [info] mob melee for 3.0 absorbed by the hurt window (2 tick(s) left, last 3.0)
[2026-09-19 14:03:35.619] [info] mob melee for 3.0 absorbed by the hurt window (2 tick(s) left, last 3.0)
[2026-09-19 14:03:35.619] [info] mob melee for 3.0 absorbed by the hurt window (2 tick(s) left, last 3.0)
[2026-09-19 14:03:35.619] [info] mob melee for 3.0 absorbed by the hurt window (2 tick(s) left, last 3.0)
[2026-09-19 14:03:35.619] [info] mob melee for 3.0 absorbed by the hurt window (2 tick(s) left, last 3.0)
[2026-09-19 14:03:35.619] [info] mob melee for 3.0 absorbed by the hurt window (2 tick(s) left, last 3.0)
[2026-09-19 14:03:35.619] [info] EVIDENCE mob 8 health 20.0000 pos (0.3742, 131.0000, 2.4931) vel (0.0000, 0.0000, 0.0078)
[2026-09-19 14:03:35.633] [info] EVIDENCE mob 8 health 20.0000 pos (0.3742, 131.0000, 2.4931) vel (0.0000, 0.0000, 0.0078)
[2026-09-19 14:03:35.648] [info] EVIDENCE mob 8 health 20.0000 pos (0.3742, 131.0000, 2.4931) vel (0.0000, 0.0000, 0.0078)
[2026-09-19 14:03:35.661] [info] EVIDENCE mob 8 health 20.0000 pos (0.3742, 131.0000, 2.4931) vel (0.0000, 0.0000, 0.0078)
[2026-09-19 14:03:35.674] [info] mob event: melee 3.0 damage at (0.4, 131.0, 2.3)
[2026-09-19 14:03:35.675] [info] mob event: melee 3.0 damage at (0.4, 131.0, 2.4)
[2026-09-19 14:03:35.675] [info] mob melee for 3.0 absorbed by the hurt window (1 tick(s) left, last 3.0)
[2026-09-19 14:03:35.675] [info] mob melee for 3.0 absorbed by the hurt window (1 tick(s) left, last 3.0)
[2026-09-19 14:03:35.675] [info] EVIDENCE mob 8 health 20.0000 pos (0.3742, 131.0000, 2.5009) vel (0.0000, 0.0000, 0.0043)
[2026-09-19 14:03:35.689] [info] EVIDENCE mob 8 health 20.0000 pos (0.3742, 131.0000, 2.5009) vel (0.0000, 0.0000, 0.0043)
[2026-09-19 14:03:35.702] [info] EVIDENCE mob 8 health 20.0000 pos (0.3742, 131.0000, 2.5009) vel (0.0000, 0.0000, 0.0043)
[2026-09-19 14:03:35.716] [info] mob event: melee 3.0 damage at (0.4, 131.0, 2.4)
[2026-09-19 14:03:35.716] [info] mob event: melee 3.0 damage at (0.4, 131.0, 2.4)
[2026-09-19 14:03:35.716] [info] mob melee for 3.0 at (0.44, 131.00, 2.42); health now 8.0
[2026-09-19 14:03:35.716] [info] mob melee for 3.0 absorbed by the hurt window (10 tick(s) left, last 3.0)
[2026-09-19 14:03:35.716] [info] EVIDENCE mob 8 health 20.0000 pos (0.3742, 131.0000, 2.5052) vel (0.0000, 0.0000, 0.0000)
[2026-09-19 14:03:35.732] [info] EVIDENCE probe yaw 0.0000 pitch 0.0000 eye (0.381, 132.620, 3.268) nearest_mob 23 dist 0.426
[2026-09-19 14:03:35.732] [info] EVIDENCE mob 8 health 20.0000 pos (0.3742, 131.0000, 2.5052) vel (0.0000, 0.0000, 0.0000)
[2026-09-19 14:03:35.744] [info] EVIDENCE mob 8 health 20.0000 pos (0.3742, 131.0000, 2.5052) vel (0.0000, 0.0000, 0.0000)
[2026-09-19 14:03:35.758] [info] EVIDENCE mob 8 health 20.0000 pos (0.3742, 131.0000, 2.5052) vel (0.0000, 0.0000, 0.0000)
[2026-09-19 14:03:35.774] [info] EVIDENCE summon hollow_wretch id=36 at (0.4, 131.0, 1.7)
[2026-09-19 14:03:35.774] [info] EVIDENCE mob 36 health 20.0000 pos (0.3547, 131.0000, 1.6676) vel (0.0000, 0.0000, 0.0000)
[2026-09-19 14:03:35.786] [info] EVIDENCE mob 36 health 20.0000 pos (0.3547, 131.0000, 1.6676) vel (0.0000, 0.0000, 0.0000)
[2026-09-19 14:03:35.799] [info] EVIDENCE mob 36 health 20.0000 pos (0.3547, 131.0000, 1.6676) vel (0.0000, 0.0000, 0.0000)
[2026-09-19 14:03:35.814] [info] mob event: melee 3.0 damage at (0.4, 131.0, 2.6)
[2026-09-19 14:03:35.814] [info] mob melee for 3.0 absorbed by the hurt window (8 tick(s) left, last 3.0)
[2026-09-19 14:03:35.814] [info] EVIDENCE mob 36 health 20.0000 pos (0.2716, 131.0000, 1.7309) vel (-0.0454, 0.0000, 0.0345)
[2026-09-19 14:03:35.828] [info] EVIDENCE mob 36 health 20.0000 pos (0.2716, 131.0000, 1.7309) vel (-0.0454, 0.0000, 0.0345)
[2026-09-19 14:03:35.845] [info] EVIDENCE mob 36 health 20.0000 pos (0.2716, 131.0000, 1.7309) vel (-0.0454, 0.0000, 0.0345)
[2026-09-19 14:03:35.849] [info] EVIDENCE mob 36 health 20.0000 pos (0.2716, 131.0000, 1.7309) vel (-0.0454, 0.0000, 0.0345)
[2026-09-19 14:03:35.862] [info] EVIDENCE mob 36 health 20.0000 pos (0.2716, 131.0000, 1.7309) vel (-0.0454, 0.0000, 0.0345)
[2026-09-19 14:03:35.877] [info] EVIDENCE mob 36 health 20.0000 pos (0.1432, 131.0000, 1.8286) vel (-0.0701, 0.0000, 0.0534)
[2026-09-19 14:03:35.894] [info] EVIDENCE mob 36 health 20.0000 pos (0.1432, 131.0000, 1.8286) vel (-0.0701, 0.0000, 0.0534)
[2026-09-19 14:03:35.897] [info] EVIDENCE mob 36 health 20.0000 pos (0.1432, 131.0000, 1.8286) vel (-0.0701, 0.0000, 0.0534)
[2026-09-19 14:03:35.911] [info] EVIDENCE mob 36 health 20.0000 pos (0.1432, 131.0000, 1.8286) vel (-0.0701, 0.0000, 0.0534)
[2026-09-19 14:03:35.955] [info] sprint start at tick 742 (pos 0.33, 131.00, 3.94)
[2026-09-19 14:03:35.955] [info] EVIDENCE keys w=1 ctrl=1 space=0
[2026-09-19 14:03:35.955] [info] EVIDENCE mob 36 health 20.0000 pos (-0.0101, 131.0000, 1.9452) vel (-0.0837, 0.0000, 0.0637)
[2026-09-19 14:03:35.956] [info] EVIDENCE mob 36 health 20.0000 pos (-0.0101, 131.0000, 1.9452) vel (-0.0837, 0.0000, 0.0637)
[2026-09-19 14:03:35.960] [info] EVIDENCE mob 36 health 20.0000 pos (-0.0101, 131.0000, 1.9452) vel (-0.0837, 0.0000, 0.0637)
[2026-09-19 14:03:35.973] [info] EVIDENCE mob 36 health 20.0000 pos (-0.1768, 131.0000, 2.0722) vel (-0.0911, 0.0000, 0.0693)
[2026-09-19 14:03:35.991] [info] EVIDENCE mob 36 health 20.0000 pos (-0.1768, 131.0000, 2.0722) vel (-0.0911, 0.0000, 0.0693)
[2026-09-19 14:03:35.994] [info] EVIDENCE mob 36 health 20.0000 pos (-0.1768, 131.0000, 2.0722) vel (-0.0911, 0.0000, 0.0693)
[2026-09-19 14:03:36.008] [info] EVIDENCE lmb down | yaw 0.0000 picked 25 dist 0.345 swinging false age 242 charge 1.000 sprint true fall false onground true vy 0.0000
[2026-09-19 14:03:36.008] [info] EVIDENCE mob 36 health 20.0000 pos (-0.1768, 131.0000, 2.0722) vel (-0.0911, 0.0000, 0.0693)
[2026-09-19 14:03:36.015] [info] EVIDENCE mob 36 health 20.0000 pos (-0.1768, 131.0000, 2.0722) vel (-0.0911, 0.0000, 0.0693)
[2026-09-19 14:03:36.028] [info] EVIDENCE swing weapon 33 charge 1.000000 charged true crit false falling false sprinting true damage 4.000000
[2026-09-19 14:03:36.029] [info] EVIDENCE knockback 0.9 (sprint gate true)
[2026-09-19 14:03:36.029] [info] attacked mob 25 at (0.33, 131.00, 3.57) charge 1.000
[2026-09-19 14:03:36.029] [info] EVIDENCE mob 36 health 20.0000 pos (-0.3510, 131.0000, 2.2047) vel (-0.0951, 0.0000, 0.0724)
[2026-09-19 14:03:36.043] [info] EVIDENCE mob 36 health 20.0000 pos (-0.3510, 131.0000, 2.2047) vel (-0.0951, 0.0000, 0.0724)
[2026-09-19 14:03:36.057] [info] EVIDENCE mob 36 health 20.0000 pos (-0.3510, 131.0000, 2.2047) vel (-0.0951, 0.0000, 0.0724)
[2026-09-19 14:03:36.071] [info] EVIDENCE lmb up
[2026-09-19 14:03:36.071] [info] EVIDENCE mob 36 health 20.0000 pos (-0.5292, 130.9200, 2.3403) vel (-0.1621, -0.0784, 0.1234)
[2026-09-19 14:03:36.085] [info] EVIDENCE mob 36 health 20.0000 pos (-0.5292, 130.9200, 2.3403) vel (-0.1621, -0.0784, 0.1234)
[2026-09-19 14:03:36.098] [info] EVIDENCE mob 36 health 20.0000 pos (-0.5292, 130.9200, 2.3403) vel (-0.1621, -0.0784, 0.1234)
[2026-09-19 14:03:36.112] [info] EVIDENCE mob 36 health 20.0000 pos (-0.5292, 130.9200, 2.3403) vel (-0.1621, -0.0784, 0.1234)
[2026-09-19 14:03:36.127] [info] EVIDENCE probe yaw 0.0000 pitch 0.0000 eye (0.329, 132.620, 3.059) nearest_mob 8 dist 0.000
[2026-09-19 14:03:36.127] [info] EVIDENCE mob 36 health 20.0000 pos (-0.7744, 130.7616, 2.5269) vel (-0.2232, -0.1552, 0.1698)
[2026-09-19 14:03:36.140] [info] EVIDENCE mob 36 health 20.0000 pos (-0.7744, 130.7616, 2.5269) vel (-0.2232, -0.1552, 0.1698)
[2026-09-19 14:03:36.154] [info] EVIDENCE mob 36 health 20.0000 pos (-0.7744, 130.7616, 2.5269) vel (-0.2232, -0.1552, 0.1698)
[2026-09-19 14:03:36.168] [info] EVIDENCE mob 36 health 20.0000 pos (-1.0807, 130.5264, 2.7600) vel (-0.2787, -0.2305, 0.2121)
[2026-09-19 14:03:36.182] [info] EVIDENCE mob 36 health 20.0000 pos (-1.0807, 130.5264, 2.7600) vel (-0.2787, -0.2305, 0.2121)
[2026-09-19 14:03:36.195] [info] EVIDENCE mob 36 health 20.0000 pos (-1.0807, 130.5264, 2.7600) vel (-0.2787, -0.2305, 0.2121)
[2026-09-19 14:03:36.210] [info] EVIDENCE mob 36 health 20.0000 pos (-1.0807, 130.5264, 2.7600) vel (-0.2787, -0.2305, 0.2121)
[2026-09-19 14:03:36.223] [info] mob event: melee 3.0 damage at (0.4, 131.0, 3.2)
[2026-09-19 14:03:36.223] [info] mob melee for 3.0 at (0.38, 131.00, 3.23); health now 5.0
[2026-09-19 14:03:36.223] [info] EVIDENCE player healed from 5.0 to 20.0 (scene stabilisation)
[2026-09-19 14:03:36.223] [info] EVIDENCE mob 36 health 20.0000 pos (-1.4424, 130.2158, 3.0353) vel (-0.3292, -0.3043, 0.2506)
[2026-09-19 14:03:36.237] [info] EVIDENCE mob 36 health 20.0000 pos (-1.4424, 130.2158, 3.0353) vel (-0.3292, -0.3043, 0.2506)
[2026-09-19 14:03:36.252] [info] EVIDENCE mob 36 health 20.0000 pos (-1.4424, 130.2158, 3.0353) vel (-0.3292, -0.3043, 0.2506)
[2026-09-19 14:03:36.265] [info] EVIDENCE mob 36 health 20.0000 pos (-1.4424, 130.2158, 3.0353) vel (-0.3292, -0.3043, 0.2506)
[2026-09-19 14:03:36.279] [info] EVIDENCE mob 36 health 20.0000 pos (-1.8548, 129.8315, 3.3491) vel (-0.3752, -0.3766, 0.2855)
[2026-09-19 14:03:36.293] [info] EVIDENCE mob 36 health 20.0000 pos (-1.8548, 129.8315, 3.3491) vel (-0.3752, -0.3766, 0.2855)
[2026-09-19 14:03:36.306] [info] EVIDENCE mob 36 health 20.0000 pos (-1.8548, 129.8315, 3.3491) vel (-0.3752, -0.3766, 0.2855)
[2026-09-19 14:03:36.320] [info] EVIDENCE mob 36 health 20.0000 pos (-2.3131, 129.3749, 3.6979) vel (-0.4171, -0.4475, 0.3174)
[2026-09-19 14:03:36.335] [info] EVIDENCE mob 36 health 20.0000 pos (-2.3131, 129.3749, 3.6979) vel (-0.4171, -0.4475, 0.3174)
[2026-09-19 14:03:36.348] [info] EVIDENCE mob 36 health 20.0000 pos (-2.3131, 129.3749, 3.6979) vel (-0.4171, -0.4475, 0.3174)
[2026-09-19 14:03:36.362] [info] EVIDENCE mob 36 health 20.0000 pos (-2.3131, 129.3749, 3.6979) vel (-0.4171, -0.4475, 0.3174)
[2026-09-19 14:03:36.377] [info] EVIDENCE mob 36 health 20.0000 pos (-2.8132, 129.0000, 4.0785) vel (-0.2731, 0.0000, 0.2078)
[2026-09-19 14:03:36.390] [info] EVIDENCE mob 36 health 20.0000 pos (-2.8132, 129.0000, 4.0785) vel (-0.2731, 0.0000, 0.2078)
[2026-09-19 14:03:36.404] [info] EVIDENCE mob 36 health 20.0000 pos (-2.8132, 129.0000, 4.0785) vel (-0.2731, 0.0000, 0.2078)
[2026-09-19 14:03:36.418] [info] EVIDENCE mob 36 health 20.0000 pos (-3.1694, 129.0000, 4.3496) vel (-0.1945, 0.0000, 0.1480)
[2026-09-19 14:03:36.431] [info] EVIDENCE mob 36 health 20.0000 pos (-3.1694, 129.0000, 4.3496) vel (-0.1945, 0.0000, 0.1480)
[2026-09-19 14:03:36.445] [info] EVIDENCE mob 36 health 20.0000 pos (-3.1694, 129.0000, 4.3496) vel (-0.1945, 0.0000, 0.1480)
[2026-09-19 14:03:36.460] [info] EVIDENCE mob 36 health 20.0000 pos (-3.1694, 129.0000, 4.3496) vel (-0.1945, 0.0000, 0.1480)
[2026-09-19 14:03:36.473] [info] EVIDENCE mob 36 health 20.0000 pos (-3.3639, 128.9200, 4.4976) vel (-0.1770, -0.0784, 0.1347)
[2026-09-19 14:03:36.491] [info] EVIDENCE mob 36 health 20.0000 pos (-3.3639, 128.9200, 4.4976) vel (-0.1770, -0.0784, 0.1347)
[2026-09-19 14:03:36.494] [info] EVIDENCE mob 36 health 20.0000 pos (-3.3639, 128.9200, 4.4976) vel (-0.1770, -0.0784, 0.1347)
[2026-09-19 14:03:36.508] [info] EVIDENCE keys w=1 ctrl=0 space=0
[2026-09-19 14:03:36.508] [info] EVIDENCE mob 36 health 20.0000 pos (-3.3639, 128.9200, 4.4976) vel (-0.1770, -0.0784, 0.1347)
[2026-09-19 14:03:36.515] [info] EVIDENCE mob 36 health 20.0000 pos (-3.3639, 128.9200, 4.4976) vel (-0.1770, -0.0784, 0.1347)
[2026-09-19 14:03:36.529] [info] sprint stop at tick 754 (pos 0.25, 132.25, 1.18)
[2026-09-19 14:03:36.529] [info] EVIDENCE probe yaw 0.0000 pitch 0.0000 eye (0.250, 133.869, 1.182) nearest_mob 0 dist 1000000000.000
[2026-09-19 14:03:36.529] [info] EVIDENCE keys w=0 ctrl=0 space=0
[2026-09-19 14:03:36.529] [info] EVIDENCE mob 36 health 20.0000 pos (-3.4639, 128.7616, 4.5617) vel (-0.0910, -0.1552, 0.0583)
[2026-09-19 14:03:36.543] [info] EVIDENCE mob 36 health 20.0000 pos (-3.4639, 128.7616, 4.5617) vel (-0.0910, -0.1552, 0.0583)
[2026-09-19 14:03:36.557] [info] EVIDENCE mob 36 health 20.0000 pos (-3.4639, 128.7616, 4.5617) vel (-0.0910, -0.1552, 0.0583)
[2026-09-19 14:03:36.570] [info] EVIDENCE mob 36 health 20.0000 pos (-3.4782, 128.5264, 4.5492) vel (-0.0130, -0.2305, -0.0114)
[2026-09-19 14:03:36.585] [info] EVIDENCE mob 36 health 20.0000 pos (-3.4782, 128.5264, 4.5492) vel (-0.0130, -0.2305, -0.0114)
[2026-09-19 14:03:36.598] [info] EVIDENCE mob 36 health 20.0000 pos (-3.4782, 128.5264, 4.5492) vel (-0.0130, -0.2305, -0.0114)
[2026-09-19 14:03:36.612] [info] EVIDENCE mob 36 health 20.0000 pos (-3.4782, 128.5264, 4.5492) vel (-0.0130, -0.2305, -0.0114)
[2026-09-19 14:03:36.627] [info] mob event: melee 3.0 damage at (0.3, 131.0, 2.0)
[2026-09-19 14:03:36.627] [info] mob event: melee 3.0 damage at (0.3, 131.0, 2.0)
[2026-09-19 14:03:36.627] [info] mob event: melee 3.0 damage at (0.3, 131.0, 2.0)
[2026-09-19 14:03:36.627] [info] mob event: melee 3.0 damage at (0.3, 131.0, 2.0)
[2026-09-19 14:03:36.627] [info] mob event: melee 3.0 damage at (0.3, 131.0, 2.0)
[2026-09-19 14:03:36.627] [info] mob event: melee 3.0 damage at (0.3, 131.0, 2.0)
[2026-09-19 14:03:36.627] [info] mob event: melee 3.0 damage at (0.6, 131.0, 1.7)
[2026-09-19 14:03:36.627] [info] mob event: melee 3.0 damage at (0.3, 131.0, 2.0)
[2026-09-19 14:03:36.627] [info] mob melee for 3.0 absorbed by the hurt window (2 tick(s) left, last 3.0)
[2026-09-19 14:03:36.627] [info] mob melee for 3.0 absorbed by the hurt window (2 tick(s) left, last 3.0)
[2026-09-19 14:03:36.627] [info] mob melee for 3.0 absorbed by the hurt window (2 tick(s) left, last 3.0)
[2026-09-19 14:03:36.627] [info] mob melee for 3.0 absorbed by the hurt window (2 tick(s) left, last 3.0)
[2026-09-19 14:03:36.627] [info] mob melee for 3.0 absorbed by the hurt window (2 tick(s) left, last 3.0)
[2026-09-19 14:03:36.627] [info] mob melee for 3.0 absorbed by the hurt window (2 tick(s) left, last 3.0)
[2026-09-19 14:03:36.627] [info] mob melee for 3.0 absorbed by the hurt window (2 tick(s) left, last 3.0)
[2026-09-19 14:03:36.627] [info] mob melee for 3.0 absorbed by the hurt window (2 tick(s) left, last 3.0)
[2026-09-19 14:03:36.627] [info] EVIDENCE mob 36 health 20.0000 pos (-3.4146, 128.2158, 4.4668) vel (0.0579, -0.3043, -0.0749)
[2026-09-19 14:03:36.640] [info] EVIDENCE mob 36 health 20.0000 pos (-3.4146, 128.2158, 4.4668) vel (0.0579, -0.3043, -0.0749)
[2026-09-19 14:03:36.654] [info] EVIDENCE mob 36 health 20.0000 pos (-3.4146, 128.2158, 4.4668) vel (0.0579, -0.3043, -0.0749)
[2026-09-19 14:03:36.668] [info] EVIDENCE mob 36 health 20.0000 pos (-3.4146, 128.2158, 4.4668) vel (0.0579, -0.3043, -0.0749)
[2026-09-19 14:03:36.682] [info] mob event: melee 3.0 damage at (0.3, 131.0, 2.0)
[2026-09-19 14:03:36.682] [info] mob event: melee 3.0 damage at (0.3, 131.0, 1.9)
[2026-09-19 14:03:36.682] [info] mob melee for 3.0 absorbed by the hurt window (1 tick(s) left, last 3.0)
[2026-09-19 14:03:36.682] [info] mob melee for 3.0 absorbed by the hurt window (1 tick(s) left, last 3.0)
[2026-09-19 14:03:36.682] [info] EVIDENCE mob 36 health 20.0000 pos (-3.3530, 128.0000, 4.2875) vel (0.0336, 0.0000, -0.0979)
[2026-09-19 14:03:36.695] [info] EVIDENCE mob 36 health 20.0000 pos (-3.3530, 128.0000, 4.2875) vel (0.0336, 0.0000, -0.0979)
[2026-09-19 14:03:36.710] [info] EVIDENCE mob 36 health 20.0000 pos (-3.3530, 128.0000, 4.2875) vel (0.0336, 0.0000, -0.0979)
[2026-09-19 14:03:36.723] [info] sprint-jump arc: 9 moves, horizontal 0.265 blocks, clearance -0.335, avg 0.588 m/s (from (0.28, 131.42, 1.30))
[2026-09-19 14:03:36.723] [info] mob event: melee 3.0 damage at (0.3, 131.0, 1.8)
[2026-09-19 14:03:36.723] [info] mob event: melee 3.0 damage at (0.3, 131.0, 1.8)
[2026-09-19 14:03:36.723] [info] mob melee for 3.0 at (0.29, 131.00, 1.81); health now 17.0
[2026-09-19 14:03:36.723] [info] mob melee for 3.0 absorbed by the hurt window (10 tick(s) left, last 3.0)
[2026-09-19 14:03:36.723] [info] EVIDENCE mob 36 health 20.0000 pos (-3.3143, 128.0000, 4.0853) vel (0.0211, 0.0000, -0.1104)
[2026-09-19 14:03:36.737] [info] EVIDENCE mob 36 health 20.0000 pos (-3.3143, 128.0000, 4.0853) vel (0.0211, 0.0000, -0.1104)
[2026-09-19 14:03:36.752] [info] EVIDENCE mob 36 health 20.0000 pos (-3.3143, 128.0000, 4.0853) vel (0.0211, 0.0000, -0.1104)
[2026-09-19 14:03:36.765] [info] EVIDENCE mob 36 health 20.0000 pos (-3.3143, 128.0000, 4.0853) vel (0.0211, 0.0000, -0.1104)
[2026-09-19 14:03:36.779] [info] EVIDENCE mob 36 health 20.0000 pos (-3.2927, 129.0000, 3.8705) vel (0.0118, 0.0000, -0.1173)
[2026-09-19 14:03:36.793] [info] EVIDENCE mob 36 health 20.0000 pos (-3.2927, 129.0000, 3.8705) vel (0.0118, 0.0000, -0.1173)
[2026-09-19 14:03:36.807] [info] EVIDENCE mob 36 health 20.0000 pos (-3.2927, 129.0000, 3.8705) vel (0.0118, 0.0000, -0.1173)
[2026-09-19 14:03:36.820] [info] mob event: melee 3.0 damage at (0.3, 131.0, 1.7)
[2026-09-19 14:03:36.820] [info] mob melee for 3.0 absorbed by the hurt window (8 tick(s) left, last 3.0)
[2026-09-19 14:03:36.820] [info] EVIDENCE mob 36 health 20.0000 pos (-3.2073, 129.0000, 3.6791) vel (0.0466, 0.0000, -0.1045)
[2026-09-19 14:03:36.835] [info] EVIDENCE mob 36 health 20.0000 pos (-3.2073, 129.0000, 3.6791) vel (0.0466, 0.0000, -0.1045)
[2026-09-19 14:03:36.853] [info] EVIDENCE mob 36 health 20.0000 pos (-3.2073, 129.0000, 3.6791) vel (0.0466, 0.0000, -0.1045)
[2026-09-19 14:03:36.858] [info] EVIDENCE mob 36 health 20.0000 pos (-3.2073, 129.0000, 3.6791) vel (0.0466, 0.0000, -0.1045)
[2026-09-19 14:03:36.869] [info] EVIDENCE mob 36 health 20.0000 pos (-3.2073, 129.0000, 3.6791) vel (0.0466, 0.0000, -0.1045)
[2026-09-19 14:03:36.884] [info] EVIDENCE mob 36 health 20.0000 pos (-3.0874, 129.0000, 3.5001) vel (0.0654, 0.0000, -0.0977)
[2026-09-19 14:03:36.897] [info] EVIDENCE mob 36 health 20.0000 pos (-3.0874, 129.0000, 3.5001) vel (0.0654, 0.0000, -0.0977)
[2026-09-19 14:03:36.911] [info] EVIDENCE mob 36 health 20.0000 pos (-3.0874, 129.0000, 3.5001) vel (0.0654, 0.0000, -0.0977)
[2026-09-19 14:03:36.924] [info] EVIDENCE mob 36 health 20.0000 pos (-2.9490, 129.0000, 3.3278) vel (0.0756, 0.0000, -0.0941)
[2026-09-19 14:03:36.939] [info] EVIDENCE probe yaw 0.0000 pitch 0.0000 eye (0.153, 133.620, 0.185) nearest_mob 0 dist 1000000000.000
[2026-09-19 14:03:36.939] [info] EVIDENCE mob 36 health 20.0000 pos (-2.9490, 129.0000, 3.3278) vel (0.0756, 0.0000, -0.0941)
[2026-09-19 14:03:36.952] [info] EVIDENCE mob 36 health 20.0000 pos (-2.9490, 129.0000, 3.3278) vel (0.0756, 0.0000, -0.0941)
[2026-09-19 14:03:36.966] [info] EVIDENCE mob 36 health 20.0000 pos (-2.9490, 129.0000, 3.3278) vel (0.0756, 0.0000, -0.0941)
[2026-09-19 14:03:36.981] [info] EVIDENCE mob 36 health 20.0000 pos (-2.8006, 129.0000, 3.1589) vel (0.0811, 0.0000, -0.0922)
[2026-09-19 14:03:36.994] [info] EVIDENCE mob 36 health 20.0000 pos (-2.8006, 129.0000, 3.1589) vel (0.0811, 0.0000, -0.0922)
[2026-09-19 14:03:37.008] [info] EVIDENCE mob 36 health 20.0000 pos (-2.8006, 129.0000, 3.1589) vel (0.0811, 0.0000, -0.0922)
[2026-09-19 14:03:37.027] [info] EVIDENCE mob 36 health 20.0000 pos (-2.6467, 129.0000, 2.9918) vel (0.0840, 0.0000, -0.0912)
[2026-09-19 14:03:37.035] [info] EVIDENCE mob 36 health 20.0000 pos (-2.6467, 129.0000, 2.9918) vel (0.0840, 0.0000, -0.0912)
[2026-09-19 14:03:37.049] [info] EVIDENCE mob 36 health 20.0000 pos (-2.6467, 129.0000, 2.9918) vel (0.0840, 0.0000, -0.0912)
[2026-09-19 14:03:37.473] [info] fps 74.2 | pos (0.15, 132.00, 0.13) | chunks 135 | stream-meshed 126
[2026-09-19 14:03:37.851] [info] EVIDENCE mob 36 health 20.0000 pos (-2.6467, 129.0000, 2.9918) vel (0.0840, 0.0000, -0.0912)
[2026-09-19 14:03:37.862] [info] EVIDENCE mob 36 health 20.0000 pos (-2.6467, 129.0000, 2.9918) vel (0.0840, 0.0000, -0.0912)
[2026-09-19 14:03:37.876] [info] EVIDENCE mob 36 health 20.0000 pos (-2.6467, 129.0000, 2.9918) vel (0.0840, 0.0000, -0.0912)
[2026-09-19 14:03:37.891] [info] EVIDENCE mob 36 health 20.0000 pos (-2.4899, 129.0000, 2.8257) vel (0.0856, 0.0000, -0.0907)
[2026-09-19 14:03:37.904] [info] EVIDENCE mob 36 health 20.0000 pos (-2.4899, 129.0000, 2.8257) vel (0.0856, 0.0000, -0.0907)
[2026-09-19 14:03:37.917] [info] EVIDENCE mob 36 health 20.0000 pos (-2.4899, 129.0000, 2.8257) vel (0.0856, 0.0000, -0.0907)
[2026-09-19 14:03:37.932] [info] EVIDENCE mob 36 health 20.0000 pos (-2.4899, 129.0000, 2.8257) vel (0.0856, 0.0000, -0.0907)
[2026-09-19 14:03:37.945] [info] EVIDENCE mob 36 health 20.0000 pos (-2.3315, 129.0000, 2.6602) vel (0.0865, 0.0000, -0.0904)
[2026-09-19 14:03:37.959] [info] EVIDENCE mob 36 health 20.0000 pos (-2.3315, 129.0000, 2.6602) vel (0.0865, 0.0000, -0.0904)
[2026-09-19 14:03:37.974] [info] EVIDENCE mob 36 health 20.0000 pos (-2.3315, 129.0000, 2.6602) vel (0.0865, 0.0000, -0.0904)
[2026-09-19 14:03:37.987] [info] EVIDENCE mob 36 health 20.0000 pos (-2.1722, 129.0000, 2.4949) vel (0.0869, 0.0000, -0.0902)
[2026-09-19 14:03:38.001] [info] EVIDENCE mob 36 health 20.0000 pos (-2.1722, 129.0000, 2.4949) vel (0.0869, 0.0000, -0.0902)
[2026-09-19 14:03:38.015] [info] EVIDENCE mob 36 health 20.0000 pos (-2.1722, 129.0000, 2.4949) vel (0.0869, 0.0000, -0.0902)
[2026-09-19 14:03:38.029] [info] EVIDENCE mob 36 health 20.0000 pos (-2.1722, 129.0000, 2.4949) vel (0.0869, 0.0000, -0.0902)
[2026-09-19 14:03:38.042] [info] mob event: melee 3.0 damage at (0.1, 132.0, 0.8)
[2026-09-19 14:03:38.043] [info] mob melee for 3.0 at (0.07, 132.00, 0.80); health now 14.0
[2026-09-19 14:03:38.043] [info] EVIDENCE mob 36 health 20.0000 pos (-2.0125, 129.0000, 2.3297) vel (0.0872, 0.0000, -0.0902)
[2026-09-19 14:03:38.057] [info] EVIDENCE mob 36 health 20.0000 pos (-2.0125, 129.0000, 2.3297) vel (0.0872, 0.0000, -0.0902)
[2026-09-19 14:03:38.070] [info] EVIDENCE mob 36 health 20.0000 pos (-2.0125, 129.0000, 2.3297) vel (0.0872, 0.0000, -0.0902)
[2026-09-19 14:03:38.084] [info] EVIDENCE mob 36 health 20.0000 pos (-2.0125, 129.0000, 2.3297) vel (0.0872, 0.0000, -0.0902)
[2026-09-19 14:03:38.099] [info] EVIDENCE mob 36 health 20.0000 pos (-1.9341, 130.0000, 2.1355) vel (0.0428, 0.0000, -0.1060)
[2026-09-19 14:03:38.112] [info] EVIDENCE mob 36 health 20.0000 pos (-1.9341, 130.0000, 2.1355) vel (0.0428, 0.0000, -0.1060)
[2026-09-19 14:03:38.126] [info] EVIDENCE mob 36 health 20.0000 pos (-1.9341, 130.0000, 2.1355) vel (0.0428, 0.0000, -0.1060)
[2026-09-19 14:03:38.141] [info] EVIDENCE probe yaw 0.0000 pitch 0.0000 eye (0.224, 133.620, -0.508) nearest_mob 0 dist 1000000000.000
[2026-09-19 14:03:38.141] [info] EVIDENCE mob 36 health 20.0000 pos (-1.8253, 130.0000, 1.9486) vel (0.0594, 0.0000, -0.1021)
[2026-09-19 14:03:38.154] [info] EVIDENCE mob 36 health 20.0000 pos (-1.8253, 130.0000, 1.9486) vel (0.0594, 0.0000, -0.1021)
[2026-09-19 14:03:38.168] [info] EVIDENCE mob 36 health 20.0000 pos (-1.8253, 130.0000, 1.9486) vel (0.0594, 0.0000, -0.1021)
[2026-09-19 14:03:38.182] [info] EVIDENCE mob 36 health 20.0000 pos (-1.8253, 130.0000, 1.9486) vel (0.0594, 0.0000, -0.1021)
[2026-09-19 14:03:38.196] [info] EVIDENCE mob 36 health 20.0000 pos (-1.7006, 130.0000, 1.7651) vel (0.0681, 0.0000, -0.1002)
[2026-09-19 14:03:38.209] [info] EVIDENCE mob 36 health 20.0000 pos (-1.7006, 130.0000, 1.7651) vel (0.0681, 0.0000, -0.1002)
[2026-09-19 14:03:38.224] [info] EVIDENCE mob 36 health 20.0000 pos (-1.7006, 130.0000, 1.7651) vel (0.0681, 0.0000, -0.1002)
[2026-09-19 14:03:38.238] [info] EVIDENCE mob 36 health 20.0000 pos (-1.5676, 130.0000, 1.5830) vel (0.0726, 0.0000, -0.0994)
[2026-09-19 14:03:38.251] [info] EVIDENCE mob 36 health 20.0000 pos (-1.5676, 130.0000, 1.5830) vel (0.0726, 0.0000, -0.0994)
