== player cases ==
-- player case X wall clamp + jump --
t000 p=[3fe322d0e5604189 4050000000000000 3fe0000000000000] v=[3fab65668c261391 0000000000000000 0000000000000000] g=1 pose=0 hp=4034000000000000 fd=0000000000000000 fpy=4050000000000000 coll=0 r=00000
t001 p=[3fe7fbf83382e44b 4050000000000000 3fe0000000000000] v=[3fb52d5bd02ccb07 0000000000000000 0000000000000000] g=1 pose=0 hp=4034000000000000 fd=0000000000000000 fpy=4050000000000000 coll=0 r=00000
t002 p=[3fedc47492e8bf35 4050000000000000 3fe0000000000000] v=[3fb942c31987a7bd 0000000000000000 0000000000000000] g=1 pose=0 hp=4034000000000000 fd=0000000000000000 fpy=4050000000000000 coll=0 r=00000
t003 p=[3ff207ceedbcfadb 4050000000000000 3fe0000000000000] v=[3fbb7d8d6a079a1b 0000000000000000 0000000000000000] g=1 pose=0 hp=4034000000000000 fd=0000000000000000 fpy=4050000000000000 coll=0 r=00000
t004 p=[3ff55110370d9541 4050000000000000 3fe0000000000000] v=[3fbcb53432a792a9 0000000000000000 0000000000000000] g=1 pose=0 hp=4034000000000000 fd=0000000000000000 fpy=4050000000000000 coll=0 r=00000
t005 p=[3ff8adcbece82f30 4050000000000000 3fe0000000000000] v=[3fbd5f5d99071be9 0000000000000000 0000000000000000] g=1 pose=0 hp=4034000000000000 fd=0000000000000000 fpy=4050000000000000 coll=0 r=00000
t006 p=[3ffc152a3928c1b3 4050000000000000 3fe0000000000000] v=[3fbdbc461f427094 0000000000000000 0000000000000000] g=1 pose=0 hp=4034000000000000 fd=0000000000000000 fpy=4050000000000000 coll=0 r=00000
t007 p=[3fff82570dcd0981 4050000000000000 3fe0000000000000] v=[3fbdef0078ef1f51 0000000000000000 0000000000000000] g=1 pose=0 hp=4034000000000000 fd=0000000000000000 fpy=4050000000000000 coll=0 r=00000
t008 p=[40017957c4060e1d 4050000000000000 3fe0000000000000] v=[3fbe0ab30508497a 0000000000000000 0000000000000000] g=1 pose=0 hp=4034000000000000 fd=0000000000000000 fpy=4050000000000000 coll=0 r=00000
t009 p=[40033261958660cb 4050000000000000 3fe0000000000000] v=[3fbe19d2755db4f9 0000000000000000 0000000000000000] g=1 pose=0 hp=4034000000000000 fd=0000000000000000 fpy=4050000000000000 coll=0 r=00000
t010 p=[4004ebe462895ed5 4050000000000000 3fe0000000000000] v=[3fbe22144398a25c 0000000000000000 0000000000000000] g=1 pose=0 hp=4034000000000000 fd=0000000000000000 fpy=4050000000000000 coll=0 r=00000
t011 p=[4006a5a93dfe344a 4050000000000000 3fe0000000000000] v=[3fbe269666e2cae1 0000000000000000 0000000000000000] g=1 pose=0 hp=4034000000000000 fd=0000000000000000 fpy=4050000000000000 coll=0 r=00000
t012 p=[40085f922a8d5b03 4050000000000000 3fe0000000000000] v=[3fbe290c8fa87789 0000000000000000 0000000000000000] g=1 pose=0 hp=4034000000000000 fd=0000000000000000 fpy=4050000000000000 coll=0 r=00000
t013 p=[400a198ec862af22 4050000000000000 3fe0000000000000] v=[3fbe2a64a0ccb799 0000000000000000 0000000000000000] g=1 pose=0 hp=4034000000000000 fd=0000000000000000 fpy=4050000000000000 coll=0 r=00000
t014 p=[400bd39626c12541 4050000000000000 3fe0000000000000] v=[3fbe2b207d1a5da6 0000000000000000 0000000000000000] g=1 pose=0 hp=4034000000000000 fd=0000000000000000 fpy=4050000000000000 coll=0 r=00000
t015 p=[400d8da364020890 4050000000000000 3fe0000000000000] v=[3fbe2b870f80276a 0000000000000000 0000000000000000] g=1 pose=0 hp=4034000000000000 fd=0000000000000000 fpy=4050000000000000 coll=0 r=00000
t016 p=[400d99999999999a 4050000000000000 3fe0000000000000] v=[0000000000000000 0000000000000000 0000000000000000] g=1 pose=0 hp=4034000000000000 fd=0000000000000000 fpy=4050000000000000 coll=1 r=10000
t017 p=[400d99999999999a 4050000000000000 3fe0000000000000] v=[0000000000000000 0000000000000000 0000000000000000] g=1 pose=0 hp=4034000000000000 fd=0000000000000000 fpy=4050000000000000 coll=1 r=10000
t018 p=[400d99999999999a 4050000000000000 3fe0000000000000] v=[0000000000000000 0000000000000000 0000000000000000] g=1 pose=0 hp=4034000000000000 fd=0000000000000000 fpy=4050000000000000 coll=1 r=10000
t019 p=[400d99999999999a 4050000000000000 3fe0000000000000] v=[0000000000000000 0000000000000000 0000000000000000] g=1 pose=0 hp=4034000000000000 fd=0000000000000000 fpy=4050000000000000 coll=1 r=10000
t020 p=[400d99999999999a 4050000000000000 3fe0000000000000] v=[0000000000000000 0000000000000000 0000000000000000] g=1 pose=0 hp=4034000000000000 fd=0000000000000000 fpy=4050000000000000 coll=1 r=10000
t021 p=[400d99999999999a 4050000000000000 3fe0000000000000] v=[0000000000000000 0000000000000000 0000000000000000] g=1 pose=0 hp=4034000000000000 fd=0000000000000000 fpy=4050000000000000 coll=1 r=10000
t022 p=[400d99999999999a 4050000000000000 3fe0000000000000] v=[0000000000000000 0000000000000000 0000000000000000] g=1 pose=0 hp=4034000000000000 fd=0000000000000000 fpy=4050000000000000 coll=1 r=10000
t023 p=[400d99999999999a 4050000000000000 3fe0000000000000] v=[0000000000000000 0000000000000000 0000000000000000] g=1 pose=0 hp=4034000000000000 fd=0000000000000000 fpy=4050000000000000 coll=1 r=10000
t024 p=[400d99999999999a 4050000000000000 3fe0000000000000] v=[0000000000000000 0000000000000000 0000000000000000] g=1 pose=0 hp=4034000000000000 fd=0000000000000000 fpy=4050000000000000 coll=1 r=10000
t025 p=[400d99999999999a 4050000000000000 3fe0000000000000] v=[0000000000000000 0000000000000000 0000000000000000] g=1 pose=0 hp=4034000000000000 fd=0000000000000000 fpy=4050000000000000 coll=1 r=10000
t026 p=[400d99999999999a 4050000000000000 3fe0000000000000] v=[0000000000000000 0000000000000000 0000000000000000] g=1 pose=0 hp=4034000000000000 fd=0000000000000000 fpy=4050000000000000 coll=1 r=10000
t027 p=[400d99999999999a 4050000000000000 3fe0000000000000] v=[0000000000000000 0000000000000000 0000000000000000] g=1 pose=0 hp=4034000000000000 fd=0000000000000000 fpy=4050000000000000 coll=1 r=10000
t028 p=[400d99999999999a 4050000000000000 3fe0000000000000] v=[0000000000000000 0000000000000000 0000000000000000] g=1 pose=0 hp=4034000000000000 fd=0000000000000000 fpy=4050000000000000 coll=1 r=10000
t029 p=[400d99999999999a 4050000000000000 3fe0000000000000] v=[0000000000000000 0000000000000000 0000000000000000] g=1 pose=0 hp=4034000000000000 fd=0000000000000000 fpy=4050000000000000 coll=1 r=10000
t030 p=[400d99999999999a 4050000000000000 3fe0000000000000] v=[0000000000000000 0000000000000000 0000000000000000] g=1 pose=0 hp=4034000000000000 fd=0000000000000000 fpy=4050000000000000 coll=1 r=10000
t031 p=[400d99999999999a 4050000000000000 3fe0000000000000] v=[0000000000000000 0000000000000000 0000000000000000] g=1 pose=0 hp=4034000000000000 fd=0000000000000000 fpy=4050000000000000 coll=1 r=10000
t032 p=[400d99999999999a 4050000000000000 3fe0000000000000] v=[0000000000000000 0000000000000000 0000000000000000] g=1 pose=0 hp=4034000000000000 fd=0000000000000000 fpy=4050000000000000 coll=1 r=10000
t033 p=[400d99999999999a 4050000000000000 3fe0000000000000] v=[0000000000000000 0000000000000000 0000000000000000] g=1 pose=0 hp=4034000000000000 fd=0000000000000000 fpy=4050000000000000 coll=1 r=10000
t034 p=[400d99999999999a 4050000000000000 3fe0000000000000] v=[0000000000000000 0000000000000000 0000000000000000] g=1 pose=0 hp=4034000000000000 fd=0000000000000000 fpy=4050000000000000 coll=1 r=10000
t035 p=[400d99999999999a 4050000000000000 3fe0000000000000] v=[0000000000000000 0000000000000000 0000000000000000] g=1 pose=0 hp=4034000000000000 fd=0000000000000000 fpy=4050000000000000 coll=1 r=10000
t036 p=[400d99999999999a 4050000000000000 3fe0000000000000] v=[0000000000000000 0000000000000000 0000000000000000] g=1 pose=0 hp=4034000000000000 fd=0000000000000000 fpy=4050000000000000 coll=1 r=10000
t037 p=[400d99999999999a 4050000000000000 3fe0000000000000] v=[0000000000000000 0000000000000000 0000000000000000] g=1 pose=0 hp=4034000000000000 fd=0000000000000000 fpy=4050000000000000 coll=1 r=10000
t038 p=[400d99999999999a 4050000000000000 3fe0000000000000] v=[0000000000000000 0000000000000000 0000000000000000] g=1 pose=0 hp=4034000000000000 fd=0000000000000000 fpy=4050000000000000 coll=1 r=10000
t039 p=[400d99999999999a 4050000000000000 3fe0000000000000] v=[0000000000000000 0000000000000000 0000000000000000] g=1 pose=0 hp=4034000000000000 fd=0000000000000000 fpy=4050000000000000 coll=1 r=10000
t040 p=[400d99999999999a 4050000000000000 3fe0000000000000] v=[0000000000000000 0000000000000000 0000000000000000] g=1 pose=0 hp=4034000000000000 fd=0000000000000000 fpy=4050000000000000 coll=1 r=10000
t041 p=[400d99999999999a 4050000000000000 3fe0000000000000] v=[0000000000000000 0000000000000000 0000000000000000] g=1 pose=0 hp=4034000000000000 fd=0000000000000000 fpy=4050000000000000 coll=1 r=10000
t042 p=[400d99999999999a 4050000000000000 3fe0000000000000] v=[0000000000000000 0000000000000000 0000000000000000] g=1 pose=0 hp=4034000000000000 fd=0000000000000000 fpy=4050000000000000 coll=1 r=10000
t043 p=[400d99999999999a 4050000000000000 3fe0000000000000] v=[0000000000000000 0000000000000000 0000000000000000] g=1 pose=0 hp=4034000000000000 fd=0000000000000000 fpy=4050000000000000 coll=1 r=10000
t044 p=[400d99999999999a 4050000000000000 3fe0000000000000] v=[0000000000000000 0000000000000000 0000000000000000] g=1 pose=0 hp=4034000000000000 fd=0000000000000000 fpy=4050000000000000 coll=1 r=10000
t045 p=[400d99999999999a 4050000000000000 3fe0000000000000] v=[0000000000000000 0000000000000000 0000000000000000] g=1 pose=0 hp=4034000000000000 fd=0000000000000000 fpy=4050000000000000 coll=1 r=10000
t046 p=[400d99999999999a 4050000000000000 3fe0000000000000] v=[0000000000000000 0000000000000000 0000000000000000] g=1 pose=0 hp=4034000000000000 fd=0000000000000000 fpy=4050000000000000 coll=1 r=10000
t047 p=[400d99999999999a 4050000000000000 3fe0000000000000] v=[0000000000000000 0000000000000000 0000000000000000] g=1 pose=0 hp=4034000000000000 fd=0000000000000000 fpy=4050000000000000 coll=1 r=10000
t048 p=[400d99999999999a 4050000000000000 3fe0000000000000] v=[0000000000000000 0000000000000000 0000000000000000] g=1 pose=0 hp=4034000000000000 fd=0000000000000000 fpy=4050000000000000 coll=1 r=10000
t049 p=[400d99999999999a 4050000000000000 3fe0000000000000] v=[0000000000000000 0000000000000000 0000000000000000] g=1 pose=0 hp=4034000000000000 fd=0000000000000000 fpy=4050000000000000 coll=1 r=10000
t050 p=[400d99999999999a 4050000000000000 3fe0000000000000] v=[0000000000000000 0000000000000000 0000000000000000] g=1 pose=0 hp=4034000000000000 fd=0000000000000000 fpy=4050000000000000 coll=1 r=10000
t051 p=[400d99999999999a 4050000000000000 3fe0000000000000] v=[0000000000000000 0000000000000000 0000000000000000] g=1 pose=0 hp=4034000000000000 fd=0000000000000000 fpy=4050000000000000 coll=1 r=10000
t052 p=[400d99999999999a 4050000000000000 3fe0000000000000] v=[0000000000000000 0000000000000000 0000000000000000] g=1 pose=0 hp=4034000000000000 fd=0000000000000000 fpy=4050000000000000 coll=1 r=10000
t053 p=[400d99999999999a 4050000000000000 3fe0000000000000] v=[0000000000000000 0000000000000000 0000000000000000] g=1 pose=0 hp=4034000000000000 fd=0000000000000000 fpy=4050000000000000 coll=1 r=10000
t054 p=[400d99999999999a 4050000000000000 3fe0000000000000] v=[0000000000000000 0000000000000000 0000000000000000] g=1 pose=0 hp=4034000000000000 fd=0000000000000000 fpy=4050000000000000 coll=1 r=10000
t055 p=[400d99999999999a 4050000000000000 3fe0000000000000] v=[0000000000000000 0000000000000000 0000000000000000] g=1 pose=0 hp=4034000000000000 fd=0000000000000000 fpy=4050000000000000 coll=1 r=10000
t056 p=[400d99999999999a 4050000000000000 3fe0000000000000] v=[0000000000000000 0000000000000000 0000000000000000] g=1 pose=0 hp=4034000000000000 fd=0000000000000000 fpy=4050000000000000 coll=1 r=10000
t057 p=[400d99999999999a 4050000000000000 3fe0000000000000] v=[0000000000000000 0000000000000000 0000000000000000] g=1 pose=0 hp=4034000000000000 fd=0000000000000000 fpy=4050000000000000 coll=1 r=10000
t058 p=[400d99999999999a 4050000000000000 3fe0000000000000] v=[0000000000000000 0000000000000000 0000000000000000] g=1 pose=0 hp=4034000000000000 fd=0000000000000000 fpy=4050000000000000 coll=1 r=10000
t059 p=[400d99999999999a 4050000000000000 3fe0000000000000] v=[0000000000000000 0000000000000000 0000000000000000] g=1 pose=0 hp=4034000000000000 fd=0000000000000000 fpy=4050000000000000 coll=1 r=10000
t060 p=[400d99999999999a 4050000000000000 3fe0000000000000] v=[0000000000000000 0000000000000000 0000000000000000] g=1 pose=0 hp=4034000000000000 fd=0000000000000000 fpy=4050000000000000 coll=1 r=10000
t061 p=[400d99999999999a 4050000000000000 3fe0000000000000] v=[0000000000000000 0000000000000000 0000000000000000] g=1 pose=0 hp=4034000000000000 fd=0000000000000000 fpy=4050000000000000 coll=1 r=10000
t062 p=[400d99999999999a 4050000000000000 3fe0000000000000] v=[0000000000000000 0000000000000000 0000000000000000] g=1 pose=0 hp=4034000000000000 fd=0000000000000000 fpy=4050000000000000 coll=1 r=10000
t063 p=[400d99999999999a 4050000000000000 3fe0000000000000] v=[0000000000000000 0000000000000000 0000000000000000] g=1 pose=0 hp=4034000000000000 fd=0000000000000000 fpy=4050000000000000 coll=1 r=10000
t064 p=[400d99999999999a 4050000000000000 3fe0000000000000] v=[0000000000000000 0000000000000000 0000000000000000] g=1 pose=0 hp=4034000000000000 fd=0000000000000000 fpy=4050000000000000 coll=1 r=10000
t065 p=[400d99999999999a 4050000000000000 3fe0000000000000] v=[0000000000000000 0000000000000000 0000000000000000] g=1 pose=0 hp=4034000000000000 fd=0000000000000000 fpy=4050000000000000 coll=1 r=10000
t066 p=[400d99999999999a 4050000000000000 3fe0000000000000] v=[0000000000000000 0000000000000000 0000000000000000] g=1 pose=0 hp=4034000000000000 fd=0000000000000000 fpy=4050000000000000 coll=1 r=10000
t067 p=[400d99999999999a 4050000000000000 3fe0000000000000] v=[0000000000000000 0000000000000000 0000000000000000] g=1 pose=0 hp=4034000000000000 fd=0000000000000000 fpy=4050000000000000 coll=1 r=10000
t068 p=[400d99999999999a 4050000000000000 3fe0000000000000] v=[0000000000000000 0000000000000000 0000000000000000] g=1 pose=0 hp=4034000000000000 fd=0000000000000000 fpy=4050000000000000 coll=1 r=10000
t069 p=[400d99999999999a 4050000000000000 3fe0000000000000] v=[0000000000000000 0000000000000000 0000000000000000] g=1 pose=0 hp=4034000000000000 fd=0000000000000000 fpy=4050000000000000 coll=1 r=10000
t070 p=[400d99999999999a 4050000000000000 3fe0000000000000] v=[0000000000000000 0000000000000000 0000000000000000] g=1 pose=0 hp=4034000000000000 fd=0000000000000000 fpy=4050000000000000 coll=1 r=10000
t071 p=[400d99999999999a 4050000000000000 3fe0000000000000] v=[0000000000000000 0000000000000000 0000000000000000] g=1 pose=0 hp=4034000000000000 fd=0000000000000000 fpy=4050000000000000 coll=1 r=10000
t072 p=[400d99999999999a 4050000000000000 3fe0000000000000] v=[0000000000000000 0000000000000000 0000000000000000] g=1 pose=0 hp=4034000000000000 fd=0000000000000000 fpy=4050000000000000 coll=1 r=10000
t073 p=[400d99999999999a 4050000000000000 3fe0000000000000] v=[0000000000000000 0000000000000000 0000000000000000] g=1 pose=0 hp=4034000000000000 fd=0000000000000000 fpy=4050000000000000 coll=1 r=10000
t074 p=[400d99999999999a 4050000000000000 3fe0000000000000] v=[0000000000000000 0000000000000000 0000000000000000] g=1 pose=0 hp=4034000000000000 fd=0000000000000000 fpy=4050000000000000 coll=1 r=10000
t075 p=[400d99999999999a 4050000000000000 3fe0000000000000] v=[0000000000000000 0000000000000000 0000000000000000] g=1 pose=0 hp=4034000000000000 fd=0000000000000000 fpy=4050000000000000 coll=1 r=10000
t076 p=[400d99999999999a 4050000000000000 3fe0000000000000] v=[0000000000000000 0000000000000000 0000000000000000] g=1 pose=0 hp=4034000000000000 fd=0000000000000000 fpy=4050000000000000 coll=1 r=10000
t077 p=[400d99999999999a 4050000000000000 3fe0000000000000] v=[0000000000000000 0000000000000000 0000000000000000] g=1 pose=0 hp=4034000000000000 fd=0000000000000000 fpy=4050000000000000 coll=1 r=10000
t078 p=[400d99999999999a 4050000000000000 3fe0000000000000] v=[0000000000000000 0000000000000000 0000000000000000] g=1 pose=0 hp=4034000000000000 fd=0000000000000000 fpy=4050000000000000 coll=1 r=10000
t079 p=[400d99999999999a 4050000000000000 3fe0000000000000] v=[0000000000000000 0000000000000000 0000000000000000] g=1 pose=0 hp=4034000000000000 fd=0000000000000000 fpy=4050000000000000 coll=1 r=10000
t080 p=[400d99999999999a 4050000000000000 3fe0000000000000] v=[0000000000000000 0000000000000000 0000000000000000] g=1 pose=0 hp=4034000000000000 fd=0000000000000000 fpy=4050000000000000 coll=1 r=10000
t081 p=[400d99999999999a 4050000000000000 3fe0000000000000] v=[0000000000000000 0000000000000000 0000000000000000] g=1 pose=0 hp=4034000000000000 fd=0000000000000000 fpy=4050000000000000 coll=1 r=10000
t082 p=[400d99999999999a 4050000000000000 3fe0000000000000] v=[0000000000000000 0000000000000000 0000000000000000] g=1 pose=0 hp=4034000000000000 fd=0000000000000000 fpy=4050000000000000 coll=1 r=10000
t083 p=[400d99999999999a 4050000000000000 3fe0000000000000] v=[0000000000000000 0000000000000000 0000000000000000] g=1 pose=0 hp=4034000000000000 fd=0000000000000000 fpy=4050000000000000 coll=1 r=10000
t084 p=[400d99999999999a 4050000000000000 3fe0000000000000] v=[0000000000000000 0000000000000000 0000000000000000] g=1 pose=0 hp=4034000000000000 fd=0000000000000000 fpy=4050000000000000 coll=1 r=10000
t085 p=[400d99999999999a 4050000000000000 3fe0000000000000] v=[0000000000000000 0000000000000000 0000000000000000] g=1 pose=0 hp=4034000000000000 fd=0000000000000000 fpy=4050000000000000 coll=1 r=10000
t086 p=[400d99999999999a 4050000000000000 3fe0000000000000] v=[0000000000000000 0000000000000000 0000000000000000] g=1 pose=0 hp=4034000000000000 fd=0000000000000000 fpy=4050000000000000 coll=1 r=10000
t087 p=[400d99999999999a 4050000000000000 3fe0000000000000] v=[0000000000000000 0000000000000000 0000000000000000] g=1 pose=0 hp=4034000000000000 fd=0000000000000000 fpy=4050000000000000 coll=1 r=10000
t088 p=[400d99999999999a 4050000000000000 3fe0000000000000] v=[0000000000000000 0000000000000000 0000000000000000] g=1 pose=0 hp=4034000000000000 fd=0000000000000000 fpy=4050000000000000 coll=1 r=10000
t089 p=[400d99999999999a 4050000000000000 3fe0000000000000] v=[0000000000000000 0000000000000000 0000000000000000] g=1 pose=0 hp=4034000000000000 fd=0000000000000000 fpy=4050000000000000 coll=1 r=10000
t090 p=[400d99999999999a 4050000000000000 3fe0000000000000] v=[0000000000000000 0000000000000000 0000000000000000] g=1 pose=0 hp=4034000000000000 fd=0000000000000000 fpy=4050000000000000 coll=1 r=10000
t091 p=[400d99999999999a 4050000000000000 3fe0000000000000] v=[0000000000000000 0000000000000000 0000000000000000] g=1 pose=0 hp=4034000000000000 fd=0000000000000000 fpy=4050000000000000 coll=1 r=10000
t092 p=[400d99999999999a 4050000000000000 3fe0000000000000] v=[0000000000000000 0000000000000000 0000000000000000] g=1 pose=0 hp=4034000000000000 fd=0000000000000000 fpy=4050000000000000 coll=1 r=10000
t093 p=[400d99999999999a 4050000000000000 3fe0000000000000] v=[0000000000000000 0000000000000000 0000000000000000] g=1 pose=0 hp=4034000000000000 fd=0000000000000000 fpy=4050000000000000 coll=1 r=10000
t094 p=[400d99999999999a 4050000000000000 3fe0000000000000] v=[0000000000000000 0000000000000000 0000000000000000] g=1 pose=0 hp=4034000000000000 fd=0000000000000000 fpy=4050000000000000 coll=1 r=10000
t095 p=[400d99999999999a 4050000000000000 3fe0000000000000] v=[0000000000000000 0000000000000000 0000000000000000] g=1 pose=0 hp=4034000000000000 fd=0000000000000000 fpy=4050000000000000 coll=1 r=10000
t096 p=[400d99999999999a 4050000000000000 3fe0000000000000] v=[0000000000000000 0000000000000000 0000000000000000] g=1 pose=0 hp=4034000000000000 fd=0000000000000000 fpy=4050000000000000 coll=1 r=10000
t097 p=[400d99999999999a 4050000000000000 3fe0000000000000] v=[0000000000000000 0000000000000000 0000000000000000] g=1 pose=0 hp=4034000000000000 fd=0000000000000000 fpy=4050000000000000 coll=1 r=10000
t098 p=[400d99999999999a 4050000000000000 3fe0000000000000] v=[0000000000000000 0000000000000000 0000000000000000] g=1 pose=0 hp=4034000000000000 fd=0000000000000000 fpy=4050000000000000 coll=1 r=10000
t099 p=[400d99999999999a 4050000000000000 3fe0000000000000] v=[0000000000000000 0000000000000000 0000000000000000] g=1 pose=0 hp=4034000000000000 fd=0000000000000000 fpy=4050000000000000 coll=1 r=10000
t100 p=[400d99999999999a 4050000000000000 3fe0000000000000] v=[0000000000000000 0000000000000000 0000000000000000] g=1 pose=0 hp=4034000000000000 fd=0000000000000000 fpy=4050000000000000 coll=1 r=10000
t101 p=[400d99999999999a 4050000000000000 3fe0000000000000] v=[0000000000000000 0000000000000000 0000000000000000] g=1 pose=0 hp=4034000000000000 fd=0000000000000000 fpy=4050000000000000 coll=1 r=10000
t102 p=[400d99999999999a 4050000000000000 3fe0000000000000] v=[0000000000000000 0000000000000000 0000000000000000] g=1 pose=0 hp=4034000000000000 fd=0000000000000000 fpy=4050000000000000 coll=1 r=10000
t103 p=[400d99999999999a 4050000000000000 3fe0000000000000] v=[0000000000000000 0000000000000000 0000000000000000] g=1 pose=0 hp=4034000000000000 fd=0000000000000000 fpy=4050000000000000 coll=1 r=10000
t104 p=[400d99999999999a 4050000000000000 3fe0000000000000] v=[0000000000000000 0000000000000000 0000000000000000] g=1 pose=0 hp=4034000000000000 fd=0000000000000000 fpy=4050000000000000 coll=1 r=10000
t105 p=[400d99999999999a 4050000000000000 3fe0000000000000] v=[0000000000000000 0000000000000000 0000000000000000] g=1 pose=0 hp=4034000000000000 fd=0000000000000000 fpy=4050000000000000 coll=1 r=10000
t106 p=[400d99999999999a 4050000000000000 3fe0000000000000] v=[0000000000000000 0000000000000000 0000000000000000] g=1 pose=0 hp=4034000000000000 fd=0000000000000000 fpy=4050000000000000 coll=1 r=10000
t107 p=[400d99999999999a 4050000000000000 3fe0000000000000] v=[0000000000000000 0000000000000000 0000000000000000] g=1 pose=0 hp=4034000000000000 fd=0000000000000000 fpy=4050000000000000 coll=1 r=10000
t108 p=[400d99999999999a 4050000000000000 3fe0000000000000] v=[0000000000000000 0000000000000000 0000000000000000] g=1 pose=0 hp=4034000000000000 fd=0000000000000000 fpy=4050000000000000 coll=1 r=10000
t109 p=[400d99999999999a 4050000000000000 3fe0000000000000] v=[0000000000000000 0000000000000000 0000000000000000] g=1 pose=0 hp=4034000000000000 fd=0000000000000000 fpy=4050000000000000 coll=1 r=10000
t110 p=[400d99999999999a 4050000000000000 3fe0000000000000] v=[0000000000000000 0000000000000000 0000000000000000] g=1 pose=0 hp=4034000000000000 fd=0000000000000000 fpy=4050000000000000 coll=1 r=10000
t111 p=[400d99999999999a 4050000000000000 3fe0000000000000] v=[0000000000000000 0000000000000000 0000000000000000] g=1 pose=0 hp=4034000000000000 fd=0000000000000000 fpy=4050000000000000 coll=1 r=10000
t112 p=[400d99999999999a 4050000000000000 3fe0000000000000] v=[0000000000000000 0000000000000000 0000000000000000] g=1 pose=0 hp=4034000000000000 fd=0000000000000000 fpy=4050000000000000 coll=1 r=10000
t113 p=[400d99999999999a 4050000000000000 3fe0000000000000] v=[0000000000000000 0000000000000000 0000000000000000] g=1 pose=0 hp=4034000000000000 fd=0000000000000000 fpy=4050000000000000 coll=1 r=10000
t114 p=[400d99999999999a 4050000000000000 3fe0000000000000] v=[0000000000000000 0000000000000000 0000000000000000] g=1 pose=0 hp=4034000000000000 fd=0000000000000000 fpy=4050000000000000 coll=1 r=10000
t115 p=[400d99999999999a 4050000000000000 3fe0000000000000] v=[0000000000000000 0000000000000000 0000000000000000] g=1 pose=0 hp=4034000000000000 fd=0000000000000000 fpy=4050000000000000 coll=1 r=10000
t116 p=[400d99999999999a 4050000000000000 3fe0000000000000] v=[0000000000000000 0000000000000000 0000000000000000] g=1 pose=0 hp=4034000000000000 fd=0000000000000000 fpy=4050000000000000 coll=1 r=10000
t117 p=[400d99999999999a 4050000000000000 3fe0000000000000] v=[0000000000000000 0000000000000000 0000000000000000] g=1 pose=0 hp=4034000000000000 fd=0000000000000000 fpy=4050000000000000 coll=1 r=10000
t118 p=[400d99999999999a 4050000000000000 3fe0000000000000] v=[0000000000000000 0000000000000000 0000000000000000] g=1 pose=0 hp=4034000000000000 fd=0000000000000000 fpy=4050000000000000 coll=1 r=10000
t119 p=[400d99999999999a 4050000000000000 3fe0000000000000] v=[0000000000000000 0000000000000000 0000000000000000] g=1 pose=0 hp=4034000000000000 fd=0000000000000000 fpy=4050000000000000 coll=1 r=10000
t120 p=[400d99999999999a 4050000000000000 3fe0000000000000] v=[0000000000000000 0000000000000000 0000000000000000] g=1 pose=0 hp=4034000000000000 fd=0000000000000000 fpy=4050000000000000 coll=1 r=10000
t121 p=[400d99999999999a 4050000000000000 3fe0000000000000] v=[0000000000000000 0000000000000000 0000000000000000] g=1 pose=0 hp=4034000000000000 fd=0000000000000000 fpy=4050000000000000 coll=1 r=10000
t122 p=[400d99999999999a 4050000000000000 3fe0000000000000] v=[0000000000000000 0000000000000000 0000000000000000] g=1 pose=0 hp=4034000000000000 fd=0000000000000000 fpy=4050000000000000 coll=1 r=10000
t123 p=[400d99999999999a 4050000000000000 3fe0000000000000] v=[0000000000000000 0000000000000000 0000000000000000] g=1 pose=0 hp=4034000000000000 fd=0000000000000000 fpy=4050000000000000 coll=1 r=10000
t124 p=[400d99999999999a 4050000000000000 3fe0000000000000] v=[0000000000000000 0000000000000000 0000000000000000] g=1 pose=0 hp=4034000000000000 fd=0000000000000000 fpy=4050000000000000 coll=1 r=10000
t125 p=[400d99999999999a 4050000000000000 3fe0000000000000] v=[0000000000000000 0000000000000000 0000000000000000] g=1 pose=0 hp=4034000000000000 fd=0000000000000000 fpy=4050000000000000 coll=1 r=10000
t126 p=[400d99999999999a 4050000000000000 3fe0000000000000] v=[0000000000000000 0000000000000000 0000000000000000] g=1 pose=0 hp=4034000000000000 fd=0000000000000000 fpy=4050000000000000 coll=1 r=10000
t127 p=[400d99999999999a 4050000000000000 3fe0000000000000] v=[0000000000000000 0000000000000000 0000000000000000] g=1 pose=0 hp=4034000000000000 fd=0000000000000000 fpy=4050000000000000 coll=1 r=10000
t128 p=[400d99999999999a 4050000000000000 3fe0000000000000] v=[0000000000000000 0000000000000000 0000000000000000] g=1 pose=0 hp=4034000000000000 fd=0000000000000000 fpy=4050000000000000 coll=1 r=10000
t129 p=[400d99999999999a 4050000000000000 3fe0000000000000] v=[0000000000000000 0000000000000000 0000000000000000] g=1 pose=0 hp=4034000000000000 fd=0000000000000000 fpy=4050000000000000 coll=1 r=10000
   end g=1 pose=0 hp=4034000000000000
-- player case ceiling clamp --
t000 p=[4004c8b439581062 40501ae147ae147b 3fe0000000000000] v=[3fab65668c261391 3fd5532617c1bda4 0000000000000000] g=0 pose=0 hp=4034000000000000 fd=0000000000000000 fpy=40501ae147ae147b coll=0 r=00000
t001 p=[40055e6ddf00abf7 405030346dc5d639 3fe0000000000000] v=[3fb107ff52dbf001 3fcfc2eba27ae9a8 0000000000000000] g=0 pose=0 hp=4034000000000000 fd=0000000000000000 fpy=405030346dc5d639 coll=0 r=00000
t002 p=[40060ed1e50f8ebe 40504015e39713ae 3fe0000000000000] v=[3fb4107f68bbb743 3fc5174a746d652f 0000000000000000] g=0 pose=0 hp=4034000000000000 fd=0000000000000000 fpy=40504015e39713ae coll=0 r=00000
t003 p=[4006d779ebcd6fbf 40504aa188d14a61 3fe0000000000000] v=[3fb6d31ced475aab 3fb544966fdf042b 0000000000000000] g=0 pose=0 hp=4034000000000000 fd=0000000000000000 fpy=40504aa188d14a61 coll=0 r=00000
t004 p=[4007b636deafaddb 40504ccccccccccd 3fe0000000000000] v=[3fb95622072cd335 bfb41205bc01a36e 0000000000000000] g=0 pose=0 hp=4034000000000000 fd=0000000000000000 fpy=40504ccccccccccd coll=0 r=01000
t005 p=[4008a90bfa6117bc 405047c84b5dcc64 3fe0000000000000] v=[3fbb9f47f3388605 bfc3dea465a57646 0000000000000000] g=0 pose=0 hp=4034000000000000 fd=3fb41205bc01a400 fpy=40504ccccccccccd coll=0 r=00000
t006 p=[4009ae2a4572df33 40503dd8f92af9a9 3fe0000000000000] v=[3fbdb3c40f2472fa bfcd81eba8044081 0000000000000000] g=0 pose=0 hp=4034000000000000 fd=3fcde7a743a64800 fpy=40504ccccccccccd coll=0 r=00000
t007 p=[400ac3ec71640612 40502f180356f789 3fe0000000000000] v=[3fbf9853b7e938b1 bfd379ed39a65543 0000000000000000] g=0 pose=0 hp=4034000000000000 fd=3fddb4c975d54400 fpy=40504ccccccccccd coll=0 r=00000
t008 p=[400be8d31a9b531e 40501b9e161d5134 3fe0000000000000] v=[3fc0a8a38b4e2462 bfd81ab6b6dbbc6a 0000000000000000] g=0 pose=0 hp=4034000000000000 fd=3fe8975b57bdcc80 fpy=40504ccccccccccd coll=0 r=00000
t009 p=[400d1b815ec838ab 405003835f667578 3fe0000000000000] v=[3fc171457a3bc694 bfdca3ce17f6788b 0000000000000000] g=0 pose=0 hp=4034000000000000 fd=3ff2525b5995d540 fpy=40504ccccccccccd coll=0 r=00000
t010 p=[400d99999999999a 4050000000000000 3fe0000000000000] v=[0000000000000000 0000000000000000 0000000000000000] g=1 pose=0 hp=4034000000000000 fd=0000000000000000 fpy=4050000000000000 coll=1 r=11010
t011 p=[400d99999999999a 40501ae147ae147b 3fe0000000000000] v=[0000000000000000 3fd5532617c1bda4 0000000000000000] g=0 pose=0 hp=4034000000000000 fd=0000000000000000 fpy=40501ae147ae147b coll=1 r=10000
t012 p=[400d99999999999a 405030346dc5d639 3fe0000000000000] v=[0000000000000000 3fcfc2eba27ae9a8 0000000000000000] g=0 pose=0 hp=4034000000000000 fd=0000000000000000 fpy=405030346dc5d639 coll=1 r=10000
t013 p=[400d99999999999a 40504015e39713ae 3fe0000000000000] v=[0000000000000000 3fc5174a746d652f 0000000000000000] g=0 pose=0 hp=4034000000000000 fd=0000000000000000 fpy=40504015e39713ae coll=1 r=10000
t014 p=[400d99999999999a 40504aa188d14a61 3fe0000000000000] v=[0000000000000000 3fb544966fdf042b 0000000000000000] g=0 pose=0 hp=4034000000000000 fd=0000000000000000 fpy=40504aa188d14a61 coll=1 r=10000
t015 p=[400d99999999999a 40504ccccccccccd 3fe0000000000000] v=[0000000000000000 bfb41205bc01a36e 0000000000000000] g=0 pose=0 hp=4034000000000000 fd=0000000000000000 fpy=40504ccccccccccd coll=1 r=11000
t016 p=[400d99999999999a 405047c84b5dcc64 3fe0000000000000] v=[0000000000000000 bfc3dea465a57646 0000000000000000] g=0 pose=0 hp=4034000000000000 fd=3fb41205bc01a400 fpy=40504ccccccccccd coll=1 r=10000
t017 p=[400d99999999999a 40503dd8f92af9a9 3fe0000000000000] v=[0000000000000000 bfcd81eba8044081 0000000000000000] g=0 pose=0 hp=4034000000000000 fd=3fcde7a743a64800 fpy=40504ccccccccccd coll=1 r=10000
t018 p=[400d99999999999a 40502f180356f789 3fe0000000000000] v=[0000000000000000 bfd379ed39a65543 0000000000000000] g=0 pose=0 hp=4034000000000000 fd=3fddb4c975d54400 fpy=40504ccccccccccd coll=1 r=10000
t019 p=[400d99999999999a 40501b9e161d5134 3fe0000000000000] v=[0000000000000000 bfd81ab6b6dbbc6a 0000000000000000] g=0 pose=0 hp=4034000000000000 fd=3fe8975b57bdcc80 fpy=40504ccccccccccd coll=1 r=10000
t020 p=[400d99999999999a 405003835f667578 3fe0000000000000] v=[0000000000000000 bfdca3ce17f6788b 0000000000000000] g=0 pose=0 hp=4034000000000000 fd=3ff2525b5995d540 fpy=40504ccccccccccd coll=1 r=10000
t021 p=[400d99999999999a 4050000000000000 3fe0000000000000] v=[0000000000000000 0000000000000000 0000000000000000] g=1 pose=0 hp=4034000000000000 fd=0000000000000000 fpy=4050000000000000 coll=1 r=11010
t022 p=[400d99999999999a 40501ae147ae147b 3fe0000000000000] v=[0000000000000000 3fd5532617c1bda4 0000000000000000] g=0 pose=0 hp=4034000000000000 fd=0000000000000000 fpy=40501ae147ae147b coll=1 r=10000
t023 p=[400d99999999999a 405030346dc5d639 3fe0000000000000] v=[0000000000000000 3fcfc2eba27ae9a8 0000000000000000] g=0 pose=0 hp=4034000000000000 fd=0000000000000000 fpy=405030346dc5d639 coll=1 r=10000
t024 p=[400d99999999999a 40504015e39713ae 3fe0000000000000] v=[0000000000000000 3fc5174a746d652f 0000000000000000] g=0 pose=0 hp=4034000000000000 fd=0000000000000000 fpy=40504015e39713ae coll=1 r=10000
t025 p=[400d99999999999a 40504aa188d14a61 3fe0000000000000] v=[0000000000000000 3fb544966fdf042b 0000000000000000] g=0 pose=0 hp=4034000000000000 fd=0000000000000000 fpy=40504aa188d14a61 coll=1 r=10000
t026 p=[400d99999999999a 40504ccccccccccd 3fe0000000000000] v=[0000000000000000 bfb41205bc01a36e 0000000000000000] g=0 pose=0 hp=4034000000000000 fd=0000000000000000 fpy=40504ccccccccccd coll=1 r=11000
t027 p=[400d99999999999a 405047c84b5dcc64 3fe0000000000000] v=[0000000000000000 bfc3dea465a57646 0000000000000000] g=0 pose=0 hp=4034000000000000 fd=3fb41205bc01a400 fpy=40504ccccccccccd coll=1 r=10000
t028 p=[400d99999999999a 40503dd8f92af9a9 3fe0000000000000] v=[0000000000000000 bfcd81eba8044081 0000000000000000] g=0 pose=0 hp=4034000000000000 fd=3fcde7a743a64800 fpy=40504ccccccccccd coll=1 r=10000
t029 p=[400d99999999999a 40502f180356f789 3fe0000000000000] v=[0000000000000000 bfd379ed39a65543 0000000000000000] g=0 pose=0 hp=4034000000000000 fd=3fddb4c975d54400 fpy=40504ccccccccccd coll=1 r=10000
t030 p=[400d99999999999a 40501b9e161d5134 3fe0000000000000] v=[0000000000000000 bfd81ab6b6dbbc6a 0000000000000000] g=0 pose=0 hp=4034000000000000 fd=3fe8975b57bdcc80 fpy=40504ccccccccccd coll=1 r=10000
t031 p=[400d99999999999a 405003835f667578 3fe0000000000000] v=[0000000000000000 bfdca3ce17f6788b 0000000000000000] g=0 pose=0 hp=4034000000000000 fd=3ff2525b5995d540 fpy=40504ccccccccccd coll=1 r=10000
t032 p=[400d99999999999a 4050000000000000 3fe0000000000000] v=[0000000000000000 0000000000000000 0000000000000000] g=1 pose=0 hp=4034000000000000 fd=0000000000000000 fpy=4050000000000000 coll=1 r=11010
t033 p=[400d99999999999a 40501ae147ae147b 3fe0000000000000] v=[0000000000000000 3fd5532617c1bda4 0000000000000000] g=0 pose=0 hp=4034000000000000 fd=0000000000000000 fpy=40501ae147ae147b coll=1 r=10000
t034 p=[400d99999999999a 405030346dc5d639 3fe0000000000000] v=[0000000000000000 3fcfc2eba27ae9a8 0000000000000000] g=0 pose=0 hp=4034000000000000 fd=0000000000000000 fpy=405030346dc5d639 coll=1 r=10000
t035 p=[400d99999999999a 40504015e39713ae 3fe0000000000000] v=[0000000000000000 3fc5174a746d652f 0000000000000000] g=0 pose=0 hp=4034000000000000 fd=0000000000000000 fpy=40504015e39713ae coll=1 r=10000
t036 p=[400d99999999999a 40504aa188d14a61 3fe0000000000000] v=[0000000000000000 3fb544966fdf042b 0000000000000000] g=0 pose=0 hp=4034000000000000 fd=0000000000000000 fpy=40504aa188d14a61 coll=1 r=10000
t037 p=[400d99999999999a 40504ccccccccccd 3fe0000000000000] v=[0000000000000000 bfb41205bc01a36e 0000000000000000] g=0 pose=0 hp=4034000000000000 fd=0000000000000000 fpy=40504ccccccccccd coll=1 r=11000
t038 p=[400d99999999999a 405047c84b5dcc64 3fe0000000000000] v=[0000000000000000 bfc3dea465a57646 0000000000000000] g=0 pose=0 hp=4034000000000000 fd=3fb41205bc01a400 fpy=40504ccccccccccd coll=1 r=10000
t039 p=[400d99999999999a 40503dd8f92af9a9 3fe0000000000000] v=[0000000000000000 bfcd81eba8044081 0000000000000000] g=0 pose=0 hp=4034000000000000 fd=3fcde7a743a64800 fpy=40504ccccccccccd coll=1 r=10000
t040 p=[400d99999999999a 40502f180356f789 3fe0000000000000] v=[0000000000000000 bfd379ed39a65543 0000000000000000] g=0 pose=0 hp=4034000000000000 fd=3fddb4c975d54400 fpy=40504ccccccccccd coll=1 r=10000
t041 p=[400d99999999999a 40501b9e161d5134 3fe0000000000000] v=[0000000000000000 bfd81ab6b6dbbc6a 0000000000000000] g=0 pose=0 hp=4034000000000000 fd=3fe8975b57bdcc80 fpy=40504ccccccccccd coll=1 r=10000
t042 p=[400d99999999999a 405003835f667578 3fe0000000000000] v=[0000000000000000 bfdca3ce17f6788b 0000000000000000] g=0 pose=0 hp=4034000000000000 fd=3ff2525b5995d540 fpy=40504ccccccccccd coll=1 r=10000
t043 p=[400d99999999999a 4050000000000000 3fe0000000000000] v=[0000000000000000 0000000000000000 0000000000000000] g=1 pose=0 hp=4034000000000000 fd=0000000000000000 fpy=4050000000000000 coll=1 r=11010
t044 p=[400d99999999999a 40501ae147ae147b 3fe0000000000000] v=[0000000000000000 3fd5532617c1bda4 0000000000000000] g=0 pose=0 hp=4034000000000000 fd=0000000000000000 fpy=40501ae147ae147b coll=1 r=10000
t045 p=[400d99999999999a 405030346dc5d639 3fe0000000000000] v=[0000000000000000 3fcfc2eba27ae9a8 0000000000000000] g=0 pose=0 hp=4034000000000000 fd=0000000000000000 fpy=405030346dc5d639 coll=1 r=10000
t046 p=[400d99999999999a 40504015e39713ae 3fe0000000000000] v=[0000000000000000 3fc5174a746d652f 0000000000000000] g=0 pose=0 hp=4034000000000000 fd=0000000000000000 fpy=40504015e39713ae coll=1 r=10000
t047 p=[400d99999999999a 40504aa188d14a61 3fe0000000000000] v=[0000000000000000 3fb544966fdf042b 0000000000000000] g=0 pose=0 hp=4034000000000000 fd=0000000000000000 fpy=40504aa188d14a61 coll=1 r=10000
t048 p=[400d99999999999a 40504ccccccccccd 3fe0000000000000] v=[0000000000000000 bfb41205bc01a36e 0000000000000000] g=0 pose=0 hp=4034000000000000 fd=0000000000000000 fpy=40504ccccccccccd coll=1 r=11000
t049 p=[400d99999999999a 405047c84b5dcc64 3fe0000000000000] v=[0000000000000000 bfc3dea465a57646 0000000000000000] g=0 pose=0 hp=4034000000000000 fd=3fb41205bc01a400 fpy=40504ccccccccccd coll=1 r=10000
t050 p=[400d99999999999a 40503dd8f92af9a9 3fe0000000000000] v=[0000000000000000 bfcd81eba8044081 0000000000000000] g=0 pose=0 hp=4034000000000000 fd=3fcde7a743a64800 fpy=40504ccccccccccd coll=1 r=10000
t051 p=[400d99999999999a 40502f180356f789 3fe0000000000000] v=[0000000000000000 bfd379ed39a65543 0000000000000000] g=0 pose=0 hp=4034000000000000 fd=3fddb4c975d54400 fpy=40504ccccccccccd coll=1 r=10000
t052 p=[400d99999999999a 40501b9e161d5134 3fe0000000000000] v=[0000000000000000 bfd81ab6b6dbbc6a 0000000000000000] g=0 pose=0 hp=4034000000000000 fd=3fe8975b57bdcc80 fpy=40504ccccccccccd coll=1 r=10000
t053 p=[400d99999999999a 405003835f667578 3fe0000000000000] v=[0000000000000000 bfdca3ce17f6788b 0000000000000000] g=0 pose=0 hp=4034000000000000 fd=3ff2525b5995d540 fpy=40504ccccccccccd coll=1 r=10000
t054 p=[400d99999999999a 4050000000000000 3fe0000000000000] v=[0000000000000000 0000000000000000 0000000000000000] g=1 pose=0 hp=4034000000000000 fd=0000000000000000 fpy=4050000000000000 coll=1 r=11010
t055 p=[400d99999999999a 40501ae147ae147b 3fe0000000000000] v=[0000000000000000 3fd5532617c1bda4 0000000000000000] g=0 pose=0 hp=4034000000000000 fd=0000000000000000 fpy=40501ae147ae147b coll=1 r=10000
t056 p=[400d99999999999a 405030346dc5d639 3fe0000000000000] v=[0000000000000000 3fcfc2eba27ae9a8 0000000000000000] g=0 pose=0 hp=4034000000000000 fd=0000000000000000 fpy=405030346dc5d639 coll=1 r=10000
t057 p=[400d99999999999a 40504015e39713ae 3fe0000000000000] v=[0000000000000000 3fc5174a746d652f 0000000000000000] g=0 pose=0 hp=4034000000000000 fd=0000000000000000 fpy=40504015e39713ae coll=1 r=10000
t058 p=[400d99999999999a 40504aa188d14a61 3fe0000000000000] v=[0000000000000000 3fb544966fdf042b 0000000000000000] g=0 pose=0 hp=4034000000000000 fd=0000000000000000 fpy=40504aa188d14a61 coll=1 r=10000
t059 p=[400d99999999999a 40504ccccccccccd 3fe0000000000000] v=[0000000000000000 bfb41205bc01a36e 0000000000000000] g=0 pose=0 hp=4034000000000000 fd=0000000000000000 fpy=40504ccccccccccd coll=1 r=11000
   end g=0 pose=0 hp=4034000000000000
-- player case Z wall clamp --
t000 p=[4011333333333333 4050000000000000 40139ba5e353f7cf] v=[0000000000000000 0000000000000000 bfab65668c261391] g=1 pose=0 hp=4034000000000000 fd=0000000000000000 fpy=4050000000000000 coll=0 r=00000
t001 p=[4011333333333333 4050000000000000 40130080f98fa377] v=[0000000000000000 0000000000000000 bfb52d5bd02ccb07] g=1 pose=0 hp=4034000000000000 fd=0000000000000000 fpy=4050000000000000 coll=0 r=00000
t002 p=[4011333333333333 4050000000000000 401247716da2e81a] v=[0000000000000000 0000000000000000 bfb942c31987a7bd] g=1 pose=0 hp=4034000000000000 fd=0000000000000000 fpy=4050000000000000 coll=0 r=00000
t003 p=[4011333333333333 4050000000000000 40117e0c4490c14a] v=[0000000000000000 0000000000000000 bfbb7d8d6a079a1b] g=1 pose=0 hp=4034000000000000 fd=0000000000000000 fpy=4050000000000000 coll=0 r=00000
t004 p=[4011333333333333 4050000000000000 4011333333333333] v=[0000000000000000 0000000000000000 0000000000000000] g=1 pose=0 hp=4034000000000000 fd=0000000000000000 fpy=4050000000000000 coll=1 r=00100
t005 p=[4011333333333333 4050000000000000 4011333333333333] v=[0000000000000000 0000000000000000 0000000000000000] g=1 pose=0 hp=4034000000000000 fd=0000000000000000 fpy=4050000000000000 coll=1 r=00100
t006 p=[4011333333333333 4050000000000000 4011333333333333] v=[0000000000000000 0000000000000000 0000000000000000] g=1 pose=0 hp=4034000000000000 fd=0000000000000000 fpy=4050000000000000 coll=1 r=00100
t007 p=[4011333333333333 4050000000000000 4011333333333333] v=[0000000000000000 0000000000000000 0000000000000000] g=1 pose=0 hp=4034000000000000 fd=0000000000000000 fpy=4050000000000000 coll=1 r=00100
t008 p=[4011333333333333 4050000000000000 4011333333333333] v=[0000000000000000 0000000000000000 0000000000000000] g=1 pose=0 hp=4034000000000000 fd=0000000000000000 fpy=4050000000000000 coll=1 r=00100
t009 p=[4011333333333333 4050000000000000 4011333333333333] v=[0000000000000000 0000000000000000 0000000000000000] g=1 pose=0 hp=4034000000000000 fd=0000000000000000 fpy=4050000000000000 coll=1 r=00100
t010 p=[4011333333333333 4050000000000000 4011333333333333] v=[0000000000000000 0000000000000000 0000000000000000] g=1 pose=0 hp=4034000000000000 fd=0000000000000000 fpy=4050000000000000 coll=1 r=00100
t011 p=[4011333333333333 4050000000000000 4011333333333333] v=[0000000000000000 0000000000000000 0000000000000000] g=1 pose=0 hp=4034000000000000 fd=0000000000000000 fpy=4050000000000000 coll=1 r=00100
t012 p=[4011333333333333 4050000000000000 4011333333333333] v=[0000000000000000 0000000000000000 0000000000000000] g=1 pose=0 hp=4034000000000000 fd=0000000000000000 fpy=4050000000000000 coll=1 r=00100
t013 p=[4011333333333333 4050000000000000 4011333333333333] v=[0000000000000000 0000000000000000 0000000000000000] g=1 pose=0 hp=4034000000000000 fd=0000000000000000 fpy=4050000000000000 coll=1 r=00100
t014 p=[4011333333333333 4050000000000000 4011333333333333] v=[0000000000000000 0000000000000000 0000000000000000] g=1 pose=0 hp=4034000000000000 fd=0000000000000000 fpy=4050000000000000 coll=1 r=00100
t015 p=[4011333333333333 4050000000000000 4011333333333333] v=[0000000000000000 0000000000000000 0000000000000000] g=1 pose=0 hp=4034000000000000 fd=0000000000000000 fpy=4050000000000000 coll=1 r=00100
t016 p=[4011333333333333 4050000000000000 4011333333333333] v=[0000000000000000 0000000000000000 0000000000000000] g=1 pose=0 hp=4034000000000000 fd=0000000000000000 fpy=4050000000000000 coll=1 r=00100
t017 p=[4011333333333333 4050000000000000 4011333333333333] v=[0000000000000000 0000000000000000 0000000000000000] g=1 pose=0 hp=4034000000000000 fd=0000000000000000 fpy=4050000000000000 coll=1 r=00100
t018 p=[4011333333333333 4050000000000000 4011333333333333] v=[0000000000000000 0000000000000000 0000000000000000] g=1 pose=0 hp=4034000000000000 fd=0000000000000000 fpy=4050000000000000 coll=1 r=00100
t019 p=[4011333333333333 4050000000000000 4011333333333333] v=[0000000000000000 0000000000000000 0000000000000000] g=1 pose=0 hp=4034000000000000 fd=0000000000000000 fpy=4050000000000000 coll=1 r=00100
t020 p=[4011333333333333 4050000000000000 4011333333333333] v=[0000000000000000 0000000000000000 0000000000000000] g=1 pose=0 hp=4034000000000000 fd=0000000000000000 fpy=4050000000000000 coll=1 r=00100
t021 p=[4011333333333333 4050000000000000 4011333333333333] v=[0000000000000000 0000000000000000 0000000000000000] g=1 pose=0 hp=4034000000000000 fd=0000000000000000 fpy=4050000000000000 coll=1 r=00100
t022 p=[4011333333333333 4050000000000000 4011333333333333] v=[0000000000000000 0000000000000000 0000000000000000] g=1 pose=0 hp=4034000000000000 fd=0000000000000000 fpy=4050000000000000 coll=1 r=00100
t023 p=[4011333333333333 4050000000000000 4011333333333333] v=[0000000000000000 0000000000000000 0000000000000000] g=1 pose=0 hp=4034000000000000 fd=0000000000000000 fpy=4050000000000000 coll=1 r=00100
t024 p=[4011333333333333 4050000000000000 4011333333333333] v=[0000000000000000 0000000000000000 0000000000000000] g=1 pose=0 hp=4034000000000000 fd=0000000000000000 fpy=4050000000000000 coll=1 r=00100
t025 p=[4011333333333333 4050000000000000 4011333333333333] v=[0000000000000000 0000000000000000 0000000000000000] g=1 pose=0 hp=4034000000000000 fd=0000000000000000 fpy=4050000000000000 coll=1 r=00100
t026 p=[4011333333333333 4050000000000000 4011333333333333] v=[0000000000000000 0000000000000000 0000000000000000] g=1 pose=0 hp=4034000000000000 fd=0000000000000000 fpy=4050000000000000 coll=1 r=00100
t027 p=[4011333333333333 4050000000000000 4011333333333333] v=[0000000000000000 0000000000000000 0000000000000000] g=1 pose=0 hp=4034000000000000 fd=0000000000000000 fpy=4050000000000000 coll=1 r=00100
t028 p=[4011333333333333 4050000000000000 4011333333333333] v=[0000000000000000 0000000000000000 0000000000000000] g=1 pose=0 hp=4034000000000000 fd=0000000000000000 fpy=4050000000000000 coll=1 r=00100
t029 p=[4011333333333333 4050000000000000 4011333333333333] v=[0000000000000000 0000000000000000 0000000000000000] g=1 pose=0 hp=4034000000000000 fd=0000000000000000 fpy=4050000000000000 coll=1 r=00100
t030 p=[4011333333333333 4050000000000000 4011333333333333] v=[0000000000000000 0000000000000000 0000000000000000] g=1 pose=0 hp=4034000000000000 fd=0000000000000000 fpy=4050000000000000 coll=1 r=00100
t031 p=[4011333333333333 4050000000000000 4011333333333333] v=[0000000000000000 0000000000000000 0000000000000000] g=1 pose=0 hp=4034000000000000 fd=0000000000000000 fpy=4050000000000000 coll=1 r=00100
t032 p=[4011333333333333 4050000000000000 4011333333333333] v=[0000000000000000 0000000000000000 0000000000000000] g=1 pose=0 hp=4034000000000000 fd=0000000000000000 fpy=4050000000000000 coll=1 r=00100
t033 p=[4011333333333333 4050000000000000 4011333333333333] v=[0000000000000000 0000000000000000 0000000000000000] g=1 pose=0 hp=4034000000000000 fd=0000000000000000 fpy=4050000000000000 coll=1 r=00100
t034 p=[4011333333333333 4050000000000000 4011333333333333] v=[0000000000000000 0000000000000000 0000000000000000] g=1 pose=0 hp=4034000000000000 fd=0000000000000000 fpy=4050000000000000 coll=1 r=00100
t035 p=[4011333333333333 4050000000000000 4011333333333333] v=[0000000000000000 0000000000000000 0000000000000000] g=1 pose=0 hp=4034000000000000 fd=0000000000000000 fpy=4050000000000000 coll=1 r=00100
t036 p=[4011333333333333 4050000000000000 4011333333333333] v=[0000000000000000 0000000000000000 0000000000000000] g=1 pose=0 hp=4034000000000000 fd=0000000000000000 fpy=4050000000000000 coll=1 r=00100
t037 p=[4011333333333333 4050000000000000 4011333333333333] v=[0000000000000000 0000000000000000 0000000000000000] g=1 pose=0 hp=4034000000000000 fd=0000000000000000 fpy=4050000000000000 coll=1 r=00100
t038 p=[4011333333333333 4050000000000000 4011333333333333] v=[0000000000000000 0000000000000000 0000000000000000] g=1 pose=0 hp=4034000000000000 fd=0000000000000000 fpy=4050000000000000 coll=1 r=00100
t039 p=[4011333333333333 4050000000000000 4011333333333333] v=[0000000000000000 0000000000000000 0000000000000000] g=1 pose=0 hp=4034000000000000 fd=0000000000000000 fpy=4050000000000000 coll=1 r=00100
t040 p=[4011333333333333 4050000000000000 4011333333333333] v=[0000000000000000 0000000000000000 0000000000000000] g=1 pose=0 hp=4034000000000000 fd=0000000000000000 fpy=4050000000000000 coll=1 r=00100
t041 p=[4011333333333333 4050000000000000 4011333333333333] v=[0000000000000000 0000000000000000 0000000000000000] g=1 pose=0 hp=4034000000000000 fd=0000000000000000 fpy=4050000000000000 coll=1 r=00100
t042 p=[4011333333333333 4050000000000000 4011333333333333] v=[0000000000000000 0000000000000000 0000000000000000] g=1 pose=0 hp=4034000000000000 fd=0000000000000000 fpy=4050000000000000 coll=1 r=00100
t043 p=[4011333333333333 4050000000000000 4011333333333333] v=[0000000000000000 0000000000000000 0000000000000000] g=1 pose=0 hp=4034000000000000 fd=0000000000000000 fpy=4050000000000000 coll=1 r=00100
t044 p=[4011333333333333 4050000000000000 4011333333333333] v=[0000000000000000 0000000000000000 0000000000000000] g=1 pose=0 hp=4034000000000000 fd=0000000000000000 fpy=4050000000000000 coll=1 r=00100
t045 p=[4011333333333333 4050000000000000 4011333333333333] v=[0000000000000000 0000000000000000 0000000000000000] g=1 pose=0 hp=4034000000000000 fd=0000000000000000 fpy=4050000000000000 coll=1 r=00100
t046 p=[4011333333333333 4050000000000000 4011333333333333] v=[0000000000000000 0000000000000000 0000000000000000] g=1 pose=0 hp=4034000000000000 fd=0000000000000000 fpy=4050000000000000 coll=1 r=00100
t047 p=[4011333333333333 4050000000000000 4011333333333333] v=[0000000000000000 0000000000000000 0000000000000000] g=1 pose=0 hp=4034000000000000 fd=0000000000000000 fpy=4050000000000000 coll=1 r=00100
t048 p=[4011333333333333 4050000000000000 4011333333333333] v=[0000000000000000 0000000000000000 0000000000000000] g=1 pose=0 hp=4034000000000000 fd=0000000000000000 fpy=4050000000000000 coll=1 r=00100
t049 p=[4011333333333333 4050000000000000 4011333333333333] v=[0000000000000000 0000000000000000 0000000000000000] g=1 pose=0 hp=4034000000000000 fd=0000000000000000 fpy=4050000000000000 coll=1 r=00100
t050 p=[4011333333333333 4050000000000000 4011333333333333] v=[0000000000000000 0000000000000000 0000000000000000] g=1 pose=0 hp=4034000000000000 fd=0000000000000000 fpy=4050000000000000 coll=1 r=00100
t051 p=[4011333333333333 4050000000000000 4011333333333333] v=[0000000000000000 0000000000000000 0000000000000000] g=1 pose=0 hp=4034000000000000 fd=0000000000000000 fpy=4050000000000000 coll=1 r=00100
t052 p=[4011333333333333 4050000000000000 4011333333333333] v=[0000000000000000 0000000000000000 0000000000000000] g=1 pose=0 hp=4034000000000000 fd=0000000000000000 fpy=4050000000000000 coll=1 r=00100
t053 p=[4011333333333333 4050000000000000 4011333333333333] v=[0000000000000000 0000000000000000 0000000000000000] g=1 pose=0 hp=4034000000000000 fd=0000000000000000 fpy=4050000000000000 coll=1 r=00100
t054 p=[4011333333333333 4050000000000000 4011333333333333] v=[0000000000000000 0000000000000000 0000000000000000] g=1 pose=0 hp=4034000000000000 fd=0000000000000000 fpy=4050000000000000 coll=1 r=00100
t055 p=[4011333333333333 4050000000000000 4011333333333333] v=[0000000000000000 0000000000000000 0000000000000000] g=1 pose=0 hp=4034000000000000 fd=0000000000000000 fpy=4050000000000000 coll=1 r=00100
t056 p=[4011333333333333 4050000000000000 4011333333333333] v=[0000000000000000 0000000000000000 0000000000000000] g=1 pose=0 hp=4034000000000000 fd=0000000000000000 fpy=4050000000000000 coll=1 r=00100
t057 p=[4011333333333333 4050000000000000 4011333333333333] v=[0000000000000000 0000000000000000 0000000000000000] g=1 pose=0 hp=4034000000000000 fd=0000000000000000 fpy=4050000000000000 coll=1 r=00100
t058 p=[4011333333333333 4050000000000000 4011333333333333] v=[0000000000000000 0000000000000000 0000000000000000] g=1 pose=0 hp=4034000000000000 fd=0000000000000000 fpy=4050000000000000 coll=1 r=00100
t059 p=[4011333333333333 4050000000000000 4011333333333333] v=[0000000000000000 0000000000000000 0000000000000000] g=1 pose=0 hp=4034000000000000 fd=0000000000000000 fpy=4050000000000000 coll=1 r=00100
   end g=1 pose=0 hp=4034000000000000
-- player case step assist 0.5 --
t000 p=[3ff8000000000000 4050000000000000 c008c8b439581062] v=[0000000000000000 0000000000000000 bfab65668c261391] g=1 pose=0 hp=4034000000000000 fd=0000000000000000 fpy=4050000000000000 coll=0 r=00000
t001 p=[3ff8000000000000 4050000000000000 c009fefe0ce0b913] v=[0000000000000000 0000000000000000 bfb52d5bd02ccb07] g=1 pose=0 hp=4034000000000000 fd=0000000000000000 fpy=4050000000000000 coll=0 r=00000
t002 p=[3ff8000000000000 4050000000000000 c00b711d24ba2fce] v=[0000000000000000 0000000000000000 bfb942c31987a7bd] g=1 pose=0 hp=4034000000000000 fd=0000000000000000 fpy=4050000000000000 coll=0 r=00000
t003 p=[3ff8000000000000 4050000000000000 c00d03e776de7d6e] v=[0000000000000000 0000000000000000 bfbb7d8d6a079a1b] g=1 pose=0 hp=4034000000000000 fd=0000000000000000 fpy=4050000000000000 coll=0 r=00000
t004 p=[3ff8000000000000 4050000000000000 c00ea8881b86caa1] v=[0000000000000000 0000000000000000 bfbcb53432a792a9] g=1 pose=0 hp=4034000000000000 fd=0000000000000000 fpy=4050000000000000 coll=0 r=00000
t005 p=[3ff8000000000000 4050000000000000 c0102b72fb3a0bcc] v=[0000000000000000 0000000000000000 bfbd5f5d99071be9] g=1 pose=0 hp=4034000000000000 fd=0000000000000000 fpy=4050000000000000 coll=0 r=00000
t006 p=[3ff8000000000000 4050000000000000 c011054a8e4a306d] v=[0000000000000000 0000000000000000 bfbdbc461f427094] g=1 pose=0 hp=4034000000000000 fd=0000000000000000 fpy=4050000000000000 coll=0 r=00000
t007 p=[3ff8000000000000 4050000000000000 c011e095c3734260] v=[0000000000000000 0000000000000000 bfbdef0078ef1f51] g=1 pose=0 hp=4034000000000000 fd=0000000000000000 fpy=4050000000000000 coll=0 r=00000
t008 p=[3ff8000000000000 4050000000000000 c012bcabe203070e] v=[0000000000000000 0000000000000000 bfbe0ab30508497a] g=1 pose=0 hp=4034000000000000 fd=0000000000000000 fpy=4050000000000000 coll=0 r=00000
t009 p=[3ff8000000000000 4050200000000000 c0139930cac33065] v=[0000000000000000 0000000000000000 bfbe19d2755db4f9] g=1 pose=0 hp=4034000000000000 fd=0000000000000000 fpy=4050200000000000 coll=0 r=00001
t010 p=[3ff8000000000000 4050200000000000 c01475f23144af6a] v=[0000000000000000 0000000000000000 bfbe22144398a25c] g=1 pose=0 hp=4034000000000000 fd=0000000000000000 fpy=4050200000000000 coll=0 r=00000
t011 p=[3ff8000000000000 4050200000000000 c01552d49eff1a25] v=[0000000000000000 0000000000000000 bfbe269666e2cae1] g=1 pose=0 hp=4034000000000000 fd=0000000000000000 fpy=4050200000000000 coll=0 r=00000
t012 p=[3ff8000000000000 4050200000000000 c0162fc91546ad82] v=[0000000000000000 0000000000000000 bfbe290c8fa87789] g=1 pose=0 hp=4034000000000000 fd=0000000000000000 fpy=4050200000000000 coll=0 r=00000
t013 p=[3ff8000000000000 4050200000000000 c0170cc764315791] v=[0000000000000000 0000000000000000 bfbe2a64a0ccb799] g=1 pose=0 hp=4034000000000000 fd=0000000000000000 fpy=4050200000000000 coll=0 r=00000
t014 p=[3ff8000000000000 4050200000000000 c017e9cb136092a1] v=[0000000000000000 0000000000000000 bfbe2b207d1a5da6] g=1 pose=0 hp=4034000000000000 fd=0000000000000000 fpy=4050200000000000 coll=0 r=00000
t015 p=[3ff8000000000000 4050200000000000 c018c6d1b2010449] v=[0000000000000000 0000000000000000 bfbe2b870f80276a] g=1 pose=0 hp=4034000000000000 fd=0000000000000000 fpy=4050200000000000 coll=0 r=00000
t016 p=[3ff8000000000000 4050200000000000 c019a3d9eaeb0d18] v=[0000000000000000 0000000000000000 bfbe2bbf1095f033] g=1 pose=0 hp=4034000000000000 fd=0000000000000000 fpy=4050200000000000 coll=0 r=00000
t017 p=[3ff8000000000000 4050200000000000 c01a309aece9667c] v=[0000000000000000 bfb41205bc01a36e bfc002c12fcfeda4] g=0 pose=0 hp=4034000000000000 fd=0000000000000000 fpy=4050200000000000 coll=0 r=00000
t018 p=[3ff8000000000000 40501afb7e90ff97 c01ac4c2fc23e78d] v=[0000000000000000 bfc3dea465a57646 bfc0da51179d66af] g=0 pose=0 hp=4034000000000000 fd=3fb41205bc01a400 fpy=4050200000000000 coll=0 r=00000
t019 p=[3ff8000000000000 4050110c2c5e2cdc c01b5fa78a9cd466] v=[0000000000000000 bfcd81eba8044081 bfc19e7a723c38ac] g=0 pose=0 hp=4034000000000000 fd=3fcde7a743a64800 fpy=4050200000000000 coll=0 r=00000
t020 p=[3ff8000000000000 4050024b368a2abc c01c00ad63eab7cf] v=[0000000000000000 bfd379ed39a65543 bfc250fc3d05115d] g=0 pose=0 hp=4034000000000000 fd=3fddb4c975d54400 fpy=4050200000000000 coll=0 r=00000
t021 p=[3ff8000000000000 4050000000000000 c01ca7474b8ee1fd] v=[0000000000000000 0000000000000000 bfc2f36d3aac7a64] g=1 pose=0 hp=4034000000000000 fd=0000000000000000 fpy=4050000000000000 coll=0 r=01010
t022 p=[3ff8000000000000 4050000000000000 c01da33cd2104e01] v=[0000000000000000 0000000000000000 bfc1323aa6e9bd7a] g=1 pose=0 hp=4034000000000000 fd=0000000000000000 fpy=4050000000000000 coll=0 r=00000
t023 p=[3ff8000000000000 4050000000000000 c01e9128c3f3a41e] v=[0000000000000000 0000000000000000 bfc03cf79ce446f8] g=1 pose=0 hp=4034000000000000 fd=0000000000000000 fpy=4050000000000000 coll=0 r=00000
t024 p=[3ff8000000000000 4050000000000000 c01f776a9d86ce87] v=[0000000000000000 0000000000000000 bfbf6e1bc76a8663] g=1 pose=0 hp=4034000000000000 fd=0000000000000000 fpy=4050000000000000 coll=0 r=00000
t025 p=[3ff8000000000000 4050000000000000 c0202cbe94a84069] v=[0000000000000000 0000000000000000 bfbedbe023156491] g=1 pose=0 hp=4034000000000000 fd=0000000000000000 fpy=4050000000000000 coll=0 r=00000
t026 p=[3ff8000000000000 4050000000000000 c0209ca363446f4b] v=[0000000000000000 0000000000000000 bfbe8c0846cc4966] g=1 pose=0 hp=4034000000000000 fd=0000000000000000 fpy=4050000000000000 coll=0 r=00000
t027 p=[3ff8000000000000 4050000000000000 c0210be882280bf6] v=[0000000000000000 0000000000000000 bfbe60701cdbaab1] g=1 pose=0 hp=4034000000000000 fd=0000000000000000 fpy=4050000000000000 coll=0 r=00000
t028 p=[3ff8000000000000 4050000000000000 c0217ad670b7c764] v=[0000000000000000 0000000000000000 bfbe48a2a9cc8325] g=1 pose=0 hp=4034000000000000 fd=0000000000000000 fpy=4050000000000000 coll=0 r=00000
t029 p=[3ff8000000000000 4050000000000000 c021e994c4616483] v=[0000000000000000 0000000000000000 bfbe3ba3a3cefd6c] g=1 pose=0 hp=4034000000000000 fd=0000000000000000 fpy=4050000000000000 coll=0 r=00000
t030 p=[3ff8000000000000 4050000000000000 c022583919ff0696] v=[0000000000000000 0000000000000000 bfbe348b15c92cbb] g=1 pose=0 hp=4034000000000000 fd=0000000000000000 fpy=4050000000000000 coll=0 r=00000
t031 p=[3ff8000000000000 4050000000000000 c022c6cf3e809d08] v=[0000000000000000 0000000000000000 bfbe30ab3f0682f9] g=1 pose=0 hp=4034000000000000 fd=0000000000000000 fpy=4050000000000000 coll=0 r=00000
t032 p=[3ff8000000000000 4050000000000000 c023355da354ae27] v=[0000000000000000 0000000000000000 bfbe2e8db3c010c9] g=1 pose=0 hp=4034000000000000 fd=0000000000000000 fpy=4050000000000000 coll=0 r=00000
t033 p=[3ff8000000000000 4050000000000000 c023a3e7cd123261] v=[0000000000000000 0000000000000000 bfbe2d6604e3d78f] g=1 pose=0 hp=4034000000000000 fd=0000000000000000 fpy=4050000000000000 coll=0 r=00000
t034 p=[3ff8000000000000 4050000000000000 c024126fa771fe29] v=[0000000000000000 0000000000000000 bfbe2cc4937f0e53] g=1 pose=0 hp=4034000000000000 fd=0000000000000000 fpy=4050000000000000 coll=0 r=00000
t035 p=[3ff8000000000000 4050000000000000 c02480f63eef005e] v=[0000000000000000 0000000000000000 bfbe2c6c6da5b907] g=1 pose=0 hp=4034000000000000 fd=0000000000000000 fpy=4050000000000000 coll=0 r=00000
t036 p=[3ff8000000000000 4050000000000000 c024ef7c26204fe9] v=[0000000000000000 0000000000000000 bfbe2c3c4cb19e6c] g=1 pose=0 hp=4034000000000000 fd=0000000000000000 fpy=4050000000000000 coll=0 r=00000
t037 p=[3ff8000000000000 4050000000000000 c0255e01ad0fb73e] v=[0000000000000000 0000000000000000 bfbe2c22057404a2] g=1 pose=0 hp=4034000000000000 fd=0000000000000000 fpy=4050000000000000 coll=0 r=00000
t038 p=[3ff8000000000000 4050000000000000 c025cc86ff70a360] v=[0000000000000000 0000000000000000 bfbe2c13ac613b6b] g=1 pose=0 hp=4034000000000000 fd=0000000000000000 fpy=4050000000000000 coll=0 r=00000
t039 p=[3ff8000000000000 4050000000000000 c0263b0c351f69ef] v=[0000000000000000 0000000000000000 bfbe2c0bd6e1ba19] g=1 pose=0 hp=4034000000000000 fd=0000000000000000 fpy=4050000000000000 coll=0 r=00000
t040 p=[3ff8000000000000 4050000000000000 c026a9915b23317c] v=[0000000000000000 0000000000000000 bfbe2c078fe13aa9] g=1 pose=0 hp=4034000000000000 fd=0000000000000000 fpy=4050000000000000 coll=0 r=00000
t041 p=[3ff8000000000000 4050000000000000 c02718167898f80a] v=[0000000000000000 0000000000000000 bfbe2c053a023cc2] g=1 pose=0 hp=4034000000000000 fd=0000000000000000 fpy=4050000000000000 coll=0 r=00000
t042 p=[3ff8000000000000 4050000000000000 c027869b9163009c] v=[0000000000000000 0000000000000000 bfbe2c03f3923639] g=1 pose=0 hp=4034000000000000 fd=0000000000000000 fpy=4050000000000000 coll=0 r=00000
t043 p=[3ff8000000000000 4050000000000000 c027f520a7a02921] v=[0000000000000000 0000000000000000 bfbe2c03415611e3] g=1 pose=0 hp=4034000000000000 fd=0000000000000000 fpy=4050000000000000 coll=0 r=00000
t044 p=[3ff8000000000000 4050000000000000 c02863a5bc78d95d] v=[0000000000000000 0000000000000000 bfbe2c02e0051ab7] g=1 pose=0 hp=4034000000000000 fd=0000000000000000 fpy=4050000000000000 coll=0 r=00000
t045 p=[3ff8000000000000 4050000000000000 c028d22ad08ee7ab] v=[0000000000000000 0000000000000000 bfbe2c02aae2a00c] g=1 pose=0 hp=4034000000000000 fd=0000000000000000 fpy=4050000000000000 coll=0 r=00000
t046 p=[3ff8000000000000 4050000000000000 c02940afe43ab104] v=[0000000000000000 0000000000000000 bfbe2c028ddfabec] g=1 pose=0 hp=4034000000000000 fd=0000000000000000 fpy=4050000000000000 coll=0 r=00000
t047 p=[3ff8000000000000 4050000000000000 c029af34f7ac7474] v=[0000000000000000 0000000000000000 bfbe2c027e088e0e] g=1 pose=0 hp=4034000000000000 fd=0000000000000000 fpy=4050000000000000 coll=0 r=00000
t048 p=[3ff8000000000000 4050000000000000 c02a1dba0afe89a9] v=[0000000000000000 0000000000000000 bfbe2c0275627611] g=1 pose=0 hp=4034000000000000 fd=0000000000000000 fpy=4050000000000000 coll=0 r=00000
t049 p=[3ff8000000000000 4050000000000000 c02a8c3f1e3f52ae] v=[0000000000000000 0000000000000000 bfbe2c0270a990e8] g=1 pose=0 hp=4034000000000000 fd=0000000000000000 fpy=4050000000000000 coll=0 r=00000
t050 p=[3ff8000000000000 4050000000000000 c02afac43176a9e8] v=[0000000000000000 0000000000000000 bfbe2c026e158260] g=1 pose=0 hp=4034000000000000 fd=0000000000000000 fpy=4050000000000000 coll=0 r=00000
t051 p=[3ff8000000000000 4050000000000000 c02b694944a8d905] v=[0000000000000000 0000000000000000 bfbe2c026cad1e48] g=1 pose=0 hp=4034000000000000 fd=0000000000000000 fpy=4050000000000000 coll=0 r=00000
t052 p=[3ff8000000000000 4050000000000000 c02bd7ce57d8375a] v=[0000000000000000 0000000000000000 bfbe2c026be85845] g=1 pose=0 hp=4034000000000000 fd=0000000000000000 fpy=4050000000000000 coll=0 r=00000
t053 p=[3ff8000000000000 4050000000000000 c02c46536b060c23] v=[0000000000000000 0000000000000000 bfbe2c026b7ce810] g=1 pose=0 hp=4034000000000000 fd=0000000000000000 fpy=4050000000000000 coll=0 r=00000
t054 p=[3ff8000000000000 4050000000000000 c02cb4d87e330a0c] v=[0000000000000000 0000000000000000 bfbe2c026b423ec3] g=1 pose=0 hp=4034000000000000 fd=0000000000000000 fpy=4050000000000000 coll=0 r=00000
t055 p=[3ff8000000000000 4050000000000000 c02d235d915f92a2] v=[0000000000000000 0000000000000000 bfbe2c026b223750] g=1 pose=0 hp=4034000000000000 fd=0000000000000000 fpy=4050000000000000 coll=0 r=00000
t056 p=[3ff8000000000000 4050000000000000 c02d91e2a48bdb29] v=[0000000000000000 0000000000000000 bfbe2c026b10ba6b] g=1 pose=0 hp=4034000000000000 fd=0000000000000000 fpy=4050000000000000 coll=0 r=00000
t057 p=[3ff8000000000000 4050000000000000 c02e0067b7b800b6] v=[0000000000000000 0000000000000000 bfbe2c026b072e08] g=1 pose=0 hp=4034000000000000 fd=0000000000000000 fpy=4050000000000000 coll=0 r=00000
t058 p=[3ff8000000000000 4050000000000000 c02e6eeccae4132b] v=[0000000000000000 0000000000000000 bfbe2c026b01f766] g=1 pose=0 hp=4034000000000000 fd=0000000000000000 fpy=4050000000000000 coll=0 r=00000
t059 p=[3ff8000000000000 4050000000000000 c02edd71de101b32] v=[0000000000000000 0000000000000000 bfbe2c026aff1eb0] g=1 pose=0 hp=4034000000000000 fd=0000000000000000 fpy=4050000000000000 coll=0 r=00000
t060 p=[3ff8000000000000 4050000000000000 c02f4bf6f13c1d88] v=[0000000000000000 0000000000000000 bfbe2c026afd90d0] g=1 pose=0 hp=4034000000000000 fd=0000000000000000 fpy=4050000000000000 coll=0 r=00000
t061 p=[3ff8000000000000 4050000000000000 c02fba7c04681cc2] v=[0000000000000000 0000000000000000 bfbe2c026afcb792] g=1 pose=0 hp=4034000000000000 fd=0000000000000000 fpy=4050000000000000 coll=0 r=00000
t062 p=[3ff8000000000000 4050000000000000 c03014808bca0d25] v=[0000000000000000 0000000000000000 bfbe2c026afc40f5] g=1 pose=0 hp=4034000000000000 fd=0000000000000000 fpy=4050000000000000 coll=0 r=00000
t063 p=[3ff8000000000000 4050000000000000 c0304bc315600b72] v=[0000000000000000 0000000000000000 bfbe2c026afc0032] g=1 pose=0 hp=4034000000000000 fd=0000000000000000 fpy=4050000000000000 coll=0 r=00000
t064 p=[3ff8000000000000 4050000000000000 c03083059ef6097e] v=[0000000000000000 0000000000000000 bfbe2c026afbdcd6] g=1 pose=0 hp=4034000000000000 fd=0000000000000000 fpy=4050000000000000 coll=0 r=00000
t065 p=[3ff8000000000000 4050000000000000 c030ba48288c0767] v=[0000000000000000 0000000000000000 bfbe2c026afbc987] g=1 pose=0 hp=4034000000000000 fd=0000000000000000 fpy=4050000000000000 coll=0 r=00000
t066 p=[3ff8000000000000 4050000000000000 c030f18ab222053d] v=[0000000000000000 0000000000000000 bfbe2c026afbbefc] g=1 pose=0 hp=4034000000000000 fd=0000000000000000 fpy=4050000000000000 coll=0 r=00000
t067 p=[3ff8000000000000 4050000000000000 c03128cd3bb80308] v=[0000000000000000 0000000000000000 bfbe2c026afbb93b] g=1 pose=0 hp=4034000000000000 fd=0000000000000000 fpy=4050000000000000 coll=0 r=00000
t068 p=[3ff8000000000000 4050000000000000 c031600fc54e00ce] v=[0000000000000000 0000000000000000 bfbe2c026afbb616] g=1 pose=0 hp=4034000000000000 fd=0000000000000000 fpy=4050000000000000 coll=0 r=00000
t069 p=[3ff8000000000000 4050000000000000 c03197524ee3fe90] v=[0000000000000000 0000000000000000 bfbe2c026afbb45f] g=1 pose=0 hp=4034000000000000 fd=0000000000000000 fpy=4050000000000000 coll=0 r=00000
t070 p=[3ff8000000000000 4050000000000000 c031ce94d879fc51] v=[0000000000000000 0000000000000000 bfbe2c026afbb36f] g=1 pose=0 hp=4034000000000000 fd=0000000000000000 fpy=4050000000000000 coll=0 r=00000
t071 p=[3ff8000000000000 4050000000000000 c03205d7620ffa11] v=[0000000000000000 0000000000000000 bfbe2c026afbb2ec] g=1 pose=0 hp=4034000000000000 fd=0000000000000000 fpy=4050000000000000 coll=0 r=00000
t072 p=[3ff8000000000000 4050000000000000 c0323d19eba5f7d0] v=[0000000000000000 0000000000000000 bfbe2c026afbb2a5] g=1 pose=0 hp=4034000000000000 fd=0000000000000000 fpy=4050000000000000 coll=0 r=00000
t073 p=[3ff8000000000000 4050000000000000 c032745c753bf58f] v=[0000000000000000 0000000000000000 bfbe2c026afbb27f] g=1 pose=0 hp=4034000000000000 fd=0000000000000000 fpy=4050000000000000 coll=0 r=00000
t074 p=[3ff8000000000000 4050000000000000 c032ab9efed1f34e] v=[0000000000000000 0000000000000000 bfbe2c026afbb269] g=1 pose=0 hp=4034000000000000 fd=0000000000000000 fpy=4050000000000000 coll=0 r=00000
t075 p=[3ff8000000000000 4050000000000000 c032e2e18867f10d] v=[0000000000000000 0000000000000000 bfbe2c026afbb25e] g=1 pose=0 hp=4034000000000000 fd=0000000000000000 fpy=4050000000000000 coll=0 r=00000
t076 p=[3ff8000000000000 4050000000000000 c0331a2411fdeecc] v=[0000000000000000 0000000000000000 bfbe2c026afbb257] g=1 pose=0 hp=4034000000000000 fd=0000000000000000 fpy=4050000000000000 coll=0 r=00000
t077 p=[3ff8000000000000 4050000000000000 c03351669b93ec8b] v=[0000000000000000 0000000000000000 bfbe2c026afbb253] g=1 pose=0 hp=4034000000000000 fd=0000000000000000 fpy=4050000000000000 coll=0 r=00000
t078 p=[3ff8000000000000 4050000000000000 c03388a92529ea4a] v=[0000000000000000 0000000000000000 bfbe2c026afbb251] g=1 pose=0 hp=4034000000000000 fd=0000000000000000 fpy=4050000000000000 coll=0 r=00000
t079 p=[3ff8000000000000 4050000000000000 c033bfebaebfe809] v=[0000000000000000 0000000000000000 bfbe2c026afbb251] g=1 pose=0 hp=4034000000000000 fd=0000000000000000 fpy=4050000000000000 coll=0 r=00000
t080 p=[3ff8000000000000 4050000000000000 c033f72e3855e5c8] v=[0000000000000000 0000000000000000 bfbe2c026afbb251] g=1 pose=0 hp=4034000000000000 fd=0000000000000000 fpy=4050000000000000 coll=0 r=00000
t081 p=[3ff8000000000000 4050000000000000 c0342e70c1ebe387] v=[0000000000000000 0000000000000000 bfbe2c026afbb251] g=1 pose=0 hp=4034000000000000 fd=0000000000000000 fpy=4050000000000000 coll=0 r=00000
t082 p=[3ff8000000000000 4050000000000000 c03465b34b81e146] v=[0000000000000000 0000000000000000 bfbe2c026afbb251] g=1 pose=0 hp=4034000000000000 fd=0000000000000000 fpy=4050000000000000 coll=0 r=00000
t083 p=[3ff8000000000000 4050000000000000 c03488e3cf5bdd61] v=[0000000000000000 bfb41205bc01a36e bfc002dfd51a6367] g=0 pose=0 hp=4034000000000000 fd=0000000000000000 fpy=4050000000000000 coll=0 r=00000
t084 p=[3ff8000000000000 404ff5f6fd21ff2e c034adee10751291] v=[0000000000000000 bfc3dea465a57646 bfc0da6cfad45c16] g=0 pose=0 hp=4034000000000000 fd=3fb41205bc01a400 fpy=4050000000000000 coll=0 r=00000
t085 p=[3ff8000000000000 404fe21858bc59b8 c034d4a76bd9bbb2] v=[0000000000000000 bfcd81eba8044081 bfc19e93d2ebac78] g=0 pose=0 hp=4034000000000000 fd=3fcde7a743a64800 fpy=4050000000000000 coll=0 r=00000
t086 p=[3ff8000000000000 404fc4966d145577 c034fce914ee9374] v=[0000000000000000 bfd379ed39a65543 bfc251135500e3b3] g=0 pose=0 hp=4034000000000000 fd=3fddb4c975d54480 fpy=4050000000000000 coll=0 r=00000
t087 p=[3ff8000000000000 404f9da292a108cc c035268fbd0795a4] v=[0000000000000000 bfd81ab6b6dbbc6a bfc2f3823e94321e] g=0 pose=0 hp=4034000000000000 fd=3fe8975b57bdcd00 fpy=4050000000000000 coll=0 r=00000
t088 p=[3ff8000000000000 404f6d6d25335153 c035517b42f3be71] v=[0000000000000000 bfdca3ce17f6788b bfc38752b1da3e99] g=0 pose=0 hp=4034000000000000 fd=3ff2525b5995d5a0 fpy=4050000000000000 coll=0 r=00000
t089 p=[3ff8000000000000 404f342589036462 c0357d8e69c67357] v=[0000000000000000 bfe08ad657b8f9bc bfc40dd58126c9f5] g=0 pose=0 hp=4034000000000000 fd=3ff97b4edf9373c0 fpy=4050000000000000 coll=0 r=00000
   end g=0 pose=0 hp=4034000000000000
-- player case land on 0.25 slab --
t000 p=[400c000000000000 4051000000000000 c016000000000000] v=[0000000000000000 bfb41205bc01a36e 0000000000000000] g=0 pose=0 hp=4034000000000000 fd=0000000000000000 fpy=4051000000000000 coll=0 r=00000
t001 p=[400c000000000000 4050fafb7e90ff97 c016000000000000] v=[0000000000000000 bfc3dea465a57646 0000000000000000] g=0 pose=0 hp=4034000000000000 fd=3fb41205bc01a400 fpy=4051000000000000 coll=0 r=00000
t002 p=[400c000000000000 4050f10c2c5e2cdc c016000000000000] v=[0000000000000000 bfcd81eba8044081 0000000000000000] g=0 pose=0 hp=4034000000000000 fd=3fcde7a743a64800 fpy=4051000000000000 coll=0 r=00000
t003 p=[400c000000000000 4050e24b368a2abc c016000000000000] v=[0000000000000000 bfd379ed39a65543 0000000000000000] g=0 pose=0 hp=4034000000000000 fd=3fddb4c975d54400 fpy=4051000000000000 coll=0 r=00000
t004 p=[400c000000000000 4050ced149508467 c016000000000000] v=[0000000000000000 bfd81ab6b6dbbc6a 0000000000000000] g=0 pose=0 hp=4034000000000000 fd=3fe8975b57bdcc80 fpy=4051000000000000 coll=0 r=00000
t005 p=[400c000000000000 4050b6b69299a8ab c016000000000000] v=[0000000000000000 bfdca3ce17f6788b 0000000000000000] g=0 pose=0 hp=4034000000000000 fd=3ff2525b5995d540 fpy=4051000000000000 coll=0 r=00000
t006 p=[400c000000000000 40509a12c481b232 c016000000000000] v=[0000000000000000 bfe08ad657b8f9bc 0000000000000000] g=0 pose=0 hp=4034000000000000 fd=3ff97b4edf937380 fpy=4051000000000000 coll=0 r=00000
t007 p=[400c000000000000 405078fd17d2403e c016000000000000] v=[0000000000000000 bfe2b864b14f14b0 0000000000000000] g=0 pose=0 hp=4034000000000000 fd=4000e05d05b7f840 fpy=4051000000000000 coll=0 r=00000
t008 p=[400c000000000000 4050538c4e6fa214 c016000000000000] v=[0000000000000000 bfe4dacc5b060624 0000000000000000] g=0 pose=0 hp=4034000000000000 fd=40058e76320bbd80 fpy=4051000000000000 coll=0 r=00000
t009 p=[400c000000000000 405029d6b5b99608 c016000000000000] v=[0000000000000000 bfe6f2466cdd25f7 0000000000000000] g=0 pose=0 hp=4034000000000000 fd=400ac52948cd3f00 fpy=4051000000000000 coll=0 r=00000
t010 p=[400c000000000000 4050100000000000 c016000000000000] v=[0000000000000000 0000000000000000 0000000000000000] g=1 pose=0 hp=4034000000000000 fd=0000000000000000 fpy=4050100000000000 coll=0 r=01010
t011 p=[400c000000000000 4050100000000000 c016000000000000] v=[0000000000000000 0000000000000000 0000000000000000] g=1 pose=0 hp=4034000000000000 fd=0000000000000000 fpy=4050100000000000 coll=0 r=00000
t012 p=[400c000000000000 4050100000000000 c016000000000000] v=[0000000000000000 0000000000000000 0000000000000000] g=1 pose=0 hp=4034000000000000 fd=0000000000000000 fpy=4050100000000000 coll=0 r=00000
t013 p=[400c000000000000 4050100000000000 c016000000000000] v=[0000000000000000 0000000000000000 0000000000000000] g=1 pose=0 hp=4034000000000000 fd=0000000000000000 fpy=4050100000000000 coll=0 r=00000
t014 p=[400c000000000000 4050100000000000 c016000000000000] v=[0000000000000000 0000000000000000 0000000000000000] g=1 pose=0 hp=4034000000000000 fd=0000000000000000 fpy=4050100000000000 coll=0 r=00000
t015 p=[400c000000000000 4050100000000000 c016000000000000] v=[0000000000000000 0000000000000000 0000000000000000] g=1 pose=0 hp=4034000000000000 fd=0000000000000000 fpy=4050100000000000 coll=0 r=00000
t016 p=[400c000000000000 4050100000000000 c016000000000000] v=[0000000000000000 0000000000000000 0000000000000000] g=1 pose=0 hp=4034000000000000 fd=0000000000000000 fpy=4050100000000000 coll=0 r=00000
t017 p=[400c000000000000 4050100000000000 c016000000000000] v=[0000000000000000 0000000000000000 0000000000000000] g=1 pose=0 hp=4034000000000000 fd=0000000000000000 fpy=4050100000000000 coll=0 r=00000
t018 p=[400c000000000000 4050100000000000 c016000000000000] v=[0000000000000000 0000000000000000 0000000000000000] g=1 pose=0 hp=4034000000000000 fd=0000000000000000 fpy=4050100000000000 coll=0 r=00000
t019 p=[400c000000000000 4050100000000000 c016000000000000] v=[0000000000000000 0000000000000000 0000000000000000] g=1 pose=0 hp=4034000000000000 fd=0000000000000000 fpy=4050100000000000 coll=0 r=00000
t020 p=[400c000000000000 4050100000000000 c016000000000000] v=[0000000000000000 0000000000000000 0000000000000000] g=1 pose=0 hp=4034000000000000 fd=0000000000000000 fpy=4050100000000000 coll=0 r=00000
t021 p=[400c000000000000 4050100000000000 c016000000000000] v=[0000000000000000 0000000000000000 0000000000000000] g=1 pose=0 hp=4034000000000000 fd=0000000000000000 fpy=4050100000000000 coll=0 r=00000
t022 p=[400c000000000000 4050100000000000 c016000000000000] v=[0000000000000000 0000000000000000 0000000000000000] g=1 pose=0 hp=4034000000000000 fd=0000000000000000 fpy=4050100000000000 coll=0 r=00000
t023 p=[400c000000000000 4050100000000000 c016000000000000] v=[0000000000000000 0000000000000000 0000000000000000] g=1 pose=0 hp=4034000000000000 fd=0000000000000000 fpy=4050100000000000 coll=0 r=00000
t024 p=[400c000000000000 4050100000000000 c016000000000000] v=[0000000000000000 0000000000000000 0000000000000000] g=1 pose=0 hp=4034000000000000 fd=0000000000000000 fpy=4050100000000000 coll=0 r=00000
t025 p=[400c000000000000 4050100000000000 c016000000000000] v=[0000000000000000 0000000000000000 0000000000000000] g=1 pose=0 hp=4034000000000000 fd=0000000000000000 fpy=4050100000000000 coll=0 r=00000
t026 p=[400c000000000000 4050100000000000 c016000000000000] v=[0000000000000000 0000000000000000 0000000000000000] g=1 pose=0 hp=4034000000000000 fd=0000000000000000 fpy=4050100000000000 coll=0 r=00000
t027 p=[400c000000000000 4050100000000000 c016000000000000] v=[0000000000000000 0000000000000000 0000000000000000] g=1 pose=0 hp=4034000000000000 fd=0000000000000000 fpy=4050100000000000 coll=0 r=00000
t028 p=[400c000000000000 4050100000000000 c016000000000000] v=[0000000000000000 0000000000000000 0000000000000000] g=1 pose=0 hp=4034000000000000 fd=0000000000000000 fpy=4050100000000000 coll=0 r=00000
t029 p=[400c000000000000 4050100000000000 c016000000000000] v=[0000000000000000 0000000000000000 0000000000000000] g=1 pose=0 hp=4034000000000000 fd=0000000000000000 fpy=4050100000000000 coll=0 r=00000
t030 p=[400c000000000000 4050100000000000 c016000000000000] v=[0000000000000000 0000000000000000 0000000000000000] g=1 pose=0 hp=4034000000000000 fd=0000000000000000 fpy=4050100000000000 coll=0 r=00000
t031 p=[400c000000000000 4050100000000000 c016000000000000] v=[0000000000000000 0000000000000000 0000000000000000] g=1 pose=0 hp=4034000000000000 fd=0000000000000000 fpy=4050100000000000 coll=0 r=00000
t032 p=[400c000000000000 4050100000000000 c016000000000000] v=[0000000000000000 0000000000000000 0000000000000000] g=1 pose=0 hp=4034000000000000 fd=0000000000000000 fpy=4050100000000000 coll=0 r=00000
t033 p=[400c000000000000 4050100000000000 c016000000000000] v=[0000000000000000 0000000000000000 0000000000000000] g=1 pose=0 hp=4034000000000000 fd=0000000000000000 fpy=4050100000000000 coll=0 r=00000
t034 p=[400c000000000000 4050100000000000 c016000000000000] v=[0000000000000000 0000000000000000 0000000000000000] g=1 pose=0 hp=4034000000000000 fd=0000000000000000 fpy=4050100000000000 coll=0 r=00000
t035 p=[400c000000000000 4050100000000000 c016000000000000] v=[0000000000000000 0000000000000000 0000000000000000] g=1 pose=0 hp=4034000000000000 fd=0000000000000000 fpy=4050100000000000 coll=0 r=00000
t036 p=[400c000000000000 4050100000000000 c016000000000000] v=[0000000000000000 0000000000000000 0000000000000000] g=1 pose=0 hp=4034000000000000 fd=0000000000000000 fpy=4050100000000000 coll=0 r=00000
t037 p=[400c000000000000 4050100000000000 c016000000000000] v=[0000000000000000 0000000000000000 0000000000000000] g=1 pose=0 hp=4034000000000000 fd=0000000000000000 fpy=4050100000000000 coll=0 r=00000
t038 p=[400c000000000000 4050100000000000 c016000000000000] v=[0000000000000000 0000000000000000 0000000000000000] g=1 pose=0 hp=4034000000000000 fd=0000000000000000 fpy=4050100000000000 coll=0 r=00000
t039 p=[400c000000000000 4050100000000000 c016000000000000] v=[0000000000000000 0000000000000000 0000000000000000] g=1 pose=0 hp=4034000000000000 fd=0000000000000000 fpy=4050100000000000 coll=0 r=00000
t040 p=[400c000000000000 4050100000000000 c016000000000000] v=[0000000000000000 0000000000000000 0000000000000000] g=1 pose=0 hp=4034000000000000 fd=0000000000000000 fpy=4050100000000000 coll=0 r=00000
t041 p=[400c000000000000 4050100000000000 c016000000000000] v=[0000000000000000 0000000000000000 0000000000000000] g=1 pose=0 hp=4034000000000000 fd=0000000000000000 fpy=4050100000000000 coll=0 r=00000
t042 p=[400c000000000000 4050100000000000 c016000000000000] v=[0000000000000000 0000000000000000 0000000000000000] g=1 pose=0 hp=4034000000000000 fd=0000000000000000 fpy=4050100000000000 coll=0 r=00000
t043 p=[400c000000000000 4050100000000000 c016000000000000] v=[0000000000000000 0000000000000000 0000000000000000] g=1 pose=0 hp=4034000000000000 fd=0000000000000000 fpy=4050100000000000 coll=0 r=00000
t044 p=[400c000000000000 4050100000000000 c016000000000000] v=[0000000000000000 0000000000000000 0000000000000000] g=1 pose=0 hp=4034000000000000 fd=0000000000000000 fpy=4050100000000000 coll=0 r=00000
t045 p=[400c000000000000 4050100000000000 c016000000000000] v=[0000000000000000 0000000000000000 0000000000000000] g=1 pose=0 hp=4034000000000000 fd=0000000000000000 fpy=4050100000000000 coll=0 r=00000
t046 p=[400c000000000000 4050100000000000 c016000000000000] v=[0000000000000000 0000000000000000 0000000000000000] g=1 pose=0 hp=4034000000000000 fd=0000000000000000 fpy=4050100000000000 coll=0 r=00000
t047 p=[400c000000000000 4050100000000000 c016000000000000] v=[0000000000000000 0000000000000000 0000000000000000] g=1 pose=0 hp=4034000000000000 fd=0000000000000000 fpy=4050100000000000 coll=0 r=00000
t048 p=[400c000000000000 4050100000000000 c016000000000000] v=[0000000000000000 0000000000000000 0000000000000000] g=1 pose=0 hp=4034000000000000 fd=0000000000000000 fpy=4050100000000000 coll=0 r=00000
t049 p=[400c000000000000 4050100000000000 c016000000000000] v=[0000000000000000 0000000000000000 0000000000000000] g=1 pose=0 hp=4034000000000000 fd=0000000000000000 fpy=4050100000000000 coll=0 r=00000
t050 p=[400c000000000000 4050100000000000 c016000000000000] v=[0000000000000000 0000000000000000 0000000000000000] g=1 pose=0 hp=4034000000000000 fd=0000000000000000 fpy=4050100000000000 coll=0 r=00000
t051 p=[400c000000000000 4050100000000000 c016000000000000] v=[0000000000000000 0000000000000000 0000000000000000] g=1 pose=0 hp=4034000000000000 fd=0000000000000000 fpy=4050100000000000 coll=0 r=00000
t052 p=[400c000000000000 4050100000000000 c016000000000000] v=[0000000000000000 0000000000000000 0000000000000000] g=1 pose=0 hp=4034000000000000 fd=0000000000000000 fpy=4050100000000000 coll=0 r=00000
t053 p=[400c000000000000 4050100000000000 c016000000000000] v=[0000000000000000 0000000000000000 0000000000000000] g=1 pose=0 hp=4034000000000000 fd=0000000000000000 fpy=4050100000000000 coll=0 r=00000
t054 p=[400c000000000000 4050100000000000 c016000000000000] v=[0000000000000000 0000000000000000 0000000000000000] g=1 pose=0 hp=4034000000000000 fd=0000000000000000 fpy=4050100000000000 coll=0 r=00000
t055 p=[400c000000000000 4050100000000000 c016000000000000] v=[0000000000000000 0000000000000000 0000000000000000] g=1 pose=0 hp=4034000000000000 fd=0000000000000000 fpy=4050100000000000 coll=0 r=00000
t056 p=[400c000000000000 4050100000000000 c016000000000000] v=[0000000000000000 0000000000000000 0000000000000000] g=1 pose=0 hp=4034000000000000 fd=0000000000000000 fpy=4050100000000000 coll=0 r=00000
t057 p=[400c000000000000 4050100000000000 c016000000000000] v=[0000000000000000 0000000000000000 0000000000000000] g=1 pose=0 hp=4034000000000000 fd=0000000000000000 fpy=4050100000000000 coll=0 r=00000
t058 p=[400c000000000000 4050100000000000 c016000000000000] v=[0000000000000000 0000000000000000 0000000000000000] g=1 pose=0 hp=4034000000000000 fd=0000000000000000 fpy=4050100000000000 coll=0 r=00000
t059 p=[400c000000000000 4050100000000000 c016000000000000] v=[0000000000000000 0000000000000000 0000000000000000] g=1 pose=0 hp=4034000000000000 fd=0000000000000000 fpy=4050100000000000 coll=0 r=00000
t060 p=[400c000000000000 4050100000000000 c016000000000000] v=[0000000000000000 0000000000000000 0000000000000000] g=1 pose=0 hp=4034000000000000 fd=0000000000000000 fpy=4050100000000000 coll=0 r=00000
t061 p=[400c000000000000 4050100000000000 c016000000000000] v=[0000000000000000 0000000000000000 0000000000000000] g=1 pose=0 hp=4034000000000000 fd=0000000000000000 fpy=4050100000000000 coll=0 r=00000
t062 p=[400c000000000000 4050100000000000 c016000000000000] v=[0000000000000000 0000000000000000 0000000000000000] g=1 pose=0 hp=4034000000000000 fd=0000000000000000 fpy=4050100000000000 coll=0 r=00000
t063 p=[400c000000000000 4050100000000000 c016000000000000] v=[0000000000000000 0000000000000000 0000000000000000] g=1 pose=0 hp=4034000000000000 fd=0000000000000000 fpy=4050100000000000 coll=0 r=00000
t064 p=[400c000000000000 4050100000000000 c016000000000000] v=[0000000000000000 0000000000000000 0000000000000000] g=1 pose=0 hp=4034000000000000 fd=0000000000000000 fpy=4050100000000000 coll=0 r=00000
t065 p=[400c000000000000 4050100000000000 c016000000000000] v=[0000000000000000 0000000000000000 0000000000000000] g=1 pose=0 hp=4034000000000000 fd=0000000000000000 fpy=4050100000000000 coll=0 r=00000
t066 p=[400c000000000000 4050100000000000 c016000000000000] v=[0000000000000000 0000000000000000 0000000000000000] g=1 pose=0 hp=4034000000000000 fd=0000000000000000 fpy=4050100000000000 coll=0 r=00000
t067 p=[400c000000000000 4050100000000000 c016000000000000] v=[0000000000000000 0000000000000000 0000000000000000] g=1 pose=0 hp=4034000000000000 fd=0000000000000000 fpy=4050100000000000 coll=0 r=00000
t068 p=[400c000000000000 4050100000000000 c016000000000000] v=[0000000000000000 0000000000000000 0000000000000000] g=1 pose=0 hp=4034000000000000 fd=0000000000000000 fpy=4050100000000000 coll=0 r=00000
t069 p=[400c000000000000 4050100000000000 c016000000000000] v=[0000000000000000 0000000000000000 0000000000000000] g=1 pose=0 hp=4034000000000000 fd=0000000000000000 fpy=4050100000000000 coll=0 r=00000
t070 p=[400c000000000000 4050100000000000 c016000000000000] v=[0000000000000000 0000000000000000 0000000000000000] g=1 pose=0 hp=4034000000000000 fd=0000000000000000 fpy=4050100000000000 coll=0 r=00000
t071 p=[400c000000000000 4050100000000000 c016000000000000] v=[0000000000000000 0000000000000000 0000000000000000] g=1 pose=0 hp=4034000000000000 fd=0000000000000000 fpy=4050100000000000 coll=0 r=00000
t072 p=[400c000000000000 4050100000000000 c016000000000000] v=[0000000000000000 0000000000000000 0000000000000000] g=1 pose=0 hp=4034000000000000 fd=0000000000000000 fpy=4050100000000000 coll=0 r=00000
t073 p=[400c000000000000 4050100000000000 c016000000000000] v=[0000000000000000 0000000000000000 0000000000000000] g=1 pose=0 hp=4034000000000000 fd=0000000000000000 fpy=4050100000000000 coll=0 r=00000
t074 p=[400c000000000000 4050100000000000 c016000000000000] v=[0000000000000000 0000000000000000 0000000000000000] g=1 pose=0 hp=4034000000000000 fd=0000000000000000 fpy=4050100000000000 coll=0 r=00000
t075 p=[400c000000000000 4050100000000000 c016000000000000] v=[0000000000000000 0000000000000000 0000000000000000] g=1 pose=0 hp=4034000000000000 fd=0000000000000000 fpy=4050100000000000 coll=0 r=00000
t076 p=[400c000000000000 4050100000000000 c016000000000000] v=[0000000000000000 0000000000000000 0000000000000000] g=1 pose=0 hp=4034000000000000 fd=0000000000000000 fpy=4050100000000000 coll=0 r=00000
t077 p=[400c000000000000 4050100000000000 c016000000000000] v=[0000000000000000 0000000000000000 0000000000000000] g=1 pose=0 hp=4034000000000000 fd=0000000000000000 fpy=4050100000000000 coll=0 r=00000
t078 p=[400c000000000000 4050100000000000 c016000000000000] v=[0000000000000000 0000000000000000 0000000000000000] g=1 pose=0 hp=4034000000000000 fd=0000000000000000 fpy=4050100000000000 coll=0 r=00000
t079 p=[400c000000000000 4050100000000000 c016000000000000] v=[0000000000000000 0000000000000000 0000000000000000] g=1 pose=0 hp=4034000000000000 fd=0000000000000000 fpy=4050100000000000 coll=0 r=00000
   end g=1 pose=0 hp=4034000000000000
-- player case sneak edge --
t000 p=[3fe0000000000000 4050000000000000 c032a1205bc01a37] v=[0000000000000000 0000000000000000 bf90700a5416d88a] g=1 pose=1 hp=4034000000000000 fd=0000000000000000 fpy=4050000000000000 coll=0 r=00000
t001 p=[3fe0000000000000 4050000000000000 c032acc3207ba08a] v=[0000000000000000 0000000000000000 bf9969a16035c06f] g=1 pose=1 hp=4034000000000000 fd=0000000000000000 fpy=4050000000000000 coll=0 r=00000
t002 p=[3fe0000000000000 4050000000000000 c032baa44afa2e97] v=[0000000000000000 0000000000000000 bf9e501d51d5fc7d] g=1 pose=1 hp=4034000000000000 fd=0000000000000000 fpy=4050000000000000 coll=0 r=00000
t003 p=[3fe0000000000000 4050000000000000 c032c9bf147524b3] v=[0000000000000000 0000000000000000 bfa07e880c6af610] g=1 pose=1 hp=4034000000000000 fd=0000000000000000 fpy=4050000000000000 coll=0 r=00000
t004 p=[3fe0000000000000 4050000000000000 c032d9851aa1dacb] v=[0000000000000000 0000000000000000 bfa13985b7fe24cc] g=1 pose=1 hp=4034000000000000 fd=0000000000000000 fpy=4050000000000000 coll=0 r=00000
t005 p=[3fe0000000000000 4050000000000000 c032e9a89fa45a7b] v=[0000000000000000 0000000000000000 bfa19f9e8f0443f2] g=1 pose=1 hp=4034000000000000 fd=0000000000000000 fpy=4050000000000000 coll=0 r=00000
t006 p=[3fe0000000000000 4050000000000000 c032f9ff31125d3a] v=[0000000000000000 0000000000000000 bfa1d75d45f4a9f1] g=1 pose=1 hp=4034000000000000 fd=0000000000000000 fpy=4050000000000000 coll=0 r=00000
t007 p=[3fe0000000000000 4050000000000000 c0330a71a1dbd82c] v=[0000000000000000 0000000000000000 bfa1f5cd155c45fd] g=1 pose=1 hp=4034000000000000 fd=0000000000000000 fpy=4050000000000000 coll=0 r=00000
t008 p=[3fe0000000000000 4050000000000000 c0331af34a8d06ec] v=[0000000000000000 0000000000000000 bfa2066b696b5f49] g=1 pose=1 hp=4034000000000000 fd=0000000000000000 fpy=4050000000000000 coll=0 r=00000
t009 p=[3fe0000000000000 4050000000000000 c0332b7d42683d39] v=[0000000000000000 0000000000000000 bfa20f7e466b6c96] g=1 pose=1 hp=4034000000000000 fd=0000000000000000 fpy=4050000000000000 coll=0 r=00000
t010 p=[3fe0000000000000 4050000000000000 c0333c0bc3b1f38d] v=[0000000000000000 0000000000000000 bfa214728ef52e36] g=1 pose=1 hp=4034000000000000 fd=0000000000000000 fpy=4050000000000000 coll=0 r=00000
t011 p=[3fe0000000000000 4050000000000000 c0334c9cbf1feec1] v=[0000000000000000 0000000000000000 bfa217270a881353] g=1 pose=1 hp=4034000000000000 fd=0000000000000000 fpy=4050000000000000 coll=0 r=00000
t012 p=[3fe0000000000000 4050000000000000 c0335d2f14cbb368] v=[0000000000000000 0000000000000000 bfa218a122feae1e] g=1 pose=1 hp=4034000000000000 fd=0000000000000000 fpy=4050000000000000 coll=0 r=00000
t013 p=[3fe0000000000000 4050000000000000 c0336dc22783b35c] v=[0000000000000000 0000000000000000 bfa2196f93ae07c1] g=1 pose=1 hp=4034000000000000 fd=0000000000000000 fpy=4050000000000000 coll=0 r=00000
t014 p=[3fe0000000000000 4050000000000000 c0337e55a1740afd] v=[0000000000000000 0000000000000000 bfa219e04b0fd1c9] g=1 pose=1 hp=4034000000000000 fd=0000000000000000 fpy=4050000000000000 coll=0 r=00000
t015 p=[3fe0000000000000 4050000000000000 c0338ee953c01383] v=[0000000000000000 0000000000000000 bfa21a1dd619b13f] g=1 pose=1 hp=4034000000000000 fd=0000000000000000 fpy=4050000000000000 coll=0 r=00000
t016 p=[3fe0000000000000 4050000000000000 c0339f7d24d1a0f9] v=[0000000000000000 0000000000000000 bfa21a3f7059f685] g=1 pose=1 hp=4034000000000000 fd=0000000000000000 fpy=4050000000000000 coll=0 r=00000
t017 p=[3fe0000000000000 4050000000000000 c033b01106b04e92] v=[0000000000000000 0000000000000000 bfa21a51c92e34eb] g=1 pose=1 hp=4034000000000000 fd=0000000000000000 fpy=4050000000000000 coll=0 r=00000
t018 p=[3fe0000000000000 4050000000000000 c033c0a4f1bb664a] v=[0000000000000000 0000000000000000 bfa21a5bcda63014] g=1 pose=1 hp=4034000000000000 fd=0000000000000000 fpy=4050000000000000 coll=0 r=00000
t019 p=[3fe0000000000000 4050000000000000 c033d138e1c8b9ff] v=[0000000000000000 0000000000000000 bfa21a6145d95c89] g=1 pose=1 hp=4034000000000000 fd=0000000000000000 fpy=4050000000000000 coll=0 r=00000
t020 p=[3fe0000000000000 4050000000000000 c033e1ccd492274b] v=[0000000000000000 0000000000000000 bfa21a64425bb3ca] g=1 pose=1 hp=4034000000000000 fd=0000000000000000 fpy=4050000000000000 coll=0 r=00000
t021 p=[3fe0000000000000 4050000000000000 c033f260c8d9d5c2] v=[0000000000000000 0000000000000000 bfa21a65e3c7bb7d] g=1 pose=1 hp=4034000000000000 fd=0000000000000000 fpy=4050000000000000 coll=0 r=00000
t022 p=[3fe0000000000000 4050000000000000 c03402f4bdf23a3d] v=[0000000000000000 0000000000000000 bfa21a66c7b14f0e] g=1 pose=1 hp=4034000000000000 fd=0000000000000000 fpy=4050000000000000 coll=0 r=00000
t023 p=[3fe0000000000000 4050000000000000 c0341388b37c9382] v=[0000000000000000 0000000000000000 bfa21a674421fe58] g=1 pose=1 hp=4034000000000000 fd=0000000000000000 fpy=4050000000000000 coll=0 r=00000
t024 p=[3fe0000000000000 4050000000000000 c034241ca945251e] v=[0000000000000000 0000000000000000 bfa21a678813be4f] g=1 pose=1 hp=4034000000000000 fd=0000000000000000 fpy=4050000000000000 coll=0 r=00000
t025 p=[3fe0000000000000 4050000000000000 c03434b09f2faf9a] v=[0000000000000000 0000000000000000 bfa21a67ad2cbb17] g=1 pose=1 hp=4034000000000000 fd=0000000000000000 fpy=4050000000000000 coll=0 r=00000
t026 p=[3fe0000000000000 4050000000000000 c0344544952cc695] v=[0000000000000000 0000000000000000 bfa21a67c16e1602] g=1 pose=1 hp=4034000000000000 fd=0000000000000000 fpy=4050000000000000 coll=0 r=00000
t027 p=[3fe0000000000000 4050000000000000 c034490bbe673170] v=[0000000000000000 0000000000000000 bfa21a67cc7d4a35] g=1 pose=1 hp=4034000000000000 fd=0000000000000000 fpy=4050000000000000 coll=0 r=00000
t028 p=[3fe0000000000000 4050000000000000 c034490bbe673170] v=[0000000000000000 0000000000000000 bfa21a67d2872090] g=1 pose=1 hp=4034000000000000 fd=0000000000000000 fpy=4050000000000000 coll=0 r=00000
t029 p=[3fe0000000000000 4050000000000000 c034490bbe673170] v=[0000000000000000 0000000000000000 bfa21a67d5d32785] g=1 pose=1 hp=4034000000000000 fd=0000000000000000 fpy=4050000000000000 coll=0 r=00000
t030 p=[3fe0000000000000 4050000000000000 c034490bbe673170] v=[0000000000000000 0000000000000000 bfa21a67d79ffe44] g=1 pose=1 hp=4034000000000000 fd=0000000000000000 fpy=4050000000000000 coll=0 r=00000
t031 p=[3fe0000000000000 4050000000000000 c034490bbe673170] v=[0000000000000000 0000000000000000 bfa21a67d89b9c79] g=1 pose=1 hp=4034000000000000 fd=0000000000000000 fpy=4050000000000000 coll=0 r=00000
t032 p=[3fe0000000000000 4050000000000000 c034490bbe673170] v=[0000000000000000 0000000000000000 bfa21a67d924fea2] g=1 pose=1 hp=4034000000000000 fd=0000000000000000 fpy=4050000000000000 coll=0 r=00000
t033 p=[3fe0000000000000 4050000000000000 c034490bbe673170] v=[0000000000000000 0000000000000000 bfa21a67d970018a] g=1 pose=1 hp=4034000000000000 fd=0000000000000000 fpy=4050000000000000 coll=0 r=00000
t034 p=[3fe0000000000000 4050000000000000 c034490bbe673170] v=[0000000000000000 0000000000000000 bfa21a67d998f653] g=1 pose=1 hp=4034000000000000 fd=0000000000000000 fpy=4050000000000000 coll=0 r=00000
t035 p=[3fe0000000000000 4050000000000000 c034490bbe673170] v=[0000000000000000 0000000000000000 bfa21a67d9af5305] g=1 pose=1 hp=4034000000000000 fd=0000000000000000 fpy=4050000000000000 coll=0 r=00000
t036 p=[3fe0000000000000 4050000000000000 c034490bbe673170] v=[0000000000000000 0000000000000000 bfa21a67d9bb88b4] g=1 pose=1 hp=4034000000000000 fd=0000000000000000 fpy=4050000000000000 coll=0 r=00000
t037 p=[3fe0000000000000 4050000000000000 c034490bbe673170] v=[0000000000000000 0000000000000000 bfa21a67d9c23353] g=1 pose=1 hp=4034000000000000 fd=0000000000000000 fpy=4050000000000000 coll=0 r=00000
t038 p=[3fe0000000000000 4050000000000000 c034490bbe673170] v=[0000000000000000 0000000000000000 bfa21a67d9c5d724] g=1 pose=1 hp=4034000000000000 fd=0000000000000000 fpy=4050000000000000 coll=0 r=00000
t039 p=[3fe0000000000000 4050000000000000 c034490bbe673170] v=[0000000000000000 0000000000000000 bfa21a67d9c7d3e9] g=1 pose=1 hp=4034000000000000 fd=0000000000000000 fpy=4050000000000000 coll=0 r=00000
t040 p=[3fe0000000000000 4050000000000000 c034490bbe673170] v=[0000000000000000 0000000000000000 bfa21a67d9c8e9b4] g=1 pose=1 hp=4034000000000000 fd=0000000000000000 fpy=4050000000000000 coll=0 r=00000
t041 p=[3fe0000000000000 4050000000000000 c034490bbe673170] v=[0000000000000000 0000000000000000 bfa21a67d9c98160] g=1 pose=1 hp=4034000000000000 fd=0000000000000000 fpy=4050000000000000 coll=0 r=00000
t042 p=[3fe0000000000000 4050000000000000 c034490bbe673170] v=[0000000000000000 0000000000000000 bfa21a67d9c9d430] g=1 pose=1 hp=4034000000000000 fd=0000000000000000 fpy=4050000000000000 coll=0 r=00000
t043 p=[3fe0000000000000 4050000000000000 c034490bbe673170] v=[0000000000000000 0000000000000000 bfa21a67d9ca0167] g=1 pose=1 hp=4034000000000000 fd=0000000000000000 fpy=4050000000000000 coll=0 r=00000
t044 p=[3fe0000000000000 4050000000000000 c034490bbe673170] v=[0000000000000000 0000000000000000 bfa21a67d9ca1a18] g=1 pose=1 hp=4034000000000000 fd=0000000000000000 fpy=4050000000000000 coll=0 r=00000
t045 p=[3fe0000000000000 4050000000000000 c034490bbe673170] v=[0000000000000000 0000000000000000 bfa21a67d9ca2792] g=1 pose=1 hp=4034000000000000 fd=0000000000000000 fpy=4050000000000000 coll=0 r=00000
t046 p=[3fe0000000000000 4050000000000000 c034490bbe673170] v=[0000000000000000 0000000000000000 bfa21a67d9ca2eee] g=1 pose=1 hp=4034000000000000 fd=0000000000000000 fpy=4050000000000000 coll=0 r=00000
t047 p=[3fe0000000000000 4050000000000000 c034490bbe673170] v=[0000000000000000 0000000000000000 bfa21a67d9ca32f3] g=1 pose=1 hp=4034000000000000 fd=0000000000000000 fpy=4050000000000000 coll=0 r=00000
t048 p=[3fe0000000000000 4050000000000000 c034490bbe673170] v=[0000000000000000 0000000000000000 bfa21a67d9ca3525] g=1 pose=1 hp=4034000000000000 fd=0000000000000000 fpy=4050000000000000 coll=0 r=00000
t049 p=[3fe0000000000000 4050000000000000 c034490bbe673170] v=[0000000000000000 0000000000000000 bfa21a67d9ca3658] g=1 pose=1 hp=4034000000000000 fd=0000000000000000 fpy=4050000000000000 coll=0 r=00000
t050 p=[3fe0000000000000 4050000000000000 c034490bbe673170] v=[0000000000000000 0000000000000000 bfa21a67d9ca36ff] g=1 pose=1 hp=4034000000000000 fd=0000000000000000 fpy=4050000000000000 coll=0 r=00000
t051 p=[3fe0000000000000 4050000000000000 c034490bbe673170] v=[0000000000000000 0000000000000000 bfa21a67d9ca375b] g=1 pose=1 hp=4034000000000000 fd=0000000000000000 fpy=4050000000000000 coll=0 r=00000
t052 p=[3fe0000000000000 4050000000000000 c034490bbe673170] v=[0000000000000000 0000000000000000 bfa21a67d9ca378d] g=1 pose=1 hp=4034000000000000 fd=0000000000000000 fpy=4050000000000000 coll=0 r=00000
t053 p=[3fe0000000000000 4050000000000000 c034490bbe673170] v=[0000000000000000 0000000000000000 bfa21a67d9ca37a8] g=1 pose=1 hp=4034000000000000 fd=0000000000000000 fpy=4050000000000000 coll=0 r=00000
t054 p=[3fe0000000000000 4050000000000000 c034490bbe673170] v=[0000000000000000 0000000000000000 bfa21a67d9ca37b7] g=1 pose=1 hp=4034000000000000 fd=0000000000000000 fpy=4050000000000000 coll=0 r=00000
t055 p=[3fe0000000000000 4050000000000000 c034490bbe673170] v=[0000000000000000 0000000000000000 bfa21a67d9ca37bf] g=1 pose=1 hp=4034000000000000 fd=0000000000000000 fpy=4050000000000000 coll=0 r=00000
t056 p=[3fe0000000000000 4050000000000000 c034490bbe673170] v=[0000000000000000 0000000000000000 bfa21a67d9ca37c4] g=1 pose=1 hp=4034000000000000 fd=0000000000000000 fpy=4050000000000000 coll=0 r=00000
t057 p=[3fe0000000000000 4050000000000000 c034490bbe673170] v=[0000000000000000 0000000000000000 bfa21a67d9ca37c6] g=1 pose=1 hp=4034000000000000 fd=0000000000000000 fpy=4050000000000000 coll=0 r=00000
t058 p=[3fe0000000000000 4050000000000000 c034490bbe673170] v=[0000000000000000 0000000000000000 bfa21a67d9ca37c7] g=1 pose=1 hp=4034000000000000 fd=0000000000000000 fpy=4050000000000000 coll=0 r=00000
t059 p=[3fe0000000000000 4050000000000000 c034490bbe673170] v=[0000000000000000 0000000000000000 bfa21a67d9ca37c8] g=1 pose=1 hp=4034000000000000 fd=0000000000000000 fpy=4050000000000000 coll=0 r=00000
t060 p=[3fe0000000000000 4050000000000000 c034490bbe673170] v=[0000000000000000 0000000000000000 bfa21a67d9ca37c8] g=1 pose=1 hp=4034000000000000 fd=0000000000000000 fpy=4050000000000000 coll=0 r=00000
t061 p=[3fe0000000000000 4050000000000000 c034490bbe673170] v=[0000000000000000 0000000000000000 bfa21a67d9ca37c8] g=1 pose=1 hp=4034000000000000 fd=0000000000000000 fpy=4050000000000000 coll=0 r=00000
t062 p=[3fe0000000000000 4050000000000000 c034490bbe673170] v=[0000000000000000 0000000000000000 bfa21a67d9ca37c8] g=1 pose=1 hp=4034000000000000 fd=0000000000000000 fpy=4050000000000000 coll=0 r=00000
t063 p=[3fe0000000000000 4050000000000000 c034490bbe673170] v=[0000000000000000 0000000000000000 bfa21a67d9ca37c8] g=1 pose=1 hp=4034000000000000 fd=0000000000000000 fpy=4050000000000000 coll=0 r=00000
t064 p=[3fe0000000000000 4050000000000000 c034490bbe673170] v=[0000000000000000 0000000000000000 bfa21a67d9ca37c8] g=1 pose=1 hp=4034000000000000 fd=0000000000000000 fpy=4050000000000000 coll=0 r=00000
t065 p=[3fe0000000000000 4050000000000000 c034490bbe673170] v=[0000000000000000 0000000000000000 bfa21a67d9ca37c8] g=1 pose=1 hp=4034000000000000 fd=0000000000000000 fpy=4050000000000000 coll=0 r=00000
t066 p=[3fe0000000000000 4050000000000000 c034490bbe673170] v=[0000000000000000 0000000000000000 bfa21a67d9ca37c8] g=1 pose=1 hp=4034000000000000 fd=0000000000000000 fpy=4050000000000000 coll=0 r=00000
t067 p=[3fe0000000000000 4050000000000000 c034490bbe673170] v=[0000000000000000 0000000000000000 bfa21a67d9ca37c8] g=1 pose=1 hp=4034000000000000 fd=0000000000000000 fpy=4050000000000000 coll=0 r=00000
t068 p=[3fe0000000000000 4050000000000000 c034490bbe673170] v=[0000000000000000 0000000000000000 bfa21a67d9ca37c8] g=1 pose=1 hp=4034000000000000 fd=0000000000000000 fpy=4050000000000000 coll=0 r=00000
t069 p=[3fe0000000000000 4050000000000000 c034490bbe673170] v=[0000000000000000 0000000000000000 bfa21a67d9ca37c8] g=1 pose=1 hp=4034000000000000 fd=0000000000000000 fpy=4050000000000000 coll=0 r=00000
t070 p=[3fe0000000000000 4050000000000000 c034490bbe673170] v=[0000000000000000 0000000000000000 bfa21a67d9ca37c8] g=1 pose=1 hp=4034000000000000 fd=0000000000000000 fpy=4050000000000000 coll=0 r=00000
t071 p=[3fe0000000000000 4050000000000000 c034490bbe673170] v=[0000000000000000 0000000000000000 bfa21a67d9ca37c8] g=1 pose=1 hp=4034000000000000 fd=0000000000000000 fpy=4050000000000000 coll=0 r=00000
t072 p=[3fe0000000000000 4050000000000000 c034490bbe673170] v=[0000000000000000 0000000000000000 bfa21a67d9ca37c8] g=1 pose=1 hp=4034000000000000 fd=0000000000000000 fpy=4050000000000000 coll=0 r=00000
t073 p=[3fe0000000000000 4050000000000000 c034490bbe673170] v=[0000000000000000 0000000000000000 bfa21a67d9ca37c8] g=1 pose=1 hp=4034000000000000 fd=0000000000000000 fpy=4050000000000000 coll=0 r=00000
t074 p=[3fe0000000000000 4050000000000000 c034490bbe673170] v=[0000000000000000 0000000000000000 bfa21a67d9ca37c8] g=1 pose=1 hp=4034000000000000 fd=0000000000000000 fpy=4050000000000000 coll=0 r=00000
t075 p=[3fe0000000000000 4050000000000000 c034490bbe673170] v=[0000000000000000 0000000000000000 bfa21a67d9ca37c8] g=1 pose=1 hp=4034000000000000 fd=0000000000000000 fpy=4050000000000000 coll=0 r=00000
t076 p=[3fe0000000000000 4050000000000000 c034490bbe673170] v=[0000000000000000 0000000000000000 bfa21a67d9ca37c8] g=1 pose=1 hp=4034000000000000 fd=0000000000000000 fpy=4050000000000000 coll=0 r=00000
t077 p=[3fe0000000000000 4050000000000000 c034490bbe673170] v=[0000000000000000 0000000000000000 bfa21a67d9ca37c8] g=1 pose=1 hp=4034000000000000 fd=0000000000000000 fpy=4050000000000000 coll=0 r=00000
t078 p=[3fe0000000000000 4050000000000000 c034490bbe673170] v=[0000000000000000 0000000000000000 bfa21a67d9ca37c8] g=1 pose=1 hp=4034000000000000 fd=0000000000000000 fpy=4050000000000000 coll=0 r=00000
t079 p=[3fe0000000000000 4050000000000000 c034490bbe673170] v=[0000000000000000 0000000000000000 bfa21a67d9ca37c8] g=1 pose=1 hp=4034000000000000 fd=0000000000000000 fpy=4050000000000000 coll=0 r=00000
   end g=1 pose=1 hp=4034000000000000
-- player case ice sprint --
t000 p=[c01e000000000000 4050000000000000 40161df084b92e77] v=[0000000000000000 0000000000000000 3f9ab337b1a33e41] g=1 pose=0 hp=4034000000000000 fd=0000000000000000 fpy=4050000000000000 coll=0 r=00000
t001 p=[c01e000000000000 4050000000000000 401656944124002d] v=[0000000000000000 0000000000000000 3fa9416eaa3416a9] g=1 pose=0 hp=4034000000000000 fd=0000000000000000 fpy=4050000000000000 coll=0 r=00000
t002 p=[c01e000000000000 4050000000000000 4016a707a33196d2] v=[0000000000000000 0000000000000000 3fb1efbd9adcf70f] g=1 pose=0 hp=4034000000000000 fd=0000000000000000 fpy=4050000000000000 coll=0 r=00000
t003 p=[c01e000000000000 4050000000000000 40170cb71e563926] v=[0000000000000000 0000000000000000 3fb6abb7fc6784c6] g=1 pose=0 hp=4034000000000000 fd=0000000000000000 fpy=4050000000000000 coll=0 r=00000
t004 p=[c01e000000000000 4050000000000000 40178556830105b0] v=[0000000000000000 0000000000000000 3fbae48f8b6788fe] g=1 pose=0 hp=4034000000000000 fd=0000000000000000 fpy=4050000000000000 coll=0 r=00000
t005 p=[c01e000000000000 4050000000000000 40180ed945e7d24b] v=[0000000000000000 0000000000000000 3fbea874a4c9b341] g=1 pose=0 hp=4034000000000000 fd=0000000000000000 fpy=4050000000000000 coll=0 r=00000
t006 p=[c01e000000000000 4050000000000000 4018a76b9d34278f] v=[0000000000000000 0000000000000000 3fc102074ff71946] g=1 pose=0 hp=4034000000000000 fd=0000000000000000 fpy=4050000000000000 coll=0 r=00000
t007 p=[c01e000000000000 4050000000000000 40194d6c5c6d0ed0] v=[0000000000000000 0000000000000000 3fc281532a85c293] g=1 pose=0 hp=4034000000000000 fd=0000000000000000 fpy=4050000000000000 coll=0 r=00000
t008 p=[c01e000000000000 4050000000000000 4019ff677a7a6b5c] v=[0000000000000000 0000000000000000 3fc3d72604d48cdb] g=1 pose=0 hp=4034000000000000 fd=0000000000000000 fpy=4050000000000000 coll=0 r=00000
t009 p=[c01e000000000000 4050000000000000 401abc112f5a3e3a] v=[0000000000000000 0000000000000000 3fc507fca1526b21] g=1 pose=0 hp=4034000000000000 fd=0000000000000000 fpy=4050000000000000 coll=0 r=00000
t010 p=[c01e000000000000 4050000000000000 401b8241991e000a] v=[0000000000000000 0000000000000000 3fc617d776b62ccc] g=1 pose=0 hp=4034000000000000 fd=0000000000000000 fpy=4050000000000000 coll=0 r=00000
t011 p=[c01e000000000000 4050000000000000 401c50f0d98cdfe8] v=[0000000000000000 0000000000000000 3fc70a4822e3426c] g=1 pose=0 hp=4034000000000000 fd=0000000000000000 fpy=4050000000000000 coll=0 r=00000
t012 p=[c01e000000000000 4050000000000000 401d8bb83fea04a2] v=[0000000000000000 0000000000000000 3fc57bd1298e9a3e] g=1 pose=0 hp=4034000000000000 fd=0000000000000000 fpy=4050000000000000 coll=0 r=00000
t013 p=[c01e000000000000 4050000000000000 401eba0bee7c841a] v=[0000000000000000 0000000000000000 3fc4a2415ac43846] g=1 pose=0 hp=4034000000000000 fd=0000000000000000 fpy=4050000000000000 coll=0 r=00000
t014 p=[c01e000000000000 4050000000000000 401fe1931e98b082] v=[0000000000000000 0000000000000000 3fc42b777189f160] g=1 pose=0 hp=4034000000000000 fd=0000000000000000 fpy=4050000000000000 coll=0 r=00000
t015 p=[c01e000000000000 4050000000000000 402082b1ffb5855a] v=[0000000000000000 0000000000000000 3fc3ea9ba1d002fc] g=1 pose=0 hp=4034000000000000 fd=0000000000000000 fpy=4050000000000000 coll=0 r=00000
t016 p=[c01e000000000000 4050000000000000 4021139700dfcab9] v=[0000000000000000 0000000000000000 3fc3c731f3774b10] g=1 pose=0 hp=4034000000000000 fd=0000000000000000 fpy=4050000000000000 coll=0 r=00000
t017 p=[c01e000000000000 4050000000000000 4021a3ee5b50ad38] v=[0000000000000000 0000000000000000 3fc3b3dc16d5305e] g=1 pose=0 hp=4034000000000000 fd=0000000000000000 fpy=4050000000000000 coll=0 r=00000
t018 p=[c01e000000000000 4050000000000000 402233f85e4f074d] v=[0000000000000000 0000000000000000 3fc3a94d76f16a7f] g=1 pose=0 hp=4034000000000000 fd=0000000000000000 fpy=4050000000000000 coll=0 r=00000
t019 p=[c01e000000000000 4050000000000000 4022c3d826cdd24a] v=[0000000000000000 0000000000000000 3fc3a389d4e427ee] g=1 pose=0 hp=4034000000000000 fd=0000000000000000 fpy=4050000000000000 coll=0 r=00000
t020 p=[c01e000000000000 4050000000000000 402353a0e0c4683d] v=[0000000000000000 0000000000000000 3fc3a06422cf9aa0] g=1 pose=0 hp=4034000000000000 fd=0000000000000000 fpy=4050000000000000 coll=0 r=00000
t021 p=[c01e000000000000 4050000000000000 4023e35d03f2abfb] v=[0000000000000000 0000000000000000 3fc39eac39e62cb5] g=1 pose=0 hp=4034000000000000 fd=0000000000000000 fpy=4050000000000000 coll=0 r=00000
t022 p=[c01e000000000000 4050000000000000 40247312477d4a01] v=[0000000000000000 0000000000000000 3fc39dbc0910b4ca] g=1 pose=0 hp=4034000000000000 fd=0000000000000000 fpy=4050000000000000 coll=0 r=00000
t023 p=[c01e000000000000 4050000000000000 402502c3ca449227] v=[0000000000000000 0000000000000000 3fc39d38e42976e5] g=1 pose=0 hp=4034000000000000 fd=0000000000000000 fpy=4050000000000000 coll=0 r=00000
t024 p=[c01e000000000000 4050000000000000 4025927340783d56] v=[0000000000000000 0000000000000000 3fc39cf1495b559d] g=1 pose=0 hp=4034000000000000 fd=0000000000000000 fpy=4050000000000000 coll=0 r=00000
t025 p=[c01e000000000000 4050000000000000 402622219840b000] v=[0000000000000000 0000000000000000 3fc39cca30bcb51c] g=1 pose=0 hp=4034000000000000 fd=0000000000000000 fpy=4050000000000000 coll=0 r=00000
t026 p=[c01e000000000000 4050000000000000 4026b1cf53a6a828] v=[0000000000000000 0000000000000000 3fc39cb4d807e39d] g=1 pose=0 hp=4034000000000000 fd=0000000000000000 fpy=4050000000000000 coll=0 r=00000
t027 p=[c01e000000000000 4050000000000000 4027417cb9a9cd0a] v=[0000000000000000 0000000000000000 3fc39ca9304d192b] g=1 pose=0 hp=4034000000000000 fd=0000000000000000 fpy=4050000000000000 coll=0 r=00000
t028 p=[c01e000000000000 4050000000000000 4027d129f10e06c2] v=[0000000000000000 0000000000000000 3fc39ca2d32f4d72] g=1 pose=0 hp=4034000000000000 fd=0000000000000000 fpy=4050000000000000 coll=0 r=00000
t029 p=[c01e000000000000 4050000000000000 402860d70efdc94b] v=[0000000000000000 0000000000000000 3fc39c9f59afee16] g=1 pose=0 hp=4034000000000000 fd=0000000000000000 fpy=4050000000000000 coll=0 r=00000
t030 p=[c01e000000000000 4050000000000000 4028f0841f078e56] v=[0000000000000000 0000000000000000 3fc39c9d74058549] g=1 pose=0 hp=4034000000000000 fd=0000000000000000 fpy=4050000000000000 coll=0 r=00000
t031 p=[c01e000000000000 4050000000000000 40298031277aa9be] v=[0000000000000000 0000000000000000 3fc39c9c6ad91dfc] g=1 pose=0 hp=4034000000000000 fd=0000000000000000 fpy=4050000000000000 coll=0 r=00000
t032 p=[c01e000000000000 4050000000000000 402a0fde2bc91389] v=[0000000000000000 0000000000000000 3fc39c9bda103b99] g=1 pose=0 hp=4034000000000000 fd=0000000000000000 fpy=4050000000000000 coll=0 r=00000
t033 p=[c01e000000000000 4050000000000000 402a9f8b2dd459cb] v=[0000000000000000 0000000000000000 3fc39c9b8b02ce54] g=1 pose=0 hp=4034000000000000 fd=0000000000000000 fpy=4050000000000000 coll=0 r=00000
t034 p=[c01e000000000000 4050000000000000 402b2f382ea36a57] v=[0000000000000000 0000000000000000 3fc39c9b5fd92bc0] g=1 pose=0 hp=4034000000000000 fd=0000000000000000 fpy=4050000000000000 coll=0 r=00000
t035 p=[c01e000000000000 4050000000000000 402bbee52ec5d459] v=[0000000000000000 0000000000000000 3fc39c9b484811f6] g=1 pose=0 hp=4034000000000000 fd=0000000000000000 fpy=4050000000000000 coll=0 r=00000
t036 p=[c01e000000000000 4050000000000000 402c4e922e89f9f4] v=[0000000000000000 0000000000000000 3fc39c9b3b69ff45] g=1 pose=0 hp=4034000000000000 fd=0000000000000000 fpy=4050000000000000 coll=0 r=00000
t037 p=[c01e000000000000 4050000000000000 402cde3f2e1aa744] v=[0000000000000000 0000000000000000 3fc39c9b34636eec] g=1 pose=0 hp=4034000000000000 fd=0000000000000000 fpy=4050000000000000 coll=0 r=00000
t038 p=[c01e000000000000 4050000000000000 402d6dec2d8f3a53] v=[0000000000000000 0000000000000000 3fc39c9b308d6adc] g=1 pose=0 hp=4034000000000000 fd=0000000000000000 fpy=4050000000000000 coll=0 r=00000
t039 p=[c01e000000000000 4050000000000000 402dfd992cf47552] v=[0000000000000000 0000000000000000 3fc39c9b2e753c9c] g=1 pose=0 hp=4034000000000000 fd=0000000000000000 fpy=4050000000000000 coll=0 r=00000
t040 p=[c01e000000000000 4050000000000000 402e8d462c514f98] v=[0000000000000000 0000000000000000 3fc39c9b2d507b6c] g=1 pose=0 hp=4034000000000000 fd=0000000000000000 fpy=4050000000000000 coll=0 r=00000
t041 p=[c01e000000000000 4050000000000000 402f1cf32ba996d9] v=[0000000000000000 0000000000000000 3fc39c9b2cb0a359] g=1 pose=0 hp=4034000000000000 fd=0000000000000000 fpy=4050000000000000 coll=0 r=00000
t042 p=[c01e000000000000 4050000000000000 402faca02aff5eba] v=[0000000000000000 0000000000000000 3fc39c9b2c595cfe] g=1 pose=0 hp=4034000000000000 fd=0000000000000000 fpy=4050000000000000 coll=0 r=00000
t043 p=[c01e000000000000 4050000000000000 40301e269529e4c1] v=[0000000000000000 0000000000000000 3fc39c9b2c29b610] g=1 pose=0 hp=4034000000000000 fd=0000000000000000 fpy=4050000000000000 coll=0 r=00000
t044 p=[c01e000000000000 4050000000000000 403065fd14d3bad7] v=[0000000000000000 0000000000000000 3fc39c9b2c0fb172] g=1 pose=0 hp=4034000000000000 fd=0000000000000000 fpy=4050000000000000 coll=0 r=00000
t045 p=[c01e000000000000 4050000000000000 4030add3947d5ce3] v=[0000000000000000 0000000000000000 3fc39c9b2c017cc0] g=1 pose=0 hp=4034000000000000 fd=0000000000000000 fpy=4050000000000000 coll=0 r=00000
t046 p=[c01e000000000000 4050000000000000 4030f5aa1426e286] v=[0000000000000000 0000000000000000 3fc39c9b2bf9bb1d] g=1 pose=0 hp=4034000000000000 fd=0000000000000000 fpy=4050000000000000 coll=0 r=00000
t047 p=[c01e000000000000 4050000000000000 40313d8093d058a6] v=[0000000000000000 0000000000000000 3fc39c9b2bf57ef5] g=1 pose=0 hp=4034000000000000 fd=0000000000000000 fpy=4050000000000000 coll=0 r=00000
t048 p=[c01e000000000000 4050000000000000 403185571379c64e] v=[0000000000000000 0000000000000000 3fc39c9b2bf32f02] g=1 pose=0 hp=4034000000000000 fd=0000000000000000 fpy=4050000000000000 coll=0 r=00000
t049 p=[c01e000000000000 4050000000000000 4031cd2d93232f56] v=[0000000000000000 0000000000000000 3fc39c9b2bf1ebcd] g=1 pose=0 hp=4034000000000000 fd=0000000000000000 fpy=4050000000000000 coll=0 r=00000
t050 p=[c01e000000000000 4050000000000000 4032150412cc95d7] v=[0000000000000000 0000000000000000 3fc39c9b2bf13b55] g=1 pose=0 hp=4034000000000000 fd=0000000000000000 fpy=4050000000000000 coll=0 r=00000
t051 p=[c01e000000000000 4050000000000000 40325cda9275faf7] v=[0000000000000000 0000000000000000 3fc39c9b2bf0dafb] g=1 pose=0 hp=4034000000000000 fd=0000000000000000 fpy=4050000000000000 coll=0 r=00000
t052 p=[c01e000000000000 4050000000000000 4032a4b1121f5f57] v=[0000000000000000 0000000000000000 3fc39c9b2bf0a65f] g=1 pose=0 hp=4034000000000000 fd=0000000000000000 fpy=4050000000000000 coll=0 r=00000
t053 p=[c01e000000000000 4050000000000000 4032ec8791c8c34d] v=[0000000000000000 0000000000000000 3fc39c9b2bf089a5] g=1 pose=0 hp=4034000000000000 fd=0000000000000000 fpy=4050000000000000 coll=0 r=00000
t054 p=[c01e000000000000 4050000000000000 4033345e1172270a] v=[0000000000000000 0000000000000000 3fc39c9b2bf079f7] g=1 pose=0 hp=4034000000000000 fd=0000000000000000 fpy=4050000000000000 coll=0 r=00000
t055 p=[c01e000000000000 4050000000000000 40337c34911b8aa8] v=[0000000000000000 0000000000000000 3fc39c9b2bf07166] g=1 pose=0 hp=4034000000000000 fd=0000000000000000 fpy=4050000000000000 coll=0 r=00000
t056 p=[c01e000000000000 4050000000000000 4033c40b10c4ee34] v=[0000000000000000 0000000000000000 3fc39c9b2bf06cb9] g=1 pose=0 hp=4034000000000000 fd=0000000000000000 fpy=4050000000000000 coll=0 r=00000
t057 p=[c01e000000000000 4050000000000000 40340be1906e51b7] v=[0000000000000000 0000000000000000 3fc39c9b2bf06a2c] g=1 pose=0 hp=4034000000000000 fd=0000000000000000 fpy=4050000000000000 coll=0 r=00000
t058 p=[c01e000000000000 4050000000000000 403453b81017b535] v=[0000000000000000 0000000000000000 3fc39c9b2bf068c7] g=1 pose=0 hp=4034000000000000 fd=0000000000000000 fpy=4050000000000000 coll=0 r=00000
t059 p=[c01e000000000000 4050000000000000 40349b8e8fc118b0] v=[0000000000000000 0000000000000000 3fc39c9b2bf06804] g=1 pose=0 hp=4034000000000000 fd=0000000000000000 fpy=4050000000000000 coll=0 r=00000
t060 p=[c01e000000000000 4050000000000000 4034e3650f6a7c2a] v=[0000000000000000 0000000000000000 3fc39c9b2bf0679a] g=1 pose=0 hp=4034000000000000 fd=0000000000000000 fpy=4050000000000000 coll=0 r=00000
t061 p=[c01e000000000000 4050000000000000 40352b3b8f13dfa3] v=[0000000000000000 0000000000000000 3fc39c9b2bf06760] g=1 pose=0 hp=4034000000000000 fd=0000000000000000 fpy=4050000000000000 coll=0 r=00000
t062 p=[c01e000000000000 4050000000000000 403573120ebd431b] v=[0000000000000000 0000000000000000 3fc39c9b2bf06740] g=1 pose=0 hp=4034000000000000 fd=0000000000000000 fpy=4050000000000000 coll=0 r=00000
t063 p=[c01e000000000000 4050000000000000 4035a0d1208bd7a5] v=[0000000000000000 bfb41205bc01a36e 3fc4d08961d5815c] g=0 pose=0 hp=4034000000000000 fd=0000000000000000 fpy=4050000000000000 coll=0 r=00000
t064 p=[c01e000000000000 404ff5f6fd21ff2e 4035d0f80ec63663] v=[0000000000000000 bfc3dea465a57646 3fc5e8c0dfadab0a] g=0 pose=0 hp=4034000000000000 fd=3fb41205bc01a400 fpy=4050000000000000 coll=0 r=00000
t065 p=[c01e000000000000 404fe21858bc59b8 4036034f6bfc4575] v=[0000000000000000 bfcd81eba8044081 3fc6e7c02bcbf9ed] g=0 pose=0 hp=4034000000000000 fd=3fcde7a743a64800 fpy=4050000000000000 coll=0 r=00000
t066 p=[c01e000000000000 404fc4966d145577 403637a4c7ca9124] v=[0000000000000000 bfd379ed39a65543 3fc7cfcc54e78e83] g=0 pose=0 hp=4034000000000000 fd=3fddb4c975d54480 fpy=4050000000000000 coll=0 r=00000
t067 p=[c01e000000000000 404f9da292a108cc 40366dca3beb13fd] v=[0000000000000000 bfd81ab6b6dbbc6a 3fc8a2f61e270e0c] g=0 pose=0 hp=4034000000000000 fd=3fe8975b57bdcd00 fpy=4050000000000000 coll=0 r=00000
t068 p=[c01e000000000000 404f6d6d25335153 4036a596039e15d5] v=[0000000000000000 bfdca3ce17f6788b 3fc9631eb4021e43] g=0 pose=0 hp=4034000000000000 fd=3ff2525b5995d5a0 fpy=4050000000000000 coll=0 r=00000
t069 p=[c01e000000000000 404f342589036462 4036dee21c7ccdcd] v=[0000000000000000 bfe08ad657b8f9bc 3fca11fbf4b26d05] g=0 pose=0 hp=4034000000000000 fd=3ff97b4edf9373c0 fpy=4050000000000000 coll=0 r=00000
t070 p=[c01e000000000000 404ef1fa2fa4807c 4037198befdce663] v=[0000000000000000 bfe2b864b14f14b0 3fcab11c55f6b4b0] g=0 pose=0 hp=4034000000000000 fd=4000e05d05b7f840 fpy=4050000000000000 coll=0 r=00000
t071 p=[c01e000000000000 404ea7189cdf442a 4037557403ff8787] v=[0000000000000000 bfe4dacc5b060624 3fcb41ea71095211] g=0 pose=0 hp=4034000000000000 fd=40058e76320bbd60 fpy=4050000000000000 coll=0 r=00000
t072 p=[c01e000000000000 404e53ad6b732c12 4037927db4584de7] v=[0000000000000000 bfe6f2466cdd25f7 3fcbc5b03cdf6148] g=0 pose=0 hp=4034000000000000 fd=400ac52948cd3ee0 fpy=4050000000000000 coll=0 r=00000
t073 p=[c01e000000000000 404df7e451bfb77a 4037d08ef048c065] v=[0000000000000000 bfe8ff0ada81e3df 3fcc3d99fe0b2254] g=0 pose=0 hp=4034000000000000 fd=401040dd72024430 fpy=4050000000000000 coll=0 r=00000
t074 p=[c01e000000000000 404d93e82655afea 40380f8fffbb8a65] v=[0000000000000000 bfeb015079287505 3fccaab8f2f2f347] g=0 pose=0 hp=4034000000000000 fd=401360becd5280b0 fpy=4050000000000000 coll=0 r=00000
t075 p=[c01e000000000000 404d27e2e4710e16 40384f6b4d182407] v=[0000000000000000 bfecf94d054692a0 3fcd0e05c273fbaa] g=0 pose=0 hp=4034000000000000 fd=4016c0e8dc778f50 fpy=4050000000000000 coll=0 r=00000
t076 p=[c01e000000000000 404cb3fdb05bf3cc 4038900d3413bfb9] v=[0000000000000000 bfeee7352830e2d7 3fcd6862b27b52a8] g=0 pose=0 hp=4034000000000000 fd=401a60127d2061a0 fpy=4050000000000000 coll=0 r=00000
t077 p=[c01e000000000000 404c3860dbbb3040 4038d163d4ef6a19] v=[0000000000000000 bff0659e3ecdd10b 3fcdba9daba0b8dc] g=0 pose=0 hp=4034000000000000 fd=401e3cf922267e00 fpy=4050000000000000 coll=0 r=00000
t078 p=[c01e000000000000 404bb533e9c4c1b7 4039135eebbd5f47] v=[0000000000000000 bff152cacc7f900a 3fce05720e59cb9f] g=0 pose=0 hp=4034000000000000 fd=40212b3058ecf924 fpy=4050000000000000 coll=0 r=00000
t079 p=[c01e000000000000 404b2a9d9360c538 403955efab50c69b] v=[0000000000000000 bff23b3905705055 3fce498a5df2da22] g=0 pose=0 hp=4034000000000000 fd=40235589b27ceb20 fpy=4050000000000000 coll=0 r=00000
t080 p=[c01e000000000000 404a98c3cb3542b4 403999089b83600a] v=[0000000000000000 bff31f0133001705 3fce8781c51a4b2e] g=0 pose=0 hp=4034000000000000 fd=40259cf0d32af530 fpy=4050000000000000 coll=0 r=00000
t081 p=[c01e000000000000 4049ffcbc19d41fd 4039dc9d7a84485d] v=[0000000000000000 bff3fe3b2235f356 3fcebfe57773f20e] g=0 pose=0 hp=4034000000000000 fd=402800d0f98af80c fpy=4050000000000000 coll=0 r=00000
t082 p=[c01e000000000000 40495fd9e88b9263 403a20a320e9e3fc] v=[0000000000000000 bff4d8fe263ca768 3fcef335f35a023b] g=0 pose=0 hp=4034000000000000 fd=402a80985dd1b674 fpy=4050000000000000 coll=0 r=00000
t083 p=[c01e000000000000 4048b911f759ad29 403a650f68474bbd] v=[0000000000000000 bff5af611ad29550 3fcf21e826a8ce63] g=0 pose=0 hp=4034000000000000 fd=402d1bb822994b5c fpy=4050000000000000 coll=0 r=00000
t084 p=[c01e000000000000 40480b96ee83187e 403aa9d9140b5115] v=[0000000000000000 bff6817a66ad31a9 3fcf4c667930830d] g=0 pose=0 hp=4034000000000000 fd=402fd1a445f39e08 fpy=4050000000000000 coll=0 r=00000
t085 p=[c01e000000000000 4047578b1b4daef0 403aeef7bc7465d6] v=[0000000000000000 bff74f5ffdd03b86 3fcf7311bf2c0110] g=0 pose=0 hp=4034000000000000 fd=403150e9c964a220 fpy=4050000000000000 coll=0 r=00000
t086 p=[c01e000000000000 40469d101b5f2d15 403b3463bb697194] v=[0000000000000000 bff8192763d8f863 3fcf964215e55791] g=0 pose=0 hp=4034000000000000 fd=4032c5dfc941a5d6 fpy=4050000000000000 coll=0 r=00000
t087 p=[c01e000000000000 4045dc46e0406551 403b7a161b0bf000] v=[0000000000000000 bff8dee5ae3db179 3fcfb647ac7ea3bb] g=0 pose=0 hp=4034000000000000 fd=403447723f7f355e fpy=4050000000000000 coll=0 r=00000
t088 p=[c01e000000000000 4045154fb2ce77c5 403bc00885dba104] v=[0000000000000000 bff9a0af8681ae8a 3fcfd36b7aa8dc3b] g=0 pose=0 hp=4034000000000000 fd=4035d5609a631076 fpy=4050000000000000 coll=0 r=00000
t089 p=[c01e000000000000 4044484a369a6a51 403c06353847a678] v=[0000000000000000 bffa5e992c5de91a 3fcfedefe6e8e191] g=0 pose=0 hp=4034000000000000 fd=40376f6b92cb2b5e fpy=4050000000000000 coll=0 r=00000
t090 p=[c01e000000000000 404375556d377b09 403c4c96f38c2bf8] v=[0000000000000000 bffb18b677deb1db 3fd00308aef2d99d] g=0 pose=0 hp=4034000000000000 fd=40391555259109ee fpy=4050000000000000 coll=0 r=00000
t091 p=[c01e000000000000 40429c8fb9788579 403c9328f1beab18] v=[0000000000000000 bffbcf1adb7680d5 3fd00e036e0c485e] g=0 pose=0 hp=4034000000000000 fd=403ac6e08d0ef50e fpy=4050000000000000 coll=0 r=00000
t092 p=[c01e000000000000 4041be16e29cd171 403cd9e6daed8ff4] v=[0000000000000000 bffc81d9660627d5 3fd01801358c62ea] g=0 pose=0 hp=4034000000000000 fd=403c83d23ac65d1e fpy=4050000000000000 coll=0 r=00000
t093 p=[c01e000000000000 4040da08176ca031 403d20ccbb3a753c] v=[0000000000000000 bffd3104c4da9d69 3fd02118c9d0521d] g=0 pose=0 hp=4034000000000000 fd=403e4befd126bf9e fpy=4050000000000000 coll=0 r=00000
t094 p=[c01e000000000000 403fe0ffe28b968a 403d67d6f9d86a40] v=[0000000000000000 bffddcaf45a095c2 3fd0295ee2a7bdb4] g=0 pose=0 hp=4034000000000000 fd=40400f800eba34bb fpy=4050000000000000 coll=0 r=00000
t095 p=[c01e000000000000 403e0334ee318d2e 403daf0250d9bcf4] v=[0000000000000000 bffe84ead84e1d9e 3fd030e65a8a7e55] g=0 pose=0 hp=4034000000000000 fd=4040fe6588e73969 fpy=4050000000000000 coll=0 r=00000
t096 p=[c01e000000000000 403c1ae640acab56 403df64bc5ba9aa8] v=[0000000000000000 bfff29c911026a71 3fd037c0598e9924] g=0 pose=0 hp=4034000000000000 fd=4041f28cdfa9aa55 fpy=4050000000000000 coll=0 r=00000
t097 p=[c01e000000000000 403a2849af9c84ae 403e3db0a29788c8] v=[0000000000000000 bfffcb5b29dc11e2 3fd03dfc7c8069dc] g=0 pose=0 hp=4034000000000000 fd=4042ebdb2831bda9 fpy=4050000000000000 coll=0 r=00000
t098 p=[c01e000000000000 40382b93fcfec38e 403e852e70003e2c] v=[0000000000000000 c00034d90262ece9 3fd043a8f87610c1] g=0 pose=0 hp=4034000000000000 fd=4043ea3601809e39 fpy=4050000000000000 coll=0 r=00000
t099 p=[c01e000000000000 403624f8dcb265f2 403eccc2ef58ca2d] v=[0000000000000000 c000826f169d287b 3fd048d2bb2f356d] g=0 pose=0 hp=4034000000000000 fd=4044ed8391a6cd07 fpy=4050000000000000 coll=0 r=00000
t100 p=[c01e000000000000 403414aaf9dec0e5 403f146c15bc3abf] v=[0000000000000000 c000ce77ecff2fa9 3fd04d85888ae399] g=0 pose=0 hp=4034000000000000 fd=4045f5aa83109f8e fpy=4050000000000000 coll=0 r=00000
t101 p=[c01e000000000000 4031fadbfc3edaef 403f5c2807551a0b] v=[0000000000000000 c00118fb77697e60 3fd051cc1556a360] g=0 pose=0 hp=4034000000000000 fd=4047029201e09288 fpy=4050000000000000 coll=0 r=00000
t102 p=[c01e000000000000 402faf791aa35648 403fa3f513212856] v=[0000000000000000 c00162017f0f1d6f 3fd055b01fb3e3d0] g=0 pose=0 hp=4034000000000000 fd=40481421b9572a6e fpy=4050000000000000 coll=0 r=00000
t103 p=[c01e000000000000 402b56f8badf8eed 403febd1af16ab9f] v=[0000000000000000 c001a991a545e764 3fd0593a854b4f17] g=0 pose=0 hp=4034000000000000 fd=40492a41d1481c45 fpy=4050000000000000 coll=0 r=00000
t104 p=[c01e000000000000 4026ec94518e1513 404019de3a51464c] v=[0000000000000000 c001efb36452a312 3fd05c7357809ecb] g=0 pose=0 hp=4034000000000000 fd=404a44daeb9c7abb fpy=4050000000000000 coll=0 r=00000
t105 p=[c01e000000000000 402270a778796c4e 40403dda0ebba165] v=[0000000000000000 c002346e10310914 3fd05f61edd4f93e] g=0 pose=0 hp=4034000000000000 fd=404b63d621e1a4ec fpy=4050000000000000 coll=0 r=00000
t106 p=[c01e000000000000 401bc717e8da5414 404061dbc052a534] v=[0000000000000000 c00277c8d757c934 3fd0620cf6a1bc31] g=0 pose=0 hp=4034000000000000 fd=404c871d02e4b57e fpy=4050000000000000 coll=0 r=00000
t107 p=[c01e000000000000 40128b337d2e6f7b 404085e2c7fb4289] v=[0000000000000000 c002b9cac378a435 3fd0647a8651d3ff] g=0 pose=0 hp=4034000000000000 fd=404dae99905a3211 fpy=4050000000000000 coll=0 r=00000
t108 p=[c01e000000000000 40025c9c36e43ac2 4040a9eeaac34010] v=[0000000000000000 c002fa7aba3cae08 3fd066b0253c500f] g=0 pose=0 hp=4034000000000000 fd=404eda363c91bc54 fpy=4050000000000000 coll=0 r=00000
t109 p=[c01e000000000000 bfb3bbd06b0e68b8 4040cdfef8c9128d] v=[0000000000000000 c00339df7dfccc23 3fd068b2dc3fc613] g=0 pose=0 hp=4034000000000000 fd=405004eef41ac39a fpy=4050000000000000 coll=0 r=00000
t110 p=[c01e000000000000 c003d7be01553f69 4040f2134c3cebf5] v=[0000000000000000 c00377ffae76833e 3fd06a87403b3e45] g=0 pose=0 hp=4034000000000000 fd=40509ebdf00aa9fb fpy=4050000000000000 coll=0 r=00000
t111 p=[c01e000000000000 c013a7ded7e5e154 4041162b4878bc51] v=[0000000000000000 c003b4e1c97d2753 3fd06c317c7ecced] g=0 pose=0 hp=4034000000000000 fd=40513a7ded7e5e15 fpy=4050000000000000 coll=0 r=00000
t112 p=[c01e000000000000 c01d824fbca474ff 40413a46992d13c9] v=[0000000000000000 c003f08c2ba78072 3fd06db55c4ba339] g=0 pose=0 hp=4034000000000000 fd=4051d824fbca4750 fpy=4050000000000000 coll=0 r=00000
t113 p=[c01e000000000000 c023bd4ae93c1a9b 40415e64f1a104ec] v=[0000000000000000 c0042b0510f9f681 3fd06f1653793d46] g=0 pose=0 hp=4034000000000000 fd=405277a95d278353 fpy=4050000000000000 coll=0 r=00000
t114 p=[c01e000000000000 c028c80c2d7a9839 404182860c035144] v=[0000000000000000 c0046452958d55b9 3fd0705786536080] g=0 pose=0 hp=4034000000000000 fd=4053190185af5307 fpy=4050000000000000 coll=0 r=00000
t115 p=[c01e000000000000 c02de120d2ddeda5 4041a6a9a8cb51e2] v=[0000000000000000 c0049c7ab6323d47 3fd0717bd0c2d798] g=0 pose=0 hp=4034000000000000 fd=4053bc241a5bbdb5 fpy=4050000000000000 coll=0 r=00000
t116 p=[c01e000000000000 c031841fc0353e7a 4041cacf8e283170] v=[0000000000000000 c004d38351114929 3fd07285ccd13c4a] g=0 pose=0 hp=4034000000000000 fd=40546107f00d4f9e fpy=4050000000000000 coll=0 r=00000
t117 p=[c01e000000000000 c0341e902a5767a2 4041eef7877d2dc4] v=[0000000000000000 c005097226480801 3fd07377d896a749] g=0 pose=0 hp=4034000000000000 fd=405507a40a95d9e8 fpy=4050000000000000 coll=0 r=00000
t118 p=[c01e000000000000 c036bfbe6f2068a0 4042132164e9b4f0] v=[0000000000000000 c0053e4cd882cd45 3fd074541b9ec8a6] g=0 pose=0 hp=4034000000000000 fd=4055afef9bc81a28 fpy=4050000000000000 coll=0 r=00000
t119 p=[c01e000000000000 c03967880a30c248 4042374cfadc4c62] v=[0000000000000000 c0057218ed936fdf 3fd0751c8bd1b3cf] g=0 pose=0 hp=4034000000000000 fd=405659e2028c3092 fpy=4050000000000000 coll=0 r=00000
   end g=0 pose=0 hp=4034000000000000
-- player case water swim --
t000 p=[c0290b0d306a2b17 4050000000000000 c029000000000000] v=[bf961a60d4562e09 3fa999999999999a 0000000000000000] g=1 pose=0 hp=4034000000000000 fd=0000000000000000 fpy=4050000000000000 coll=0 r=00000
t001 p=[c0291ef1bac2df0d 4050033333333333 c029000000000000] v=[bfa3e48a58b3f63b 3fb70a3d70a3d70b 0000000000000000] g=1 pose=0 hp=4034000000000000 fd=0000000000000000 fpy=4050033333333333 coll=0 r=00000
t002 p=[c02939e8f3740083 405008f5c28f5c29 c029000000000000] v=[bfaaf738b121759a 3fbf3b645a1cac09 0000000000000000] g=0 pose=0 hp=4034000000000000 fd=0000000000000000 fpy=405008f5c28f5c29 coll=0 r=00000
t003 p=[c0295a88b79f132b 405010c49ba5e354 c029000000000000] v=[bfb04fe215895426 3fc2e48e8a71de6a 0000000000000000] g=0 pose=0 hp=4034000000000000 fd=0000000000000000 fpy=405010c49ba5e354 coll=0 r=00000
t004 p=[c0297faf51c54d2f 40501a36e2eb1c43 c029000000000000] v=[bfb2934d131d0207 3fc3333333333333 0000000000000000] g=0 pose=0 hp=4034000000000000 fd=0000000000000000 fpy=40501a36e2eb1c43 coll=0 r=00000
t005 p=[c029a874fd814049 405023d07c84b5dd c029000000000000] v=[bfb462d5ddf98d22 3fc3333333333333 0000000000000000] g=0 pose=0 hp=4034000000000000 fd=0000000000000000 fpy=405023d07c84b5dd coll=0 r=00000
t006 p=[c029d42050e82ddb 40502d6a161e4f77 c029000000000000] v=[bfb5d5a9b376c937 3fc3333333333333 0000000000000000] g=0 pose=0 hp=4034000000000000 fd=0000000000000000 fpy=40502d6a161e4f77 coll=0 r=00000
t007 p=[c02a021cf73e4a34 40503703afb7e911 c029000000000000] v=[bfb6fe532b0e2c7b 3fc3333333333333 0000000000000000] g=0 pose=0 hp=4034000000000000 fd=0000000000000000 fpy=40503703afb7e911 coll=0 r=00000
t008 p=[c02a31f44653bf2c 4050409d495182ab c029000000000000] v=[bfb7eba78aba7be5 3fc3333333333333 0000000000000000] g=0 pose=0 hp=4034000000000000 fd=0000000000000000 fpy=4050409d495182ab coll=0 r=00000
t009 p=[c02a63474f9be170 40504a36e2eb1c45 c029000000000000] v=[bfb8a984a41121d3 3fc3333333333333 0000000000000000] g=0 pose=0 hp=4034000000000000 fd=0000000000000000 fpy=40504a36e2eb1c45 coll=0 r=00000
t010 p=[c02a95ca210c8e57 405053d07c84b5df c029000000000000] v=[bfb94168b856735f 3fc3333333333333 0000000000000000] g=0 pose=0 hp=4034000000000000 fd=0000000000000000 fpy=405053d07c84b5df coll=0 r=00000
t011 p=[c02ac93ff904108d 40505d6a161e4f79 c029000000000000] v=[bfb9baebfbc11b02 3fc3333333333333 0000000000000000] g=0 pose=0 hp=4034000000000000 fd=0000000000000000 fpy=40505d6a161e4f79 coll=0 r=00000
t012 p=[c02afd783c9aa3cf 40506703afb7e913 c029000000000000] v=[bfba1c21cb49a11e 3fc3333333333333 0000000000000000] g=0 pose=0 hp=4034000000000000 fd=0000000000000000 fpy=40506703afb7e913 coll=0 r=00000
t013 p=[c02b324c097d44b5 4050709d495182ad c029000000000000] v=[bfba69e6715072ce 3fc3333333333333 0000000000000000] g=0 pose=0 hp=4034000000000000 fd=0000000000000000 fpy=4050709d495182ad coll=0 r=00000
t014 p=[c02b679c443656ea 40507a36e2eb1c47 c029000000000000] v=[bfbaa81d5c891a8e 3fc3333333333333 0000000000000000] g=0 pose=0 hp=4034000000000000 fd=0000000000000000 fpy=40507a36e2eb1c47 coll=0 r=00000
t015 p=[c02b9d500a015d5f 405083d07c84b5e1 c029000000000000] v=[bfbad9e2e5833a5b 3fc3333333333333 0000000000000000] g=0 pose=0 hp=4034000000000000 fd=0000000000000000 fpy=405083d07c84b5e1 coll=0 r=00000
t016 p=[c02bd3537241273a 40508d6a161e4f7b c029000000000000] v=[bfbb01b41fe4ed65 3fc3333333333333 0000000000000000] g=0 pose=0 hp=4034000000000000 fd=0000000000000000 fpy=40508d6a161e4f7b coll=0 r=00000
t017 p=[c02c09968fab2700 40509703afb7e915 c029000000000000] v=[bfbb218eb4ffe307 3fc3333333333333 0000000000000000] g=0 pose=0 hp=4034000000000000 fd=0000000000000000 fpy=40509703afb7e915 coll=0 r=00000
t018 p=[c02c49e2aff32798 4050a09d495182af c029000000000000] v=[bfbd415b7cebca2d 3fb18fc504816f00 0000000000000000] g=0 pose=0 hp=4034000000000000 fd=0000000000000000 fpy=4050a09d495182af coll=0 r=00000
t019 p=[c02c8e6e69cafffe 4050a5013a92a30b c029000000000000] v=[bfbf30371e5e9f14 bf86e158750c1b9b 0000000000000000] g=0 pose=0 hp=4034000000000000 fd=0000000000000000 fpy=4050a5013a92a30b coll=0 r=00000
t020 p=[c02cd6d7dae5be0e 4050a44a2fcefaaa c029000000000000] v=[bfc079449c7be10d bfb6df8c17250aa7 0000000000000000] g=0 pose=0 hp=4034000000000000 fd=3f86e158750c2000 fpy=4050a5013a92a30b coll=0 r=00000
t021 p=[c02d22c5f035ae64 40509e924cc93167 c029000000000000] v=[bfc14629f7f23245 bfc53e3ab624e3bc 0000000000000000] g=0 pose=0 hp=4034000000000000 fd=3fb9bbb725c69000 fpy=4050a5013a92a30b coll=0 r=00000
t022 p=[c02d71e79af377ff 405093f32f6e1ef5 c029000000000000] v=[bfc2009e860e814c bfceda79d82f3604 0000000000000000] g=0 pose=0 hp=4034000000000000 fd=3fd10e0b24841600 fpy=4050a5013a92a30b coll=0 r=00000
t023 p=[c02dc3f317e9b2d6 40508485f282075a c029000000000000] v=[bfc2aa4b2618e7ef bfd422c241e457ce 0000000000000000] g=0 pose=0 hp=4034000000000000 fd=3fe03da4084dd880 fpy=4050a5013a92a30b coll=0 r=00000
t024 p=[c02e18a547601747 4050706330402302 c029000000000000] v=[bfc344b27a4b54b1 bfd8c02b536a6cfd 0000000000000000] g=0 pose=0 hp=4034000000000000 fd=3fea4f0529400480 fpy=4050a5013a92a30b coll=0 r=00000
t025 p=[c02e6fc11427456b 405057a304ecb895 c029000000000000] v=[bfc3d13458d5609f bfdd45f392ab444e 0000000000000000] g=0 pose=0 hp=4034000000000000 fd=3ff3578d697a9d80 fpy=4050a5013a92a30b coll=0 r=00000
t026 p=[c02ec90ee8689bbf 40503a5d115a0d51 c029000000000000] v=[bfc45110ed958f51 bfe0da49fccf016b 0000000000000000] g=0 pose=0 hp=4034000000000000 fd=3ffaa90a4e256e80 fpy=4050a5013a92a30b coll=0 r=00000
t027 p=[c02f245c2efcf2cd 405018a87d606f4f c029000000000000] v=[bfc4c56b93aad888 bfe306418b69ca4c 0000000000000000] g=0 pose=0 hp=4034000000000000 fd=40018b17a6467780 fpy=4050a5013a92a30b coll=0 r=00000
t028 p=[c02f817ae0299f01 4050000000000000 c029000000000000] v=[bfc52f4d6d5cefa3 0000000000000000 0000000000000000] g=1 pose=0 hp=4034000000000000 fd=0000000000000000 fpy=4050000000000000 coll=0 r=01010
t029 p=[c0300432921a8b6c 40501ae147ae147b c029000000000000] v=[bfc26a7928fd4945 3fd5532617c1bda4 0000000000000000] g=0 pose=0 hp=4034000000000000 fd=0000000000000000 fpy=40501ae147ae147b coll=0 r=00000
t030 p=[c0302e0c05db8667 405030346dc5d639 c029000000000000] v=[bfc30a9ee8723263 3fcfc2eba27ae9a8 0000000000000000] g=0 pose=0 hp=4034000000000000 fd=0000000000000000 fpy=405030346dc5d639 coll=0 r=00000
t031 p=[c0305925c51b6b35 40504015e39713ae c029000000000000] v=[bfc39c5adbcaaa5d 3fc5174a746d652f 0000000000000000] g=0 pose=0 hp=4034000000000000 fd=0000000000000000 fpy=40504015e39713ae coll=0 r=00000
t032 p=[c0308562fc4200f3 40504aa188d14a61 c029000000000000] v=[bfc420f917f4c59f 3fb544966fdf042b 0000000000000000] g=0 pose=0 hp=4034000000000000 fd=0000000000000000 fpy=40504aa188d14a61 coll=0 r=00000
t033 p=[c030b2a96fe0eae7 40504ff2ae6d4222 c029000000000000] v=[bfc499a7ceb4b059 3f68b58d3e508fcd 0000000000000000] g=0 pose=0 hp=4034000000000000 fd=0000000000000000 fpy=40504ff2ae6d4222 coll=0 r=00000
t034 p=[c030e0e140ed54b1 405050241987bec3 c029000000000000] v=[bfc50779ff3f7e45 bfb3504d68a87382 0000000000000000] g=0 pose=0 hp=4034000000000000 fd=0000000000000000 fpy=405050241987bec3 coll=0 r=00000
t035 p=[c0310ff4b65ad416 40504b50062d94a6 c029000000000000] v=[bfc56b69e8dc8675 bfc37fb828535c3b 0000000000000000] g=0 pose=0 hp=4034000000000000 fd=3fb3504d68a87400 fpy=405050241987bec3 coll=0 r=00000
t036 p=[c0313fd00b9b8d8c 405041902a196af8 c029000000000000] v=[bfc5c65b45212f30 bfcd24e56bec1cbd 0000000000000000] g=0 pose=0 hp=4034000000000000 fd=3fcd27dedca79600 fpy=405050241987bec3 coll=0 r=00000
t037 p=[c03170614394d053 405032fdb76374ea c029000000000000] v=[bfc6191d4eda8b4b bfd34c58400b2505 0000000000000000] g=0 pose=0 hp=4034000000000000 fd=3fdd26622449d900 fpy=405050241987bec3 coll=0 r=00000
t038 p=[c031a197ffa185d2 40501fb15f2369c5 c029000000000000] v=[bfc6646c9a4338b5 bfd7ee0b1e677dc7 0000000000000000] g=0 pose=0 hp=4034000000000000 fd=3fe8395d322a7f00 fpy=405050241987bec3 coll=0 r=00000
t039 p=[c031d3655a450cac 405007c354050247 c029000000000000] v=[bfc6a8f4c2b98498 bfdc780735c1fdb8 0000000000000000] g=0 pose=0 hp=4034000000000000 fd=3ff2183160af1f00 fpy=405050241987bec3 coll=0 r=00000
t040 p=[c03205bbc539801e 4050000000000000 c029000000000000] v=[bfc6e751f1c901f9 0000000000000000 0000000000000000] g=1 pose=0 hp=4034000000000000 fd=0000000000000000 fpy=4050000000000000 coll=0 r=01010
t041 p=[c0324ca0f048142e 40501ae147ae147b c029000000000000] v=[bfc35ab911093077 3fd5532617c1bda4 0000000000000000] g=0 pose=0 hp=4034000000000000 fd=0000000000000000 fpy=40501ae147ae147b coll=0 r=00000
t042 p=[c032785ae3d926f8 405030346dc5d639 c029000000000000] v=[bfc3e53f767d0756 3fcfc2eba27ae9a8 0000000000000000] g=0 pose=0 hp=4034000000000000 fd=0000000000000000 fpy=405030346dc5d639 coll=0 r=00000
t043 p=[c032a529e4352170 40504015e39713ae c029000000000000] v=[bfc4634e3e5485bf 3fc5174a746d652f 0000000000000000] g=0 pose=0 hp=4034000000000000 fd=0000000000000000 fpy=40504015e39713ae coll=0 r=00000
t044 p=[c032d2f50220cae4 40504aa188d14a61 c029000000000000] v=[bfc4d604a762dc9f 3fb544966fdf042b 0000000000000000] g=0 pose=0 hp=4034000000000000 fd=0000000000000000 fpy=40504aa188d14a61 coll=0 r=00000
t045 p=[c03301a58cde9106 40504ff2ae6d4222 c029000000000000] v=[bfc53e681658dee1 3f68b58d3e508fcd 0000000000000000] g=0 pose=0 hp=4034000000000000 fd=0000000000000000 fpy=40504ff2ae6d4222 coll=0 r=00000
t046 p=[c0333126de7a432d 405050241987bec3 c029000000000000] v=[bfc59d666966d192 bfb3504d68a87382 0000000000000000] g=0 pose=0 hp=4034000000000000 fd=0000000000000000 fpy=405050241987bec3 coll=0 r=00000
t047 p=[c03361662cbc1139 40504b50062d94a6 c029000000000000] v=[bfc5f3d81642df10 bfc37fb828535c3b 0000000000000000] g=0 pose=0 hp=4034000000000000 fd=3fb3504d68a87400 fpy=405050241987bec3 coll=0 r=00000
t048 p=[c03392525e579760 405041902a196af8 c029000000000000] v=[bfc6428217674780 bfcd24e56bec1cbd 0000000000000000] g=0 pose=0 hp=4034000000000000 fd=3fcd27dedca79600 fpy=405050241987bec3 coll=0 r=00000
t049 p=[c033c3dbe3f56658 405032fdb76374ea c029000000000000] v=[bfc68a17acec4023 bfd34c58400b2505 0000000000000000] g=0 pose=0 hp=4034000000000000 fd=3fdd26622449d900 fpy=405050241987bec3 coll=0 r=00000
t050 p=[c033f5f494be3f41 40501fb15f2369c5 c029000000000000] v=[bfc6cb3bf4fc4b5b bfd7ee0b1e677dc7 0000000000000000] g=0 pose=0 hp=4034000000000000 fd=3fe8395d322a7f00 fpy=405050241987bec3 coll=0 r=00000
t051 p=[c034288f8e173841 405007c354050247 c029000000000000] v=[bfc706835f85c635 bfdc780735c1fdb8 0000000000000000] g=0 pose=0 hp=4034000000000000 fd=3ff2183160af1f00 fpy=405050241987bec3 coll=0 r=00000
t052 p=[c0345ba116454436 4050000000000000 c029000000000000] v=[bfc73c750078a415 0000000000000000 0000000000000000] g=1 pose=0 hp=4034000000000000 fd=0000000000000000 fpy=4050000000000000 coll=0 r=01010
t053 p=[c0348f1e81b535e7 4050000000000000 c029000000000000] v=[bfc76d8bc39316f2 bfb41205bc01a36e 0000000000000000] g=0 pose=0 hp=4034000000000000 fd=0000000000000000 fpy=4050000000000000 coll=0 r=00000
t054 p=[c034c2fe1aab5c7e 404ff5f6fd21ff2e c029000000000000] v=[bfc79a37847a8498 bfc3dea465a57646 0000000000000000] g=0 pose=0 hp=4034000000000000 fd=3fb41205bc01a400 fpy=4050000000000000 coll=0 r=00000
t055 p=[c034f7370b2351f0 404fe21858bc59b8 c029000000000000] v=[bfc7c2de0d9f09a7 bfcd81eba8044081 0000000000000000] g=0 pose=0 hp=4034000000000000 fd=3fcde7a743a64800 fpy=4050000000000000 coll=0 r=00000
t056 p=[c0352bc148ad906c 404fc4966d145577 c029000000000000] v=[bfc7e7dc002e59c7 bfd379ed39a65543 0000000000000000] g=0 pose=0 hp=4034000000000000 fd=3fddb4c975d54480 fpy=4050000000000000 coll=0 r=00000
t057 p=[c0356095821ced88 404f9da292a108cc c029000000000000] v=[bfc80985a7268688 bfd81ab6b6dbbc6a 0000000000000000] g=0 pose=0 hp=4034000000000000 fd=3fe8975b57bdcd00 fpy=4050000000000000 coll=0 r=00000
t058 p=[c03595ad0eda3afe 404f6d6d25335153 c029000000000000] v=[bfc82827b769a504 bfdca3ce17f6788b 0000000000000000] g=0 pose=0 hp=4034000000000000 fd=3ff2525b5995d5a0 fpy=4050000000000000 coll=0 r=00000
t059 p=[c035cb01dfb80eb1 404f342589036462 c029000000000000] v=[bfc84407fe8800c2 bfe08ad657b8f9bc 0000000000000000] g=0 pose=0 hp=4034000000000000 fd=3ff97b4edf9373c0 fpy=4050000000000000 coll=0 r=00000
t060 p=[c036008e71241f1b 404ef1fa2fa4807c c029000000000000] v=[bfc85d6601cf2629 bfe2b864b14f14b0 0000000000000000] g=0 pose=0 hp=4034000000000000 fd=4000e05d05b7f840 fpy=4050000000000000 coll=0 r=00000
t061 p=[c036364dbe96bdd1 404ea7189cdf442a c029000000000000] v=[bfc8747b8f083647 bfe4dacc5b060624 0000000000000000] g=0 pose=0 hp=4034000000000000 fd=40058e76320bbd60 fpy=4050000000000000 coll=0 r=00000
t062 p=[c0366c3b3723cea7 404e53ad6b732c12 c029000000000000] v=[bfc8897d402f56dd bfe6f2466cdd25f7 0000000000000000] g=0 pose=0 hp=4034000000000000 fd=400ac52948cd3ee0 fpy=4050000000000000 coll=0 r=00000
t063 p=[c036a252b3132dbd 404df7e451bfb77a c029000000000000] v=[bfc89c9af3506299 bfe8ff0ada81e3df 0000000000000000] g=0 pose=0 hp=4034000000000000 fd=401040dd72024430 fpy=4050000000000000 coll=0 r=00000
t064 p=[c036d8906a68ceeb 404d93e82655afea c029000000000000] v=[bfc8ae003799fa13 bfeb015079287505 0000000000000000] g=0 pose=0 hp=4034000000000000 fd=401360becd5280b0 fpy=4050000000000000 coll=0 r=00000
t065 p=[c0370ef0ec470349 404d27e2e4710e16 c029000000000000] v=[bfc8bdd4b09f815c bfecf94d054692a0 0000000000000000] g=0 pose=0 hp=4034000000000000 fd=4016c0e8dc778f50 fpy=4050000000000000 coll=0 r=00000
t066 p=[c0374571171742b5 404cb3fdb05bf3cc c029000000000000] v=[bfc8cc3c70ac3759 bfeee7352830e2d7 0000000000000000] g=0 pose=0 hp=4034000000000000 fd=401a60127d2061a0 fpy=4050000000000000 coll=0 r=00000
t067 p=[c0377c0e11679b8d 404c3860dbbb3040 c029000000000000] v=[bfc8d9584af5391e bff0659e3ecdd10b 0000000000000000] g=0 pose=0 hp=4034000000000000 fd=401e3cf922267e00 fpy=4050000000000000 coll=0 r=00000
t068 p=[c037b2c5436c8668 404bb533e9c4c1b7 c029000000000000] v=[bfc8e5461e65bd4a bff152cacc7f900a 0000000000000000] g=0 pose=0 hp=4034000000000000 fd=40212b3058ecf924 fpy=4050000000000000 coll=0 r=00000
t069 p=[c037e9945118524c 404b2a9d9360c538 c029000000000000] v=[bfc8f02119aff820 bff23b3905705055 0000000000000000] g=0 pose=0 hp=4034000000000000 fd=40235589b27ceb20 fpy=4050000000000000 coll=0 r=00000
t070 p=[c038207914bab2a6 404a98c3cb3542b4 c029000000000000] v=[bfc8fa01f93dc225 bff31f0133001705 0000000000000000] g=0 pose=0 hp=4034000000000000 fd=40259cf0d32af530 fpy=4050000000000000 coll=0 r=00000
t071 p=[c03857719a1c2e92 4049ffcbc19d41fd c029000000000000] v=[bfc902ff3f8e2581 bff3fe3b2235f356 0000000000000000] g=0 pose=0 hp=4034000000000000 fd=402800d0f98af80c fpy=4050000000000000 coll=0 r=00000
t072 p=[c0388e7c1a0a4b47 40495fd9e88b9263 c029000000000000] v=[bfc90b2d6880427b bff4d8fe263ca768 0000000000000000] g=0 pose=0 hp=4034000000000000 fd=402a80985dd1b674 fpy=4050000000000000 coll=0 r=00000
t073 p=[c038c596f64a4c35 4048b911f759ad29 c029000000000000] v=[bfc9129f18006c36 bff5af611ad29550 0000000000000000] g=0 pose=0 hp=4034000000000000 fd=402d1bb822994b5c fpy=4050000000000000 coll=0 r=00000
t074 p=[c038fcc0b5e94d77 40480b96ee83187e c029000000000000] v=[bfc919654481d9dd bff6817a66ad31a9 0000000000000000] g=0 pose=0 hp=4034000000000000 fd=402fd1a445f39e08 fpy=4050000000000000 coll=0 r=00000
t075 p=[c03933f801e15193 4047578b1b4daef0 c029000000000000] v=[bfc91f8f5da5b5f8 bff74f5ffdd03b86 0000000000000000] g=0 pose=0 hp=4034000000000000 fd=403150e9c964a220 fpy=4050000000000000 coll=0 r=00000
t076 p=[c0396b3ba20b9d68 40469d101b5f2d15 c029000000000000] v=[bfc9252b6f679f8b bff8192763d8f863 0000000000000000] g=0 pose=0 hp=4034000000000000 fd=4032c5dfc941a5d6 fpy=4050000000000000 coll=0 r=00000
t077 p=[c039a28a7a596d10 4045dc46e0406551 c029000000000000] v=[bfc92a46421fc375 bff8dee5ae3db179 0000000000000000] g=0 pose=0 hp=4034000000000000 fd=403447723f7f355e fpy=4050000000000000 coll=0 r=00000
t078 p=[c039d9e3884cad00 4045154fb2ce77c5 c029000000000000] v=[bfc92eeb77a37dbd bff9a0af8681ae8a 0000000000000000] g=0 pose=0 hp=4034000000000000 fd=4035d5609a631076 fpy=4050000000000000 coll=0 r=00000
t079 p=[c03a1145e0aaf464 4044484a369a6a51 c029000000000000] v=[bfc93325a5c6e222 bffa5e992c5de91a 0000000000000000] g=0 pose=0 hp=4034000000000000 fd=40376f6b92cb2b5e fpy=4050000000000000 coll=0 r=00000
t080 p=[c03a48b0ad658290 404375556d377b09 c029000000000000] v=[bfc936fe6e7b91f9 bffb18b677deb1db 0000000000000000] g=0 pose=0 hp=4034000000000000 fd=40391555259109ee fpy=4050000000000000 coll=0 r=00000
t081 p=[c03a80232bb17a1c 40429c8fb9788579 c029000000000000] v=[bfc93a7e95c3d5d4 bffbcf1adb7680d5 0000000000000000] g=0 pose=0 hp=4034000000000000 fd=403ac6e08d0ef50e fpy=4050000000000000 coll=0 r=00000
t082 p=[c03ab79caa4c0230 4041be16e29cd171 c029000000000000] v=[bfc93dae15abff18 bffc81d9660627d5 0000000000000000] g=0 pose=0 hp=4034000000000000 fd=403c83d23ac65d1e fpy=4050000000000000 coll=0 r=00000
t083 p=[c03aef1c87e65a98 4040da08176ca031 c029000000000000] v=[bfc940943077954a bffd3104c4da9d69 0000000000000000] g=0 pose=0 hp=4034000000000000 fd=403e4befd126bf9e fpy=4050000000000000 coll=0 r=00000
t084 p=[c03b26a231b64a2c 403fe0ffe28b968a c029000000000000] v=[bfc94337812bba20 bffddcaf45a095c2 0000000000000000] g=0 pose=0 hp=4034000000000000 fd=40400f800eba34bb fpy=4050000000000000 coll=0 r=00000
t085 p=[c03b5e2d2227a208 403e0334ee318d2e c029000000000000] v=[bfc9459e0a9c753f bffe84ead84e1d9e 0000000000000000] g=0 pose=0 hp=4034000000000000 fd=4040fe6588e73969 fpy=4050000000000000 coll=0 r=00000
t086 p=[c03b95bcdfabdb5c 403c1ae640acab56 c029000000000000] v=[bfc947cd451f3402 bfff29c911026a71 0000000000000000] g=0 pose=0 hp=4034000000000000 fd=4041f28cdfa9aa55 fpy=4050000000000000 coll=0 r=00000
t087 p=[c03bcd50fba51a2c 403a2849af9c84ae c029000000000000] v=[bfc949ca2b01b385 bfffcb5b29dc11e2 0000000000000000] g=0 pose=0 hp=4034000000000000 fd=4042ebdb2831bda9 fpy=4050000000000000 coll=0 r=00000
t088 p=[c03c04e9116a1dfc 40382b93fcfec38e c029000000000000] v=[bfc94b9943e1bc09 c00034d90262ece9 0000000000000000] g=0 pose=0 hp=4034000000000000 fd=4043ea3601809e39 fpy=4050000000000000 coll=0 r=00000
t089 p=[c03c3c84c560e1dd 403624f8dcb265f2 c029000000000000] v=[bfc94d3eaeff8658 c000826f169d287b 0000000000000000] g=0 pose=0 hp=4034000000000000 fd=4044ed8391a6cd07 fpy=4050000000000000 coll=0 r=00000
t090 p=[c03c7423c42de154 403414aaf9dec0e5 c029000000000000] v=[bfc94ebe2ca2505d c000ce77ecff2fa9 0000000000000000] g=0 pose=0 hp=4034000000000000 fd=4045f5aa83109f8e fpy=4050000000000000 coll=0 r=00000
t091 p=[c03cabc5c1f62660 4031fadbfc3edaef c029000000000000] v=[bfc9501b26a48834 c00118fb77697e60 0000000000000000] g=0 pose=0 hp=4034000000000000 fd=4047029201e09288 fpy=4050000000000000 coll=0 r=00000
t092 p=[c03ce36a79b26fda 402faf791aa35648 c029000000000000] v=[bfc95158b83b07d1 c00162017f0f1d6f 0000000000000000] g=0 pose=0 hp=4034000000000000 fd=40481421b9572a6e fpy=4050000000000000 coll=0 r=00000
t093 p=[c03d1b11ac91e654 402b56f8badf8eed c029000000000000] v=[bfc95279b5091aaa c001a991a545e764 0000000000000000] g=0 pose=0 hp=4034000000000000 fd=40492a41d1481c45 fpy=4050000000000000 coll=0 r=00000
t094 p=[c03d52bb216af8f4 4026ec94518e1513 c029000000000000] v=[bfc95380af916e60 c001efb36452a312 0000000000000000] g=0 pose=0 hp=4034000000000000 fd=404a44daeb9c7abb fpy=4050000000000000 coll=0 r=00000
t095 p=[c03d8a66a4391c38 402270a778796c4e c029000000000000] v=[bfc9546fff129bd5 c002346e10310914 0000000000000000] g=0 pose=0 hp=4034000000000000 fd=404b63d621e1a4ec fpy=4050000000000000 coll=0 r=00000
t096 p=[c03dc21405a641d7 401bc717e8da5414 c029000000000000] v=[bfc95549c4dca3eb c00277c8d757c934 0000000000000000] g=0 pose=0 hp=4034000000000000 fd=404c871d02e4b57e fpy=4050000000000000 coll=0 r=00000
t097 p=[c03df9c31a9efb88 40128b337d2e6f7b c029000000000000] v=[bfc9560ff12b8770 c002b9cac378a435 0000000000000000] g=0 pose=0 hp=4034000000000000 fd=404dae99905a3211 fpy=4050000000000000 coll=0 r=00000
t098 p=[c03e3173bbf05300 40025c9c36e43ac2 c029000000000000] v=[bfc956c4479209ae c002fa7aba3cae08 0000000000000000] g=0 pose=0 hp=4034000000000000 fd=404eda363c91bc54 fpy=4050000000000000 coll=0 r=00000
t099 p=[c03e6925c5ee777b bfb3bbd06b0e68b8 c029000000000000] v=[bfc9576862feae48 c00339df7dfccc23 0000000000000000] g=0 pose=0 hp=4034000000000000 fd=405004eef41ac39a fpy=4050000000000000 coll=0 r=00000
   end g=0 pose=0 hp=4034000000000000
-- player case void fall --
t000 p=[4039800000000000 4050000000000000 3fdebedfa43fe5c9] v=[0000000000000000 bfb41205bc01a36e bf924399b2c40d0b] g=0 pose=0 hp=4034000000000000 fd=0000000000000000 fpy=4050000000000000 coll=0 r=00000
t001 p=[4039800000000000 404ff5f6fd21ff2e 3fdc5985ad538ac2] v=[0000000000000000 bfc3dea465a57646 bfa17132c8294f04] g=0 pose=0 hp=4034000000000000 fd=3fb41205bc01a400 fpy=4050000000000000 coll=0 r=00000
t002 p=[4039800000000000 404fe21858bc59b8 3fd8ea3ef88e46ab] v=[0000000000000000 bfcd81eba8044081 bfa9012175ee0430] g=0 pose=0 hp=4034000000000000 fd=3fcde7a743a64800 fpy=4050000000000000 coll=0 r=00000
t003 p=[4039800000000000 404fc4966d145577 3fd488fa6e106bee] v=[0000000000000000 bfd379ed39a65543 bfafe2d442239493] g=0 pose=0 hp=4034000000000000 fd=3fddb4c975d54480 fpy=4050000000000000 coll=0 r=00000
t004 p=[4039800000000000 404f9da292a108cc 3fce96ff1417be4a] v=[0000000000000000 bfd81ab6b6dbbc6a bfb312fcc31acd43] g=0 pose=0 hp=4034000000000000 fd=3fe8975b57bdcd00 fpy=4050000000000000 coll=0 r=00000
t005 p=[4039800000000000 404f6d6d25335153 3fc28b3ffb0a233b] v=[0000000000000000 bfdca3ce17f6788b bfb5ec6b287a0ad9] g=0 pose=0 hp=4034000000000000 fd=3ff2525b5995d5a0 fpy=4050000000000000 coll=0 r=00000
t006 p=[4039800000000000 404f342589036462 3fa44b26bd33a584] v=[0000000000000000 bfe08ad657b8f9bc bfb88433755d82e4] g=0 pose=0 hp=4034000000000000 fd=3ff97b4edf9373c0 fpy=4050000000000000 coll=0 r=00000
t007 p=[4039800000000000 404ef1fa2fa4807c bfb3632185c418fe] v=[0000000000000000 bfe2b864b14f14b0 bfbae03e3636bf7e] g=0 pose=0 hp=4034000000000000 fd=4000e05d05b7f840 fpy=4050000000000000 coll=0 r=00000
t008 p=[4039800000000000 404ea7189cdf442a bfc9a3f0957da0ac] v=[0000000000000000 bfe4dacc5b060624 bfbd05ebd65897ec] g=0 pose=0 hp=4034000000000000 fd=40058e76320bbd60 fpy=4050000000000000 coll=0 r=00000
t009 p=[4039800000000000 404e53ad6b732c12 bfd554939c151088] v=[0000000000000000 bfe6f2466cdd25f7 bfbefa20e062e9ac] g=0 pose=0 hp=4034000000000000 fd=400ac52948cd3ee0 fpy=4050000000000000 coll=0 r=00000
t010 p=[4039800000000000 404df7e451bfb77a bfde543c2fede52a] v=[0000000000000000 bfe8ff0ada81e3df bfc060a892339779] g=0 pose=0 hp=4034000000000000 fd=401040dd72024430 fpy=4050000000000000 coll=0 r=00000
t011 p=[4039800000000000 404d93e82655afea bfe3e2d86a63e58f] v=[0000000000000000 bfeb015079287505 bfc12fc4ee96d097] g=0 pose=0 hp=4034000000000000 fd=401360becd5280b0 fpy=4050000000000000 coll=0 r=00000
t012 p=[4039800000000000 404d27e2e4710e16 bfe8cf59d3e9a6d1] v=[0000000000000000 bfecf94d054692a0 bfc1ec3d75dca0ba] g=0 pose=0 hp=4034000000000000 fd=4016c0e8dc778f50 fpy=4050000000000000 coll=0 r=00000
t013 p=[4039800000000000 404cb3fdb05bf3cc bfedeaf95f40dc1b] v=[0000000000000000 bfeee7352830e2d7 bfc297bf9f0a3cda] g=0 pose=0 hp=4034000000000000 fd=401a60127d2061a0 fpy=4050000000000000 coll=0 r=00000
t014 p=[4039800000000000 404c3860dbbb3040 bff198bcba71bc36] v=[0000000000000000 bff0659e3ecdd10b bfc333d23a45a9a6] g=0 pose=0 hp=4034000000000000 fd=401e3cf922267e00 fpy=4050000000000000 coll=0 r=00000
t015 p=[4039800000000000 404bb533e9c4c1b7 bff44f7f18aa77f8] v=[0000000000000000 bff152cacc7f900a bfc3c1d8eb5f9455] g=0 pose=0 hp=4034000000000000 fd=40212b3058ecf924 fpy=4050000000000000 coll=0 r=00000
t016 p=[4039800000000000 404b2a9d9360c538 bff718024d067111] v=[0000000000000000 bff23b3905705055 bfc44317543729e5] g=0 pose=0 hp=4034000000000000 fd=40235589b27ceb20 fpy=4050000000000000 coll=0 r=00000
t017 p=[4039800000000000 404a98c3cb3542b4 bff9f0ad4e7d5cdb] v=[0000000000000000 bff31f0133001705 bfc4b8b3f62e8b99] g=0 pose=0 hp=4034000000000000 fd=40259cf0d32af530 fpy=4050000000000000 coll=0 r=00000
t018 p=[4039800000000000 4049ffcbc19d41fd bffcd80be43334db] v=[0000000000000000 bff3fe3b2235f356 bfc523bad1404d77] g=0 pose=0 hp=4034000000000000 fd=402800d0f98af80c fpy=4050000000000000 coll=0 r=00000
t019 p=[4039800000000000 40495fd9e88b9263 bfffcccb554b4518] v=[0000000000000000 bff4d8fe263ca768 bfc5851fc6af2e86] g=0 pose=0 hp=4034000000000000 fd=402a80985dd1b674 fpy=4050000000000000 coll=0 r=00000
t020 p=[4039800000000000 4048b911f759ad29 c00166dbb28898bc] v=[0000000000000000 bff5af611ad29550 bfc5ddc0c4bf9a0c] g=0 pose=0 hp=4034000000000000 fd=402d1bb822994b5c fpy=4050000000000000 coll=0 r=00000
t021 p=[4039800000000000 40480b96ee83187e c002ecdbca4c95a4] v=[0000000000000000 bff6817a66ad31a9 bfc62e67c06d4393] g=0 pose=0 hp=4034000000000000 fd=402fd1a445f39e08 fpy=4050000000000000 coll=0 r=00000
t022 p=[4039800000000000 4047578b1b4daef0 c00477e651cb6d23] v=[0000000000000000 bff74f5ffdd03b86 bfc677cc819d3772] g=0 pose=0 hp=4034000000000000 fd=403150e9c964a220 fpy=4050000000000000 coll=0 r=00000
t023 p=[4039800000000000 40469d101b5f2d15 c0060787255d43e2] v=[0000000000000000 bff8192763d8f863 bfc6ba9645e50372] g=0 pose=0 hp=4034000000000000 fd=4032c5dfc941a5d6 fpy=4050000000000000 coll=0 r=00000
t024 p=[4039800000000000 4045dc46e0406551 c0079b5495339762] v=[0000000000000000 bff8dee5ae3db179 bfc6f75d3da13a87] g=0 pose=0 hp=4034000000000000 fd=403447723f7f355e fpy=4050000000000000 coll=0 r=00000
t025 p=[4039800000000000 4045154fb2ce77c5 c00932ee7485ae52] v=[0000000000000000 bff9a0af8681ae8a bfc72eabe6bfb455] g=0 pose=0 hp=4034000000000000 fd=4035d5609a631076 fpy=4050000000000000 coll=0 r=00000
t026 p=[4039800000000000 4044484a369a6a51 c00acdfd3e69acde] v=[0000000000000000 bffa5e992c5de91a bfc761004853c1e5] g=0 pose=0 hp=4034000000000000 fd=40376f6b92cb2b5e fpy=4050000000000000 coll=0 r=00000
t027 p=[4039800000000000 404375556d377b09 c00c6c314e66ec42] v=[0000000000000000 bffb18b677deb1db bfc78ecd11c37213] g=0 pose=0 hp=4034000000000000 fd=40391555259109ee fpy=4050000000000000 coll=0 r=00000
t028 p=[4039800000000000 40429c8fb9788579 c00e0d422afb26aa] v=[0000000000000000 bffbcf1adb7680d5 bfc7b87aa01c4829] g=0 pose=0 hp=4034000000000000 fd=403ac6e08d0ef50e fpy=4050000000000000 coll=0 r=00000
t029 p=[4039800000000000 4041be16e29cd171 c00fb0ede074ee72] v=[0000000000000000 bffc81d9660627d5 bfc7de67ebe2e205] g=0 pose=0 hp=4034000000000000 fd=403c83d23ac65d1e fpy=4050000000000000 coll=0 r=00000
t030 p=[4039800000000000 4040da08176ca031 c010ab7c35558fed] v=[0000000000000000 bffd3104c4da9d69 bfc800eb617b7326] g=0 pose=0 hp=4034000000000000 fd=403e4befd126bf9e fpy=4050000000000000 coll=0 r=00000
t031 p=[4039800000000000 403fe0ffe28b968a c0117f95961d6d29] v=[0000000000000000 bffddcaf45a095c2 bfc82053a61834a8] g=0 pose=0 hp=4034000000000000 fd=40400f800eba34bb fpy=4050000000000000 coll=0 r=00000
t032 p=[4039800000000000 403e0334ee318d2e c01254aa390a3071] v=[0000000000000000 bffe84ead84e1d9e bfc83ce84aee8897] g=0 pose=0 hp=4034000000000000 fd=4040fe6588e73969 fpy=4050000000000000 coll=0 r=00000
t033 p=[4039800000000000 403c1ae640acab56 c0132aa3811da659] v=[0000000000000000 bfff29c911026a71 bfc856ea704b2c02] g=0 pose=0 hp=4034000000000000 fd=4041f28cdfa9aa55 fpy=4050000000000000 coll=0 r=00000
t034 p=[4039800000000000 403a2849af9c84ae c014016cda5c015d] v=[0000000000000000 bfffcb5b29dc11e2 bfc86e9559f912a4] g=0 pose=0 hp=4034000000000000 fd=4042ebdb2831bda9 fpy=4050000000000000 coll=0 r=00000
t035 p=[4039800000000000 40382b93fcfec38e c014d8f38ae7cb95] v=[0000000000000000 c00034d90262ece9 bfc8841ef64d1528] g=0 pose=0 hp=4034000000000000 fd=4043ea3601809e39 fpy=4050000000000000 coll=0 r=00000
t036 p=[4039800000000000 403624f8dcb265f2 c015b126885635e0] v=[0000000000000000 c000826f169d287b bfc897b8590a2bed] g=0 pose=0 hp=4034000000000000 fd=4044ed8391a6cd07 fpy=4050000000000000 coll=0 r=00000
t037 p=[4039800000000000 403414aaf9dec0e5 c01689f650da88e2] v=[0000000000000000 c000ce77ecff2fa9 bfc8a98e2b363e16] g=0 pose=0 hp=4034000000000000 fd=4045f5aa83109f8e fpy=4050000000000000 coll=0 r=00000
t038 p=[4039800000000000 4031fadbfc3edaef c0176354c7f03c78] v=[0000000000000000 c00118fb77697e60 bfc8b9c910de58da] g=0 pose=0 hp=4034000000000000 fd=4047029201e09288 fpy=4050000000000000 coll=0 r=00000
t039 p=[4039800000000000 402faf791aa35648 c0183d35163330e2] v=[0000000000000000 c00162017f0f1d6f bfc8c88e05b233c4] g=0 pose=0 hp=4034000000000000 fd=40481421b9572a6e fpy=4050000000000000 coll=0 r=00000
t040 p=[4039800000000000 402b56f8badf8eed c019178b8c1cc422] v=[0000000000000000 c001a991a545e764 bfc8d5feb14a07c7] g=0 pose=0 hp=4034000000000000 fd=40492a41d1481c45 fpy=4050000000000000 coll=0 r=00000
t041 p=[4039800000000000 4026ec94518e1513 c019f24d87631605] v=[0000000000000000 c001efb36452a312 bfc8e239b3d6c108] g=0 pose=0 hp=4034000000000000 fd=404a44daeb9c7abb fpy=4050000000000000 coll=0 r=00000
t042 p=[4039800000000000 402270a778796c4e c01acd715abdcdb1] v=[0000000000000000 c002346e10310914 bfc8ed5aebeb4ae4] g=0 pose=0 hp=4034000000000000 fd=404b63d621e1a4ec fpy=4050000000000000 coll=0 r=00000
t043 p=[4039800000000000 401bc717e8da5414 c01ba8ee37d929ae] v=[0000000000000000 c00277c8d757c934 bfc8f77bb5fdfb8b] g=0 pose=0 hp=4034000000000000 fd=404c871d02e4b57e fpy=4050000000000000 coll=0 r=00000
t044 p=[4039800000000000 40128b337d2e6f7b c01c84bc1b451b2c] v=[0000000000000000 c002b9cac378a435 bfc900b32632d49e] g=0 pose=0 hp=4034000000000000 fd=404dae99905a3211 fpy=4050000000000000 coll=0 r=00000
t045 p=[4039800000000000 40025c9c36e43ac2 c01d60d3ba32b372] v=[0000000000000000 c002fa7aba3cae08 bfc909163cf2483c] g=0 pose=0 hp=4034000000000000 fd=404eda363c91bc54 fpy=4050000000000000 coll=0 r=00000
t046 p=[4039800000000000 bfb3bbd06b0e68b8 c01e3d2e71d64755] v=[0000000000000000 c00339df7dfccc23 bfc910b816c457d8] g=0 pose=0 hp=4034000000000000 fd=405004eef41ac39a fpy=4050000000000000 coll=0 r=00000
t047 p=[4039800000000000 c003d7be01553f69 c01f19c638486bb5] v=[0000000000000000 c00377ffae76833e bfc917aa17dd1940] g=0 pose=0 hp=4034000000000000 fd=40509ebdf00aa9fb fpy=4050000000000000 coll=0 r=00000
t048 p=[4039800000000000 c013a7ded7e5e154 c01ff6958ec35624] v=[0000000000000000 c003b4e1c97d2753 bfc91dfc13bdddbb] g=0 pose=0 hp=4034000000000000 fd=40513a7ded7e5e15 fpy=4050000000000000 coll=0 r=00000
t049 p=[4039800000000000 c01d824fbca474ff c02069cbba8ea35a] v=[0000000000000000 c003f08c2ba78072 bfc923bc714548d9] g=0 pose=0 hp=4034000000000000 fd=4051d824fbca4750 fpy=4050000000000000 coll=0 r=00000
t050 p=[4039800000000000 c023bd4ae93c1a9b c020d863af31b950] v=[0000000000000000 c0042b0510f9f681 bfc928f84b8083ec] g=0 pose=0 hp=4034000000000000 fd=405277a95d278353 fpy=4050000000000000 coll=0 r=00000
t051 p=[4039800000000000 c028c80c2d7a9839 c0214710933dbc32] v=[0000000000000000 c0046452958d55b9 bfc92dbb8f8855d7] g=0 pose=0 hp=4034000000000000 fd=4053190185af5307 fpy=4050000000000000 coll=0 r=00000
t052 p=[4039800000000000 c02de120d2ddeda5 c021b5d08459de5e] v=[0000000000000000 c0049c7ab6323d47 bfc9321117ae2be8] g=0 pose=0 hp=4034000000000000 fd=4053bc241a5bbdb5 fpy=4050000000000000 coll=0 r=00000
t053 p=[4039800000000000 c031841fc0353e7a c02224a1cb9697e0] v=[0000000000000000 c004d38351114929 bfc93602c43700a0] g=0 pose=0 hp=4034000000000000 fd=40546107f00d4f9e fpy=4050000000000000 coll=0 r=00000
t054 p=[4039800000000000 c0341e902a5767a2 c0229382d98574b6] v=[0000000000000000 c005097226480801 bfc9399991dc7a85] g=0 pose=0 hp=4034000000000000 fd=405507a40a95d9e8 fpy=4050000000000000 coll=0 r=00000
t055 p=[4039800000000000 c036bfbe6f2068a0 c023027242aae774] v=[0000000000000000 c0053e4cd882cd45 bfc93cddae478aba] g=0 pose=0 hp=4034000000000000 fd=4055afef9bc81a28 fpy=4050000000000000 coll=0 r=00000
t056 p=[4039800000000000 c03967880a30c248 c023716ebc420672] v=[0000000000000000 c0057218ed936fdf bfc93fd68ab335a2] g=0 pose=0 hp=4034000000000000 fd=405659e2028c3092 fpy=4050000000000000 coll=0 r=00000
t057 p=[4039800000000000 c03c15cb27e33046 c023e077194ad418] v=[0000000000000000 c005a4dbcf0504fb bfc9428aece1fcae] g=0 pose=0 hp=4034000000000000 fd=40570572c9f8cc12 fpy=4050000000000000 coll=0 r=00000
t058 p=[4039800000000000 c03eca66a1c3d0e6 c0244f8a47dc5cda] v=[0000000000000000 c005d69acaaca678 bfc94500fe8c8df8] g=0 pose=0 hp=4034000000000000 fd=4057b299a870f43a fpy=4050000000000000 coll=0 r=00000
t059 p=[4039800000000000 c040c29cfd8cb2dc c024bea74eb48fe4] v=[0000000000000000 c006075b13375416 bfc9473e5b6ce41b] g=0 pose=0 hp=4034000000000000 fd=4058614e7ec6596e fpy=4050000000000000 coll=0 r=00000
t060 p=[4039800000000000 c0422312aec02820 c0252dcd4b004446] v=[0000000000000000 c0063721c0b4fe3b bfc949481e05d654] g=0 pose=0 hp=4034000000000000 fd=4059118957601410 fpy=4050000000000000 coll=0 r=00000
t061 p=[4039800000000000 c0438684cacb7802 c0259cfb6e565c74] v=[0000000000000000 c00665f3d120c8d0 bfc94b22eb4437df] g=0 pose=0 hp=4034000000000000 fd=4059c3426565bc01 fpy=4050000000000000 coll=0 r=00000
t062 p=[4039800000000000 c044ece407dd848e c0260c30fce16e28] v=[0000000000000000 c00693d628e69477 bfc94cd2fd140665] g=0 pose=0 hp=4034000000000000 fd=405a767203eec247 fpy=4050000000000000 coll=0 r=00000
t063 p=[4039800000000000 c04656216a6bedd4 c0267b6d4bb3bf16] v=[0000000000000000 c006c0cd9365dc0b bfc94e5c2c01c4e4] g=0 pose=0 hp=4034000000000000 fd=405b2b10b535f6ea fpy=4050000000000000 coll=0 r=00000
t064 p=[4039800000000000 c047c22e43a24b92 c026eaafbf41c6fa] v=[0000000000000000 c006ecdec371f41c bfc94fc1f7fdf4cd] g=0 pose=0 hp=4034000000000000 fd=405be11721d125c9 fpy=4050000000000000 coll=0 r=00000
t065 p=[4039800000000000 c04930fc2fd96ad2 c02759f7c9ffbf9c] v=[0000000000000000 c007180e53cfb9c6 bfc951079056a585] g=0 pose=0 hp=4034000000000000 fd=405c987e17ecb569 fpy=4050000000000000 coll=0 r=00000
t066 p=[4039800000000000 c04aa27d1516666c c027c944eb1f1b04] v=[0000000000000000 c0074260c7b0be0c bfc9522fdaf94656] g=0 pose=0 hp=4034000000000000 fd=405d513e8a8b3336 fpy=4050000000000000 coll=0 r=00000
t067 p=[4039800000000000 c04c16a32191724c c0283896ad6900f0] v=[0000000000000000 c0076bda8b2bfa8e bfc9533d7b0d4433] g=0 pose=0 hp=4034000000000000 fd=405e0b5190c8b926 fpy=4050000000000000 coll=0 r=00000
t068 p=[4039800000000000 c04d8d60ca4431f2 c028a7eca63336d4] v=[0000000000000000 c007947ff3b41c40 bfc95432d6f67fb1] g=0 pose=0 hp=4034000000000000 fd=405ec6b0652218f9 fpy=4050000000000000 coll=0 r=00000
t069 p=[4039800000000000 c04f06a8c97f73b6 c0291746746d11a6] v=[0000000000000000 c007bc55408b7079 bfc955121dcd4cdf] g=0 pose=0 hp=4034000000000000 fd=405f835464bfb9db fpy=4050000000000000 coll=0 r=00000
t070 p=[4039800000000000 c05041370ec4155f c02986a3bfc247ae] v=[0000000000000000 c007e35e9b358073 bfc955dd4c58731b] g=0 pose=0 hp=4034000000000000 fd=4060209b87620ab0 fpy=4050000000000000 coll=0 r=00000
t071 p=[4039800000000000 c0510052039dc161 c029f60437d1aa4e] v=[0000000000000000 c00809a017e66726 bfc95696319483fa] g=0 pose=0 hp=4034000000000000 fd=4060802901cee0b0 fpy=4050000000000000 coll=0 r=00000
t072 p=[4039800000000000 c051c09f045cf49c c02a65679375fd2e] v=[0000000000000000 c0082f1db5efed13 bfc9573e72d2db03] g=0 pose=0 hp=4034000000000000 fd=4060e04f822e7a4e fpy=4050000000000000 coll=0 r=00000
t073 p=[4039800000000000 c0528217f20c7404 c02ad4cd901f496c] v=[0000000000000000 c00853db602c7571 bfc957d78f79aa36] g=0 pose=0 hp=4034000000000000 fd=4061410bf9063a02 fpy=4050000000000000 coll=0 r=00000
t074 p=[4039800000000000 c05344b6cd0dd7ad c02b4435f13b30e5] v=[0000000000000000 c00877dced67c7e1 bfc95862e46d9f15] g=0 pose=0 hp=4034000000000000 fd=4061a25b6686ebd6 fpy=4050000000000000 coll=0 r=00000
t075 p=[4039800000000000 c0540875b47915ea c02bb3a07faae833] v=[0000000000000000 c0089b2620c5c1a1 bfc958e1af2ce6e0] g=0 pose=0 hp=4034000000000000 fd=4062043ada3c8af5 fpy=4050000000000000 coll=0 r=00000
t076 p=[4039800000000000 c054cd4ee57f43f8 c02c230d09459c9d] v=[0000000000000000 c008bdbaaa26f8f2 bfc9595510a2a5a6] g=0 pose=0 hp=4034000000000000 fd=406266a772bfa1fc fpy=4050000000000000 coll=0 r=00000
t077 p=[4039800000000000 c055933cbad07bbe c02c927b60662802] v=[0000000000000000 c008df9e268b5d3c bfc959be0fb950b1] g=0 pose=0 hp=4034000000000000 fd=4062c99e5d683ddf fpy=4050000000000000 coll=0 r=00000
t078 p=[4039800000000000 c0565a39ac04d6aa c02d01eb5b830e14] v=[0000000000000000 c00900d42072de3d bfc95a1d9bb1c880] g=0 pose=0 hp=4034000000000000 fd=40632d1cd6026b55 fpy=4050000000000000 coll=0 r=00000
t079 p=[4039800000000000 c05722404d086d9e c02d715cd4cfd609] v=[0000000000000000 c0092160103c2457 bfc95a748e448772] g=0 pose=0 hp=4034000000000000 fd=40639120268436cf fpy=4050000000000000 coll=0 r=00000
t080 p=[4039800000000000 c057eb4b4d8a4ec0 c02de0cfa9e6e8f6] v=[0000000000000000 c00941455c8163ec bfc95ac3ad91bf72] g=0 pose=0 hp=4034000000000000 fd=4063f5a5a6c52760 fpy=4050000000000000 coll=0 r=00000
t081 p=[4039800000000000 c058b555786e59dd c02e5043bb7b30c6] v=[0000000000000000 c00960875a73556e bfc95b0bade4d121] g=0 pose=0 hp=4034000000000000 fd=40645aaabc372cee fpy=4050000000000000 coll=0 r=00000
t082 p=[4039800000000000 c0598059b341f486 c02ebfb8ed10c4dd] v=[0000000000000000 c0097f294e325bb5 bfc95b4d334f2138] g=0 pose=0 hp=4034000000000000 fd=4064c02cd9a0fa43 fpy=4050000000000000 coll=0 r=00000
t083 p=[4039800000000000 c05a4c52fdb38762 c02f2f2f24bc0233] v=[0000000000000000 c0099d2e6b25e1dc bfc95b88d31df457] g=0 pose=0 hp=4034000000000000 fd=406526297ed9c3b1 fpy=4050000000000000 coll=0 r=00000
t084 p=[4039800000000000 c05b193c710cb66f c02f9ea64ae67ad6] v=[0000000000000000 c009ba99d451f9cf bfc95bbf152ea51a] g=0 pose=0 hp=4034000000000000 fd=40658c9e38865b38 fpy=4050000000000000 coll=0 r=00000
t085 p=[4039800000000000 c05be7113faf4640 c030070f250c9b1e] v=[0000000000000000 c009d76e9cab447b bfc95bf075243bb7] g=0 pose=0 hp=4034000000000000 fd=4065f3889fd7a320 fpy=4050000000000000 coll=0 r=00000
t086 p=[4039800000000000 c05cb5ccb494a062 c0303ecb8765e400] v=[0000000000000000 c009f3afc7692c61 bfc95c1d6381289d] g=0 pose=0 hp=4034000000000000 fd=40665ae65a4a5031 fpy=4050000000000000 coll=0 r=00000
t087 p=[4039800000000000 c05d856a32cfe9c8 c0307688439be6b9] v=[0000000000000000 c00a0f6048567b29 bfc95c4646a7a408] g=0 pose=0 hp=4034000000000000 fd=4066c2b51967f4e4 fpy=4050000000000000 coll=0 r=00000
t088 p=[4039800000000000 c05e55e535129da0 c030ae455198366a] v=[0000000000000000 c00a2a830420529b bfc95c6b7bc2fabe] g=0 pose=0 hp=4034000000000000 fd=40672af29a894ed0 fpy=4050000000000000 coll=0 r=00000
t089 p=[4039800000000000 c05f27394d33a035 c030e602a9febcc5] v=[0000000000000000 c00a451ad0a39143 bfc95c8d579bdb91] g=0 pose=0 hp=4034000000000000 fd=4067939ca699d01a fpy=4050000000000000 coll=0 r=00000
t090 p=[4039800000000000 c05ff96223b8bcbe c0311dc0461cf4e4] v=[0000000000000000 c00a5f2a7538aad3 bfc95cac27598970] g=0 pose=0 hp=4034000000000000 fd=4067fcb111dc5e5f fpy=4050000000000000 coll=0 r=00000
t091 p=[4039800000000000 c060662dbbb14109 c031557e1fdaa862] v=[0000000000000000 c00a78b4aafdfc32 bfc95cc83131aa38] g=0 pose=0 hp=4034000000000000 fd=4068662dbbb14109 fpy=4050000000000000 coll=0 r=00000
t092 p=[4039800000000000 c060d0108e5d38fd c0318d3c31ac0c1f] v=[0000000000000000 c00a91bc1d20a2fb bfc95ce1b50842ee] g=0 pose=0 hp=4034000000000000 fd=4068d0108e5d38fd fpy=4050000000000000 coll=0 r=00000
t093 p=[4039800000000000 c0613a577ed1bb89 c031c4fa76851d0c] v=[0000000000000000 c00aaa436923e007 bfc95cf8ed014de6] g=0 pose=0 hp=4034000000000000 fd=40693a577ed1bb89 fpy=4050000000000000 coll=0 r=00000
t094 p=[4039800000000000 c061a5008c764b0c c031fcb8e9ce2011] v=[0000000000000000 c00ac24d1f270c7e bfc95d0e0e053699] g=0 pose=0 hp=4034000000000000 fd=4069a5008c764b0c fpy=4050000000000000 coll=0 r=00000
t095 p=[4039800000000000 c0621009c0f2e73f c032347787592ae9] v=[0000000000000000 c00ad9dbc22a28b6 bfc95d2148396913] g=0 pose=0 hp=4034000000000000 fd=406a1009c0f2e73f fpy=4050000000000000 coll=0 r=00000
t096 p=[4039800000000000 c0627b712ffb8fe3 c0326c364b589e23] v=[0000000000000000 c00af0f1c8510c0b bfc95d32c76e07a6] g=0 pose=0 hp=4034000000000000 fd=406a7b712ffb8fe3 fpy=4050000000000000 coll=0 r=00000
t097 p=[4039800000000000 c062e734f71cd416 c032a3f532567a99] v=[0000000000000000 c00b07919b253cc0 bfc95d42b381c0e9] g=0 pose=0 hp=4034000000000000 fd=406ae734f71cd416 fpy=4050000000000000 coll=0 r=00000
t098 p=[4039800000000000 c06353533d896908 c032dbb4392c7e83] v=[0000000000000000 c00b1dbd97d676b9 bfc95d5130bca980] g=0 pose=0 hp=4034000000000000 fd=406b53533d896908 fpy=4050000000000000 coll=0 r=00000
t099 p=[4039800000000000 c063bfca33e8c2e5 c03313735cfcf83d] v=[0000000000000000 c00b33780f79e7db bfc95d5e6022e8ad] g=0 pose=0 hp=4034000000000000 fd=406bbfca33e8c2e5 fpy=4050000000000000 coll=0 r=00000
t100 p=[4039800000000000 c0642c981426aa83 c0334b329b2c3e74] v=[0000000000000000 c00b48c3474828a5 bfc95d6a5fbff416] g=0 pose=0 hp=4034000000000000 fd=406c2c981426aa83 fpy=4050000000000000 coll=0 r=00000
t101 p=[4039800000000000 c06499bb2143cb27 c03382f1f15abec5] v=[0000000000000000 c00b5da178d9f780 bfc95d754aeb0626] g=0 pose=0 hp=4034000000000000 fd=406c99bb2143cb27 fpy=4050000000000000 coll=0 r=00000
t102 p=[4039800000000000 c0650731a7273305 c033bab15d5f9537] v=[0000000000000000 c00b7214d263bd19 bfc95d7f3a856b11] g=0 pose=0 hp=4034000000000000 fd=406d0731a7273305 fpy=4050000000000000 coll=0 r=00000
t103 p=[4039800000000000 c06574f9fa70c1f8 c033f270dd43a073] v=[0000000000000000 c00b861f76efe006 bfc95d884533326c] g=0 pose=0 hp=4034000000000000 fd=406d74f9fa70c1f8 fpy=4050000000000000 coll=0 r=00000
t104 p=[4039800000000000 c065e312784c8178 c0342a306f3d073e] v=[0000000000000000 c00b99c37e97edc5 bfc95d907f8ec68e] g=0 pose=0 hp=4034000000000000 fd=406de312784c8178 fpy=4050000000000000 coll=0 r=00000
t105 p=[4039800000000000 c06651798646e12f c03461f011ab2533] v=[0000000000000000 c00bad02f6bc9f15 bfc95d97fc57df47] g=0 pose=0 hp=4034000000000000 fd=406e51798646e12f fpy=4050000000000000 coll=0 r=00000
t106 p=[4039800000000000 c066c02d9221d3aa c03499afc312d55c] v=[0000000000000000 c00bbfdfe23cbd7d bfc95d9ecc9e3ae5] g=0 pose=0 hp=4034000000000000 fd=406ec02d9221d3aa fpy=4050000000000000 coll=0 r=00000
t107 p=[4039800000000000 c0672f2d11aac6a3 c034d16f821b123e] v=[0000000000000000 c00bd25c39aaefc4 bfc95da4ffe87ee8] g=0 pose=0 hp=4034000000000000 fd=406f2f2d11aac6a3 fpy=4050000000000000 coll=0 r=00000
t108 p=[4039800000000000 c0679e7682917261 c035092f4d89e3a2] v=[0000000000000000 c00be479eb8272f5 bfc95daaa45798f5] g=0 pose=0 hp=4034000000000000 fd=406f9e7682917261 fpy=4050000000000000 coll=0 r=00000
t109 p=[4039800000000000 c0680e086a3f7c30 c03540ef2441933e] v=[0000000000000000 c00bf63adc5ac572 bfc95dafc6c6f0aa] g=0 pose=0 hp=4034000000000000 fd=40700704351fbe18 fpy=4050000000000000 coll=0 r=00000
t110 p=[4039800000000000 c0687de155b0e744 c03578af053e218b] v=[0000000000000000 c00c07a0e71a497c bfc95db472e9b3ad] g=0 pose=0 hp=4034000000000000 fd=40703ef0aad873a2 fpy=4050000000000000 coll=0 r=00000
t111 p=[4039800000000000 c068edffd94d506c c035b06eef92f55b] v=[0000000000000000 c00c18addd27e47b bfc95db8b3657ebd] g=0 pose=0 hp=4034000000000000 fd=407076ffeca6a836 fpy=4050000000000000 coll=0 r=00000
t112 p=[4039800000000000 c0695e6290c1effc c035e82ee268c0c3] v=[0000000000000000 c00c2963869ba038 bfc95dbc91eaa07c] g=0 pose=0 hp=4034000000000000 fd=4070af314860f7fe fpy=4050000000000000 coll=0 r=00000
t113 p=[4039800000000000 c069cf081edc5e7c c0361feedcfb966b] v=[0000000000000000 c00c39c3a26e5315 bfc95dc0174a2d46] g=0 pose=0 hp=4034000000000000 fd=4070e7840f6e2f3e fpy=4050000000000000 coll=0 r=00000
t114 p=[4039800000000000 c06a3fef2d6617cc c03657aede992b2b] v=[0000000000000000 c00c49cfe6a8544a bfc95dc34b8a165a] g=0 pose=0 hp=4034000000000000 fd=40711ff796b30be6 fpy=4050000000000000 coll=0 r=00000
t115 p=[4039800000000000 c06ab1166d00b91c c0368f6ee69f3fc3] v=[0000000000000000 c00c598a008f40fe bfc95dc635f77222] g=0 pose=0 hp=4034000000000000 fd=4071588b36805c8e fpy=4050000000000000 coll=0 r=00000
t116 p=[4039800000000000 c06b227c9502f61c c036c72ef47a2f13] v=[0000000000000000 c00c68f394d2d70a bfc95dc8dd371f41] g=0 pose=0 hp=4034000000000000 fd=4071913e4a817b0e fpy=4050000000000000 coll=0 r=00000
t117 p=[4039800000000000 c06b94206356417c c036feef07a39dbb] v=[0000000000000000 c00c780e3fb8ea16 bfc95dcb4754e850] g=0 pose=0 hp=4034000000000000 fd=4071ca1031ab20be fpy=4050000000000000 coll=0 r=00000
t118 p=[4039800000000000 c06c06009c552524 c03736af1fa147f3] v=[0000000000000000 c00c86db954877a2 bfc95dcd79d14acc] g=0 pose=0 hp=4034000000000000 fd=407203004e2a9292 fpy=4050000000000000 coll=0 r=00000
t119 p=[4039800000000000 c06c781c0aaa4704 c0376e6f3c03eaf3] v=[0000000000000000 c00c955d2173de82 bfc95dcf79ae0094] g=0 pose=0 hp=4034000000000000 fd=40723c0e05552382 fpy=4050000000000000 coll=0 r=00000
t120 p=[4039800000000000 c06cea717f30167c c037a62f5c66475b] v=[0000000000000000 c00ca39468423e34 bfc95dd14b79688f] g=0 pose=0 hp=4034000000000000 fd=40727538bf980b3e fpy=4050000000000000 coll=0 r=00000
t121 p=[4039800000000000 c06d5cffd0d11f74 c037ddef806c3a93] v=[0000000000000000 c00cb182e5f80263 bfc95dd2f358e876] g=0 pose=0 hp=4034000000000000 fd=4072ae7fe8688fba fpy=4050000000000000 coll=0 r=00000
t122 p=[4039800000000000 c06dcfc5dc68ff7c c03815afa7c1eccb] v=[0000000000000000 c00cbf2a0f3e9ece bfc95dd475125f69] g=0 pose=0 hp=4034000000000000 fd=4072e7e2ee347fbe fpy=4050000000000000 coll=0 r=00000
t123 p=[4039800000000000 c06e42c284a5f9f4 c0384d6fd21b11f3] v=[0000000000000000 c00ccc8b514b7fc7 bfc95dd5d414bedb] g=0 pose=0 hp=4034000000000000 fd=407321614252fcfa fpy=4050000000000000 coll=0 r=00000
t124 p=[4039800000000000 c06eb5f4b1eb27f4 c038852fff323bdb] v=[0000000000000000 c00cd9a81206334a bfc95dd7137fdd64] g=0 pose=0 hp=4034000000000000 fd=40735afa58f593fa fpy=4050000000000000 coll=0 r=00000
t125 p=[4039800000000000 c06f295b523340c4 c038bcf02ec83bfb] v=[0000000000000000 c00ce681b02dcebb bfc95dd8362b9556] g=0 pose=0 hp=4034000000000000 fd=407394ada919a062 fpy=4050000000000000 coll=0 r=00000
t126 p=[4039800000000000 c06f9cf558f3f7fc c038f4b060a3938b] v=[0000000000000000 c00cf319837d9525 bfc95dd93eae3f4a] g=0 pose=0 hp=4034000000000000 fd=4073ce7aac79fbfe fpy=4050000000000000 coll=0 r=00000
t127 p=[4039800000000000 c0700860df80f729 c0392c70948ff073] v=[0000000000000000 c00cff70dcd0e1d4 bfc95dda2f629763] g=0 pose=0 hp=4034000000000000 fd=40740860df80f729 fpy=4050000000000000 coll=0 r=00000
t128 p=[4039800000000000 c070425fc13a98e9 c0396430ca5db60b] v=[0000000000000000 c00d0b8906465b0f bfc95ddb0a6d1ac1] g=0 pose=0 hp=4034000000000000 fd=4074425fc13a98e9 fpy=4050000000000000 coll=0 r=00000
t129 p=[4039800000000000 c0707c76d34725a1 c0399bf101e190ab] v=[0000000000000000 c00d176343627096 bfc95ddbd1c0e957] g=0 pose=0 hp=4034000000000000 fd=40747c76d34725a1 fpy=4050000000000000 coll=0 r=00000
t130 p=[4039800000000000 c070b6a599cdea81 c039d3b13af412e3] v=[0000000000000000 c00d2300d1312985 bfc95ddc87243740] g=0 pose=0 hp=4034000000000000 fd=4074b6a599cdea81 fpy=4050000000000000 coll=0 r=00000
t131 p=[4039800000000000 c070f0eb9b704cd1 c03a0b7175715bbb] v=[0000000000000000 c00d2e62e6674528 bfc95ddd2c3457c0] g=0 pose=0 hp=4034000000000000 fd=4074f0eb9b704cd1 fpy=4050000000000000 coll=0 r=00000
t132 p=[4039800000000000 c0712b48613d1b59 c03a4331b138c4d3] v=[0000000000000000 c00d398ab382b229 bfc95dddc2696b16] g=0 pose=0 hp=4034000000000000 fd=40752b48613d1b59 fpy=4050000000000000 coll=0 r=00000
t133 p=[4039800000000000 c07165bb76a420c1 c03a7af1ee2c9813] v=[0000000000000000 c00d447962ea5f8b bfc95dde4b19b78f] g=0 pose=0 hp=4034000000000000 fd=407565bb76a420c1 fpy=4050000000000000 coll=0 r=00000
t134 p=[4039800000000000 c071a0446969f581 c03ab2b22c31cbeb] v=[0000000000000000 c00d4f30190d6abd bfc95ddec77cb578] g=0 pose=0 hp=4034000000000000 fd=4075a0446969f581 fpy=4050000000000000 coll=0 r=00000
t135 p=[4039800000000000 c071dae2c99c1059 c03aea726b2fc5bb] v=[0000000000000000 c00d59aff481ae08 bfc95ddf38add4d9] g=0 pose=0 hp=4034000000000000 fd=4075dae2c99c1059 fpy=4050000000000000 coll=0 r=00000
t136 p=[4039800000000000 c0721596298513b9 c03b2232ab1021cb] v=[0000000000000000 c00d63fa0e21b28a bfc95ddf9faf0353] g=0 pose=0 hp=4034000000000000 fd=40761596298513b9 fpy=4050000000000000 coll=0 r=00000
t137 p=[4039800000000000 c072505e1da15721 c03b59f2ebbe803b] v=[0000000000000000 c00d6e0f792a08e0 bfc95ddffd6af7db] g=0 pose=0 hp=4034000000000000 fd=4076505e1da15721 fpy=4050000000000000 coll=0 r=00000
t138 p=[4039800000000000 c0728b3a3c93ab31 c03b91b32d285693] v=[0000000000000000 c00d77f143560b91 bfc95de052b74995] g=0 pose=0 hp=4034000000000000 fd=40768b3a3c93ab31 fpy=4050000000000000 coll=0 r=00000
t139 p=[4039800000000000 c072c62a1f1a5749 c03bc9736f3cc593] v=[0000000000000000 c00d81a074fc0e34 bfc95de0a0565683] g=0 pose=0 hp=4034000000000000 fd=4076c62a1f1a5749 fpy=4050000000000000 coll=0 r=00000
t140 p=[4039800000000000 c073012d60044f69 c03c0133b1ec72ab] v=[0000000000000000 c00d8b1e1128fc4e bfc95de0e6f8fe70] g=0 pose=0 hp=4034000000000000 fd=4077012d60044f69 fpy=4050000000000000 coll=0 r=00000
t141 p=[4039800000000000 c0733c439c26a161 c03c38f3f5296513] v=[0000000000000000 c00d946b15bb6ac4 bfc95de1274035f8] g=0 pose=0 hp=4034000000000000 fd=40773c439c26a161 fpy=4050000000000000 coll=0 r=00000
t142 p=[4039800000000000 c073776c72521839 c03c70b438e6e5eb] v=[0000000000000000 c00d9d887b7e1eb3 bfc95de161be754e] g=0 pose=0 hp=4034000000000000 fd=4077776c72521839 fpy=4050000000000000 coll=0 r=00000
t143 p=[4039800000000000 c073b2a783491479 c03ca8747d19633b] v=[0000000000000000 c00da67736420c79 bfc95de196f905fb] g=0 pose=0 hp=4034000000000000 fd=4077b2a783491479 fpy=4050000000000000 coll=0 r=00000
t144 p=[4039800000000000 c073edf471b59891 c03ce034c1b655b3] v=[0000000000000000 c00daf3834f7d1a7 bfc95de1c7693298] g=0 pose=0 hp=4034000000000000 fd=4077edf471b59891 fpy=4050000000000000 coll=0 r=00000
t145 p=[4039800000000000 c0742952e21f8831 c03d17f506b42883] v=[0000000000000000 c00db7cc61c8ac7d bfc95de1f37d5b31] g=0 pose=0 hp=4034000000000000 fd=40782952e21f8831 fpy=4050000000000000 coll=0 r=00000
t146 p=[4039800000000000 c07464c27ae31989 c03d4fb54c0a23a3] v=[0000000000000000 c00dc034a22ef396 bfc95de21b99f0c7] g=0 pose=0 hp=4034000000000000 fd=407864c27ae31989 fpy=4050000000000000 coll=0 r=00000
t147 p=[4039800000000000 c074a042e4277771 c03d877591b057eb] v=[0000000000000000 c00dc871d70e104d bfc95de2401a5a2e] g=0 pose=0 hp=4034000000000000 fd=4078a042e4277771 fpy=4050000000000000 coll=0 r=00000
t148 p=[4039800000000000 c074dbd3c7d59391 c03dbf35d79f8d0b] v=[0000000000000000 c00dd084dcc9fe5d bfc95de26151c456] g=0 pose=0 hp=4034000000000000 fd=4078dbd3c7d59391 fpy=4050000000000000 coll=0 r=00000
t149 p=[4039800000000000 c0751774d18f2791 c03df6f61dd130fb] v=[0000000000000000 c00dd86e8b5e532f bfc95de27f8bdfd1] g=0 pose=0 hp=4034000000000000 fd=40791774d18f2791 fpy=4050000000000000 coll=0 r=00000
t150 p=[4039800000000000 c0755325aea5e439 c03e2eb6643f4923] v=[0000000000000000 c00de02fb674cf44 bfc95de29b0d8d4e] g=0 pose=0 hp=4034000000000000 fd=40795325aea5e439 fpy=4050000000000000 coll=0 r=00000
t151 p=[4039800000000000 c0758ee60e12cdd9 c03e6676aae464a3] v=[0000000000000000 c00de7c92d7b7c11 bfc95de2b4157a8a] g=0 pose=0 hp=4034000000000000 fd=40798ee60e12cdd9 fpy=4050000000000000 coll=0 r=00000
t152 p=[4039800000000000 c075cab5a06dc4d1 c03e9e36f1bb9003] v=[0000000000000000 c00def3bbbba589d bfc95de2cadcb124] g=0 pose=0 hp=4034000000000000 fd=4079cab5a06dc4d1 fpy=4050000000000000 coll=0 r=00000
t153 p=[4039800000000000 c076069417e53981 c03ed5f738c049cb] v=[0000000000000000 c00df68828689726 bfc95de2df971897] g=0 pose=0 hp=4034000000000000 fd=407a069417e53981 fpy=4050000000000000 coll=0 r=00000
t154 p=[4039800000000000 c076428128360ab1 c03f0db77fee7863] v=[0000000000000000 c00dfdaf36c16e08 bfc95de2f273ec7d] g=0 pose=0 hp=4034000000000000 fd=407a428128360ab1 fpy=4050000000000000 coll=0 r=00000
t155 p=[4039800000000000 c0767e7c86a38d91 c03f4577c74260a3] v=[0000000000000000 c00e04b1a6187e0f bfc95de3039e2832] g=0 pose=0 hp=4034000000000000 fd=407a7e7c86a38d91 fpy=4050000000000000 coll=0 r=00000
t156 p=[4039800000000000 c076ba85e9efbe91 c03f7d380eb89d5b] v=[0000000000000000 c00e0b9031edd053 bfc95de3133ce8c5] g=0 pose=0 hp=4034000000000000 fd=407aba85e9efbe91 fpy=4050000000000000 coll=0 r=00000
t157 p=[4039800000000000 c076f69d0a539a31 c03fb4f8564e1793] v=[0000000000000000 c00e124b92016dbf bfc95de32173c618] g=0 pose=0 hp=4034000000000000 fd=407af69d0a539a31 fpy=4050000000000000 coll=0 r=00000
t158 p=[4039800000000000 c07732c1a1779d09 c03fecb89dffff8b] v=[0000000000000000 c00e18e47a669242 bfc95de32e6323fa] g=0 pose=0 hp=4034000000000000 fd=407b32c1a1779d09 fpy=4050000000000000 coll=0 r=00000
t159 p=[4039800000000000 c0776ef36a6c6a31 c040123c72e5e31e] v=[0000000000000000 c00e1f5b9b967db8 bfc95de33a287bf8] g=0 pose=0 hp=4034000000000000 fd=407b6ef36a6c6a31 fpy=4050000000000000 coll=0 r=00000
t160 p=[4039800000000000 c077ab3221a39729 c0402e1c96d78bce] v=[0000000000000000 c00e25b1a282e479 bfc95de344dea086] g=0 pose=0 hp=4034000000000000 fd=407bab3221a39729 fpy=4050000000000000 coll=0 r=00000
t161 p=[4039800000000000 c077e77d84e89cf1 c04049fcbad3eaa6] v=[0000000000000000 c00e2be738a8017e bfc95de34e9dfa1c] g=0 pose=0 hp=4034000000000000 fd=407be77d84e89cf1 fpy=4050000000000000 coll=0 r=00000
t162 p=[4039800000000000 c07823d55359ecf1 c04065dcdeda08d6] v=[0000000000000000 c00e31fd041e4c02 bfc95de3577cbed5] g=0 pose=0 hp=4034000000000000 fd=407c23d55359ecf1 fpy=4050000000000000 coll=0 r=00000
t163 p=[4039800000000000 c07860394d622989 c04081bd02e905c6] v=[0000000000000000 c00e37f3a7abd27a bfc95de35f8f250d] g=0 pose=0 hp=4034000000000000 fd=407c60394d622989 fpy=4050000000000000 coll=0 r=00000
t164 p=[4039800000000000 c0789ca934b18131 c0409d9d2700151e] v=[0000000000000000 c00e3dcbc2d53ca7 bfc95de366e7916e] g=0 pose=0 hp=4034000000000000 fd=407c9ca934b18131 fpy=4050000000000000 coll=0 r=00000
t165 p=[4039800000000000 c078d924cc372ba9 c040b97d4b1e7ce6] v=[0000000000000000 c00e4385f1ee76a0 bfc95de36d96c0da] g=0 pose=0 hp=4034000000000000 fd=407cd924cc372ba9 fpy=4050000000000000 coll=0 r=00000
t166 p=[4039800000000000 c07915abd81b0899 c040d55d6f4393de] v=[0000000000000000 c00e4922ce2b067b bfc95de373abee91] g=0 pose=0 hp=4034000000000000 fd=407d15abd81b0899 fpy=4050000000000000 coll=0 r=00000
t167 p=[4039800000000000 c079523e1db75ea9 c040f13d936ebffe] v=[0000000000000000 c00e4ea2edae0e57 bfc95de37934f6e3] g=0 pose=0 hp=4034000000000000 fd=407d523e1db75ea9 fpy=4050000000000000 coll=0 r=00000
t168 p=[4039800000000000 c0798edb6392bac9 c0410d1db79f7526] v=[0000000000000000 c00e5406e399fc71 bfc95de37e3e76c7] g=0 pose=0 hp=4034000000000000 fd=407d8edb6392bac9 fpy=4050000000000000 coll=0 r=00000
t169 p=[4039800000000000 c079cb837159eec1 c04128fddbd533ce] v=[0000000000000000 c00e594f401feae6 bfc95de382d3e899] g=0 pose=0 hp=4034000000000000 fd=407dcb837159eec1 fpy=4050000000000000 coll=0 r=00000
t170 p=[4039800000000000 c07a08360fda2e99 c04144de000f87ee] v=[0000000000000000 c00e5e7c908eb0bf bfc95de386ffbe41] g=0 pose=0 hp=4034000000000000 fd=407e08360fda2e99 fpy=4050000000000000 coll=0 r=00000
t171 p=[4039800000000000 c07a44f308fb4bf9 c04160be244e07de] v=[0000000000000000 c00e638f5f61a5d7 bfc95de38acb7901] g=0 pose=0 hp=4034000000000000 fd=407e44f308fb4bf9 fpy=4050000000000000 coll=0 r=00000
t172 p=[4039800000000000 c07a81ba27ba0f41 c0417c9e4890538e] v=[0000000000000000 c00e6888344f1b26 bfc95de38e3fbf1b] g=0 pose=0 hp=4034000000000000 fd=407e81ba27ba0f41 fpy=4050000000000000 coll=0 r=00000
t173 p=[4039800000000000 c07abe8b3822ad79 c041987e6cd6137e] v=[0000000000000000 c00e6d67945688fe bfc95de391646f8a] g=0 pose=0 hp=4034000000000000 fd=407ebe8b3822ad79 fpy=4050000000000000 coll=0 r=00000
t174 p=[4039800000000000 c07afb66074b5a89 c041b45e911ef81e] v=[0000000000000000 c00e722e01ce74a4 bfc95de39440b3ef] g=0 pose=0 hp=4034000000000000 fd=407efb66074b5a89 fpy=4050000000000000 coll=0 r=00000
t175 p=[4039800000000000 c07b384a634ef771 c041d03eb56ab906] v=[0000000000000000 c00e76dbfc720ec6 bfc95de396db10e4] g=0 pose=0 hp=4034000000000000 fd=407f384a634ef771 fpy=4050000000000000 coll=0 r=00000
t176 p=[4039800000000000 c07b75381b47db91 c041ec1ed9b9144e] v=[0000000000000000 c00e7b72016e8c3a bfc95de3993974d8] g=0 pose=0 hp=4034000000000000 fd=407f75381b47db91 fpy=4050000000000000 coll=0 r=00000
t177 p=[4039800000000000 c07bb22eff4ab8a9 c04207fefe09cdf6] v=[0000000000000000 c00e7ff08b703a5f bfc95de39b61458f] g=0 pose=0 hp=4034000000000000 fd=407fb22eff4ab8a9 fpy=4050000000000000 coll=0 r=00000
t178 p=[4039800000000000 c07bef2ee0619921 c04223df225caf6e] v=[0000000000000000 c00e845812af508d bfc95de39d576c73] g=0 pose=0 hp=4034000000000000 fd=407fef2ee0619921 fpy=4050000000000000 coll=0 r=00000
t179 p=[4039800000000000 c07c2c379086f7c1 c0423fbf46b1870e] v=[0000000000000000 c00e88a90cfc7fe3 bfc95de39f2061c3] g=0 pose=0 hp=4034000000000000 fd=4080161bc8437be0 fpy=4050000000000000 coll=0 r=00000
t180 p=[4039800000000000 c07c6948e2a0f0c1 c0425b9f6b0827a6] v=[0000000000000000 c00e8ce3edcd42c2 bfc95de3a0c036c1] g=0 pose=0 hp=4034000000000000 fd=408034a471507860 fpy=4050000000000000 coll=0 r=00000
t181 p=[4039800000000000 c07ca662aa7c8b49 c042777f8f60680e] v=[0000000000000000 c00e91092647ed40 bfc95de3a23a9efa] g=0 pose=0 hp=4034000000000000 fd=40805331553e45a4 fpy=4050000000000000 coll=0 r=00000
t182 p=[4039800000000000 c07ce384bcc91b21 c042935fb3ba22de] v=[0000000000000000 c00e9519254f7fda bfc95de3a392f8b3] g=0 pose=0 hp=4034000000000000 fd=408071c25e648d90 fpy=4050000000000000 coll=0 r=00000
t183 p=[4039800000000000 c07d20aeef13ba21 c042af3fd815360e] v=[0000000000000000 c00e9914578f3d9a bfc95de3a4cc5497] g=0 pose=0 hp=4034000000000000 fd=408090577789dd10 fpy=4050000000000000 coll=0 r=00000
t184 p=[4039800000000000 c07d5de117c2d899 c042cb1ffc718296] v=[0000000000000000 c00e9cfb278606eb bfc95de3a5e97cb0] g=0 pose=0 hp=4034000000000000 fd=4080aef08be16c4c fpy=4050000000000000 coll=0 r=00000
t185 p=[4039800000000000 c07d9b1b0e11e4a9 c042e70020ceec46] v=[0000000000000000 c00ea0cdfd917a49 bfc95de3a6ecfac7] g=0 pose=0 hp=4034000000000000 fd=4080cd8d8708f254 fpy=4050000000000000 coll=0 r=00000
t186 p=[4039800000000000 c07dd85caa0d07a1 c04302e0452d5976] v=[0000000000000000 c00ea48d3ff8dbfd bfc95de3a7d91e29] g=0 pose=0 hp=4034000000000000 fd=4080ec2e550683d0 fpy=4050000000000000 coll=0 r=00000
t187 p=[4039800000000000 c07e15a5c48cf959 c0431ec0698cb2c6] v=[0000000000000000 c00ea83952f7c5fa bfc95de3a8b000eb] g=0 pose=0 hp=4034000000000000 fd=40810ad2e2467cac fpy=4050000000000000 coll=0 r=00000
t188 p=[4039800000000000 c07e52f63732e8e1 c0433aa08dece2fe] v=[0000000000000000 c00eabd298c8a10b bfc95de3a9738cb5] g=0 pose=0 hp=4034000000000000 fd=4081297b1b997470 fpy=4050000000000000 coll=0 r=00000
t189 p=[4039800000000000 c07e904ddc647a21 c0435680b24dd6be] v=[0000000000000000 c00eaf5971aee85f bfc95de3aa257f1e] g=0 pose=0 hp=4034000000000000 fd=40814826ee323d10 fpy=4050000000000000 coll=0 r=00000
t190 p=[4039800000000000 c07ecdac8f47d7f1 c0437260d6af7c6e] v=[0000000000000000 c00eb2ce3c013883 bfc95de3aac76da1] g=0 pose=0 hp=4034000000000000 fd=408166d647a3ebf8 fpy=4050000000000000 coll=0 r=00000
t191 p=[4039800000000000 c07f0b122bbfda61 c0438e40fb11c40e] v=[0000000000000000 c00eb63154332ae4 bfc95de3ab5ac93c] g=0 pose=0 hp=4034000000000000 fd=4081858915dfed30 fpy=4050000000000000 coll=0 r=00000
t192 p=[4039800000000000 c07f487e8e6840b9 c043aa211f749f0e] v=[0000000000000000 c00eb98314defed2 bfc95de3abe0e1b7] g=0 pose=0 hp=4034000000000000 fd=4081a43f4734205c fpy=4050000000000000 coll=0 r=00000
t193 p=[4039800000000000 c07f85f19491feb9 c043c60143d80026] v=[0000000000000000 c00ebcc3d6cf1112 bfc95de3ac5ae8a2] g=0 pose=0 hp=4034000000000000 fd=4081c2f8ca48ff5c fpy=4050000000000000 coll=0 r=00000
t194 p=[4039800000000000 c07fc36b1c3f9cd9 c043e1e1683bdb46] v=[0000000000000000 c00ebff3f10722f5 bfc95de3acc9f40c] g=0 pose=0 hp=4034000000000000 fd=4081e1b58e1fce6c fpy=4050000000000000 coll=0 r=00000
t195 p=[4039800000000000 c08000758210d590 c043fdc18ca0256e] v=[0000000000000000 c00ec313b8cd71ed bfc95de3ad2f00ff] g=0 pose=0 hp=4034000000000000 fd=408200758210d590 fpy=4050000000000000 coll=0 r=00000
t196 p=[4039800000000000 c0801f3895c9a300 c04419a1b104d4a6] v=[0000000000000000 c00ec62381b3a098 bfc95de3ad8af5bd] g=0 pose=0 hp=4034000000000000 fd=40821f3895c9a300 fpy=4050000000000000 coll=0 r=00000
t197 p=[4039800000000000 c0803dfeb94b56a0 c0443581d569dfce] v=[0000000000000000 c00ec9239d9f722b bfc95de3addea3d0] g=0 pose=0 hp=4034000000000000 fd=40823dfeb94b56a0 fpy=4050000000000000 coll=0 r=00000
t198 p=[4039800000000000 c0805cc7dce8f610 c0445161f9cf3ea6] v=[0000000000000000 c00ecc145cd35927 bfc95de3ae2ac9e7] g=0 pose=0 hp=4034000000000000 fd=40825cc7dce8f610 fpy=4050000000000000 coll=0 r=00000
t199 p=[4039800000000000 c0807b93f145c968 c0446d421e34e9a6] v=[0000000000000000 c00ecef60df6da3d bfc95de3ae701586] g=0 pose=0 hp=4034000000000000 fd=40827b93f145c968 fpy=4050000000000000 coll=0 r=00000
   end g=0 pose=0 hp=4034000000000000
-- player case pose under ceiling --
t000 p=[4004000000000000 4050000000000000 3fde1e4f765fd8ae] v=[0000000000000000 0000000000000000 bf90700a5416d88a] g=1 pose=1 hp=4034000000000000 fd=0000000000000000 fpy=4050000000000000 coll=0 r=00000
t001 p=[4004000000000000 4050000000000000 3fdb359e477e43d3] v=[0000000000000000 0000000000000000 bf9969a16035c06f] g=1 pose=1 hp=4034000000000000 fd=0000000000000000 fpy=4050000000000000 coll=0 r=00000
t002 p=[4004000000000000 4050000000000000 3fd7bd53a7dac07a] v=[0000000000000000 0000000000000000 bf9e501d51d5fc7d] g=1 pose=1 hp=4034000000000000 fd=0000000000000000 fpy=4050000000000000 coll=0 r=00000
t003 p=[4004000000000000 4050000000000000 3fd3f6a1491d3960] v=[0000000000000000 0000000000000000 bfa07e880c6af610] g=1 pose=1 hp=4034000000000000 fd=0000000000000000 fpy=4050000000000000 coll=0 r=00000
t004 p=[4004000000000000 4050000000000000 3fd0051fbdefb34c] v=[0000000000000000 0000000000000000 bfa13985b7fe24cc] g=1 pose=1 hp=4034000000000000 fd=0000000000000000 fpy=4050000000000000 coll=0 r=00000
t005 p=[4004000000000000 4050000000000000 3fc7f87cfa9f8ec0] v=[0000000000000000 0000000000000000 bfa19f9e8f0443f2] g=1 pose=1 hp=4034000000000000 fd=0000000000000000 fpy=4050000000000000 coll=0 r=00000
t006 p=[4004000000000000 4050000000000000 3fbf9a68873c5e3e] v=[0000000000000000 0000000000000000 bfa1d75d45f4a9f1] g=1 pose=1 hp=4034000000000000 fd=0000000000000000 fpy=4050000000000000 coll=0 r=00000
t007 p=[4004000000000000 4050000000000000 3fae4fef7b82d7f8] v=[0000000000000000 0000000000000000 bfa1f5cd155c45fd] g=1 pose=1 hp=4034000000000000 fd=0000000000000000 fpy=4050000000000000 coll=0 r=00000
t008 p=[4004000000000000 4050000000000000 bf759b0f36d544c0] v=[0000000000000000 0000000000000000 bfa2066b696b5f49] g=1 pose=1 hp=4034000000000000 fd=0000000000000000 fpy=4050000000000000 coll=0 r=00000
t009 p=[4004000000000000 4050000000000000 bfb1e3a8cea3a13a] v=[0000000000000000 0000000000000000 bfa20f7e466b6c96] g=1 pose=1 hp=4034000000000000 fd=0000000000000000 fpy=4050000000000000 coll=0 r=00000
t010 p=[4004000000000000 4050000000000000 bfc139150c2cfa67] v=[0000000000000000 0000000000000000 bfa214728ef52e36] g=1 pose=1 hp=4034000000000000 fd=0000000000000000 fpy=4050000000000000 coll=0 r=00000
t011 p=[4004000000000000 4050000000000000 bfc98192c32a9499] v=[0000000000000000 0000000000000000 bfa217270a881353] g=1 pose=1 hp=4034000000000000 fd=0000000000000000 fpy=4050000000000000 coll=0 r=00000
t012 p=[4004000000000000 4050000000000000 bfd0e55ecc867409] v=[0000000000000000 0000000000000000 bfa218a122feae1e] g=1 pose=1 hp=4034000000000000 fd=0000000000000000 fpy=4050000000000000 coll=0 r=00000
t013 p=[4004000000000000 4050000000000000 bfd50a237a86711f] v=[0000000000000000 0000000000000000 bfa2196f93ae07c1] g=1 pose=1 hp=4034000000000000 fd=0000000000000000 fpy=4050000000000000 coll=0 r=00000
t014 p=[4004000000000000 4050000000000000 bfd92f01f69c596a] v=[0000000000000000 0000000000000000 bfa219e04b0fd1c9] g=1 pose=1 hp=4034000000000000 fd=0000000000000000 fpy=4050000000000000 coll=0 r=00000
t015 p=[4004000000000000 4050000000000000 bfdd53ee899e7af6] v=[0000000000000000 0000000000000000 bfa21a1dd619b13f] g=1 pose=1 hp=4034000000000000 fd=0000000000000000 fpy=4050000000000000 coll=0 r=00000
t016 p=[4004000000000000 4050000000000000 bfe0bc716700ec38] v=[0000000000000000 0000000000000000 bfa21a3f7059f685] g=1 pose=1 hp=4034000000000000 fd=0000000000000000 fpy=4050000000000000 coll=0 r=00000
t017 p=[4004000000000000 4050000000000000 bfe2ceeda2d69f4a] v=[0000000000000000 0000000000000000 bfa21a51c92e34eb] g=1 pose=1 hp=4034000000000000 fd=0000000000000000 fpy=4050000000000000 coll=0 r=00000
t018 p=[4004000000000000 4050000000000000 bfe4e16b04399642] v=[0000000000000000 0000000000000000 bfa21a5bcda63014] g=1 pose=1 hp=4034000000000000 fd=0000000000000000 fpy=4050000000000000 coll=0 r=00000
t019 p=[4004000000000000 4050000000000000 bfe6f3e905e40cec] v=[0000000000000000 0000000000000000 bfa21a6145d95c89] g=1 pose=1 hp=4034000000000000 fd=0000000000000000 fpy=4050000000000000 coll=0 r=00000
t020 p=[4004000000000000 4050000000000000 bfe906675f11b65e] v=[0000000000000000 0000000000000000 bfa21a64425bb3ca] g=1 pose=1 hp=4034000000000000 fd=0000000000000000 fpy=4050000000000000 coll=0 r=00000
t021 p=[4004000000000000 4050000000000000 bfeb18e5e8078544] v=[0000000000000000 0000000000000000 bfa21a65e3c7bb7d] g=1 pose=1 hp=4034000000000000 fd=0000000000000000 fpy=4050000000000000 coll=0 r=00000
t022 p=[4004000000000000 4050000000000000 bfed2b648b1414a5] v=[0000000000000000 0000000000000000 bfa21a66c7b14f0e] g=1 pose=1 hp=4034000000000000 fd=0000000000000000 fpy=4050000000000000 coll=0 r=00000
t023 p=[4004000000000000 4050000000000000 bfef3de33c5f3d3f] v=[0000000000000000 0000000000000000 bfa21a674421fe58] g=1 pose=1 hp=4034000000000000 fd=0000000000000000 fpy=4050000000000000 coll=0 r=00000
t024 p=[4004000000000000 4050000000000000 bff0a830fab8b867] v=[0000000000000000 0000000000000000 bfa21a678813be4f] g=1 pose=1 hp=4034000000000000 fd=0000000000000000 fpy=4050000000000000 coll=0 r=00000
t025 p=[4004000000000000 4050000000000000 bff1b1705961602e] v=[0000000000000000 0000000000000000 bfa21a67ad2cbb17] g=1 pose=1 hp=4034000000000000 fd=0000000000000000 fpy=4050000000000000 coll=0 r=00000
t026 p=[4004000000000000 4050000000000000 bff2baafb932cfdb] v=[0000000000000000 0000000000000000 bfa21a67c16e1602] g=1 pose=1 hp=4034000000000000 fd=0000000000000000 fpy=4050000000000000 coll=0 r=00000
t027 p=[4004000000000000 4050000000000000 bff3c3ef19a64a60] v=[0000000000000000 0000000000000000 bfa21a67cc7d4a35] g=1 pose=1 hp=4034000000000000 fd=0000000000000000 fpy=4050000000000000 coll=0 r=00000
t028 p=[4004000000000000 4050000000000000 bff4cd2e7a723e86] v=[0000000000000000 0000000000000000 bfa21a67d2872090] g=1 pose=1 hp=4034000000000000 fd=0000000000000000 fpy=4050000000000000 coll=0 r=00000
t029 p=[4004000000000000 4050000000000000 bff5d66ddb6e815f] v=[0000000000000000 0000000000000000 bfa21a67d5d32785] g=1 pose=1 hp=4034000000000000 fd=0000000000000000 fpy=4050000000000000 coll=0 r=00000
t030 p=[4004000000000000 4050000000000000 bff6dfad3c852470] v=[0000000000000000 0000000000000000 bfa21a67d79ffe44] g=1 pose=1 hp=4034000000000000 fd=0000000000000000 fpy=4050000000000000 coll=0 r=00000
t031 p=[4004000000000000 4050000000000000 bff7e8ec9daa2e37] v=[0000000000000000 0000000000000000 bfa21a67d89b9c79] g=1 pose=1 hp=4034000000000000 fd=0000000000000000 fpy=4050000000000000 coll=0 r=00000
t032 p=[4004000000000000 4050000000000000 bff8f22bfed714ef] v=[0000000000000000 0000000000000000 bfa21a67d924fea2] g=1 pose=1 hp=4034000000000000 fd=0000000000000000 fpy=4050000000000000 coll=0 r=00000
t033 p=[4004000000000000 4050000000000000 bff9fb6b600846b9] v=[0000000000000000 0000000000000000 bfa21a67d970018a] g=1 pose=1 hp=4034000000000000 fd=0000000000000000 fpy=4050000000000000 coll=0 r=00000
t034 p=[4004000000000000 4050000000000000 bffb04aac13bd09a] v=[0000000000000000 0000000000000000 bfa21a67d998f653] g=1 pose=1 hp=4034000000000000 fd=0000000000000000 fpy=4050000000000000 coll=0 r=00000
t035 p=[4004000000000000 4050000000000000 bffc0dea2270a221] v=[0000000000000000 0000000000000000 bfa21a67d9af5305] g=1 pose=1 hp=4034000000000000 fd=0000000000000000 fpy=4050000000000000 coll=0 r=00000
t036 p=[4004000000000000 4050000000000000 bffd172983a6268e] v=[0000000000000000 0000000000000000 bfa21a67d9bb88b4] g=1 pose=1 hp=4034000000000000 fd=0000000000000000 fpy=4050000000000000 coll=0 r=00000
t037 p=[4004000000000000 4050000000000000 bffe2068e4dc0ca8] v=[0000000000000000 0000000000000000 bfa21a67d9c23353] g=1 pose=1 hp=4034000000000000 fd=0000000000000000 fpy=4050000000000000 coll=0 r=00000
t038 p=[4004000000000000 4050000000000000 bfff29a846122817] v=[0000000000000000 0000000000000000 bfa21a67d9c5d724] g=1 pose=1 hp=4034000000000000 fd=0000000000000000 fpy=4050000000000000 coll=0 r=00000
t039 p=[4004000000000000 4050000000000000 c0001973d3a43052] v=[0000000000000000 0000000000000000 bfa21a67d9c7d3e9] g=1 pose=1 hp=4034000000000000 fd=0000000000000000 fpy=4050000000000000 coll=0 r=00000
   end g=1 pose=1 hp=4034000000000000
== drop cases ==
-- drop case drop onto plate --
t000 n=1 #1p=[3fe0000000000000 40517d70a3d70a3d 3fe0000000000000]v=[0000000000000000 bfa41205bc01a36e 0000000000000000] g=0 age=1 mt=39 pd=9 n=1
t001 n=1 #1p=[3fe0000000000000 4051785f06f69446 3fe0000000000000]v=[0000000000000000 bfb3dea465a57646 0000000000000000] g=0 age=2 mt=2 pd=8 n=1
t002 n=1 #1p=[3fe0000000000000 405170d801b43526 3fe0000000000000]v=[0000000000000000 bfbd81eba8044081 0000000000000000] g=0 age=3 mt=1 pd=7 n=1
t003 n=1 #1p=[3fe0000000000000 405166e82aa13e53 3fe0000000000000]v=[0000000000000000 bfc379ed39a65543 0000000000000000] g=0 age=4 mt=40 pd=6 n=1
t004 n=1 #1p=[3fe0000000000000 40515a9bd7db7566 3fe0000000000000]v=[0000000000000000 bfc81ab6b6dbbc6a 0000000000000000] g=0 age=5 mt=39 pd=5 n=1
t005 n=1 #1p=[3fe0000000000000 40514bff205711c5 3fe0000000000000]v=[0000000000000000 bfcca3ce17f6788b 0000000000000000] g=0 age=6 mt=38 pd=4 n=1
t006 n=1 #1p=[3fe0000000000000 40513b1ddd2220c6 3fe0000000000000]v=[0000000000000000 bfd08ad657b8f9bc 0000000000000000] g=0 age=7 mt=37 pd=3 n=1
t007 n=1 #1p=[3fe0000000000000 40512803aaa1720a 3fe0000000000000]v=[0000000000000000 bfd2b864b14f14b0 0000000000000000] g=0 age=8 mt=2 pd=2 n=1
t008 n=1 #1p=[3fe0000000000000 405112bbe9c72d33 3fe0000000000000]v=[0000000000000000 bfd4dacc5b060624 0000000000000000] g=0 age=9 mt=1 pd=1 n=1
t009 n=1 #1p=[3fe0000000000000 4050fb51c143316a 3fe0000000000000]v=[0000000000000000 bfd6f2466cdd25f7 0000000000000000] g=0 age=10 mt=40 pd=0 n=1
t010 n=1 #1p=[3fe0000000000000 4050e1d01ead5e81 3fe0000000000000]v=[0000000000000000 bfd8ff0ada81e3df 0000000000000000] g=0 age=11 mt=2 pd=0 n=1
t011 n=1 #1p=[3fe0000000000000 4050c641b7a9e6db 3fe0000000000000]v=[0000000000000000 bfdb015079287505 0000000000000000] g=0 age=12 mt=1 pd=0 n=1
t012 n=1 #1p=[3fe0000000000000 4050a8b10b07c8a3 3fe0000000000000]v=[0000000000000000 bfdcf94d054692a0 0000000000000000] g=0 age=13 mt=40 pd=0 n=1
t013 n=1 #1p=[3fe0000000000000 4050892861d98c4e 3fe0000000000000]v=[0000000000000000 bfdee7352830e2d7 0000000000000000] g=0 age=14 mt=2 pd=0 n=1
t014 n=1 #1p=[3fe0000000000000 405067b1d08865a8 3fe0000000000000]v=[0000000000000000 bfe0659e3ecdd10b 0000000000000000] g=0 age=15 mt=1 pd=0 n=1
t015 n=1 #1p=[3fe0000000000000 4050445737e1d444 3fe0000000000000]v=[0000000000000000 bfe152cacc7f900a 0000000000000000] g=0 age=16 mt=40 pd=0 n=1
t016 n=1 #1p=[3fe0000000000000 40501f22461fdf62 3fe0000000000000]v=[0000000000000000 bfe23b3905705055 0000000000000000] g=0 age=17 mt=39 pd=0 n=1
t017 n=1 #1p=[3fe0000000000000 4050000000000000 3fe0000000000000]v=[0000000000000000 0000000000000000 0000000000000000] g=1 age=18 mt=2 pd=0 n=1
t018 n=1 #1p=[3fe0000000000000 4050000000000000 3fe0000000000000]v=[0000000000000000 0000000000000000 0000000000000000] g=1 age=19 mt=1 pd=0 n=1
t019 n=1 #1p=[3fe0000000000000 4050000000000000 3fe0000000000000]v=[0000000000000000 0000000000000000 0000000000000000] g=1 age=20 mt=40 pd=0 n=1
t020 n=1 #1p=[3fe0000000000000 4050000000000000 3fe0000000000000]v=[0000000000000000 0000000000000000 0000000000000000] g=1 age=21 mt=39 pd=0 n=1
t021 n=1 #1p=[3fe0000000000000 4050000000000000 3fe0000000000000]v=[0000000000000000 0000000000000000 0000000000000000] g=1 age=22 mt=38 pd=0 n=1
t022 n=1 #1p=[3fe0000000000000 4050000000000000 3fe0000000000000]v=[0000000000000000 0000000000000000 0000000000000000] g=1 age=23 mt=37 pd=0 n=1
t023 n=1 #1p=[3fe0000000000000 4050000000000000 3fe0000000000000]v=[0000000000000000 0000000000000000 0000000000000000] g=1 age=24 mt=36 pd=0 n=1
t024 n=1 #1p=[3fe0000000000000 4050000000000000 3fe0000000000000]v=[0000000000000000 0000000000000000 0000000000000000] g=1 age=25 mt=35 pd=0 n=1
t025 n=1 #1p=[3fe0000000000000 4050000000000000 3fe0000000000000]v=[0000000000000000 0000000000000000 0000000000000000] g=1 age=26 mt=34 pd=0 n=1
t026 n=1 #1p=[3fe0000000000000 4050000000000000 3fe0000000000000]v=[0000000000000000 0000000000000000 0000000000000000] g=1 age=27 mt=33 pd=0 n=1
t027 n=1 #1p=[3fe0000000000000 4050000000000000 3fe0000000000000]v=[0000000000000000 0000000000000000 0000000000000000] g=1 age=28 mt=32 pd=0 n=1
t028 n=1 #1p=[3fe0000000000000 4050000000000000 3fe0000000000000]v=[0000000000000000 0000000000000000 0000000000000000] g=1 age=29 mt=31 pd=0 n=1
t029 n=1 #1p=[3fe0000000000000 4050000000000000 3fe0000000000000]v=[0000000000000000 0000000000000000 0000000000000000] g=1 age=30 mt=30 pd=0 n=1
t030 n=1 #1p=[3fe0000000000000 4050000000000000 3fe0000000000000]v=[0000000000000000 0000000000000000 0000000000000000] g=1 age=31 mt=29 pd=0 n=1
t031 n=1 #1p=[3fe0000000000000 4050000000000000 3fe0000000000000]v=[0000000000000000 0000000000000000 0000000000000000] g=1 age=32 mt=28 pd=0 n=1
t032 n=1 #1p=[3fe0000000000000 4050000000000000 3fe0000000000000]v=[0000000000000000 0000000000000000 0000000000000000] g=1 age=33 mt=27 pd=0 n=1
t033 n=1 #1p=[3fe0000000000000 4050000000000000 3fe0000000000000]v=[0000000000000000 0000000000000000 0000000000000000] g=1 age=34 mt=26 pd=0 n=1
t034 n=1 #1p=[3fe0000000000000 4050000000000000 3fe0000000000000]v=[0000000000000000 0000000000000000 0000000000000000] g=1 age=35 mt=25 pd=0 n=1
t035 n=1 #1p=[3fe0000000000000 4050000000000000 3fe0000000000000]v=[0000000000000000 0000000000000000 0000000000000000] g=1 age=36 mt=24 pd=0 n=1
t036 n=1 #1p=[3fe0000000000000 4050000000000000 3fe0000000000000]v=[0000000000000000 0000000000000000 0000000000000000] g=1 age=37 mt=23 pd=0 n=1
t037 n=1 #1p=[3fe0000000000000 4050000000000000 3fe0000000000000]v=[0000000000000000 0000000000000000 0000000000000000] g=1 age=38 mt=22 pd=0 n=1
t038 n=1 #1p=[3fe0000000000000 4050000000000000 3fe0000000000000]v=[0000000000000000 0000000000000000 0000000000000000] g=1 age=39 mt=21 pd=0 n=1
t039 n=1 #1p=[3fe0000000000000 4050000000000000 3fe0000000000000]v=[0000000000000000 0000000000000000 0000000000000000] g=1 age=40 mt=20 pd=0 n=1
t040 n=1 #1p=[3fe0000000000000 4050000000000000 3fe0000000000000]v=[0000000000000000 0000000000000000 0000000000000000] g=1 age=41 mt=19 pd=0 n=1
t050 n=1 #1p=[3fe0000000000000 4050000000000000 3fe0000000000000]v=[0000000000000000 0000000000000000 0000000000000000] g=1 age=51 mt=9 pd=0 n=1
   end n=1
-- drop case drop onto 0.25 slab --
t000 n=1 #1p=[400c000000000000 4050fd70a3d70a3d c016000000000000]v=[0000000000000000 bfa41205bc01a36e 0000000000000000] g=0 age=1 mt=39 pd=9 n=1
t001 n=1 #1p=[400c000000000000 4050f85f06f69446 c016000000000000]v=[0000000000000000 bfb3dea465a57646 0000000000000000] g=0 age=2 mt=2 pd=8 n=1
t002 n=1 #1p=[400c000000000000 4050f0d801b43526 c016000000000000]v=[0000000000000000 bfbd81eba8044081 0000000000000000] g=0 age=3 mt=1 pd=7 n=1
t003 n=1 #1p=[400c000000000000 4050e6e82aa13e53 c016000000000000]v=[0000000000000000 bfc379ed39a65543 0000000000000000] g=0 age=4 mt=40 pd=6 n=1
t004 n=1 #1p=[400c000000000000 4050da9bd7db7566 c016000000000000]v=[0000000000000000 bfc81ab6b6dbbc6a 0000000000000000] g=0 age=5 mt=39 pd=5 n=1
t005 n=1 #1p=[400c000000000000 4050cbff205711c5 c016000000000000]v=[0000000000000000 bfcca3ce17f6788b 0000000000000000] g=0 age=6 mt=38 pd=4 n=1
t006 n=1 #1p=[400c000000000000 4050bb1ddd2220c6 c016000000000000]v=[0000000000000000 bfd08ad657b8f9bc 0000000000000000] g=0 age=7 mt=37 pd=3 n=1
t007 n=1 #1p=[400c000000000000 4050a803aaa1720a c016000000000000]v=[0000000000000000 bfd2b864b14f14b0 0000000000000000] g=0 age=8 mt=2 pd=2 n=1
t008 n=1 #1p=[400c000000000000 405092bbe9c72d33 c016000000000000]v=[0000000000000000 bfd4dacc5b060624 0000000000000000] g=0 age=9 mt=1 pd=1 n=1
t009 n=1 #1p=[400c000000000000 40507b51c143316a c016000000000000]v=[0000000000000000 bfd6f2466cdd25f7 0000000000000000] g=0 age=10 mt=40 pd=0 n=1
t010 n=1 #1p=[400c000000000000 405061d01ead5e81 c016000000000000]v=[0000000000000000 bfd8ff0ada81e3df 0000000000000000] g=0 age=11 mt=2 pd=0 n=1
t011 n=1 #1p=[400c000000000000 40504641b7a9e6db c016000000000000]v=[0000000000000000 bfdb015079287505 0000000000000000] g=0 age=12 mt=1 pd=0 n=1
t012 n=1 #1p=[400c000000000000 405028b10b07c8a3 c016000000000000]v=[0000000000000000 bfdcf94d054692a0 0000000000000000] g=0 age=13 mt=40 pd=0 n=1
t013 n=1 #1p=[400c000000000000 4050100000000000 c016000000000000]v=[0000000000000000 0000000000000000 0000000000000000] g=1 age=14 mt=2 pd=0 n=1
t014 n=1 #1p=[400c000000000000 4050100000000000 c016000000000000]v=[0000000000000000 0000000000000000 0000000000000000] g=1 age=15 mt=1 pd=0 n=1
t015 n=1 #1p=[400c000000000000 4050100000000000 c016000000000000]v=[0000000000000000 0000000000000000 0000000000000000] g=1 age=16 mt=40 pd=0 n=1
t016 n=1 #1p=[400c000000000000 4050100000000000 c016000000000000]v=[0000000000000000 0000000000000000 0000000000000000] g=1 age=17 mt=39 pd=0 n=1
t017 n=1 #1p=[400c000000000000 4050100000000000 c016000000000000]v=[0000000000000000 0000000000000000 0000000000000000] g=1 age=18 mt=38 pd=0 n=1
t018 n=1 #1p=[400c000000000000 4050100000000000 c016000000000000]v=[0000000000000000 0000000000000000 0000000000000000] g=1 age=19 mt=37 pd=0 n=1
t019 n=1 #1p=[400c000000000000 4050100000000000 c016000000000000]v=[0000000000000000 0000000000000000 0000000000000000] g=1 age=20 mt=36 pd=0 n=1
t020 n=1 #1p=[400c000000000000 4050100000000000 c016000000000000]v=[0000000000000000 0000000000000000 0000000000000000] g=1 age=21 mt=35 pd=0 n=1
t021 n=1 #1p=[400c000000000000 4050100000000000 c016000000000000]v=[0000000000000000 0000000000000000 0000000000000000] g=1 age=22 mt=34 pd=0 n=1
t022 n=1 #1p=[400c000000000000 4050100000000000 c016000000000000]v=[0000000000000000 0000000000000000 0000000000000000] g=1 age=23 mt=33 pd=0 n=1
t023 n=1 #1p=[400c000000000000 4050100000000000 c016000000000000]v=[0000000000000000 0000000000000000 0000000000000000] g=1 age=24 mt=32 pd=0 n=1
t024 n=1 #1p=[400c000000000000 4050100000000000 c016000000000000]v=[0000000000000000 0000000000000000 0000000000000000] g=1 age=25 mt=31 pd=0 n=1
t025 n=1 #1p=[400c000000000000 4050100000000000 c016000000000000]v=[0000000000000000 0000000000000000 0000000000000000] g=1 age=26 mt=30 pd=0 n=1
t026 n=1 #1p=[400c000000000000 4050100000000000 c016000000000000]v=[0000000000000000 0000000000000000 0000000000000000] g=1 age=27 mt=29 pd=0 n=1
t027 n=1 #1p=[400c000000000000 4050100000000000 c016000000000000]v=[0000000000000000 0000000000000000 0000000000000000] g=1 age=28 mt=28 pd=0 n=1
t028 n=1 #1p=[400c000000000000 4050100000000000 c016000000000000]v=[0000000000000000 0000000000000000 0000000000000000] g=1 age=29 mt=27 pd=0 n=1
t029 n=1 #1p=[400c000000000000 4050100000000000 c016000000000000]v=[0000000000000000 0000000000000000 0000000000000000] g=1 age=30 mt=26 pd=0 n=1
t030 n=1 #1p=[400c000000000000 4050100000000000 c016000000000000]v=[0000000000000000 0000000000000000 0000000000000000] g=1 age=31 mt=25 pd=0 n=1
t031 n=1 #1p=[400c000000000000 4050100000000000 c016000000000000]v=[0000000000000000 0000000000000000 0000000000000000] g=1 age=32 mt=24 pd=0 n=1
t032 n=1 #1p=[400c000000000000 4050100000000000 c016000000000000]v=[0000000000000000 0000000000000000 0000000000000000] g=1 age=33 mt=23 pd=0 n=1
t033 n=1 #1p=[400c000000000000 4050100000000000 c016000000000000]v=[0000000000000000 0000000000000000 0000000000000000] g=1 age=34 mt=22 pd=0 n=1
t034 n=1 #1p=[400c000000000000 4050100000000000 c016000000000000]v=[0000000000000000 0000000000000000 0000000000000000] g=1 age=35 mt=21 pd=0 n=1
t035 n=1 #1p=[400c000000000000 4050100000000000 c016000000000000]v=[0000000000000000 0000000000000000 0000000000000000] g=1 age=36 mt=20 pd=0 n=1
t036 n=1 #1p=[400c000000000000 4050100000000000 c016000000000000]v=[0000000000000000 0000000000000000 0000000000000000] g=1 age=37 mt=19 pd=0 n=1
t037 n=1 #1p=[400c000000000000 4050100000000000 c016000000000000]v=[0000000000000000 0000000000000000 0000000000000000] g=1 age=38 mt=18 pd=0 n=1
t038 n=1 #1p=[400c000000000000 4050100000000000 c016000000000000]v=[0000000000000000 0000000000000000 0000000000000000] g=1 age=39 mt=17 pd=0 n=1
t039 n=1 #1p=[400c000000000000 4050100000000000 c016000000000000]v=[0000000000000000 0000000000000000 0000000000000000] g=1 age=40 mt=16 pd=0 n=1
t040 n=1 #1p=[400c000000000000 4050100000000000 c016000000000000]v=[0000000000000000 0000000000000000 0000000000000000] g=1 age=41 mt=15 pd=0 n=1
t050 n=1 #1p=[400c000000000000 4050100000000000 c016000000000000]v=[0000000000000000 0000000000000000 0000000000000000] g=1 age=51 mt=5 pd=0 n=1
   end n=1
-- drop case drop into corner --
t000 n=1 #1p=[4004cccccccccccc 40501d70a3d70a3e bff999999999999a]v=[3fe2d0e560418937 bfa41205bc01a36e bfe2d0e560418937] g=0 age=1 mt=39 pd=9 n=1
t001 n=1 #1p=[4009810624dd2f1a 4050185f06f69448 c001810624dd2f1b]v=[3fe2708ede54b48d bfb3dea465a57646 bfe2708ede54b48d] g=0 age=2 mt=2 pd=8 n=1
t002 n=1 #1p=[400e1d29dc725c3e 405010d801b43528 c0061d29dc725c3f]v=[3fe212259c71bb2e bfbd81eba8044081 bfe212259c71bb2e] g=0 age=3 mt=1 pd=7 n=1
t003 n=1 #1p=[400f000000000000 405006e82aa13e56 c00aa1b3438ecb0b]v=[0000000000000000 bfc379ed39a65543 bfe1b59fbd27c6cc] g=0 age=4 mt=40 pd=6 n=1
t004 n=1 #1p=[400f000000000000 4050000000000000 c00f0f1b32d8bcbe]v=[0000000000000000 0000000000000000 bfd4d38ab370502f] g=1 age=5 mt=2 pd=5 n=1
t005 n=1 #1p=[400f000000000000 4050000000000000 c010d4c644a36362]v=[0000000000000000 0000000000000000 bfc87de4a5f6c4b2] g=1 age=6 mt=1 pd=4 n=1
t006 n=1 #1p=[400f000000000000 4050000000000000 c01198b569d31988]v=[0000000000000000 0000000000000000 bfbccd64f4535a00] g=1 age=7 mt=40 pd=3 n=1
t007 n=1 #1p=[400f000000000000 4050000000000000 c0120beafda466f0]v=[0000000000000000 0000000000000000 bfb0ef8e4e20a070] g=1 age=8 mt=39 pd=2 n=1
t008 n=1 #1p=[400f000000000000 4050000000000000 c0124fa936dce972]v=[0000000000000000 0000000000000000 bfa3ea9d1c63cf1b] g=1 age=9 mt=38 pd=1 n=1
t009 n=1 #1p=[400f000000000000 4050000000000000 c012777e7115b110]v=[0000000000000000 0000000000000000 bf976bf8401b436d] g=1 age=10 mt=37 pd=0 n=1
t010 n=1 #1p=[400f000000000000 4050000000000000 c0128eea6955cc53]v=[0000000000000000 0000000000000000 bf8b8b42a998e4cc] g=1 age=11 mt=36 pd=0 n=1
t011 n=1 #1p=[400f000000000000 4050000000000000 c0129cb00aaa98c5]v=[0000000000000000 0000000000000000 bf8032242023a128] g=1 age=12 mt=35 pd=0 n=1
t012 n=1 #1p=[400f000000000000 4050000000000000 c012a4c91cbaaa96]v=[0000000000000000 0000000000000000 bf730bdca8de1fd3] g=1 age=13 mt=34 pd=0 n=1
t013 n=1 #1p=[400f000000000000 4050000000000000 c012a98c13e4e21e]v=[0000000000000000 0000000000000000 0000000000000000] g=1 age=14 mt=33 pd=0 n=1
t014 n=1 #1p=[400f000000000000 4050000000000000 c012a98c13e4e21e]v=[0000000000000000 0000000000000000 0000000000000000] g=1 age=15 mt=32 pd=0 n=1
t015 n=1 #1p=[400f000000000000 4050000000000000 c012a98c13e4e21e]v=[0000000000000000 0000000000000000 0000000000000000] g=1 age=16 mt=31 pd=0 n=1
t016 n=1 #1p=[400f000000000000 4050000000000000 c012a98c13e4e21e]v=[0000000000000000 0000000000000000 0000000000000000] g=1 age=17 mt=30 pd=0 n=1
t017 n=1 #1p=[400f000000000000 4050000000000000 c012a98c13e4e21e]v=[0000000000000000 0000000000000000 0000000000000000] g=1 age=18 mt=29 pd=0 n=1
t018 n=1 #1p=[400f000000000000 4050000000000000 c012a98c13e4e21e]v=[0000000000000000 0000000000000000 0000000000000000] g=1 age=19 mt=28 pd=0 n=1
t019 n=1 #1p=[400f000000000000 4050000000000000 c012a98c13e4e21e]v=[0000000000000000 0000000000000000 0000000000000000] g=1 age=20 mt=27 pd=0 n=1
t020 n=1 #1p=[400f000000000000 4050000000000000 c012a98c13e4e21e]v=[0000000000000000 0000000000000000 0000000000000000] g=1 age=21 mt=26 pd=0 n=1
t021 n=1 #1p=[400f000000000000 4050000000000000 c012a98c13e4e21e]v=[0000000000000000 0000000000000000 0000000000000000] g=1 age=22 mt=25 pd=0 n=1
t022 n=1 #1p=[400f000000000000 4050000000000000 c012a98c13e4e21e]v=[0000000000000000 0000000000000000 0000000000000000] g=1 age=23 mt=24 pd=0 n=1
t023 n=1 #1p=[400f000000000000 4050000000000000 c012a98c13e4e21e]v=[0000000000000000 0000000000000000 0000000000000000] g=1 age=24 mt=23 pd=0 n=1
t024 n=1 #1p=[400f000000000000 4050000000000000 c012a98c13e4e21e]v=[0000000000000000 0000000000000000 0000000000000000] g=1 age=25 mt=22 pd=0 n=1
t025 n=1 #1p=[400f000000000000 4050000000000000 c012a98c13e4e21e]v=[0000000000000000 0000000000000000 0000000000000000] g=1 age=26 mt=21 pd=0 n=1
t026 n=1 #1p=[400f000000000000 4050000000000000 c012a98c13e4e21e]v=[0000000000000000 0000000000000000 0000000000000000] g=1 age=27 mt=20 pd=0 n=1
t027 n=1 #1p=[400f000000000000 4050000000000000 c012a98c13e4e21e]v=[0000000000000000 0000000000000000 0000000000000000] g=1 age=28 mt=19 pd=0 n=1
t028 n=1 #1p=[400f000000000000 4050000000000000 c012a98c13e4e21e]v=[0000000000000000 0000000000000000 0000000000000000] g=1 age=29 mt=18 pd=0 n=1
t029 n=1 #1p=[400f000000000000 4050000000000000 c012a98c13e4e21e]v=[0000000000000000 0000000000000000 0000000000000000] g=1 age=30 mt=17 pd=0 n=1
t030 n=1 #1p=[400f000000000000 4050000000000000 c012a98c13e4e21e]v=[0000000000000000 0000000000000000 0000000000000000] g=1 age=31 mt=16 pd=0 n=1
t031 n=1 #1p=[400f000000000000 4050000000000000 c012a98c13e4e21e]v=[0000000000000000 0000000000000000 0000000000000000] g=1 age=32 mt=15 pd=0 n=1
t032 n=1 #1p=[400f000000000000 4050000000000000 c012a98c13e4e21e]v=[0000000000000000 0000000000000000 0000000000000000] g=1 age=33 mt=14 pd=0 n=1
t033 n=1 #1p=[400f000000000000 4050000000000000 c012a98c13e4e21e]v=[0000000000000000 0000000000000000 0000000000000000] g=1 age=34 mt=13 pd=0 n=1
t034 n=1 #1p=[400f000000000000 4050000000000000 c012a98c13e4e21e]v=[0000000000000000 0000000000000000 0000000000000000] g=1 age=35 mt=12 pd=0 n=1
t035 n=1 #1p=[400f000000000000 4050000000000000 c012a98c13e4e21e]v=[0000000000000000 0000000000000000 0000000000000000] g=1 age=36 mt=11 pd=0 n=1
t036 n=1 #1p=[400f000000000000 4050000000000000 c012a98c13e4e21e]v=[0000000000000000 0000000000000000 0000000000000000] g=1 age=37 mt=10 pd=0 n=1
t037 n=1 #1p=[400f000000000000 4050000000000000 c012a98c13e4e21e]v=[0000000000000000 0000000000000000 0000000000000000] g=1 age=38 mt=9 pd=0 n=1
t038 n=1 #1p=[400f000000000000 4050000000000000 c012a98c13e4e21e]v=[0000000000000000 0000000000000000 0000000000000000] g=1 age=39 mt=8 pd=0 n=1
t039 n=1 #1p=[400f000000000000 4050000000000000 c012a98c13e4e21e]v=[0000000000000000 0000000000000000 0000000000000000] g=1 age=40 mt=7 pd=0 n=1
t040 n=1 #1p=[400f000000000000 4050000000000000 c012a98c13e4e21e]v=[0000000000000000 0000000000000000 0000000000000000] g=1 age=41 mt=6 pd=0 n=1
t050 n=1 #1p=[400f000000000000 4050000000000000 c012a98c13e4e21e]v=[0000000000000000 0000000000000000 0000000000000000] g=1 age=51 mt=36 pd=0 n=1
   end n=1
-- drop case drop on ice --
t000 n=1 #1p=[c01ccccccccccccd 40501d70a3d70a3d 4016000000000000]v=[3fd2d0e560418937 bfa41205bc01a36e 0000000000000000] g=0 age=1 mt=39 pd=9 n=1
t001 n=1 #1p=[c01b9fbe76c8b43a 4050185f06f69446 4016000000000000]v=[3fd2708ede54b48d bfb3dea465a57646 0000000000000000] g=0 age=2 mt=38 pd=8 n=1
t002 n=1 #1p=[c01a78b588e368f1 405010d801b43526 4016000000000000]v=[3fd212259c71bb2e bfbd81eba8044081 0000000000000000] g=0 age=3 mt=2 pd=7 n=1
t003 n=1 #1p=[c01957932f1c4d3e 405006e82aa13e53 4016000000000000]v=[3fd1b59fbd27c6cc bfc379ed39a65543 0000000000000000] g=0 age=4 mt=1 pd=6 n=1
t004 n=1 #1p=[c0183c393349d0d1 4050000000000000 4016000000000000]v=[3fd10217ac24417c 0000000000000000 0000000000000000] g=1 age=5 mt=40 pd=5 n=1
t005 n=1 #1p=[c0172c17b8878cb9 4050000000000000 4016000000000000]v=[3fd055ab9fe5ca27 0000000000000000 0000000000000000] g=1 age=6 mt=39 pd=4 n=1
t006 n=1 #1p=[c01626bcfe893017 4050000000000000 4016000000000000]v=[3fcf60270b9add61 0000000000000000 0000000000000000] g=1 age=7 mt=2 pd=3 n=1
t007 n=1 #1p=[c0152bbbc62c592c 4050000000000000 4016000000000000]v=[3fce22144bc28142 0000000000000000 0000000000000000] g=1 age=8 mt=1 pd=2 n=1
t008 n=1 #1p=[c0143aab23ce4522 4050000000000000 4016000000000000]v=[3fccf09a0bbab33a 0000000000000000 0000000000000000] g=1 age=9 mt=40 pd=1 n=1
t009 n=1 #1p=[c013532653706f88 4050000000000000 4016000000000000]v=[3fc1044200c0b942 0000000000000000 0000000000000000] g=1 age=10 mt=39 pd=0 n=1
t010 n=1 #1p=[c012cb04436a69be 4050000000000000 4016000000000000]v=[3fb402f58e3283d9 0000000000000000 0000000000000000] g=1 age=11 mt=2 pd=0 n=1
t011 n=1 #1p=[c0127af86d319faf 4050000000000000 4016000000000000]v=[3fa788999aefa132 0000000000000000 0000000000000000] g=1 age=12 mt=1 pd=0 n=1
t012 n=1 #1p=[c0124be739fbc06d 4050000000000000 4016000000000000]v=[3f9bacedfbd63872 0000000000000000 0000000000000000] g=1 age=13 mt=40 pd=0 n=1
t013 n=1 #1p=[c012303a4bffea35 4050000000000000 4016000000000000]v=[3f9045f04953fa47 0000000000000000 0000000000000000] g=1 age=14 mt=39 pd=0 n=1
t014 n=1 #1p=[c0121ff45bb6963b 4050000000000000 4016000000000000]v=[3f832324d11d202e 0000000000000000 0000000000000000] g=1 age=15 mt=38 pd=0 n=1
t015 n=1 #1p=[c0121662c94e07ab 4050000000000000 4016000000000000]v=[3f768164a3ff6f92 0000000000000000 0000000000000000] g=1 age=16 mt=37 pd=0 n=1
t016 n=1 #1p=[c01210c2702507cf 4050000000000000 4016000000000000]v=[3f6a7765f8284be9 0000000000000000 0000000000000000] g=1 age=17 mt=36 pd=0 n=1
t017 n=1 #1p=[c0120d73836602c6 4050000000000000 4016000000000000]v=[0000000000000000 0000000000000000 0000000000000000] g=1 age=18 mt=35 pd=0 n=1
t018 n=1 #1p=[c0120d73836602c6 4050000000000000 4016000000000000]v=[0000000000000000 0000000000000000 0000000000000000] g=1 age=19 mt=34 pd=0 n=1
t019 n=1 #1p=[c0120d73836602c6 4050000000000000 4016000000000000]v=[0000000000000000 0000000000000000 0000000000000000] g=1 age=20 mt=33 pd=0 n=1
t020 n=1 #1p=[c0120d73836602c6 4050000000000000 4016000000000000]v=[0000000000000000 0000000000000000 0000000000000000] g=1 age=21 mt=32 pd=0 n=1
t021 n=1 #1p=[c0120d73836602c6 4050000000000000 4016000000000000]v=[0000000000000000 0000000000000000 0000000000000000] g=1 age=22 mt=31 pd=0 n=1
t022 n=1 #1p=[c0120d73836602c6 4050000000000000 4016000000000000]v=[0000000000000000 0000000000000000 0000000000000000] g=1 age=23 mt=30 pd=0 n=1
t023 n=1 #1p=[c0120d73836602c6 4050000000000000 4016000000000000]v=[0000000000000000 0000000000000000 0000000000000000] g=1 age=24 mt=29 pd=0 n=1
t024 n=1 #1p=[c0120d73836602c6 4050000000000000 4016000000000000]v=[0000000000000000 0000000000000000 0000000000000000] g=1 age=25 mt=28 pd=0 n=1
t025 n=1 #1p=[c0120d73836602c6 4050000000000000 4016000000000000]v=[0000000000000000 0000000000000000 0000000000000000] g=1 age=26 mt=27 pd=0 n=1
t026 n=1 #1p=[c0120d73836602c6 4050000000000000 4016000000000000]v=[0000000000000000 0000000000000000 0000000000000000] g=1 age=27 mt=26 pd=0 n=1
t027 n=1 #1p=[c0120d73836602c6 4050000000000000 4016000000000000]v=[0000000000000000 0000000000000000 0000000000000000] g=1 age=28 mt=25 pd=0 n=1
t028 n=1 #1p=[c0120d73836602c6 4050000000000000 4016000000000000]v=[0000000000000000 0000000000000000 0000000000000000] g=1 age=29 mt=24 pd=0 n=1
t029 n=1 #1p=[c0120d73836602c6 4050000000000000 4016000000000000]v=[0000000000000000 0000000000000000 0000000000000000] g=1 age=30 mt=23 pd=0 n=1
t030 n=1 #1p=[c0120d73836602c6 4050000000000000 4016000000000000]v=[0000000000000000 0000000000000000 0000000000000000] g=1 age=31 mt=22 pd=0 n=1
t031 n=1 #1p=[c0120d73836602c6 4050000000000000 4016000000000000]v=[0000000000000000 0000000000000000 0000000000000000] g=1 age=32 mt=21 pd=0 n=1
t032 n=1 #1p=[c0120d73836602c6 4050000000000000 4016000000000000]v=[0000000000000000 0000000000000000 0000000000000000] g=1 age=33 mt=20 pd=0 n=1
t033 n=1 #1p=[c0120d73836602c6 4050000000000000 4016000000000000]v=[0000000000000000 0000000000000000 0000000000000000] g=1 age=34 mt=19 pd=0 n=1
t034 n=1 #1p=[c0120d73836602c6 4050000000000000 4016000000000000]v=[0000000000000000 0000000000000000 0000000000000000] g=1 age=35 mt=18 pd=0 n=1
t035 n=1 #1p=[c0120d73836602c6 4050000000000000 4016000000000000]v=[0000000000000000 0000000000000000 0000000000000000] g=1 age=36 mt=17 pd=0 n=1
t036 n=1 #1p=[c0120d73836602c6 4050000000000000 4016000000000000]v=[0000000000000000 0000000000000000 0000000000000000] g=1 age=37 mt=16 pd=0 n=1
t037 n=1 #1p=[c0120d73836602c6 4050000000000000 4016000000000000]v=[0000000000000000 0000000000000000 0000000000000000] g=1 age=38 mt=15 pd=0 n=1
t038 n=1 #1p=[c0120d73836602c6 4050000000000000 4016000000000000]v=[0000000000000000 0000000000000000 0000000000000000] g=1 age=39 mt=14 pd=0 n=1
t039 n=1 #1p=[c0120d73836602c6 4050000000000000 4016000000000000]v=[0000000000000000 0000000000000000 0000000000000000] g=1 age=40 mt=13 pd=0 n=1
t040 n=1 #1p=[c0120d73836602c6 4050000000000000 4016000000000000]v=[0000000000000000 0000000000000000 0000000000000000] g=1 age=41 mt=12 pd=0 n=1
t060 n=1 #1p=[c0120d73836602c6 4050000000000000 4016000000000000]v=[0000000000000000 0000000000000000 0000000000000000] g=1 age=61 mt=32 pd=0 n=1
t080 n=1 #1p=[c0120d73836602c6 4050000000000000 4016000000000000]v=[0000000000000000 0000000000000000 0000000000000000] g=1 age=81 mt=12 pd=0 n=1
t100 n=1 #1p=[c0120d73836602c6 4050000000000000 4016000000000000]v=[0000000000000000 0000000000000000 0000000000000000] g=1 age=101 mt=32 pd=0 n=1
   end n=1
-- drop case merge pair --
t000 n=2 #1p=[3fe0000000000000 40501d70a3d70a3d 3fe0000000000000]v=[0000000000000000 bfa41205bc01a36e 0000000000000000] g=0 age=1 mt=39 pd=9 n=1 #2p=[3fe3333333333333 40501d70a3d70a3d 3fe0000000000000]v=[0000000000000000 bfa41205bc01a36e 0000000000000000] g=0 age=1 mt=39 pd=9 n=2
t001 n=2 #1p=[3fe0000000000000 4050185f06f69446 3fe0000000000000]v=[0000000000000000 bfb3dea465a57646 0000000000000000] g=0 age=2 mt=38 pd=8 n=1 #2p=[3fe3333333333333 4050185f06f69446 3fe0000000000000]v=[0000000000000000 bfb3dea465a57646 0000000000000000] g=0 age=2 mt=38 pd=8 n=2
t002 n=2 #1p=[3fe0000000000000 405010d801b43526 3fe0000000000000]v=[0000000000000000 bfbd81eba8044081 0000000000000000] g=0 age=3 mt=37 pd=7 n=1 #2p=[3fe3333333333333 405010d801b43526 3fe0000000000000]v=[0000000000000000 bfbd81eba8044081 0000000000000000] g=0 age=3 mt=37 pd=7 n=2
t003 n=2 #1p=[3fe0000000000000 405006e82aa13e53 3fe0000000000000]v=[0000000000000000 bfc379ed39a65543 0000000000000000] g=0 age=4 mt=36 pd=6 n=1 #2p=[3fe3333333333333 405006e82aa13e53 3fe0000000000000]v=[0000000000000000 bfc379ed39a65543 0000000000000000] g=0 age=4 mt=36 pd=6 n=2
t004 n=2 #1p=[3fe0000000000000 4050000000000000 3fe0000000000000]v=[0000000000000000 0000000000000000 0000000000000000] g=1 age=5 mt=35 pd=5 n=1 #2p=[3fe3333333333333 4050000000000000 3fe0000000000000]v=[0000000000000000 0000000000000000 0000000000000000] g=1 age=5 mt=35 pd=5 n=2
t005 n=2 #1p=[3fe0000000000000 4050000000000000 3fe0000000000000]v=[0000000000000000 0000000000000000 0000000000000000] g=1 age=6 mt=34 pd=4 n=1 #2p=[3fe3333333333333 4050000000000000 3fe0000000000000]v=[0000000000000000 0000000000000000 0000000000000000] g=1 age=6 mt=34 pd=4 n=2
t006 n=2 #1p=[3fe0000000000000 4050000000000000 3fe0000000000000]v=[0000000000000000 0000000000000000 0000000000000000] g=1 age=7 mt=33 pd=3 n=1 #2p=[3fe3333333333333 4050000000000000 3fe0000000000000]v=[0000000000000000 0000000000000000 0000000000000000] g=1 age=7 mt=33 pd=3 n=2
t007 n=2 #1p=[3fe0000000000000 4050000000000000 3fe0000000000000]v=[0000000000000000 0000000000000000 0000000000000000] g=1 age=8 mt=32 pd=2 n=1 #2p=[3fe3333333333333 4050000000000000 3fe0000000000000]v=[0000000000000000 0000000000000000 0000000000000000] g=1 age=8 mt=32 pd=2 n=2
t008 n=2 #1p=[3fe0000000000000 4050000000000000 3fe0000000000000]v=[0000000000000000 0000000000000000 0000000000000000] g=1 age=9 mt=31 pd=1 n=1 #2p=[3fe3333333333333 4050000000000000 3fe0000000000000]v=[0000000000000000 0000000000000000 0000000000000000] g=1 age=9 mt=31 pd=1 n=2
t009 n=2 #1p=[3fe0000000000000 4050000000000000 3fe0000000000000]v=[0000000000000000 0000000000000000 0000000000000000] g=1 age=10 mt=30 pd=0 n=1 #2p=[3fe3333333333333 4050000000000000 3fe0000000000000]v=[0000000000000000 0000000000000000 0000000000000000] g=1 age=10 mt=30 pd=0 n=2
t010 n=2 #1p=[3fe0000000000000 4050000000000000 3fe0000000000000]v=[0000000000000000 0000000000000000 0000000000000000] g=1 age=11 mt=29 pd=0 n=1 #2p=[3fe3333333333333 4050000000000000 3fe0000000000000]v=[0000000000000000 0000000000000000 0000000000000000] g=1 age=11 mt=29 pd=0 n=2
t011 n=2 #1p=[3fe0000000000000 4050000000000000 3fe0000000000000]v=[0000000000000000 0000000000000000 0000000000000000] g=1 age=12 mt=28 pd=0 n=1 #2p=[3fe3333333333333 4050000000000000 3fe0000000000000]v=[0000000000000000 0000000000000000 0000000000000000] g=1 age=12 mt=28 pd=0 n=2
t012 n=2 #1p=[3fe0000000000000 4050000000000000 3fe0000000000000]v=[0000000000000000 0000000000000000 0000000000000000] g=1 age=13 mt=27 pd=0 n=1 #2p=[3fe3333333333333 4050000000000000 3fe0000000000000]v=[0000000000000000 0000000000000000 0000000000000000] g=1 age=13 mt=27 pd=0 n=2
t013 n=2 #1p=[3fe0000000000000 4050000000000000 3fe0000000000000]v=[0000000000000000 0000000000000000 0000000000000000] g=1 age=14 mt=26 pd=0 n=1 #2p=[3fe3333333333333 4050000000000000 3fe0000000000000]v=[0000000000000000 0000000000000000 0000000000000000] g=1 age=14 mt=26 pd=0 n=2
t014 n=2 #1p=[3fe0000000000000 4050000000000000 3fe0000000000000]v=[0000000000000000 0000000000000000 0000000000000000] g=1 age=15 mt=25 pd=0 n=1 #2p=[3fe3333333333333 4050000000000000 3fe0000000000000]v=[0000000000000000 0000000000000000 0000000000000000] g=1 age=15 mt=25 pd=0 n=2
t015 n=2 #1p=[3fe0000000000000 4050000000000000 3fe0000000000000]v=[0000000000000000 0000000000000000 0000000000000000] g=1 age=16 mt=24 pd=0 n=1 #2p=[3fe3333333333333 4050000000000000 3fe0000000000000]v=[0000000000000000 0000000000000000 0000000000000000] g=1 age=16 mt=24 pd=0 n=2
t016 n=2 #1p=[3fe0000000000000 4050000000000000 3fe0000000000000]v=[0000000000000000 0000000000000000 0000000000000000] g=1 age=17 mt=23 pd=0 n=1 #2p=[3fe3333333333333 4050000000000000 3fe0000000000000]v=[0000000000000000 0000000000000000 0000000000000000] g=1 age=17 mt=23 pd=0 n=2
t017 n=2 #1p=[3fe0000000000000 4050000000000000 3fe0000000000000]v=[0000000000000000 0000000000000000 0000000000000000] g=1 age=18 mt=22 pd=0 n=1 #2p=[3fe3333333333333 4050000000000000 3fe0000000000000]v=[0000000000000000 0000000000000000 0000000000000000] g=1 age=18 mt=22 pd=0 n=2
t018 n=2 #1p=[3fe0000000000000 4050000000000000 3fe0000000000000]v=[0000000000000000 0000000000000000 0000000000000000] g=1 age=19 mt=21 pd=0 n=1 #2p=[3fe3333333333333 4050000000000000 3fe0000000000000]v=[0000000000000000 0000000000000000 0000000000000000] g=1 age=19 mt=21 pd=0 n=2
t019 n=2 #1p=[3fe0000000000000 4050000000000000 3fe0000000000000]v=[0000000000000000 0000000000000000 0000000000000000] g=1 age=20 mt=20 pd=0 n=1 #2p=[3fe3333333333333 4050000000000000 3fe0000000000000]v=[0000000000000000 0000000000000000 0000000000000000] g=1 age=20 mt=20 pd=0 n=2
t020 n=2 #1p=[3fe0000000000000 4050000000000000 3fe0000000000000]v=[0000000000000000 0000000000000000 0000000000000000] g=1 age=21 mt=19 pd=0 n=1 #2p=[3fe3333333333333 4050000000000000 3fe0000000000000]v=[0000000000000000 0000000000000000 0000000000000000] g=1 age=21 mt=19 pd=0 n=2
t021 n=2 #1p=[3fe0000000000000 4050000000000000 3fe0000000000000]v=[0000000000000000 0000000000000000 0000000000000000] g=1 age=22 mt=18 pd=0 n=1 #2p=[3fe3333333333333 4050000000000000 3fe0000000000000]v=[0000000000000000 0000000000000000 0000000000000000] g=1 age=22 mt=18 pd=0 n=2
t022 n=2 #1p=[3fe0000000000000 4050000000000000 3fe0000000000000]v=[0000000000000000 0000000000000000 0000000000000000] g=1 age=23 mt=17 pd=0 n=1 #2p=[3fe3333333333333 4050000000000000 3fe0000000000000]v=[0000000000000000 0000000000000000 0000000000000000] g=1 age=23 mt=17 pd=0 n=2
t023 n=2 #1p=[3fe0000000000000 4050000000000000 3fe0000000000000]v=[0000000000000000 0000000000000000 0000000000000000] g=1 age=24 mt=16 pd=0 n=1 #2p=[3fe3333333333333 4050000000000000 3fe0000000000000]v=[0000000000000000 0000000000000000 0000000000000000] g=1 age=24 mt=16 pd=0 n=2
t024 n=2 #1p=[3fe0000000000000 4050000000000000 3fe0000000000000]v=[0000000000000000 0000000000000000 0000000000000000] g=1 age=25 mt=15 pd=0 n=1 #2p=[3fe3333333333333 4050000000000000 3fe0000000000000]v=[0000000000000000 0000000000000000 0000000000000000] g=1 age=25 mt=15 pd=0 n=2
t025 n=2 #1p=[3fe0000000000000 4050000000000000 3fe0000000000000]v=[0000000000000000 0000000000000000 0000000000000000] g=1 age=26 mt=14 pd=0 n=1 #2p=[3fe3333333333333 4050000000000000 3fe0000000000000]v=[0000000000000000 0000000000000000 0000000000000000] g=1 age=26 mt=14 pd=0 n=2
t026 n=2 #1p=[3fe0000000000000 4050000000000000 3fe0000000000000]v=[0000000000000000 0000000000000000 0000000000000000] g=1 age=27 mt=13 pd=0 n=1 #2p=[3fe3333333333333 4050000000000000 3fe0000000000000]v=[0000000000000000 0000000000000000 0000000000000000] g=1 age=27 mt=13 pd=0 n=2
t027 n=2 #1p=[3fe0000000000000 4050000000000000 3fe0000000000000]v=[0000000000000000 0000000000000000 0000000000000000] g=1 age=28 mt=12 pd=0 n=1 #2p=[3fe3333333333333 4050000000000000 3fe0000000000000]v=[0000000000000000 0000000000000000 0000000000000000] g=1 age=28 mt=12 pd=0 n=2
t028 n=2 #1p=[3fe0000000000000 4050000000000000 3fe0000000000000]v=[0000000000000000 0000000000000000 0000000000000000] g=1 age=29 mt=11 pd=0 n=1 #2p=[3fe3333333333333 4050000000000000 3fe0000000000000]v=[0000000000000000 0000000000000000 0000000000000000] g=1 age=29 mt=11 pd=0 n=2
t029 n=2 #1p=[3fe0000000000000 4050000000000000 3fe0000000000000]v=[0000000000000000 0000000000000000 0000000000000000] g=1 age=30 mt=10 pd=0 n=1 #2p=[3fe3333333333333 4050000000000000 3fe0000000000000]v=[0000000000000000 0000000000000000 0000000000000000] g=1 age=30 mt=10 pd=0 n=2
t030 n=2 #1p=[3fe0000000000000 4050000000000000 3fe0000000000000]v=[0000000000000000 0000000000000000 0000000000000000] g=1 age=31 mt=9 pd=0 n=1 #2p=[3fe3333333333333 4050000000000000 3fe0000000000000]v=[0000000000000000 0000000000000000 0000000000000000] g=1 age=31 mt=9 pd=0 n=2
t031 n=2 #1p=[3fe0000000000000 4050000000000000 3fe0000000000000]v=[0000000000000000 0000000000000000 0000000000000000] g=1 age=32 mt=8 pd=0 n=1 #2p=[3fe3333333333333 4050000000000000 3fe0000000000000]v=[0000000000000000 0000000000000000 0000000000000000] g=1 age=32 mt=8 pd=0 n=2
t032 n=2 #1p=[3fe0000000000000 4050000000000000 3fe0000000000000]v=[0000000000000000 0000000000000000 0000000000000000] g=1 age=33 mt=7 pd=0 n=1 #2p=[3fe3333333333333 4050000000000000 3fe0000000000000]v=[0000000000000000 0000000000000000 0000000000000000] g=1 age=33 mt=7 pd=0 n=2
t033 n=2 #1p=[3fe0000000000000 4050000000000000 3fe0000000000000]v=[0000000000000000 0000000000000000 0000000000000000] g=1 age=34 mt=6 pd=0 n=1 #2p=[3fe3333333333333 4050000000000000 3fe0000000000000]v=[0000000000000000 0000000000000000 0000000000000000] g=1 age=34 mt=6 pd=0 n=2
t034 n=2 #1p=[3fe0000000000000 4050000000000000 3fe0000000000000]v=[0000000000000000 0000000000000000 0000000000000000] g=1 age=35 mt=5 pd=0 n=1 #2p=[3fe3333333333333 4050000000000000 3fe0000000000000]v=[0000000000000000 0000000000000000 0000000000000000] g=1 age=35 mt=5 pd=0 n=2
t035 n=2 #1p=[3fe0000000000000 4050000000000000 3fe0000000000000]v=[0000000000000000 0000000000000000 0000000000000000] g=1 age=36 mt=4 pd=0 n=1 #2p=[3fe3333333333333 4050000000000000 3fe0000000000000]v=[0000000000000000 0000000000000000 0000000000000000] g=1 age=36 mt=4 pd=0 n=2
t036 n=2 #1p=[3fe0000000000000 4050000000000000 3fe0000000000000]v=[0000000000000000 0000000000000000 0000000000000000] g=1 age=37 mt=3 pd=0 n=1 #2p=[3fe3333333333333 4050000000000000 3fe0000000000000]v=[0000000000000000 0000000000000000 0000000000000000] g=1 age=37 mt=3 pd=0 n=2
t037 n=2 #1p=[3fe0000000000000 4050000000000000 3fe0000000000000]v=[0000000000000000 0000000000000000 0000000000000000] g=1 age=38 mt=2 pd=0 n=1 #2p=[3fe3333333333333 4050000000000000 3fe0000000000000]v=[0000000000000000 0000000000000000 0000000000000000] g=1 age=38 mt=2 pd=0 n=2
t038 n=2 #1p=[3fe0000000000000 4050000000000000 3fe0000000000000]v=[0000000000000000 0000000000000000 0000000000000000] g=1 age=39 mt=1 pd=0 n=1 #2p=[3fe3333333333333 4050000000000000 3fe0000000000000]v=[0000000000000000 0000000000000000 0000000000000000] g=1 age=39 mt=1 pd=0 n=2
t039 n=1 #2p=[3fe3333333333333 4050000000000000 3fe0000000000000]v=[0000000000000000 0000000000000000 0000000000000000] g=1 age=40 mt=40 pd=0 n=3
t040 n=1 #2p=[3fe3333333333333 4050000000000000 3fe0000000000000]v=[0000000000000000 0000000000000000 0000000000000000] g=1 age=41 mt=39 pd=0 n=3
t060 n=1 #2p=[3fe3333333333333 4050000000000000 3fe0000000000000]v=[0000000000000000 0000000000000000 0000000000000000] g=1 age=61 mt=19 pd=0 n=3
t080 n=1 #2p=[3fe3333333333333 4050000000000000 3fe0000000000000]v=[0000000000000000 0000000000000000 0000000000000000] g=1 age=81 mt=39 pd=0 n=3
t100 n=1 #2p=[3fe3333333333333 4050000000000000 3fe0000000000000]v=[0000000000000000 0000000000000000 0000000000000000] g=1 age=101 mt=19 pd=0 n=3
   end n=1
-- drop case void fall --
t000 n=1 #1p=[4039800000000000 40517d70a3d70a3d 3fe0000000000000]v=[0000000000000000 bfa41205bc01a36e 0000000000000000] g=0 age=1 mt=39 pd=9 n=1
t001 n=1 #1p=[4039800000000000 4051785f06f69446 3fe0000000000000]v=[0000000000000000 bfb3dea465a57646 0000000000000000] g=0 age=2 mt=2 pd=8 n=1
t002 n=1 #1p=[4039800000000000 405170d801b43526 3fe0000000000000]v=[0000000000000000 bfbd81eba8044081 0000000000000000] g=0 age=3 mt=1 pd=7 n=1
t003 n=1 #1p=[4039800000000000 405166e82aa13e53 3fe0000000000000]v=[0000000000000000 bfc379ed39a65543 0000000000000000] g=0 age=4 mt=40 pd=6 n=1
t004 n=1 #1p=[4039800000000000 40515a9bd7db7566 3fe0000000000000]v=[0000000000000000 bfc81ab6b6dbbc6a 0000000000000000] g=0 age=5 mt=39 pd=5 n=1
t005 n=1 #1p=[4039800000000000 40514bff205711c5 3fe0000000000000]v=[0000000000000000 bfcca3ce17f6788b 0000000000000000] g=0 age=6 mt=38 pd=4 n=1
t006 n=1 #1p=[4039800000000000 40513b1ddd2220c6 3fe0000000000000]v=[0000000000000000 bfd08ad657b8f9bc 0000000000000000] g=0 age=7 mt=37 pd=3 n=1
t007 n=1 #1p=[4039800000000000 40512803aaa1720a 3fe0000000000000]v=[0000000000000000 bfd2b864b14f14b0 0000000000000000] g=0 age=8 mt=2 pd=2 n=1
t008 n=1 #1p=[4039800000000000 405112bbe9c72d33 3fe0000000000000]v=[0000000000000000 bfd4dacc5b060624 0000000000000000] g=0 age=9 mt=1 pd=1 n=1
t009 n=1 #1p=[4039800000000000 4050fb51c143316a 3fe0000000000000]v=[0000000000000000 bfd6f2466cdd25f7 0000000000000000] g=0 age=10 mt=40 pd=0 n=1
t010 n=1 #1p=[4039800000000000 4050e1d01ead5e81 3fe0000000000000]v=[0000000000000000 bfd8ff0ada81e3df 0000000000000000] g=0 age=11 mt=2 pd=0 n=1
t011 n=1 #1p=[4039800000000000 4050c641b7a9e6db 3fe0000000000000]v=[0000000000000000 bfdb015079287505 0000000000000000] g=0 age=12 mt=1 pd=0 n=1
t012 n=1 #1p=[4039800000000000 4050a8b10b07c8a3 3fe0000000000000]v=[0000000000000000 bfdcf94d054692a0 0000000000000000] g=0 age=13 mt=40 pd=0 n=1
t013 n=1 #1p=[4039800000000000 4050892861d98c4e 3fe0000000000000]v=[0000000000000000 bfdee7352830e2d7 0000000000000000] g=0 age=14 mt=2 pd=0 n=1
t014 n=1 #1p=[4039800000000000 405067b1d08865a8 3fe0000000000000]v=[0000000000000000 bfe0659e3ecdd10b 0000000000000000] g=0 age=15 mt=1 pd=0 n=1
t015 n=1 #1p=[4039800000000000 4050445737e1d444 3fe0000000000000]v=[0000000000000000 bfe152cacc7f900a 0000000000000000] g=0 age=16 mt=40 pd=0 n=1
t016 n=1 #1p=[4039800000000000 40501f22461fdf62 3fe0000000000000]v=[0000000000000000 bfe23b3905705055 0000000000000000] g=0 age=17 mt=39 pd=0 n=1
t017 n=1 #1p=[4039800000000000 404ff038efd811fd 3fe0000000000000]v=[0000000000000000 bfe31f0133001705 0000000000000000] g=0 age=18 mt=2 pd=0 n=1
t018 n=1 #1p=[4039800000000000 404f9e9e32ba261b 3fe0000000000000]v=[0000000000000000 bfe3fe3b2235f356 0000000000000000] g=0 age=19 mt=1 pd=0 n=1
t019 n=1 #1p=[4039800000000000 404f49868ddf62c9 3fe0000000000000]v=[0000000000000000 bfe4d8fe263ca768 0000000000000000] g=0 age=20 mt=40 pd=0 n=1
t020 n=1 #1p=[4039800000000000 404ef103dcf484a7 3fe0000000000000]v=[0000000000000000 bfe5af611ad29550 0000000000000000] g=0 age=21 mt=2 pd=0 n=1
t021 n=1 #1p=[4039800000000000 404e9527a0374ecd 3fe0000000000000]v=[0000000000000000 bfe6817a66ad31a9 0000000000000000] g=0 age=22 mt=1 pd=0 n=1
t022 n=1 #1p=[4039800000000000 404e3602fe4aae81 3fe0000000000000]v=[0000000000000000 bfe74f5ffdd03b86 0000000000000000] g=0 age=23 mt=40 pd=0 n=1
t023 n=1 #1p=[4039800000000000 404dd3a6c601820d 3fe0000000000000]v=[0000000000000000 bfe8192763d8f863 0000000000000000] g=0 age=24 mt=2 pd=0 n=1
t024 n=1 #1p=[4039800000000000 404d6e23702032a7 3fe0000000000000]v=[0000000000000000 bfe8dee5ae3db179 0000000000000000] g=0 age=25 mt=1 pd=0 n=1
t025 n=1 #1p=[4039800000000000 404d05892115505b 3fe0000000000000]v=[0000000000000000 bfe9a0af8681ae8a 0000000000000000] g=0 age=26 mt=40 pd=0 n=1
t026 n=1 #1p=[4039800000000000 404c99e7aaa95e1b 3fe0000000000000]v=[0000000000000000 bfea5e992c5de91a 0000000000000000] g=0 age=27 mt=39 pd=0 n=1
t027 n=1 #1p=[4039800000000000 404c2b4e8da5faf1 3fe0000000000000]v=[0000000000000000 bfeb18b677deb1db 0000000000000000] g=0 age=28 mt=2 pd=0 n=1
t028 n=1 #1p=[4039800000000000 404bb9ccfb7494a5 3fe0000000000000]v=[0000000000000000 bfebcf1adb7680d5 0000000000000000] g=0 age=29 mt=1 pd=0 n=1
t029 n=1 #1p=[4039800000000000 404b4571d7b4cf1d 3fe0000000000000]v=[0000000000000000 bfec81d9660627d5 0000000000000000] g=0 age=30 mt=40 pd=0 n=1
t030 n=1 #1p=[4039800000000000 404ace4bb9cacaf9 3fe0000000000000]v=[0000000000000000 bfed3104c4da9d69 0000000000000000] g=0 age=31 mt=2 pd=0 n=1
t031 n=1 #1p=[4039800000000000 404a5468ee6574ff 3fe0000000000000]v=[0000000000000000 bfeddcaf45a095c2 0000000000000000] g=0 age=32 mt=1 pd=0 n=1
t032 n=1 #1p=[4039800000000000 4049d7d778fd0723 3fe0000000000000]v=[0000000000000000 bfee84ead84e1d9e 0000000000000000] g=0 age=33 mt=40 pd=0 n=1
t033 n=1 #1p=[4039800000000000 404958a51549e327 3fe0000000000000]v=[0000000000000000 bfef29c911026a71 0000000000000000] g=0 age=34 mt=2 pd=0 n=1
t034 n=1 #1p=[4039800000000000 4048d6df38b3edf8 3fe0000000000000]v=[0000000000000000 bfefcb5b29dc11e2 0000000000000000] g=0 age=35 mt=1 pd=0 n=1
t035 n=1 #1p=[4039800000000000 4048529313ba922b 3fe0000000000000]v=[0000000000000000 bff034d90262ece9 0000000000000000] g=0 age=36 mt=40 pd=0 n=1
t036 n=1 #1p=[4039800000000000 4047cbcd93558f3f 3fe0000000000000]v=[0000000000000000 bff0826f169d287b 0000000000000000] g=0 age=37 mt=2 pd=0 n=1
t037 n=1 #1p=[4039800000000000 4047429b624eba77 3fe0000000000000]v=[0000000000000000 bff0ce77ecff2fa9 0000000000000000] g=0 age=38 mt=1 pd=0 n=1
t038 n=1 #1p=[4039800000000000 4046b708ea94d576 3fe0000000000000]v=[0000000000000000 bff118fb77697e60 0000000000000000] g=0 age=39 mt=40 pd=0 n=1
t039 n=1 #1p=[4039800000000000 4046292256879dfd 3fe0000000000000]v=[0000000000000000 bff162017f0f1d6f 0000000000000000] g=0 age=40 mt=2 pd=0 n=1
t040 n=1 #1p=[4039800000000000 404598f3923d398d 3fe0000000000000]v=[0000000000000000 bff1a991a545e764 0000000000000000] g=0 age=41 mt=1 pd=0 n=1
t080 n=1 #1p=[4039800000000000 c02a280e7dd74f9e 3fe0000000000000]v=[0000000000000000 bff941455c8163ec 0000000000000000] g=0 age=81 mt=40 pd=0 n=1
t120 n=1 #1p=[4039800000000000 c054a0340e8c3f6d 3fe0000000000000]v=[0000000000000000 bffca39468423e34 0000000000000000] g=0 age=121 mt=2 pd=0 n=1
t160 n=0
   end n=0
== done ==
