[2026-09-15 06:52:49.590] [info] OpenCraft 0.1.0 starting
[2026-09-15 06:52:49.756] [info] GL 4.1 Metal - 89.4 / glad loaded
[2026-09-15 06:52:49.756] [info] save: loaded level.ocd (seed=0x4f50454e43524146, ticks=599, player=(0.50, 132.00, 0.50), hp=20.0)
[2026-09-15 06:52:49.981] [info] startup gen: 24 chunks, total 215.8 ms, avg 8.99 ms/chunk, max 9.85 ms
[2026-09-15 06:52:49.981] [info] atlas: 144x144 px, 9 tiles/row, crack tiles at 63
TD13TRACE 0 133.620000 133.620000 132.000000 0.086232 0 1
TD13TRACE 1 133.620000 133.620000 132.000000 0.029088 0 1
TD13TRACE 2 133.620000 133.620000 132.000000 0.025634 0 1
TD13TRACE 3 133.620000 133.620000 132.000000 0.029207 0 1
TD13TRACE 4 133.620000 133.620000 132.000000 0.023710 0 1
TD13TRACE 5 133.620000 133.620000 132.000000 0.024417 0 1
TD13TRACE 6 133.620000 133.620000 132.000000 0.018508 0 1
TD13TRACE 7 133.620000 133.620000 132.000000 0.021598 0 1
TD13TRACE 8 133.620000 133.620000 132.000000 0.021344 0 1
TD13TRACE 9 133.620000 133.620000 132.000000 0.023162 0 1
TD13TRACE 10 133.620000 133.620000 132.000000 0.024459 0 1
TD13TRACE 11 133.620000 133.620000 132.000000 0.022737 0 1
TD13TRACE 12 133.620000 133.620000 132.000000 0.023398 0 1
TD13TRACE 13 133.620000 133.620000 132.000000 0.024746 0 1
TD13TRACE 14 133.620000 133.620000 132.000000 0.023378 0 1
TD13TRACE 15 133.620000 133.620000 132.000000 0.024924 0 1
TD13TRACE 16 133.620000 133.620000 132.000000 0.019127 0 1
TD13TRACE 17 133.620000 133.620000 132.000000 0.019167 0 1
TD13TRACE 18 133.620000 133.620000 132.000000 0.023740 0 1
TD13TRACE 19 133.620000 133.620000 132.000000 0.023140 0 1
TD13TRACE 20 133.620000 133.620000 132.000000 0.026583 0 1
TD13TRACE 21 133.620000 133.620000 132.000000 0.023521 0 1
TD13TRACE 22 133.620000 133.620000 132.000000 0.021643 0 1
TD13TRACE 23 133.620000 133.620000 132.000000 0.020972 0 1
TD13TRACE 24 133.620000 133.620000 132.000000 0.021706 0 1
TD13TRACE 25 133.620000 133.620000 132.000000 0.021015 0 1
TD13TRACE 26 133.620000 133.620000 132.000000 0.022368 0 1
TD13TRACE 27 133.620000 133.620000 132.000000 0.023700 0 1
TD13TRACE 28 133.620000 133.620000 132.000000 0.024664 0 1
TD13TRACE 29 133.620000 133.620000 132.000000 0.023736 0 1
TD13TRACE 30 133.620000 133.620000 132.000000 0.026675 0 1
TD13TRACE 31 133.620000 133.620000 132.000000 0.023747 0 1
TD13TRACE 32 133.620000 133.620000 132.000000 0.024159 0 1
TD13TRACE 33 133.620000 133.620000 132.000000 0.023706 0 1
TD13TRACE 34 133.620000 133.620000 132.000000 0.024458 0 1
TD13TRACE 35 133.620000 133.620000 132.000000 0.023770 0 1
TD13TRACE 36 133.620000 133.620000 132.000000 0.019696 0 1
TD13TRACE 37 133.620000 133.620000 132.000000 0.021406 0 1
TD13TRACE 38 133.620000 133.620000 132.000000 0.025473 0 1
TD13TRACE 39 133.620000 133.620000 132.000000 0.023883 0 1
TD13TRACE 40 133.620000 133.620000 132.000000 0.025982 0 1
TD13TRACE 41 133.620000 133.620000 132.000000 0.025294 0 1
TD13TRACE 42 133.620000 133.620000 132.000000 0.023567 0 1
TD13TRACE 43 133.620000 133.620000 132.000000 0.024258 0 1
TD13TRACE 44 133.620000 133.620000 132.000000 0.024272 0 1
TD13TRACE 45 133.620000 133.620000 132.000000 0.027085 0 1
TD13TRACE 46 133.620000 133.620000 132.000000 0.022636 0 1
TD13TRACE 47 133.620000 133.620000 132.000000 0.024905 0 1
TD13TRACE 48 133.620000 133.620000 132.000000 0.023785 0 1
TD13TRACE 49 133.620000 133.620000 132.000000 0.024505 0 1
TD13TRACE 50 133.620000 133.620000 132.000000 0.024556 0 1
TD13TRACE 51 133.620000 133.620000 132.000000 0.025897 0 1
TD13TRACE 52 133.620000 133.620000 132.000000 0.021377 0 1
TD13TRACE 53 133.620000 133.620000 132.000000 0.023188 0 1
TD13TRACE 54 133.620000 133.620000 132.000000 0.022150 0 1
TD13TRACE 55 133.620000 133.620000 132.000000 0.023900 0 1
TD13TRACE 56 133.620000 133.620000 132.000000 0.026276 0 1
TD13TRACE 57 133.620000 133.620000 132.000000 0.024719 0 1
TD13TRACE 58 133.620000 133.620000 132.000000 0.024863 0 1
TD13TRACE 59 133.620000 133.620000 132.000000 0.023603 0 1
TD13TRACE 60 133.620000 133.620000 132.000000 0.023089 0 1
TD13TRACE 61 133.620000 133.620000 132.000000 0.022317 0 1
TD13TRACE 62 133.620000 133.620000 132.000000 0.019387 0 1
TD13TRACE 63 133.620000 133.620000 132.000000 0.019836 0 1
TD13TRACE 64 133.620000 133.620000 132.000000 0.019327 0 1
TD13TRACE 65 133.620000 133.620000 132.000000 0.019165 0 1
TD13TRACE 66 133.620000 133.620000 132.000000 0.020922 0 1
TD13TRACE 67 133.620000 133.620000 132.000000 0.021038 0 1
TD13TRACE 68 133.620000 133.620000 132.000000 0.020092 0 1
TD13TRACE 69 133.620000 133.620000 132.000000 0.021486 0 1
TD13TRACE 70 133.620000 133.620000 132.000000 0.020586 0 1
TD13TRACE 71 133.620000 133.620000 132.000000 0.021416 0 1
TD13TRACE 72 133.620000 133.620000 132.000000 0.020712 0 1
TD13TRACE 73 133.620000 133.620000 132.000000 0.020395 0 1
TD13TRACE 74 133.620000 133.620000 132.000000 0.020927 0 1
TD13TRACE 75 133.620000 133.620000 132.000000 0.020520 0 1
TD13TRACE 76 133.620000 133.620000 132.000000 0.020961 0 1
TD13TRACE 77 133.620000 133.620000 132.000000 0.020888 0 1
TD13TRACE 78 133.620000 133.620000 132.000000 0.020704 0 1
TD13TRACE 79 133.620000 133.620000 132.000000 0.020973 0 1
TD13TRACE 80 133.620000 133.620000 132.000000 0.020674 0 1
TD13TRACE 81 133.620000 133.620000 132.000000 0.020499 0 1
TD13TRACE 82 133.620000 133.620000 132.000000 0.021387 0 1
TD13TRACE 83 133.620000 133.620000 132.000000 0.020814 0 1
TD13TRACE 84 133.620000 133.620000 132.000000 0.020779 0 1
[2026-09-15 06:52:52.011] [info] fps 42.4 | pos (0.50, 132.00, 0.50) | chunks 113 | stream-meshed 104
TD13TRACE 85 133.620000 133.620000 132.000000 0.021258 0 1
TD13TRACE 86 133.620000 133.620000 132.000000 0.020593 0 1
TD13TRACE 87 133.620000 133.620000 132.000000 0.021250 0 1
TD13TRACE 88 133.620000 133.620000 132.000000 0.022985 0 1
TD13TRACE 89 133.620000 133.620000 132.000000 0.019068 0 1
TD13TRACE 90 133.620000 133.620000 132.000000 0.022205 0 1
TD13TRACE 91 133.620000 133.620000 132.000000 0.018903 0 1
TD13TRACE 92 133.620000 133.620000 132.000000 0.021154 0 1
TD13TRACE 93 133.620000 133.620000 132.000000 0.020182 0 1
TD13TRACE 94 133.620000 133.620000 132.000000 0.020825 0 1
TD13TRACE 95 133.620000 133.620000 132.000000 0.020794 0 1
TD13TRACE 96 133.620000 133.620000 132.000000 0.021140 0 1
TD13TRACE 97 133.620000 133.620000 132.000000 0.020327 0 1
TD13TRACE 98 133.620000 133.620000 132.000000 0.026359 0 1
TD13TRACE 99 133.620000 133.620000 132.000000 0.022719 0 1
TD13TRACE 100 133.620000 133.620000 132.000000 0.002895 0 1
TD13TRACE 101 133.620000 133.620000 132.000000 0.013174 0 1
TD13TRACE 102 133.620000 133.620000 132.000000 0.014669 0 1
TD13TRACE 103 133.620000 133.620000 132.000000 0.013501 0 1
TD13TRACE 104 133.620000 133.620000 132.000000 0.013749 0 1
TD13TRACE 105 133.620000 133.620000 132.000000 0.014626 0 1
TD13TRACE 106 133.620000 133.620000 132.000000 0.013629 0 1
TD13TRACE 107 133.620000 133.620000 132.000000 0.013610 0 1
TD13TRACE 108 133.620000 133.620000 132.000000 0.014409 0 1
TD13TRACE 109 133.620000 133.620000 132.000000 0.013998 0 1
TD13TRACE 110 133.620000 133.620000 132.000000 0.013571 0 1
TD13TRACE 111 133.620000 133.620000 132.000000 0.014693 0 1
TD13TRACE 112 133.620000 133.620000 132.000000 0.013299 0 1
TD13TRACE 113 133.620000 133.620000 132.000000 0.013735 0 1
TD13TRACE 114 133.620000 133.620000 132.000000 0.014903 0 1
TD13TRACE 115 133.620000 133.620000 132.000000 0.013548 0 1
TD13TRACE 116 133.620000 133.620000 132.000000 0.013390 0 1
TD13TRACE 117 133.620000 133.620000 132.000000 0.015014 0 1
TD13TRACE 118 133.620000 133.620000 132.000000 0.013545 0 1
TD13TRACE 119 133.620000 133.620000 132.000000 0.013594 0 1
TD13TRACE 120 133.620000 133.620000 132.000000 0.014602 0 1
TD13TRACE 121 133.620000 133.620000 132.000000 0.013441 0 1
TD13TRACE 122 133.620000 133.620000 132.000000 0.013643 0 1
TD13TRACE 123 133.620000 133.620000 132.000000 0.014961 0 1
TD13TRACE 124 133.620000 133.620000 132.000000 0.013082 0 1
TD13TRACE 125 133.620000 133.620000 132.000000 0.013135 0 1
TD13TRACE 126 133.620000 133.620000 132.000000 0.015164 0 1
TD13TRACE 127 133.620000 133.620000 132.000000 0.013008 0 1
TD13TRACE 128 133.620000 133.620000 132.000000 0.013576 0 1
TD13TRACE 129 133.620000 133.620000 132.000000 0.014676 0 1
TD13TRACE 130 133.620000 133.620000 132.000000 0.013117 0 1
TD13TRACE 131 133.620000 133.620000 132.000000 0.013603 0 1
TD13TRACE 132 133.620000 133.620000 132.000000 0.014644 0 1
TD13TRACE 133 133.620000 133.620000 132.000000 0.013102 0 1
TD13TRACE 134 133.620000 133.620000 132.000000 0.013458 0 1
TD13TRACE 135 133.620000 133.620000 132.000000 0.014550 0 1
TD13TRACE 136 133.620000 133.620000 132.000000 0.013896 0 1
TD13TRACE 137 133.620000 133.620000 132.000000 0.013597 0 1
TD13TRACE 138 133.620000 133.620000 132.000000 0.014740 0 1
TD13TRACE 139 133.620000 133.620000 132.000000 0.012881 0 1
TD13TRACE 140 133.620000 133.620000 132.000000 0.013796 0 1
TD13TRACE 141 133.620000 133.620000 132.000000 0.015094 0 1
TD13TRACE 142 133.620000 133.620000 132.000000 0.013234 0 1
TD13TRACE 143 133.620000 133.620000 132.000000 0.013456 0 1
TD13TRACE 144 133.620000 133.620000 132.000000 0.014582 0 1
TD13TRACE 145 133.620000 133.620000 132.000000 0.013379 0 1
TD13TRACE 146 133.620000 133.620000 132.000000 0.013546 0 1
TD13TRACE 147 133.620000 133.620000 132.000000 0.014827 0 1
TD13TRACE 148 133.620000 133.620000 132.000000 0.013254 0 1
TD13TRACE 149 133.620000 133.620000 132.000000 0.014027 0 1
TD13TRACE 150 133.620000 133.620000 132.000000 0.014561 0 1
TD13TRACE 151 133.620000 133.620000 132.000000 0.013402 0 1
TD13TRACE 152 133.620000 133.620000 132.000000 0.013619 0 1
TD13TRACE 153 133.620000 133.620000 132.000000 0.014785 0 1
TD13TRACE 154 133.620000 133.620000 132.000000 0.012524 0 1
TD13TRACE 155 133.620000 133.620000 132.000000 0.013834 0 1
TD13TRACE 156 133.620000 133.620000 132.000000 0.015204 0 1
TD13TRACE 157 133.620000 133.620000 132.000000 0.013230 0 1
TD13TRACE 158 133.620000 133.620000 132.000000 0.013873 0 1
TD13TRACE 159 133.620000 133.620000 132.000000 0.014522 0 1
TD13TRACE 160 133.620000 133.620000 132.000000 0.012725 0 1
TD13TRACE 161 133.620000 133.620000 132.000000 0.013993 0 1
TD13TRACE 162 133.620000 133.620000 132.000000 0.014922 0 1
TD13TRACE 163 133.620000 133.620000 132.000000 0.013303 0 1
TD13TRACE 164 133.620000 133.620000 132.000000 0.013510 0 1
TD13TRACE 165 133.620000 133.620000 132.000000 0.014678 0 1
TD13TRACE 166 133.620000 133.620000 132.000000 0.013443 0 1
TD13TRACE 167 133.620000 133.620000 132.000000 0.014052 0 1
TD13TRACE 168 133.620000 133.620000 132.000000 0.013952 0 1
TD13TRACE 169 133.620000 133.620000 132.000000 0.013628 0 1
TD13TRACE 170 133.620000 133.620000 132.000000 0.013599 0 1
TD13TRACE 171 133.620000 133.620000 132.000000 0.014624 0 1
TD13TRACE 172 133.620000 133.620000 132.000000 0.013106 0 1
TD13TRACE 173 133.620000 133.620000 132.000000 0.013920 0 1
TD13TRACE 174 133.620000 133.620000 132.000000 0.014504 0 1
TD13TRACE 175 133.620000 133.620000 132.000000 0.013596 0 1
TD13TRACE 176 133.620000 133.620000 132.000000 0.014024 0 1
TD13TRACE 177 133.620000 133.620000 132.000000 0.014199 0 1
TD13TRACE 178 133.620000 133.620000 132.000000 0.013499 0 1
TD13TRACE 179 133.620000 133.620000 132.000000 0.013819 0 1
TD13TRACE 180 133.620000 133.620000 132.000000 0.014504 0 1
TD13TRACE 181 133.620000 133.620000 132.000000 0.012804 0 1
TD13TRACE 182 133.620000 133.620000 132.000000 0.014462 0 1
TD13TRACE 183 133.620000 133.620000 132.000000 0.014464 0 1
TD13TRACE 184 133.620000 133.620000 132.000000 0.013323 0 1
TD13TRACE 185 133.620000 133.620000 132.000000 0.013458 0 1
TD13TRACE 186 133.620000 133.620000 132.000000 0.014627 0 1
TD13TRACE 187 133.620000 133.620000 132.000000 0.013292 0 1
TD13TRACE 188 133.620000 133.620000 132.000000 0.014205 0 1
TD13TRACE 189 133.620000 133.620000 132.000000 0.014070 0 1
TD13TRACE 190 133.620000 133.620000 132.000000 0.013457 0 1
TD13TRACE 191 133.620000 133.620000 132.000000 0.014029 0 1
TD13TRACE 192 133.620000 133.620000 132.000000 0.014625 0 1
TD13TRACE 193 133.620000 133.620000 132.000000 0.013099 0 1
TD13TRACE 194 133.620000 133.620000 132.000000 0.013734 0 1
TD13TRACE 195 133.620000 133.620000 132.000000 0.014681 0 1
TD13TRACE 196 133.620000 133.620000 132.000000 0.013468 0 1
TD13TRACE 197 133.620000 133.620000 132.000000 0.012969 0 1
TD13TRACE 198 133.620000 133.620000 132.000000 0.015184 0 1
TD13TRACE 199 133.620000 133.620000 132.000000 0.013077 0 1
TD13TRACE 200 133.620000 133.620000 132.000000 0.014030 0 1
TD13TRACE 201 133.620000 133.620000 132.000000 0.014654 0 1
TD13TRACE 202 133.620000 133.620000 132.000000 0.013338 0 1
TD13TRACE 203 133.620000 133.620000 132.000000 0.013603 0 1
TD13TRACE 204 133.620000 133.620000 132.000000 0.014566 0 1
TD13TRACE 205 133.620000 133.620000 132.000000 0.013272 0 1
TD13TRACE 206 133.620000 133.620000 132.000000 0.013759 0 1
TD13TRACE 207 133.620000 133.620000 132.000000 0.014581 0 1
TD13TRACE 208 133.620000 133.620000 132.000000 0.013296 0 1
TD13TRACE 209 133.620000 133.620000 132.000000 0.014111 0 1
TD13TRACE 210 133.620000 133.620000 132.000000 0.014137 0 1
TD13TRACE 211 133.620000 133.620000 132.000000 0.013713 0 1
TD13TRACE 212 133.620000 133.620000 132.000000 0.013281 0 1
TD13TRACE 213 133.620000 133.620000 132.000000 0.015071 0 1
TD13TRACE 214 133.620000 133.620000 132.000000 0.012735 0 1
TD13TRACE 215 133.620000 133.620000 132.000000 0.014034 0 1
TD13TRACE 216 133.620000 133.620000 132.000000 0.015081 0 1
TD13TRACE 217 133.620000 133.620000 132.000000 0.013083 0 1
TD13TRACE 218 133.620000 133.620000 132.000000 0.013170 0 1
TD13TRACE 219 133.620000 133.620000 132.000000 0.014337 0 1
TD13TRACE 220 133.620000 133.620000 132.000000 0.014414 0 1
TD13TRACE 221 133.620000 133.620000 132.000000 0.013518 0 1
[2026-09-15 06:52:54.026] [info] fps 68.4 | pos (0.50, 132.00, 0.50) | chunks 113 | stream-meshed 104
TD13TRACE 222 133.620000 133.620000 132.000000 0.014499 0 1
TD13TRACE 223 133.620000 133.620000 132.000000 0.013061 0 1
TD13TRACE 224 133.620000 133.620000 132.000000 0.014034 0 1
TD13TRACE 225 133.620000 133.620000 132.000000 0.015082 0 1
TD13TRACE 226 133.620000 133.620000 132.000000 0.012810 0 1
TD13TRACE 227 133.620000 133.620000 132.000000 0.013786 0 1
TD13TRACE 228 133.620000 133.620000 132.000000 0.014700 0 1
TD13TRACE 229 133.620000 133.620000 132.000000 0.012669 0 1
TD13TRACE 230 133.620000 133.620000 132.000000 0.014184 0 1
TD13TRACE 231 133.620000 133.620000 132.000000 0.014584 0 1
TD13TRACE 232 133.620000 133.620000 132.000000 0.013339 0 1
TD13TRACE 233 133.620000 133.620000 132.000000 0.013481 0 1
TD13TRACE 234 133.620000 133.620000 132.000000 0.014615 0 1
TD13TRACE 235 133.620000 133.620000 132.000000 0.013359 0 1
TD13TRACE 236 133.620000 133.620000 132.000000 0.014323 0 1
TD13TRACE 237 133.620000 133.620000 132.000000 0.014486 0 1
TD13TRACE 238 133.620000 133.620000 132.000000 0.013127 0 1
TD13TRACE 239 133.620000 133.620000 132.000000 0.013680 0 1
TD13TRACE 240 133.620000 133.620000 132.000000 0.014434 0 1
TD13TRACE 241 133.620000 133.620000 132.000000 0.013414 0 1
TD13TRACE 242 133.620000 133.620000 132.000000 0.013358 0 1
TD13TRACE 243 133.620000 133.620000 132.000000 0.014740 0 1
TD13TRACE 244 133.620000 133.620000 132.000000 0.013228 0 1
TD13TRACE 245 133.620000 133.620000 132.000000 0.013898 0 1
TD13TRACE 246 133.620000 133.620000 132.000000 0.015021 0 1
TD13TRACE 247 133.620000 133.620000 132.000000 0.013142 0 1
TD13TRACE 248 133.620000 133.620000 132.000000 0.013974 0 1
TD13TRACE 249 133.620000 133.620000 132.000000 0.014246 0 1
TD13TRACE 250 133.620000 133.620000 132.000000 0.012924 0 1
TD13TRACE 251 133.620000 133.620000 132.000000 0.014044 0 1
TD13TRACE 252 133.620000 133.620000 132.000000 0.014939 0 1
TD13TRACE 253 133.620000 133.620000 132.000000 0.013160 0 1
TD13TRACE 254 133.620000 133.620000 132.000000 0.013909 0 1
TD13TRACE 255 133.620000 133.620000 132.000000 0.014273 0 1
TD13TRACE 256 133.620000 133.620000 132.000000 0.013349 0 1
TD13TRACE 257 133.620000 133.620000 132.000000 0.013692 0 1
TD13TRACE 258 133.620000 133.620000 132.000000 0.014503 0 1
TD13TRACE 259 133.620000 133.620000 132.000000 0.013393 0 1
TD13TRACE 260 133.620000 133.620000 132.000000 0.013788 0 1
TD13TRACE 261 133.620000 133.620000 132.000000 0.014434 0 1
TD13TRACE 262 133.620000 133.620000 132.000000 0.013405 0 1
TD13TRACE 263 133.620000 133.620000 132.000000 0.014023 0 1
TD13TRACE 264 133.620000 133.620000 132.000000 0.014637 0 1
TD13TRACE 265 133.620000 133.620000 132.000000 0.013249 0 1
TD13TRACE 266 133.620000 133.620000 132.000000 0.013322 0 1
TD13TRACE 267 133.620000 133.620000 132.000000 0.014620 0 1
TD13TRACE 268 133.620000 133.620000 132.000000 0.013842 0 1
TD13TRACE 269 133.620000 133.620000 132.000000 0.013661 0 1
TD13TRACE 270 133.620000 133.620000 132.000000 0.015122 0 1
TD13TRACE 271 133.620000 133.620000 132.000000 0.012940 0 1
TD13TRACE 272 133.620000 133.620000 132.000000 0.013511 0 1
TD13TRACE 273 133.620000 133.620000 132.000000 0.015098 0 1
TD13TRACE 274 133.620000 133.620000 132.000000 0.013012 0 1
TD13TRACE 275 133.620000 133.620000 132.000000 0.013702 0 1
TD13TRACE 276 133.620000 133.620000 132.000000 0.014325 0 1
TD13TRACE 277 133.620000 133.620000 132.000000 0.013829 0 1
TD13TRACE 278 133.620000 133.620000 132.000000 0.013371 0 1
TD13TRACE 279 133.620000 133.620000 132.000000 0.014927 0 1
TD13TRACE 280 133.620000 133.620000 132.000000 0.013240 0 1
TD13TRACE 281 133.620000 133.620000 132.000000 0.013726 0 1
TD13TRACE 282 133.620000 133.620000 132.000000 0.014713 0 1
TD13TRACE 283 133.620000 133.620000 132.000000 0.013256 0 1
TD13TRACE 284 133.620000 133.620000 132.000000 0.013615 0 1
TD13TRACE 285 133.620000 133.620000 132.000000 0.014236 0 1
TD13TRACE 286 133.620000 133.620000 132.000000 0.013486 0 1
TD13TRACE 287 133.620000 133.620000 132.000000 0.014121 0 1
TD13TRACE 288 133.620000 133.620000 132.000000 0.014577 0 1
TD13TRACE 289 133.620000 133.620000 132.000000 0.013145 0 1
TD13TRACE 290 133.620000 133.620000 132.000000 0.013670 0 1
TD13TRACE 291 133.620000 133.620000 132.000000 0.014542 0 1
TD13TRACE 292 133.620000 133.620000 132.000000 0.013391 0 1
TD13TRACE 293 133.620000 133.620000 132.000000 0.013718 0 1
TD13TRACE 294 133.620000 133.620000 132.000000 0.014705 0 1
TD13TRACE 295 133.620000 133.620000 132.000000 0.013199 0 1
TD13TRACE 296 133.620000 133.620000 132.000000 0.014073 0 1
TD13TRACE 297 133.620000 133.620000 132.000000 0.014499 0 1
TD13TRACE 298 133.620000 133.620000 132.000000 0.013236 0 1
TD13TRACE 299 133.620000 133.620000 132.000000 0.013883 0 1
TD13TRACE 300 133.620000 133.620000 132.000000 0.014616 0 1
TD13TRACE 301 133.620000 133.620000 132.000000 0.013096 0 1
TD13TRACE 302 133.620000 133.620000 132.000000 0.013377 0 1
TD13TRACE 303 133.620000 133.620000 132.000000 0.014401 0 1
TD13TRACE 304 133.620000 133.620000 132.000000 0.014162 0 1
TD13TRACE 305 133.620000 133.620000 132.000000 0.013737 0 1
TD13TRACE 306 133.620000 133.620000 132.000000 0.014466 0 1
TD13TRACE 307 133.620000 133.620000 132.000000 0.013405 0 1
TD13TRACE 308 133.620000 133.620000 132.000000 0.013480 0 1
TD13TRACE 309 133.620000 133.620000 132.000000 0.014502 0 1
TD13TRACE 310 133.620000 133.620000 132.000000 0.013363 0 1
TD13TRACE 311 133.620000 133.620000 132.000000 0.013847 0 1
TD13TRACE 312 133.620000 133.620000 132.000000 0.014664 0 1
TD13TRACE 313 133.620000 133.620000 132.000000 0.013262 0 1
TD13TRACE 314 133.620000 133.620000 132.000000 0.013332 0 1
TD13TRACE 315 133.620000 133.620000 132.000000 0.014715 0 1
TD13TRACE 316 133.620000 133.620000 132.000000 0.013477 0 1
TD13TRACE 317 133.620000 133.620000 132.000000 0.013658 0 1
TD13TRACE 318 133.620000 133.620000 132.000000 0.014605 0 1
TD13TRACE 319 133.620000 133.620000 132.000000 0.013471 0 1
TD13TRACE 320 133.620000 133.620000 132.000000 0.013746 0 1
TD13TRACE 321 133.620000 133.620000 132.000000 0.014666 0 1
TD13TRACE 322 133.620000 133.620000 132.000000 0.013460 0 1
TD13TRACE 323 133.620000 133.620000 132.000000 0.013753 0 1
TD13TRACE 324 133.620000 133.620000 132.000000 0.014818 0 1
TD13TRACE 325 133.620000 133.620000 132.000000 0.012965 0 1
TD13TRACE 326 133.620000 133.620000 132.000000 0.013790 0 1
TD13TRACE 327 133.620000 133.620000 132.000000 0.015091 0 1
TD13TRACE 328 133.620000 133.620000 132.000000 0.013372 0 1
TD13TRACE 329 133.620000 133.620000 132.000000 0.013184 0 1
TD13TRACE 330 133.620000 133.620000 132.000000 0.014260 0 1
TD13TRACE 331 133.620000 133.620000 132.000000 0.014014 0 1
TD13TRACE 332 133.620000 133.620000 132.000000 0.013757 0 1
TD13TRACE 333 133.620000 133.620000 132.000000 0.014525 0 1
TD13TRACE 334 133.620000 133.620000 132.000000 0.012707 0 1
TD13TRACE 335 133.620000 133.620000 132.000000 0.014404 0 1
TD13TRACE 336 133.620000 133.620000 132.000000 0.014450 0 1
TD13TRACE 337 133.620000 133.620000 132.000000 0.013493 0 1
TD13TRACE 338 133.620000 133.620000 132.000000 0.013267 0 1
TD13TRACE 339 133.620000 133.620000 132.000000 0.014818 0 1
TD13TRACE 340 133.620000 133.620000 132.000000 0.013587 0 1
TD13TRACE 341 133.620000 133.620000 132.000000 0.013255 0 1
TD13TRACE 342 133.620000 133.620000 132.000000 0.015159 0 1
TD13TRACE 343 133.620000 133.620000 132.000000 0.013082 0 1
TD13TRACE 344 133.620000 133.620000 132.000000 0.013750 0 1
TD13TRACE 345 133.620000 133.620000 132.000000 0.014896 0 1
TD13TRACE 346 133.620000 133.620000 132.000000 0.012991 0 1
TD13TRACE 347 133.620000 133.620000 132.000000 0.013701 0 1
TD13TRACE 348 133.620000 133.620000 132.000000 0.014634 0 1
TD13TRACE 349 133.620000 133.620000 132.000000 0.013341 0 1
TD13TRACE 350 133.620000 133.620000 132.000000 0.013764 0 1
TD13TRACE 351 133.620000 133.620000 132.000000 0.014070 0 1
TD13TRACE 352 133.620000 133.620000 132.000000 0.013475 0 1
TD13TRACE 353 133.620000 133.620000 132.000000 0.014158 0 1
TD13TRACE 354 133.620000 133.620000 132.000000 0.014577 0 1
TD13TRACE 355 133.620000 133.620000 132.000000 0.013111 0 1
TD13TRACE 356 133.620000 133.620000 132.000000 0.013709 0 1
TD13TRACE 357 133.620000 133.620000 132.000000 0.014629 0 1
TD13TRACE 358 133.620000 133.620000 132.000000 0.013718 0 1
TD13TRACE 359 133.620000 133.620000 132.000000 0.013337 0 1
TD13TRACE 360 133.620000 133.620000 132.000000 0.014818 0 1
TD13TRACE 361 133.620000 133.620000 132.000000 0.013373 0 1
TD13TRACE 362 133.620000 133.620000 132.000000 0.013663 0 1
TD13TRACE 363 133.620000 133.620000 132.000000 0.014063 0 1
TD13TRACE 364 133.620000 133.620000 132.000000 0.013679 0 1
TD13TRACE 365 133.620000 133.620000 132.000000 0.013996 0 1
[2026-09-15 06:52:56.026] [info] fps 72.0 | pos (0.50, 132.00, 0.50) | chunks 113 | stream-meshed 104
TD13TRACE 366 133.620000 133.620000 132.000000 0.014499 0 1
TD13TRACE 367 133.620000 133.620000 132.000000 0.012862 0 1
TD13TRACE 368 133.620000 133.620000 132.000000 0.013900 0 1
TD13TRACE 369 133.620000 133.620000 132.000000 0.014991 0 1
TD13TRACE 370 133.620000 133.620000 132.000000 0.013193 0 1
TD13TRACE 371 133.620000 133.620000 132.000000 0.013844 0 1
TD13TRACE 372 133.620000 133.620000 132.000000 0.014231 0 1
TD13TRACE 373 133.620000 133.620000 132.000000 0.013319 0 1
TD13TRACE 374 133.620000 133.620000 132.000000 0.014029 0 1
TD13TRACE 375 133.620000 133.620000 132.000000 0.014290 0 1
TD13TRACE 376 133.620000 133.620000 132.000000 0.013482 0 1
TD13TRACE 377 133.620000 133.620000 132.000000 0.013599 0 1
TD13TRACE 378 133.620000 133.620000 132.000000 0.014978 0 1
TD13TRACE 379 133.620000 133.620000 132.000000 0.013323 0 1
TD13TRACE 380 133.620000 133.620000 132.000000 0.013704 0 1
TD13TRACE 381 133.620000 133.620000 132.000000 0.014664 0 1
TD13TRACE 382 133.620000 133.620000 132.000000 0.012810 0 1
TD13TRACE 383 133.620000 133.620000 132.000000 0.014377 0 1
TD13TRACE 384 133.620000 133.620000 132.000000 0.014503 0 1
TD13TRACE 385 133.620000 133.620000 132.000000 0.013320 0 1
TD13TRACE 386 133.620000 133.620000 132.000000 0.013310 0 1
TD13TRACE 387 133.620000 133.620000 132.000000 0.014635 0 1
TD13TRACE 388 133.620000 133.620000 132.000000 0.013362 0 1
TD13TRACE 389 133.620000 133.620000 132.000000 0.013864 0 1
TD13TRACE 390 133.620000 133.620000 132.000000 0.014453 0 1
TD13TRACE 391 133.620000 133.620000 132.000000 0.013129 0 1
TD13TRACE 392 133.620000 133.620000 132.000000 0.013583 0 1
TD13TRACE 393 133.620000 133.620000 132.000000 0.014735 0 1
TD13TRACE 394 133.620000 133.620000 132.000000 0.013547 0 1
TD13TRACE 395 133.620000 133.620000 132.000000 0.013783 0 1
TD13TRACE 396 133.620000 133.620000 132.000000 0.014411 0 1
TD13TRACE 397 133.620000 133.620000 132.000000 0.013237 0 1
TD13TRACE 398 133.620000 133.620000 132.000000 0.013846 0 1
TD13TRACE 399 133.620000 133.620000 132.000000 0.014432 0 1
TD13TRACE 400 133.620000 133.620000 132.000000 0.013913 0 1
TD13TRACE 401 133.620000 133.620000 132.000000 0.013549 0 1
TD13TRACE 402 133.620000 133.620000 132.000000 0.014383 0 1
TD13TRACE 403 133.620000 133.620000 132.000000 0.013118 0 1
TD13TRACE 404 133.620000 133.620000 132.000000 0.013680 0 1
TD13TRACE 405 133.620000 133.620000 132.000000 0.014784 0 1
TD13TRACE 406 133.620000 133.620000 132.000000 0.013183 0 1
TD13TRACE 407 133.620000 133.620000 132.000000 0.013773 0 1
TD13TRACE 408 133.620000 133.620000 132.000000 0.014535 0 1
TD13TRACE 409 133.620000 133.620000 132.000000 0.013500 0 1
TD13TRACE 410 133.620000 133.620000 132.000000 0.013810 0 1
TD13TRACE 411 133.620000 133.620000 132.000000 0.014524 0 1
TD13TRACE 412 133.620000 133.620000 132.000000 0.013348 0 1
TD13TRACE 413 133.620000 133.620000 132.000000 0.013736 0 1
TD13TRACE 414 133.620000 133.620000 132.000000 0.014848 0 1
TD13TRACE 415 133.620000 133.620000 132.000000 0.013077 0 1
TD13TRACE 416 133.620000 133.620000 132.000000 0.013784 0 1
TD13TRACE 417 133.620000 133.620000 132.000000 0.014716 0 1
TD13TRACE 418 133.620000 133.620000 132.000000 0.013371 0 1
TD13TRACE 419 133.620000 133.620000 132.000000 0.013699 0 1
TD13TRACE 420 133.620000 133.620000 132.000000 0.014661 0 1
TD13TRACE 421 133.620000 133.620000 132.000000 0.013244 0 1
TD13TRACE 422 133.620000 133.620000 132.000000 0.013707 0 1
TD13TRACE 423 133.620000 133.620000 132.000000 0.014628 0 1
TD13TRACE 424 133.620000 133.620000 132.000000 0.013514 0 1
TD13TRACE 425 133.620000 133.620000 132.000000 0.013590 0 1
TD13TRACE 426 133.620000 133.620000 132.000000 0.014518 0 1
TD13TRACE 427 133.620000 133.620000 132.000000 0.013523 0 1
TD13TRACE 428 133.620000 133.620000 132.000000 0.013893 0 1
TD13TRACE 429 133.620000 133.620000 132.000000 0.014463 0 1
TD13TRACE 430 133.620000 133.620000 132.000000 0.013528 0 1
TD13TRACE 431 133.620000 133.620000 132.000000 0.013829 0 1
TD13TRACE 432 133.620000 133.620000 132.000000 0.014126 0 1
TD13TRACE 433 133.620000 133.620000 132.000000 0.013363 0 1
TD13TRACE 434 133.620000 133.620000 132.000000 0.014077 0 1
TD13TRACE 435 133.620000 133.620000 132.000000 0.014173 0 1
TD13TRACE 436 133.620000 133.620000 132.000000 0.013777 0 1
TD13TRACE 437 133.620000 133.620000 132.000000 0.013691 0 1
TD13TRACE 438 133.620000 133.620000 132.000000 0.014546 0 1
TD13TRACE 439 133.620000 133.620000 132.000000 0.013400 0 1
TD13TRACE 440 133.620000 133.620000 132.000000 0.013167 0 1
TD13TRACE 441 133.620000 133.620000 132.000000 0.015185 0 1
TD13TRACE 442 133.620000 133.620000 132.000000 0.012976 0 1
TD13TRACE 443 133.620000 133.620000 132.000000 0.013744 0 1
TD13TRACE 444 133.620000 133.620000 132.000000 0.014927 0 1
TD13TRACE 445 133.620000 133.620000 132.000000 0.013362 0 1
TD13TRACE 446 133.620000 133.620000 132.000000 0.013669 0 1
TD13TRACE 447 133.620000 133.620000 132.000000 0.014797 0 1
TD13TRACE 448 133.620000 133.620000 132.000000 0.013064 0 1
TD13TRACE 449 133.620000 133.620000 132.000000 0.013645 0 1
TD13TRACE 450 133.620000 133.620000 132.000000 0.014728 0 1
TD13TRACE 451 133.620000 133.620000 132.000000 0.012693 0 1
TD13TRACE 452 133.620000 133.620000 132.000000 0.013696 0 1
TD13TRACE 453 133.620000 133.620000 132.000000 0.014672 0 1
TD13TRACE 454 133.620000 133.620000 132.000000 0.014191 0 1
TD13TRACE 455 133.620000 133.620000 132.000000 0.013972 0 1
TD13TRACE 456 133.620000 133.620000 132.000000 0.014144 0 1
TD13TRACE 457 133.620000 133.620000 132.000000 0.013440 0 1
TD13TRACE 458 133.620000 133.620000 132.000000 0.013393 0 1
TD13TRACE 459 133.620000 133.620000 132.000000 0.014691 0 1
TD13TRACE 460 133.620000 133.620000 132.000000 0.013252 0 1
TD13TRACE 461 133.620000 133.620000 132.000000 0.013807 0 1
TD13TRACE 462 133.620000 133.620000 132.000000 0.014654 0 1
TD13TRACE 463 133.620000 133.620000 132.000000 0.013140 0 1
TD13TRACE 464 133.620000 133.620000 132.000000 0.013772 0 1
TD13TRACE 465 133.620000 133.620000 132.000000 0.014676 0 1
TD13TRACE 466 133.620000 133.620000 132.000000 0.013736 0 1
TD13TRACE 467 133.620000 133.620000 132.000000 0.013271 0 1
TD13TRACE 468 133.620000 133.620000 132.000000 0.015178 0 1
TD13TRACE 469 133.620000 133.620000 132.000000 0.013346 0 1
TD13TRACE 470 133.620000 133.620000 132.000000 0.013559 0 1
TD13TRACE 471 133.620000 133.620000 132.000000 0.014850 0 1
TD13TRACE 472 133.620000 133.620000 132.000000 0.012937 0 1
TD13TRACE 473 133.620000 133.620000 132.000000 0.013632 0 1
TD13TRACE 474 133.620000 133.620000 132.000000 0.014757 0 1
TD13TRACE 475 133.620000 133.620000 132.000000 0.012729 0 1
TD13TRACE 476 133.620000 133.620000 132.000000 0.013990 0 1
TD13TRACE 477 133.620000 133.620000 132.000000 0.014957 0 1
TD13TRACE 478 133.620000 133.620000 132.000000 0.013008 0 1
TD13TRACE 479 133.620000 133.620000 132.000000 0.013523 0 1
TD13TRACE 480 133.620000 133.620000 132.000000 0.014785 0 1
TD13TRACE 481 133.620000 133.620000 132.000000 0.013569 0 1
TD13TRACE 482 133.620000 133.620000 132.000000 0.013627 0 1
TD13TRACE 483 133.620000 133.620000 132.000000 0.014958 0 1
TD13TRACE 484 133.620000 133.620000 132.000000 0.012776 0 1
TD13TRACE 485 133.620000 133.620000 132.000000 0.014772 0 1
TD13TRACE 486 133.620000 133.620000 132.000000 0.014185 0 1
TD13TRACE 487 133.620000 133.620000 132.000000 0.013190 0 1
TD13TRACE 488 133.620000 133.620000 132.000000 0.013484 0 1
TD13TRACE 489 133.620000 133.620000 132.000000 0.014709 0 1
TD13TRACE 490 133.620000 133.620000 132.000000 0.013138 0 1
TD13TRACE 491 133.620000 133.620000 132.000000 0.013739 0 1
TD13TRACE 492 133.620000 133.620000 132.000000 0.014974 0 1
TD13TRACE 493 133.620000 133.620000 132.000000 0.013072 0 1
TD13TRACE 494 133.620000 133.620000 132.000000 0.013905 0 1
TD13TRACE 495 133.620000 133.620000 132.000000 0.014413 0 1
TD13TRACE 496 133.620000 133.620000 132.000000 0.012777 0 1
TD13TRACE 497 133.620000 133.620000 132.000000 0.013955 0 1
TD13TRACE 498 133.620000 133.620000 132.000000 0.014996 0 1
TD13TRACE 499 133.620000 133.620000 132.000000 0.012916 0 1
TD13TRACE 500 133.620000 133.620000 132.000000 0.014267 0 1
TD13TRACE 501 133.620000 133.620000 132.000000 0.014505 0 1
TD13TRACE 502 133.620000 133.620000 132.000000 0.013418 0 1
TD13TRACE 503 133.620000 133.620000 132.000000 0.013752 0 1
TD13TRACE 504 133.620000 133.620000 132.000000 0.014336 0 1
TD13TRACE 505 133.620000 133.620000 132.000000 0.013334 0 1
TD13TRACE 506 133.620000 133.620000 132.000000 0.013711 0 1
TD13TRACE 507 133.620000 133.620000 132.000000 0.014827 0 1
TD13TRACE 508 133.620000 133.620000 132.000000 0.013240 0 1
TD13TRACE 509 133.620000 133.620000 132.000000 0.013756 0 1
TD13TRACE 510 133.620000 133.620000 132.000000 0.014555 0 1
[2026-09-15 06:52:58.039] [info] fps 72.0 | pos (0.50, 132.00, 0.50) | chunks 113 | stream-meshed 104
TD13TRACE 511 133.620000 133.620000 132.000000 0.012867 0 1
TD13TRACE 512 133.620000 133.620000 132.000000 0.014060 0 1
TD13TRACE 513 133.620000 133.620000 132.000000 0.014533 0 1
TD13TRACE 514 133.620000 133.620000 132.000000 0.013421 0 1
TD13TRACE 515 133.620000 133.620000 132.000000 0.013827 0 1
TD13TRACE 516 133.620000 133.620000 132.000000 0.014755 0 1
TD13TRACE 517 133.620000 133.620000 132.000000 0.013093 0 1
TD13TRACE 518 133.620000 133.620000 132.000000 0.013709 0 1
TD13TRACE 519 133.620000 133.620000 132.000000 0.014732 0 1
TD13TRACE 520 133.620000 133.620000 132.000000 0.013205 0 1
TD13TRACE 521 133.620000 133.620000 132.000000 0.013654 0 1
TD13TRACE 522 133.620000 133.620000 132.000000 0.014572 0 1
TD13TRACE 523 133.620000 133.620000 132.000000 0.013456 0 1
TD13TRACE 524 133.620000 133.620000 132.000000 0.014044 0 1
TD13TRACE 525 133.620000 133.620000 132.000000 0.014097 0 1
TD13TRACE 526 133.620000 133.620000 132.000000 0.013417 0 1
TD13TRACE 527 133.620000 133.620000 132.000000 0.013724 0 1
TD13TRACE 528 133.620000 133.620000 132.000000 0.014997 0 1
TD13TRACE 529 133.620000 133.620000 132.000000 0.013094 0 1
TD13TRACE 530 133.620000 133.620000 132.000000 0.013525 0 1
TD13TRACE 531 133.620000 133.620000 132.000000 0.014974 0 1
TD13TRACE 532 133.620000 133.620000 132.000000 0.012796 0 1
TD13TRACE 533 133.620000 133.620000 132.000000 0.013829 0 1
TD13TRACE 534 133.620000 133.620000 132.000000 0.014992 0 1
TD13TRACE 535 133.620000 133.620000 132.000000 0.013033 0 1
TD13TRACE 536 133.620000 133.620000 132.000000 0.013750 0 1
TD13TRACE 537 133.620000 133.620000 132.000000 0.014650 0 1
TD13TRACE 538 133.620000 133.620000 132.000000 0.013680 0 1
TD13TRACE 539 133.620000 133.620000 132.000000 0.013774 0 1
TD13TRACE 540 133.620000 133.620000 132.000000 0.014785 0 1
TD13TRACE 541 133.620000 133.620000 132.000000 0.012475 0 1
TD13TRACE 542 133.620000 133.620000 132.000000 0.013778 0 1
TD13TRACE 543 133.620000 133.620000 132.000000 0.014849 0 1
TD13TRACE 544 133.620000 133.620000 132.000000 0.013525 0 1
TD13TRACE 545 133.620000 133.620000 132.000000 0.013747 0 1
TD13TRACE 546 133.620000 133.620000 132.000000 0.014661 0 1
TD13TRACE 547 133.620000 133.620000 132.000000 0.013320 0 1
TD13TRACE 548 133.620000 133.620000 132.000000 0.013486 0 1
TD13TRACE 549 133.620000 133.620000 132.000000 0.014929 0 1
TD13TRACE 550 133.620000 133.620000 132.000000 0.013203 0 1
TD13TRACE 551 133.620000 133.620000 132.000000 0.013605 0 1
TD13TRACE 552 133.620000 133.620000 132.000000 0.014521 0 1
TD13TRACE 553 133.620000 133.620000 132.000000 0.013230 0 1
TD13TRACE 554 133.620000 133.620000 132.000000 0.014149 0 1
TD13TRACE 555 133.620000 133.620000 132.000000 0.014198 0 1
TD13TRACE 556 133.620000 133.620000 132.000000 0.013469 0 1
TD13TRACE 557 133.620000 133.620000 132.000000 0.013916 0 1
TD13TRACE 558 133.620000 133.620000 132.000000 0.014585 0 1
TD13TRACE 559 133.620000 133.620000 132.000000 0.013274 0 1
TD13TRACE 560 133.620000 133.620000 132.000000 0.013862 0 1
TD13TRACE 561 133.620000 133.620000 132.000000 0.014054 0 1
TD13TRACE 562 133.620000 133.620000 132.000000 0.013579 0 1
TD13TRACE 563 133.620000 133.620000 132.000000 0.014040 0 1
TD13TRACE 564 133.620000 133.620000 132.000000 0.014344 0 1
TD13TRACE 565 133.620000 133.620000 132.000000 0.013340 0 1
TD13TRACE 566 133.620000 133.620000 132.000000 0.013364 0 1
TD13TRACE 567 133.620000 133.620000 132.000000 0.015142 0 1
TD13TRACE 568 133.620000 133.620000 132.000000 0.013335 0 1
TD13TRACE 569 133.620000 133.620000 132.000000 0.013661 0 1
TD13TRACE 570 133.620000 133.620000 132.000000 0.014886 0 1
TD13TRACE 571 133.620000 133.620000 132.000000 0.012469 0 1
TD13TRACE 572 133.620000 133.620000 132.000000 0.014214 0 1
TD13TRACE 573 133.620000 133.620000 132.000000 0.014261 0 1
TD13TRACE 574 133.620000 133.620000 132.000000 0.014030 0 1
TD13TRACE 575 133.620000 133.620000 132.000000 0.013773 0 1
TD13TRACE 576 133.620000 133.620000 132.000000 0.014428 0 1
TD13TRACE 577 133.620000 133.620000 132.000000 0.013334 0 1
TD13TRACE 578 133.620000 133.620000 132.000000 0.013552 0 1
TD13TRACE 579 133.620000 133.620000 132.000000 0.014752 0 1
TD13TRACE 580 133.620000 133.620000 132.000000 0.012895 0 1
TD13TRACE 581 133.620000 133.620000 132.000000 0.013763 0 1
TD13TRACE 582 133.620000 133.620000 132.000000 0.014585 0 1
TD13TRACE 583 133.620000 133.620000 132.000000 0.013368 0 1
TD13TRACE 584 133.620000 133.620000 132.000000 0.013843 0 1
TD13TRACE 585 133.620000 133.620000 132.000000 0.013992 0 1
TD13TRACE 586 133.620000 133.620000 132.000000 0.015624 0 1
TD13TRACE 587 133.620000 133.620000 132.000000 0.011586 0 1
TD13TRACE 588 133.620000 133.620000 132.000000 0.014792 0 1
TD13TRACE 589 133.620000 133.620000 132.000000 0.013281 0 1
TD13TRACE 590 133.620000 133.620000 132.000000 0.013689 0 1
TD13TRACE 591 133.620000 133.620000 132.000000 0.014402 0 1
TD13TRACE 592 133.620000 133.620000 132.000000 0.013480 0 1
TD13TRACE 593 133.620000 133.620000 132.000000 0.013843 0 1
TD13TRACE 594 133.620000 133.620000 132.000000 0.014579 0 1
TD13TRACE 595 133.620000 133.620000 132.000000 0.013333 0 1
TD13TRACE 596 133.620000 133.620000 132.000000 0.013852 0 1
TD13TRACE 597 133.620000 133.620000 132.000000 0.014710 0 1
TD13TRACE 598 133.620000 133.620000 132.000000 0.013418 0 1
TD13TRACE 599 133.620000 133.620000 132.000000 0.013380 0 1
TD13TRACE 600 133.620000 133.620000 132.000000 0.014847 0 1
TD13TRACE 601 133.620000 133.620000 132.000000 0.013165 0 1
TD13TRACE 602 133.620000 133.620000 132.000000 0.013846 0 1
TD13TRACE 603 133.620000 133.620000 132.000000 0.014733 0 1
TD13TRACE 604 133.620000 133.620000 132.000000 0.013026 0 1
TD13TRACE 605 133.620000 133.620000 132.000000 0.013986 0 1
TD13TRACE 606 133.620000 133.620000 132.000000 0.014766 0 1
TD13TRACE 607 133.620000 133.620000 132.000000 0.013114 0 1
TD13TRACE 608 133.620000 133.620000 132.000000 0.013956 0 1
TD13TRACE 609 133.620000 133.620000 132.000000 0.014956 0 1
TD13TRACE 610 133.620000 133.620000 132.000000 0.013264 0 1
TD13TRACE 611 133.620000 133.620000 132.000000 0.013710 0 1
TD13TRACE 612 133.620000 133.620000 132.000000 0.014353 0 1
TD13TRACE 613 133.620000 133.620000 132.000000 0.013329 0 1
TD13TRACE 614 133.620000 133.620000 132.000000 0.013831 0 1
TD13TRACE 615 133.620000 133.620000 132.000000 0.014591 0 1
TD13TRACE 616 133.620000 133.620000 132.000000 0.012809 0 1
TD13TRACE 617 133.620000 133.620000 132.000000 0.014278 0 1
2026-09-15 06:52:59.575 opencraft[10977:1978065] error messaging the mach port for IMKCFRunLoopWakeUpReliable
TD13TRACE 618 133.620000 133.620000 132.000000 0.068878 1 1
TD13TRACE 619 133.620000 133.620000 132.000000 0.001378 1 1
TD13TRACE 620 133.620000 133.620000 132.000000 0.013040 1 1
TD13TRACE 621 133.620000 133.620000 132.000000 0.017338 1 1
TD13TRACE 622 133.620000 133.620000 132.000000 0.003379 1 1
TD13TRACE 623 133.620000 133.620000 132.000000 0.014243 1 1
TD13TRACE 624 133.620000 133.620000 132.000000 0.013553 1 1
TD13TRACE 625 133.620000 133.620000 132.000000 0.013549 1 1
TD13TRACE 626 133.620000 133.620000 132.000000 0.049724 1 1
TD13TRACE 627 133.620000 133.620000 132.000000 0.034693 1 1
TD13TRACE 628 133.620000 133.620000 132.000000 0.032071 1 1
TD13TRACE 629 133.620000 133.620000 132.000000 0.023097 1 1
TD13TRACE 630 133.620000 133.620000 132.000000 0.019807 1 1
TD13TRACE 631 133.620000 133.620000 132.000000 0.019435 1 1
TD13TRACE 632 133.620000 133.620000 132.000000 0.021231 1 1
TD13TRACE 633 133.620000 133.620000 132.000000 0.011288 1 1
TD13TRACE 634 133.620000 133.620000 132.000000 0.000801 1 1
TD13TRACE 635 133.620000 133.620000 132.000000 0.010876 1 1
TD13TRACE 636 133.620000 133.620000 132.000000 0.013387 1 1
TD13TRACE 637 133.620000 133.620000 132.000000 0.013732 1 1
TD13TRACE 638 133.620000 133.620000 132.000000 0.014791 1 1
TD13TRACE 639 133.620000 133.620000 132.000000 0.013232 1 1
TD13TRACE 640 133.620000 133.620000 132.000000 0.013516 1 1
TD13TRACE 641 133.620000 133.620000 132.000000 0.014962 1 1
TD13TRACE 642 133.620000 133.620000 132.000000 0.013273 1 1
TD13TRACE 643 133.620000 133.620000 132.000000 0.013640 1 1
TD13TRACE 644 133.620000 133.620000 132.000000 0.014233 1 1
TD13TRACE 645 133.620000 133.620000 132.000000 0.013631 1 1
TD13TRACE 646 133.620000 133.620000 132.000000 0.025588 1 1
[2026-09-15 06:53:00.047] [info] fps 67.4 | pos (0.50, 132.00, -0.76) | chunks 126 | stream-meshed 117
TD13TRACE 647 133.620000 133.620000 132.000000 0.004892 1 1
TD13TRACE 648 133.700577 133.620742 132.080577 0.011137 1 1
TD13TRACE 649 133.817842 133.629214 132.197842 0.013979 1 1
TD13TRACE 650 133.939601 133.652658 132.319601 0.014522 1 1
TD13TRACE 651 134.048147 133.688465 132.428147 0.013197 1 1
TD13TRACE 652 134.139841 133.739463 132.519841 0.013780 1 1
TD13TRACE 653 134.236963 133.805091 132.616963 0.014594 1 1
TD13TRACE 654 134.324939 133.872181 132.704939 0.013221 1 1
TD13TRACE 655 134.406931 133.949358 132.786931 0.014062 1 1
TD13TRACE 656 134.477688 134.031012 132.857688 0.014277 1 1
TD13TRACE 657 134.543120 134.107076 132.923120 0.013202 1 1
TD13TRACE 658 134.611793 134.186203 132.991793 0.013858 1 1
TD13TRACE 659 134.662882 134.267563 133.042882 0.014552 1 1
TD13TRACE 660 134.706440 134.338423 133.086440 0.013236 1 1
TD13TRACE 661 134.752274 134.408832 133.132274 0.013928 1 1
TD13TRACE 662 134.793717 134.479522 133.173717 0.014937 1 1
TD13TRACE 663 134.815606 134.537558 133.195606 0.013237 1 1
TD13TRACE 664 134.838632 134.593021 133.218632 0.013931 1 1
TD13TRACE 665 134.862336 134.644119 133.242336 0.014352 1 1
TD13TRACE 666 134.869731 134.686159 133.249731 0.013230 1 1
TD13TRACE 667 134.870559 134.724276 133.250559 0.013796 1 1
TD13TRACE 668 134.871435 134.757855 133.251435 0.014605 1 1
TD13TRACE 669 134.871066 134.783193 133.251066 0.013571 1 1
TD13TRACE 670 134.851084 134.802760 133.231084 0.013263 1 1
TD13TRACE 671 134.828963 134.817724 133.208963 0.014681 1 1
TD13TRACE 672 134.808352 134.825377 133.188352 0.013737 1 1
TD13TRACE 673 134.778567 134.827440 133.158567 0.013732 1 1
TD13TRACE 674 134.734488 134.823371 133.114488 0.014534 1 1
TD13TRACE 675 134.695343 134.813986 133.075343 0.012867 1 1
TD13TRACE 676 134.651418 134.797216 133.031418 0.014503 1 1
TD13TRACE 677 134.590176 134.774884 132.970176 0.014233 1 1
TD13TRACE 678 134.528198 134.747527 132.908198 0.013630 1 1
TD13TRACE 679 134.466038 134.713984 132.846038 0.013715 1 1
TD13TRACE 680 134.396615 134.673456 132.776615 0.014188 1 1
TD13TRACE 681 134.316532 134.630007 132.696532 0.013357 1 1
TD13TRACE 682 134.233658 134.579123 132.613658 0.013822 1 1
TD13TRACE 683 134.145742 134.518815 132.525742 0.014650 1 1
TD13TRACE 684 134.052751 134.457971 132.432751 0.013498 1 1
TD13TRACE 685 133.951748 134.391366 132.331748 0.013580 1 1
TD13TRACE 686 133.843541 134.313638 132.223541 0.014560 1 1
TD13TRACE 687 133.746128 134.238780 132.126128 0.013047 1 1
TD13TRACE 688 133.708089 134.152329 132.088089 0.014408 1 1
TD13TRACE 689 133.673948 134.069418 132.053948 0.014138 1 1
TD13TRACE 690 133.640962 133.994549 132.020962 0.013662 1 1
TD13TRACE 691 133.620000 133.926729 132.000000 0.013510 1 1
TD13TRACE 692 133.620000 133.860334 132.000000 0.014966 1 1
TD13TRACE 693 133.620000 133.813355 132.000000 0.012469 1 1
TD13TRACE 694 133.620000 133.768863 132.000000 0.014273 1 1
TD13TRACE 695 133.620000 133.732351 132.000000 0.014740 1 1
TD13TRACE 696 133.620000 133.706173 132.000000 0.013462 1 1
TD13TRACE 697 133.620000 133.685771 132.000000 0.013377 1 1
TD13TRACE 698 133.620000 133.668342 132.000000 0.014919 1 1
TD13TRACE 699 133.620000 133.656660 132.000000 0.013164 1 1
TD13TRACE 700 133.620000 133.647410 132.000000 0.013637 1 1
TD13TRACE 701 133.620000 133.639944 132.000000 0.014711 1 1
TD13TRACE 702 133.620000 133.634874 132.000000 0.013412 1 1
TD13TRACE 703 133.620000 133.631033 132.000000 0.013522 1 1
TD13TRACE 704 133.620000 133.627946 132.000000 0.014725 1 1
TD13TRACE 705 133.620000 133.625966 132.000000 0.012751 1 1
TD13TRACE 706 133.620000 133.624330 132.000000 0.014165 1 1
TD13TRACE 707 133.620000 133.623124 132.000000 0.014325 1 1
TD13TRACE 708 133.620000 133.622275 132.000000 0.013828 1 1
TD13TRACE 709 133.620000 133.621658 132.000000 0.013718 1 1
TD13TRACE 710 133.620000 133.621183 132.000000 0.014586 1 1
TD13TRACE 711 133.620000 133.620873 132.000000 0.013072 1 1
TD13TRACE 712 133.620000 133.620637 132.000000 0.013478 1 1
TD13TRACE 713 133.620000 133.620450 132.000000 0.014775 1 1
TD13TRACE 714 133.620000 133.620325 132.000000 0.013833 1 1
TD13TRACE 715 133.620000 133.620237 132.000000 0.013426 1 1
TD13TRACE 716 133.620000 133.620168 132.000000 0.014418 1 1
TD13TRACE 717 133.620000 133.620122 132.000000 0.013378 1 1
TD13TRACE 718 133.620000 133.620088 132.000000 0.013638 1 1
TD13TRACE 719 133.620000 133.620062 132.000000 0.014654 1 1
TD13TRACE 720 133.620000 133.620045 132.000000 0.013307 1 1
TD13TRACE 721 133.620000 133.620033 132.000000 0.013704 1 1
TD13TRACE 722 133.620000 133.620023 132.000000 0.014888 1 1
TD13TRACE 723 133.620000 133.620017 132.000000 0.013030 1 1
TD13TRACE 724 133.620000 133.620012 132.000000 0.014166 1 1
TD13TRACE 725 133.620000 133.620008 132.000000 0.014783 1 1
TD13TRACE 726 133.620000 133.620006 132.000000 0.012430 1 1
TD13TRACE 727 133.620000 133.620004 132.000000 0.014389 1 1
TD13TRACE 728 133.620000 133.620003 132.000000 0.014487 1 1
TD13TRACE 729 133.620000 133.620002 132.000000 0.013634 1 1
TD13TRACE 730 133.620000 133.620002 132.000000 0.013499 1 1
TD13TRACE 731 133.620000 133.620001 132.000000 0.014764 1 1
TD13TRACE 732 133.620000 133.620001 132.000000 0.012834 1 1
TD13TRACE 733 133.620000 133.620001 132.000000 0.014310 1 1
TD13TRACE 734 133.620000 133.620000 132.000000 0.015055 1 1
TD13TRACE 735 133.620000 133.620000 132.000000 0.012583 1 1
TD13TRACE 736 133.620000 133.620000 132.000000 0.013624 1 1
TD13TRACE 737 133.620000 133.620000 132.000000 0.014857 1 1
TD13TRACE 738 133.620000 133.620000 132.000000 0.013368 1 1
TD13TRACE 739 133.620000 133.620000 132.000000 0.013494 1 1
TD13TRACE 740 133.620000 133.620000 132.000000 0.014870 1 1
TD13TRACE 741 133.620000 133.620000 132.000000 0.013353 1 1
TD13TRACE 742 133.620000 133.620000 132.000000 0.013428 1 1
TD13TRACE 743 133.620000 133.620000 132.000000 0.014802 1 1
TD13TRACE 744 133.620000 133.620000 132.000000 0.012919 1 1
TD13TRACE 745 133.620000 133.620000 132.000000 0.014007 1 1
TD13TRACE 746 133.620000 133.620000 132.000000 0.014915 1 1
TD13TRACE 747 133.620000 133.620000 132.000000 0.013188 1 1
TD13TRACE 748 133.620000 133.620000 132.000000 0.013074 1 1
TD13TRACE 749 133.620000 133.620000 132.000000 0.014676 1 1
TD13TRACE 750 133.620000 133.620000 132.000000 0.014052 1 1
TD13TRACE 751 133.620000 133.620000 132.000000 0.013693 1 1
TD13TRACE 752 133.620000 133.620000 132.000000 0.014310 1 1
TD13TRACE 753 133.620000 133.620000 132.000000 0.013130 1 1
TD13TRACE 754 133.620000 133.620000 132.000000 0.014277 1 1
TD13TRACE 755 133.620000 133.620000 132.000000 0.014472 1 1
TD13TRACE 756 133.620000 133.620000 132.000000 0.013349 1 1
TD13TRACE 757 133.620000 133.620000 132.000000 0.013557 1 1
TD13TRACE 758 133.620000 133.620000 132.000000 0.014580 1 1
TD13TRACE 759 133.620000 133.620000 132.000000 0.013493 1 1
TD13TRACE 760 133.620000 133.620000 132.000000 0.013515 1 1
TD13TRACE 761 133.620000 133.620000 132.000000 0.014688 1 1
TD13TRACE 762 133.620000 133.620000 132.000000 0.013614 1 1
TD13TRACE 763 133.620000 133.620000 132.000000 0.013591 1 1
TD13TRACE 764 133.620000 133.620000 132.000000 0.014689 1 1
TD13TRACE 765 133.620000 133.620000 132.000000 0.013116 1 1
TD13TRACE 766 133.620000 133.620000 132.000000 0.013746 1 1
TD13TRACE 767 133.620000 133.620000 132.000000 0.014823 1 1
TD13TRACE 768 133.620000 133.620000 132.000000 0.013348 1 1
TD13TRACE 769 133.620000 133.620000 132.000000 0.013530 1 1
TD13TRACE 770 133.620000 133.620000 132.000000 0.014774 1 1
TD13TRACE 771 133.620000 133.620000 132.000000 0.013299 1 1
TD13TRACE 772 133.620000 133.620000 132.000000 0.013719 1 1
TD13TRACE 773 133.620000 133.620000 132.000000 0.014594 1 1
TD13TRACE 774 133.620000 133.620000 132.000000 0.013496 1 1
TD13TRACE 775 133.620000 133.620000 132.000000 0.013321 1 1
TD13TRACE 776 133.620000 133.620000 132.000000 0.014251 1 1
TD13TRACE 777 133.620000 133.620000 132.000000 0.013676 1 1
TD13TRACE 778 133.620000 133.620000 132.000000 0.014063 1 1
TD13TRACE 779 133.620000 133.620000 132.000000 0.014459 1 1
TD13TRACE 780 133.620000 133.620000 132.000000 0.013289 1 1
TD13TRACE 781 133.620000 133.620000 132.000000 0.013583 1 1
TD13TRACE 782 133.620000 133.620000 132.000000 0.014910 1 1
TD13TRACE 783 133.620000 133.620000 132.000000 0.013223 1 1
TD13TRACE 784 133.620000 133.620000 132.000000 0.013761 1 1
TD13TRACE 785 133.620000 133.620000 132.000000 0.014620 1 1
TD13TRACE 786 133.620000 133.620000 132.000000 0.013263 1 1
TD13TRACE 787 133.620000 133.620000 132.000000 0.013530 1 1
TD13TRACE 788 133.620000 133.620000 132.000000 0.014737 1 1
TD13TRACE 789 133.620000 133.620000 132.000000 0.012872 1 1
TD13TRACE 790 133.620000 133.620000 132.000000 0.013925 1 1
TD13TRACE 791 133.620000 133.620000 132.000000 0.014497 1 1
[2026-09-15 06:53:02.060] [info] fps 72.4 | pos (0.50, 132.00, -4.70) | chunks 126 | stream-meshed 117
TD13TRACE 792 133.620000 133.620000 132.000000 0.013206 1 1
TD13TRACE 793 133.620000 133.620000 132.000000 0.014179 1 1
TD13TRACE 794 133.620000 133.620000 132.000000 0.014875 1 1
TD13TRACE 795 133.620000 133.620000 132.000000 0.013394 1 1
TD13TRACE 796 133.620000 133.620000 132.000000 0.013144 1 1
TD13TRACE 797 133.620000 133.620000 132.000000 0.014542 1 1
TD13TRACE 798 133.620000 133.620000 132.000000 0.014012 1 1
TD13TRACE 799 133.620000 133.620000 132.000000 0.013610 1 1
TD13TRACE 800 133.620000 133.620000 132.000000 0.014571 1 1
TD13TRACE 801 133.620000 133.620000 132.000000 0.013064 1 1
TD13TRACE 802 133.620000 133.620000 132.000000 0.013773 1 1
TD13TRACE 803 133.620000 133.620000 132.000000 0.014278 1 1
TD13TRACE 804 133.620000 133.620000 132.000000 0.013958 1 1
TD13TRACE 805 133.620000 133.620000 132.000000 0.013399 1 1
TD13TRACE 806 133.620000 133.620000 132.000000 0.014734 1 1
TD13TRACE 807 133.620000 133.620000 132.000000 0.013478 1 1
TD13TRACE 808 133.620000 133.620000 132.000000 0.013528 1 1
TD13TRACE 809 133.620000 133.620000 132.000000 0.014691 1 1
[2026-09-15 06:53:02.311] [info] autosave: 0 chunk(s) queued for async write, level written (ticks=798)
TD13TRACE 810 133.620000 133.620000 132.000000 0.014561 1 1
TD13TRACE 811 133.620000 133.620000 132.000000 0.012518 1 1
TD13TRACE 812 133.620000 133.620000 132.000000 0.014563 1 1
TD13TRACE 813 133.620000 133.620000 132.000000 0.012866 1 1
TD13TRACE 814 133.620000 133.620000 132.000000 0.014035 1 1
TD13TRACE 815 133.620000 133.620000 132.000000 0.014721 1 1
TD13TRACE 816 133.620000 133.620000 132.000000 0.012863 1 1
TD13TRACE 817 133.620000 133.620000 132.000000 0.013900 1 1
TD13TRACE 818 133.620000 133.620000 132.000000 0.014596 1 1
TD13TRACE 819 133.620000 133.620000 132.000000 0.013713 1 1
TD13TRACE 820 133.620000 133.620000 132.000000 0.013827 1 1
TD13TRACE 821 133.620000 133.620000 132.000000 0.014634 1 1
TD13TRACE 822 133.620000 133.620000 132.000000 0.013349 1 1
TD13TRACE 823 133.620000 133.620000 132.000000 0.013552 1 1
TD13TRACE 824 133.620000 133.620000 132.000000 0.014659 1 1
TD13TRACE 825 133.620000 133.620000 132.000000 0.013246 1 1
TD13TRACE 826 133.620000 133.620000 132.000000 0.013725 1 1
TD13TRACE 827 133.620000 133.620000 132.000000 0.014543 1 1
TD13TRACE 828 133.620000 133.620000 132.000000 0.013317 1 1
TD13TRACE 829 133.620000 133.620000 132.000000 0.013769 1 1
TD13TRACE 830 133.620000 133.620000 132.000000 0.014463 1 1
TD13TRACE 831 133.620000 133.620000 132.000000 0.013455 1 1
TD13TRACE 832 133.620000 133.620000 132.000000 0.013828 1 1
TD13TRACE 833 133.620000 133.620000 132.000000 0.014787 1 1
TD13TRACE 834 133.620000 133.620000 132.000000 0.013285 1 1
TD13TRACE 835 133.620000 133.620000 132.000000 0.013548 1 1
TD13TRACE 836 133.620000 133.620000 132.000000 0.014839 1 1
TD13TRACE 837 133.620000 133.620000 132.000000 0.013042 1 1
TD13TRACE 838 133.620000 133.620000 132.000000 0.014024 1 1
TD13TRACE 839 133.620000 133.620000 132.000000 0.014590 1 1
TD13TRACE 840 133.620000 133.620000 132.000000 0.012745 1 1
TD13TRACE 841 133.620000 133.620000 132.000000 0.014343 1 1
TD13TRACE 842 133.620000 133.620000 132.000000 0.014554 1 1
TD13TRACE 843 133.620000 133.620000 132.000000 0.013298 1 1
TD13TRACE 844 133.620000 133.620000 132.000000 0.013546 1 1
TD13TRACE 845 133.620000 133.620000 132.000000 0.014276 1 1
TD13TRACE 846 133.620000 133.620000 132.000000 0.013753 1 1
TD13TRACE 847 133.620000 133.620000 132.000000 0.013910 1 1
TD13TRACE 848 133.620000 133.620000 132.000000 0.014739 1 1
TD13TRACE 849 133.620000 133.620000 132.000000 0.013076 1 1
TD13TRACE 850 133.620000 133.620000 132.000000 0.013566 1 1
TD13TRACE 851 133.620000 133.620000 132.000000 0.014663 1 1
TD13TRACE 852 133.620000 133.620000 132.000000 0.013162 1 1
TD13TRACE 853 133.620000 133.620000 132.000000 0.014141 1 1
TD13TRACE 854 133.620000 133.620000 132.000000 0.014543 1 1
TD13TRACE 855 133.620000 133.620000 132.000000 0.013212 1 1
TD13TRACE 856 133.620000 133.620000 132.000000 0.013765 1 1
TD13TRACE 857 133.620000 133.620000 132.000000 0.014787 1 1
TD13TRACE 858 133.620000 133.620000 132.000000 0.013253 1 1
TD13TRACE 859 133.620000 133.620000 132.000000 0.013369 1 1
TD13TRACE 860 133.620000 133.620000 132.000000 0.014698 1 1
TD13TRACE 861 133.620000 133.620000 132.000000 0.012950 1 1
TD13TRACE 862 133.620000 133.620000 132.000000 0.013894 1 1
TD13TRACE 863 133.620000 133.620000 132.000000 0.014697 1 1
TD13TRACE 864 133.620000 133.620000 132.000000 0.013156 1 1
TD13TRACE 865 133.620000 133.620000 132.000000 0.013770 1 1
TD13TRACE 866 133.620000 133.620000 132.000000 0.015096 1 1
TD13TRACE 867 133.620000 133.620000 132.000000 0.013380 1 1
TD13TRACE 868 133.620000 133.620000 132.000000 0.013592 1 1
TD13TRACE 869 133.620000 133.620000 132.000000 0.014446 1 1
TD13TRACE 870 133.620000 133.620000 132.000000 0.013288 1 1
TD13TRACE 871 133.620000 133.620000 132.000000 0.013778 1 1
TD13TRACE 872 133.620000 133.620000 132.000000 0.014557 1 1
TD13TRACE 873 133.620000 133.620000 132.000000 0.013367 1 1
TD13TRACE 874 133.620000 133.620000 132.000000 0.014027 1 1
TD13TRACE 875 133.620000 133.620000 132.000000 0.014513 1 1
TD13TRACE 876 133.620000 133.620000 132.000000 0.013415 1 1
TD13TRACE 877 133.620000 133.620000 132.000000 0.013711 1 1
TD13TRACE 878 133.620000 133.620000 132.000000 0.015076 1 1
TD13TRACE 879 133.620000 133.620000 132.000000 0.012816 1 1
TD13TRACE 880 133.620000 133.620000 132.000000 0.013540 1 1
TD13TRACE 881 133.620000 133.620000 132.000000 0.014653 1 1
TD13TRACE 882 133.620000 133.620000 132.000000 0.012929 1 1
TD13TRACE 883 133.620000 133.620000 132.000000 0.014034 1 1
TD13TRACE 884 133.620000 133.620000 132.000000 0.015031 1 1
TD13TRACE 885 133.620000 133.620000 132.000000 0.013180 1 1
TD13TRACE 886 133.620000 133.620000 132.000000 0.013456 1 1
TD13TRACE 887 133.620000 133.620000 132.000000 0.014319 1 1
TD13TRACE 888 133.620000 133.620000 132.000000 0.013394 1 1
TD13TRACE 889 133.620000 133.620000 132.000000 0.014429 1 1
TD13TRACE 890 133.620000 133.620000 132.000000 0.014232 1 1
TD13TRACE 891 133.620000 133.620000 132.000000 0.013469 1 1
TD13TRACE 892 133.620000 133.620000 132.000000 0.013472 1 1
TD13TRACE 893 133.620000 133.620000 132.000000 0.014566 1 1
TD13TRACE 894 133.620000 133.620000 132.000000 0.013381 1 1
TD13TRACE 895 133.620000 133.620000 132.000000 0.013698 1 1
TD13TRACE 896 133.620000 133.620000 132.000000 0.015199 1 1
TD13TRACE 897 133.620000 133.620000 132.000000 0.013019 1 1
TD13TRACE 898 133.620000 133.620000 132.000000 0.013659 1 1
TD13TRACE 899 133.620000 133.620000 132.000000 0.014595 1 1
TD13TRACE 900 133.620000 133.620000 132.000000 0.013084 1 1
TD13TRACE 901 133.620000 133.620000 132.000000 0.014034 1 1
TD13TRACE 902 133.620000 133.620000 132.000000 0.014322 1 1
TD13TRACE 903 133.620000 133.620000 132.000000 0.013079 1 1
TD13TRACE 904 133.620000 133.620000 132.000000 0.014308 1 1
TD13TRACE 905 133.620000 133.620000 132.000000 0.014517 1 1
TD13TRACE 906 133.620000 133.620000 132.000000 0.013391 1 1
TD13TRACE 907 133.620000 133.620000 132.000000 0.013440 1 1
TD13TRACE 908 133.620000 133.620000 132.000000 0.014565 1 1
TD13TRACE 909 133.620000 133.620000 132.000000 0.013147 1 1
TD13TRACE 910 133.620000 133.620000 132.000000 0.013876 1 1
TD13TRACE 911 133.620000 133.620000 132.000000 0.014917 1 1
TD13TRACE 912 133.620000 133.620000 132.000000 0.013097 1 1
TD13TRACE 913 133.620000 133.620000 132.000000 0.013747 1 1
TD13TRACE 914 133.620000 133.620000 132.000000 0.014508 1 1
TD13TRACE 915 133.620000 133.620000 132.000000 0.013673 1 1
TD13TRACE 916 133.620000 133.620000 132.000000 0.013449 1 1
TD13TRACE 917 133.620000 133.620000 132.000000 0.014991 1 1
TD13TRACE 918 133.620000 133.620000 132.000000 0.013064 1 1
TD13TRACE 919 133.620000 133.620000 132.000000 0.013898 1 1
TD13TRACE 920 133.620000 133.620000 132.000000 0.014605 1 1
TD13TRACE 921 133.620000 133.620000 132.000000 0.012810 1 1
TD13TRACE 922 133.620000 133.620000 132.000000 0.013995 1 1
TD13TRACE 923 133.620000 133.620000 132.000000 0.014935 1 1
TD13TRACE 924 133.620000 133.620000 132.000000 0.013218 1 1
TD13TRACE 925 133.620000 133.620000 132.000000 0.013484 1 1
TD13TRACE 926 133.620000 133.620000 132.000000 0.014692 1 1
TD13TRACE 927 133.620000 133.620000 132.000000 0.013201 1 1
TD13TRACE 928 133.620000 133.620000 132.000000 0.013926 1 1
TD13TRACE 929 133.620000 133.620000 132.000000 0.015105 1 1
TD13TRACE 930 133.620000 133.620000 132.000000 0.013151 1 1
TD13TRACE 931 133.620000 133.620000 132.000000 0.013652 1 1
TD13TRACE 932 133.620000 133.620000 132.000000 0.014062 1 1
TD13TRACE 933 133.620000 133.620000 132.000000 0.013433 1 1
TD13TRACE 934 133.620000 133.620000 132.000000 0.014042 1 1
TD13TRACE 935 133.620000 133.620000 132.000000 0.014662 1 1
[2026-09-15 06:53:04.060] [info] fps 72.0 | pos (0.50, 132.00, -4.70) | chunks 126 | stream-meshed 117
TD13TRACE 936 133.620000 133.620000 132.000000 0.013089 1 1
TD13TRACE 937 133.620000 133.620000 132.000000 0.013596 1 1
TD13TRACE 938 133.620000 133.620000 132.000000 0.014450 1 1
TD13TRACE 939 133.620000 133.620000 132.000000 0.013853 1 1
TD13TRACE 940 133.620000 133.620000 132.000000 0.013713 1 1
TD13TRACE 941 133.620000 133.620000 132.000000 0.014520 1 1
TD13TRACE 942 133.620000 133.620000 132.000000 0.013447 1 1
TD13TRACE 943 133.620000 133.620000 132.000000 0.013921 0 1
TD13TRACE 944 133.620000 133.620000 132.000000 0.014800 0 1
TD13TRACE 945 133.620000 133.620000 132.000000 0.012017 0 1
TD13TRACE 946 133.620000 133.620000 132.000000 0.007912 0 1
TD13TRACE 947 133.620000 133.620000 132.000000 0.013545 0 1
TD13TRACE 948 133.620000 133.620000 132.000000 0.013399 0 1
TD13TRACE 949 133.620000 133.620000 132.000000 0.014572 0 1
TD13TRACE 950 133.620000 133.620000 132.000000 0.013819 0 1
TD13TRACE 951 133.620000 133.620000 132.000000 0.014142 0 1
TD13TRACE 952 133.620000 133.620000 132.000000 0.014129 0 1
TD13TRACE 953 133.620000 133.620000 132.000000 0.013211 0 1
TD13TRACE 954 133.620000 133.620000 132.000000 0.013937 0 1
TD13TRACE 955 133.620000 133.620000 132.000000 0.014742 0 1
TD13TRACE 956 133.620000 133.620000 132.000000 0.013082 0 1
TD13TRACE 957 133.620000 133.620000 132.000000 0.013780 0 1
TD13TRACE 958 133.620000 133.620000 132.000000 0.014530 0 1
TD13TRACE 959 133.620000 133.620000 132.000000 0.013129 0 1
TD13TRACE 960 133.620000 133.620000 132.000000 0.013844 0 1
TD13TRACE 961 133.620000 133.620000 132.000000 0.014777 0 1
TD13TRACE 962 133.620000 133.620000 132.000000 0.013799 0 1
TD13TRACE 963 133.620000 133.620000 132.000000 0.013426 0 1
TD13TRACE 964 133.620000 133.620000 132.000000 0.014368 0 1
TD13TRACE 965 133.620000 133.620000 132.000000 0.013031 0 1
TD13TRACE 966 133.620000 133.620000 132.000000 0.013958 0 1
TD13TRACE 967 133.620000 133.620000 132.000000 0.014357 0 1
TD13TRACE 968 133.620000 133.620000 132.000000 0.013357 0 1
TD13TRACE 969 133.620000 133.620000 132.000000 0.014030 0 1
TD13TRACE 970 133.620000 133.620000 132.000000 0.014315 0 1
TD13TRACE 971 133.620000 133.620000 132.000000 0.013370 0 1
TD13TRACE 972 133.620000 133.620000 132.000000 0.013808 0 1
TD13TRACE 973 133.620000 133.620000 132.000000 0.014459 0 1
TD13TRACE 974 133.620000 133.620000 132.000000 0.013388 0 1
TD13TRACE 975 133.620000 133.620000 132.000000 0.013850 0 1
TD13TRACE 976 133.620000 133.620000 132.000000 0.014622 0 1
TD13TRACE 977 133.620000 133.620000 132.000000 0.013264 0 1
TD13TRACE 978 133.620000 133.620000 132.000000 0.013815 0 1
TD13TRACE 979 133.620000 133.620000 132.000000 0.014506 0 1
TD13TRACE 980 133.620000 133.620000 132.000000 0.013149 0 1
TD13TRACE 981 133.620000 133.620000 132.000000 0.013825 0 1
TD13TRACE 982 133.620000 133.620000 132.000000 0.014903 0 1
TD13TRACE 983 133.620000 133.620000 132.000000 0.012990 0 1
TD13TRACE 984 133.620000 133.620000 132.000000 0.013862 0 1
TD13TRACE 985 133.620000 133.620000 132.000000 0.014787 0 1
TD13TRACE 986 133.620000 133.620000 132.000000 0.013278 0 1
TD13TRACE 987 133.620000 133.620000 132.000000 0.013688 0 1
TD13TRACE 988 133.620000 133.620000 132.000000 0.014882 0 1
TD13TRACE 989 133.620000 133.620000 132.000000 0.012681 0 1
TD13TRACE 990 133.620000 133.620000 132.000000 0.013925 0 1
TD13TRACE 991 133.620000 133.620000 132.000000 0.014495 0 1
TD13TRACE 992 133.620000 133.620000 132.000000 0.014086 0 1
TD13TRACE 993 133.620000 133.620000 132.000000 0.013826 0 1
TD13TRACE 994 133.620000 133.620000 132.000000 0.014520 0 1
TD13TRACE 995 133.620000 133.620000 132.000000 0.012638 0 1
TD13TRACE 996 133.620000 133.620000 132.000000 0.014197 0 1
TD13TRACE 997 133.620000 133.620000 132.000000 0.014442 0 1
TD13TRACE 998 133.620000 133.620000 132.000000 0.013401 0 1
TD13TRACE 999 133.620000 133.620000 132.000000 0.014434 0 1
TD13TRACE 1000 133.620000 133.620000 132.000000 0.014301 0 1
TD13TRACE 1001 133.620000 133.620000 132.000000 0.013226 0 1
TD13TRACE 1002 133.620000 133.620000 132.000000 0.013489 0 1
TD13TRACE 1003 133.620000 133.620000 132.000000 0.014723 0 1
TD13TRACE 1004 133.620000 133.620000 132.000000 0.013208 0 1
TD13TRACE 1005 133.620000 133.620000 132.000000 0.013376 0 1
TD13TRACE 1006 133.620000 133.620000 132.000000 0.015061 0 1
TD13TRACE 1007 133.620000 133.620000 132.000000 0.013425 0 1
TD13TRACE 1008 133.620000 133.620000 132.000000 0.013783 0 1
TD13TRACE 1009 133.620000 133.620000 132.000000 0.014718 0 1
TD13TRACE 1010 133.620000 133.620000 132.000000 0.013131 0 1
TD13TRACE 1011 133.620000 133.620000 132.000000 0.013737 0 1
TD13TRACE 1012 133.620000 133.620000 132.000000 0.014492 0 1
TD13TRACE 1013 133.620000 133.620000 132.000000 0.013256 0 1
TD13TRACE 1014 133.620000 133.620000 132.000000 0.013952 0 1
TD13TRACE 1015 133.620000 133.620000 132.000000 0.014721 0 1
TD13TRACE 1016 133.620000 133.620000 132.000000 0.012902 0 1
TD13TRACE 1017 133.620000 133.620000 132.000000 0.014277 0 1
TD13TRACE 1018 133.620000 133.620000 132.000000 0.014006 0 1
TD13TRACE 1019 133.620000 133.620000 132.000000 0.013691 0 1
TD13TRACE 1020 133.620000 133.620000 132.000000 0.013882 0 1
TD13TRACE 1021 133.620000 133.620000 132.000000 0.014611 0 1
TD13TRACE 1022 133.620000 133.620000 132.000000 0.013048 0 1
TD13TRACE 1023 133.620000 133.620000 132.000000 0.014017 0 1
TD13TRACE 1024 133.620000 133.620000 132.000000 0.014270 0 1
TD13TRACE 1025 133.620000 133.620000 132.000000 0.013262 0 1
TD13TRACE 1026 133.620000 133.620000 132.000000 0.014207 0 1
TD13TRACE 1027 133.620000 133.620000 132.000000 0.014481 0 1
TD13TRACE 1028 133.620000 133.620000 132.000000 0.013314 0 1
TD13TRACE 1029 133.620000 133.620000 132.000000 0.013431 0 1
TD13TRACE 1030 133.620000 133.620000 132.000000 0.014211 0 1
TD13TRACE 1031 133.620000 133.620000 132.000000 0.014004 0 1
TD13TRACE 1032 133.620000 133.620000 132.000000 0.013532 0 1
TD13TRACE 1033 133.620000 133.620000 132.000000 0.014956 0 1
TD13TRACE 1034 133.620000 133.620000 132.000000 0.012976 0 1
TD13TRACE 1035 133.620000 133.620000 132.000000 0.013234 0 1
TD13TRACE 1036 133.620000 133.620000 132.000000 0.015152 0 1
TD13TRACE 1037 133.620000 133.620000 132.000000 0.013285 0 1
TD13TRACE 1038 133.620000 133.620000 132.000000 0.013791 0 1
TD13TRACE 1039 133.620000 133.620000 132.000000 0.014468 0 1
TD13TRACE 1040 133.620000 133.620000 132.000000 0.013436 0 1
TD13TRACE 1041 133.620000 133.620000 132.000000 0.013536 0 1
TD13TRACE 1042 133.620000 133.620000 132.000000 0.015246 0 1
TD13TRACE 1043 133.620000 133.620000 132.000000 0.012913 0 1
TD13TRACE 1044 133.620000 133.620000 132.000000 0.013556 0 1
TD13TRACE 1045 133.620000 133.620000 132.000000 0.014529 0 1
TD13TRACE 1046 133.620000 133.620000 132.000000 0.013538 0 1
TD13TRACE 1047 133.620000 133.620000 132.000000 0.014016 0 1
TD13TRACE 1048 133.620000 133.620000 132.000000 0.014697 0 1
TD13TRACE 1049 133.620000 133.620000 132.000000 0.013239 0 1
TD13TRACE 1050 133.620000 133.620000 132.000000 0.013789 0 1
TD13TRACE 1051 133.620000 133.620000 132.000000 0.014565 0 1
TD13TRACE 1052 133.620000 133.620000 132.000000 0.013106 0 1
TD13TRACE 1053 133.620000 133.620000 132.000000 0.013762 0 1
TD13TRACE 1054 133.620000 133.620000 132.000000 0.014438 0 1
TD13TRACE 1055 133.620000 133.620000 132.000000 0.013632 0 1
TD13TRACE 1056 133.620000 133.620000 132.000000 0.013960 0 1
TD13TRACE 1057 133.620000 133.620000 132.000000 0.014661 0 1
TD13TRACE 1058 133.620000 133.620000 132.000000 0.013278 0 1
TD13TRACE 1059 133.620000 133.620000 132.000000 0.013398 0 1
TD13TRACE 1060 133.620000 133.620000 132.000000 0.014553 0 1
TD13TRACE 1061 133.620000 133.620000 132.000000 0.013081 0 1
TD13TRACE 1062 133.620000 133.620000 132.000000 0.013789 0 1
TD13TRACE 1063 133.620000 133.620000 132.000000 0.014536 0 1
TD13TRACE 1064 133.620000 133.620000 132.000000 0.013326 0 1
TD13TRACE 1065 133.620000 133.620000 132.000000 0.013738 0 1
TD13TRACE 1066 133.620000 133.620000 132.000000 0.014670 0 1
TD13TRACE 1067 133.620000 133.620000 132.000000 0.013548 0 1
TD13TRACE 1068 133.620000 133.620000 132.000000 0.013549 0 1
TD13TRACE 1069 133.620000 133.620000 132.000000 0.014832 0 1
TD13TRACE 1070 133.620000 133.620000 132.000000 0.013333 0 1
TD13TRACE 1071 133.620000 133.620000 132.000000 0.013668 0 1
TD13TRACE 1072 133.620000 133.620000 132.000000 0.014556 0 1
TD13TRACE 1073 133.620000 133.620000 132.000000 0.013369 0 1
TD13TRACE 1074 133.620000 133.620000 132.000000 0.013789 0 1
TD13TRACE 1075 133.620000 133.620000 132.000000 0.014599 0 1
TD13TRACE 1076 133.620000 133.620000 132.000000 0.013032 0 1
TD13TRACE 1077 133.620000 133.620000 132.000000 0.013456 0 1
TD13TRACE 1078 133.620000 133.620000 132.000000 0.015262 0 1
TD13TRACE 1079 133.620000 133.620000 132.000000 0.013272 0 1
TD13TRACE 1080 133.620000 133.620000 132.000000 0.013727 0 1
[2026-09-15 06:53:06.068] [info] fps 72.3 | pos (0.50, 132.00, -4.70) | chunks 126 | stream-meshed 117
TD13TRACE 1081 133.620000 133.620000 132.000000 0.014720 0 1
TD13TRACE 1082 133.620000 133.620000 132.000000 0.012976 0 1
TD13TRACE 1083 133.620000 133.620000 132.000000 0.013683 0 1
TD13TRACE 1084 133.620000 133.620000 132.000000 0.014539 0 1
TD13TRACE 1085 133.620000 133.620000 132.000000 0.013366 0 1
TD13TRACE 1086 133.620000 133.620000 132.000000 0.013747 0 1
TD13TRACE 1087 133.620000 133.620000 132.000000 0.014535 0 1
TD13TRACE 1088 133.620000 133.620000 132.000000 0.013431 0 1
TD13TRACE 1089 133.620000 133.620000 132.000000 0.013823 0 1
TD13TRACE 1090 133.620000 133.620000 132.000000 0.014901 0 1
TD13TRACE 1091 133.620000 133.620000 132.000000 0.013145 0 1
TD13TRACE 1092 133.620000 133.620000 132.000000 0.013748 0 1
TD13TRACE 1093 133.620000 133.620000 132.000000 0.014564 0 1
TD13TRACE 1094 133.620000 133.620000 132.000000 0.013497 0 1
TD13TRACE 1095 133.620000 133.620000 132.000000 0.013446 0 1
TD13TRACE 1096 133.620000 133.620000 132.000000 0.014314 0 1
TD13TRACE 1097 133.620000 133.620000 132.000000 0.013898 0 1
TD13TRACE 1098 133.620000 133.620000 132.000000 0.013465 0 1
TD13TRACE 1099 133.620000 133.620000 132.000000 0.014744 0 1
TD13TRACE 1100 133.620000 133.620000 132.000000 0.013073 0 1
TD13TRACE 1101 133.620000 133.620000 132.000000 0.013786 0 1
TD13TRACE 1102 133.620000 133.620000 132.000000 0.014521 0 1
TD13TRACE 1103 133.620000 133.620000 132.000000 0.013348 0 1
TD13TRACE 1104 133.620000 133.620000 132.000000 0.013932 0 1
TD13TRACE 1105 133.620000 133.620000 132.000000 0.014366 0 1
TD13TRACE 1106 133.620000 133.620000 132.000000 0.013671 0 1
TD13TRACE 1107 133.620000 133.620000 132.000000 0.013726 0 1
TD13TRACE 1108 133.620000 133.620000 132.000000 0.014699 0 1
TD13TRACE 1109 133.620000 133.620000 132.000000 0.013232 0 1
TD13TRACE 1110 133.620000 133.620000 132.000000 0.013699 0 1
TD13TRACE 1111 133.620000 133.620000 132.000000 0.014247 0 1
TD13TRACE 1112 133.620000 133.620000 132.000000 0.013812 0 1
TD13TRACE 1113 133.620000 133.620000 132.000000 0.013625 0 1
TD13TRACE 1114 133.620000 133.620000 132.000000 0.014673 0 1
TD13TRACE 1115 133.620000 133.620000 132.000000 0.013036 0 1
TD13TRACE 1116 133.620000 133.620000 132.000000 0.013742 0 1
TD13TRACE 1117 133.620000 133.620000 132.000000 0.014840 0 1
TD13TRACE 1118 133.620000 133.620000 132.000000 0.013086 0 1
TD13TRACE 1119 133.620000 133.620000 132.000000 0.014028 0 1
TD13TRACE 1120 133.620000 133.620000 132.000000 0.014383 0 1
TD13TRACE 1121 133.620000 133.620000 132.000000 0.013215 0 1
TD13TRACE 1122 133.620000 133.620000 132.000000 0.013818 0 1
TD13TRACE 1123 133.620000 133.620000 132.000000 0.014472 0 1
TD13TRACE 1124 133.620000 133.620000 132.000000 0.013377 0 1
TD13TRACE 1125 133.620000 133.620000 132.000000 0.013662 0 1
TD13TRACE 1126 133.620000 133.620000 132.000000 0.014986 0 1
TD13TRACE 1127 133.620000 133.620000 132.000000 0.013340 0 1
TD13TRACE 1128 133.620000 133.620000 132.000000 0.013755 0 1
TD13TRACE 1129 133.620000 133.620000 132.000000 0.014222 0 1
TD13TRACE 1130 133.620000 133.620000 132.000000 0.013313 0 1
TD13TRACE 1131 133.620000 133.620000 132.000000 0.013960 0 1
TD13TRACE 1132 133.620000 133.620000 132.000000 0.014765 0 1
TD13TRACE 1133 133.620000 133.620000 132.000000 0.013165 0 1
TD13TRACE 1134 133.620000 133.620000 132.000000 0.013876 0 1
TD13TRACE 1135 133.620000 133.620000 132.000000 0.014403 0 1
TD13TRACE 1136 133.620000 133.620000 132.000000 0.013108 0 1
TD13TRACE 1137 133.620000 133.620000 132.000000 0.013766 0 1
TD13TRACE 1138 133.620000 133.620000 132.000000 0.015043 0 1
TD13TRACE 1139 133.620000 133.620000 132.000000 0.013331 0 1
TD13TRACE 1140 133.620000 133.620000 132.000000 0.013778 0 1
TD13TRACE 1141 133.620000 133.620000 132.000000 0.014610 0 1
TD13TRACE 1142 133.620000 133.620000 132.000000 0.013184 0 1
TD13TRACE 1143 133.620000 133.620000 132.000000 0.013642 0 1
TD13TRACE 1144 133.620000 133.620000 132.000000 0.014737 0 1
TD13TRACE 1145 133.620000 133.620000 132.000000 0.012903 0 1
TD13TRACE 1146 133.620000 133.620000 132.000000 0.013845 0 1
TD13TRACE 1147 133.620000 133.620000 132.000000 0.014940 0 1
TD13TRACE 1148 133.620000 133.620000 132.000000 0.013410 0 1
TD13TRACE 1149 133.620000 133.620000 132.000000 0.013573 0 1
TD13TRACE 1150 133.620000 133.620000 132.000000 0.014638 0 1
TD13TRACE 1151 133.620000 133.620000 132.000000 0.013477 0 1
TD13TRACE 1152 133.620000 133.620000 132.000000 0.013549 0 1
TD13TRACE 1153 133.620000 133.620000 132.000000 0.014817 0 1
TD13TRACE 1154 133.620000 133.620000 132.000000 0.012750 0 1
TD13TRACE 1155 133.620000 133.620000 132.000000 0.013770 0 1
TD13TRACE 1156 133.620000 133.620000 132.000000 0.014740 0 1
TD13TRACE 1157 133.620000 133.620000 132.000000 0.013482 0 1
TD13TRACE 1158 133.620000 133.620000 132.000000 0.013748 0 1
TD13TRACE 1159 133.620000 133.620000 132.000000 0.014608 0 1
TD13TRACE 1160 133.620000 133.620000 132.000000 0.013468 0 1
TD13TRACE 1161 133.620000 133.620000 132.000000 0.013661 0 1
TD13TRACE 1162 133.620000 133.620000 132.000000 0.014577 0 1
TD13TRACE 1163 133.620000 133.620000 132.000000 0.012789 0 1
TD13TRACE 1164 133.620000 133.620000 132.000000 0.014338 0 1
TD13TRACE 1165 133.620000 133.620000 132.000000 0.014812 0 1
TD13TRACE 1166 133.620000 133.620000 132.000000 0.013182 0 1
TD13TRACE 1167 133.620000 133.620000 132.000000 0.013896 0 1
TD13TRACE 1168 133.620000 133.620000 132.000000 0.014329 0 1
TD13TRACE 1169 133.620000 133.620000 132.000000 0.013694 0 1
TD13TRACE 1170 133.620000 133.620000 132.000000 0.013297 0 1
TD13TRACE 1171 133.620000 133.620000 132.000000 0.014381 0 1
TD13TRACE 1172 133.620000 133.620000 132.000000 0.013208 0 1
TD13TRACE 1173 133.620000 133.620000 132.000000 0.013803 0 1
TD13TRACE 1174 133.620000 133.620000 132.000000 0.014218 0 1
TD13TRACE 1175 133.620000 133.620000 132.000000 0.013439 0 1
TD13TRACE 1176 133.620000 133.620000 132.000000 0.014441 0 1
TD13TRACE 1177 133.620000 133.620000 132.000000 0.014254 0 1
TD13TRACE 1178 133.620000 133.620000 132.000000 0.013205 0 1
TD13TRACE 1179 133.620000 133.620000 132.000000 0.013829 0 1
TD13TRACE 1180 133.620000 133.620000 132.000000 0.014503 0 1
TD13TRACE 1181 133.620000 133.620000 132.000000 0.013333 0 1
TD13TRACE 1182 133.620000 133.620000 132.000000 0.013762 0 1
TD13TRACE 1183 133.620000 133.620000 132.000000 0.014358 0 1
TD13TRACE 1184 133.620000 133.620000 132.000000 0.013342 0 1
TD13TRACE 1185 133.620000 133.620000 132.000000 0.013594 0 1
TD13TRACE 1186 133.620000 133.620000 132.000000 0.014686 0 1
TD13TRACE 1187 133.620000 133.620000 132.000000 0.013289 0 1
TD13TRACE 1188 133.620000 133.620000 132.000000 0.014087 0 1
TD13TRACE 1189 133.620000 133.620000 132.000000 0.014521 0 1
TD13TRACE 1190 133.620000 133.620000 132.000000 0.013380 0 1
TD13TRACE 1191 133.620000 133.620000 132.000000 0.013861 0 1
TD13TRACE 1192 133.620000 133.620000 132.000000 0.014558 0 1
TD13TRACE 1193 133.620000 133.620000 132.000000 0.013148 0 1
TD13TRACE 1194 133.620000 133.620000 132.000000 0.014086 0 1
TD13TRACE 1195 133.620000 133.620000 132.000000 0.014263 0 1
TD13TRACE 1196 133.620000 133.620000 132.000000 0.013599 0 1
TD13TRACE 1197 133.620000 133.620000 132.000000 0.013621 0 1
TD13TRACE 1198 133.620000 133.620000 132.000000 0.014717 0 1
TD13TRACE 1199 133.620000 133.620000 132.000000 0.013138 0 1
TD13TRACE 1200 133.620000 133.620000 132.000000 0.013801 0 1
TD13TRACE 1201 133.620000 133.620000 132.000000 0.014621 0 1
TD13TRACE 1202 133.620000 133.620000 132.000000 0.013316 0 1
TD13TRACE 1203 133.620000 133.620000 132.000000 0.013795 0 1
TD13TRACE 1204 133.620000 133.620000 132.000000 0.014506 0 1
TD13TRACE 1205 133.620000 133.620000 132.000000 0.013341 0 1
TD13TRACE 1206 133.620000 133.620000 132.000000 0.013381 0 1
TD13TRACE 1207 133.620000 133.620000 132.000000 0.014907 0 1
TD13TRACE 1208 133.620000 133.620000 132.000000 0.013900 0 1
TD13TRACE 1209 133.620000 133.620000 132.000000 0.013601 0 1
TD13TRACE 1210 133.620000 133.620000 132.000000 0.014551 0 1
TD13TRACE 1211 133.620000 133.620000 132.000000 0.013130 0 1
TD13TRACE 1212 133.620000 133.620000 132.000000 0.013686 0 1
TD13TRACE 1213 133.620000 133.620000 132.000000 0.014755 0 1
TD13TRACE 1214 133.620000 133.620000 132.000000 0.013186 0 1
TD13TRACE 1215 133.620000 133.620000 132.000000 0.013764 0 1
TD13TRACE 1216 133.620000 133.620000 132.000000 0.014278 0 1
TD13TRACE 1217 133.620000 133.620000 132.000000 0.013726 0 1
TD13TRACE 1218 133.620000 133.620000 132.000000 0.013789 0 1
TD13TRACE 1219 133.620000 133.620000 132.000000 0.014671 0 1
TD13TRACE 1220 133.620000 133.620000 132.000000 0.013338 0 1
TD13TRACE 1221 133.620000 133.620000 132.000000 0.013192 0 1
TD13TRACE 1222 133.620000 133.620000 132.000000 0.014775 0 1
TD13TRACE 1223 133.620000 133.620000 132.000000 0.013780 0 1
TD13TRACE 1224 133.620000 133.620000 132.000000 0.013865 0 1
[2026-09-15 06:53:08.068] [info] fps 72.0 | pos (0.50, 132.00, -4.70) | chunks 126 | stream-meshed 117
TD13TRACE 1225 133.620000 133.620000 132.000000 0.014579 0 1
TD13TRACE 1226 133.620000 133.620000 132.000000 0.013212 0 1
TD13TRACE 1227 133.620000 133.620000 132.000000 0.013468 0 1
TD13TRACE 1228 133.620000 133.620000 132.000000 0.014405 0 1
TD13TRACE 1229 133.620000 133.620000 132.000000 0.013759 0 1
TD13TRACE 1230 133.620000 133.620000 132.000000 0.013511 0 1
TD13TRACE 1231 133.620000 133.620000 132.000000 0.014113 0 1
TD13TRACE 1232 133.620000 133.620000 132.000000 0.014077 0 1
TD13TRACE 1233 133.620000 133.620000 132.000000 0.013649 0 1
TD13TRACE 1234 133.620000 133.620000 132.000000 0.014717 0 1
TD13TRACE 1235 133.620000 133.620000 132.000000 0.013042 0 1
TD13TRACE 1236 133.620000 133.620000 132.000000 0.013889 0 1
TD13TRACE 1237 133.620000 133.620000 132.000000 0.014232 0 1
TD13TRACE 1238 133.620000 133.620000 132.000000 0.013858 0 1
TD13TRACE 1239 133.620000 133.620000 132.000000 0.013890 0 1
TD13TRACE 1240 133.620000 133.620000 132.000000 0.014299 0 1
TD13TRACE 1241 133.620000 133.620000 132.000000 0.013602 0 1
TD13TRACE 1242 133.620000 133.620000 132.000000 0.013282 0 1
TD13TRACE 1243 133.620000 133.620000 132.000000 0.014984 0 1
TD13TRACE 1244 133.620000 133.620000 132.000000 0.012930 0 1
TD13TRACE 1245 133.620000 133.620000 132.000000 0.013889 0 1
TD13TRACE 1246 133.620000 133.620000 132.000000 0.014683 0 1
TD13TRACE 1247 133.620000 133.620000 132.000000 0.013312 0 1
TD13TRACE 1248 133.620000 133.620000 132.000000 0.013626 0 1
TD13TRACE 1249 133.620000 133.620000 132.000000 0.014469 0 1
TD13TRACE 1250 133.620000 133.620000 132.000000 0.013495 0 1
TD13TRACE 1251 133.620000 133.620000 132.000000 0.013826 0 1
TD13TRACE 1252 133.620000 133.620000 132.000000 0.014364 0 1
TD13TRACE 1253 133.620000 133.620000 132.000000 0.013338 0 1
TD13TRACE 1254 133.620000 133.620000 132.000000 0.013770 0 1
TD13TRACE 1255 133.620000 133.620000 132.000000 0.014489 0 1
TD13TRACE 1256 133.620000 133.620000 132.000000 0.013082 0 1
TD13TRACE 1257 133.620000 133.620000 132.000000 0.014376 0 1
TD13TRACE 1258 133.620000 133.620000 132.000000 0.014345 0 1
TD13TRACE 1259 133.620000 133.620000 132.000000 0.013496 0 1
TD13TRACE 1260 133.620000 133.620000 132.000000 0.013423 0 1
TD13TRACE 1261 133.620000 133.620000 132.000000 0.014735 0 1
TD13TRACE 1262 133.620000 133.620000 132.000000 0.013291 0 1
TD13TRACE 1263 133.620000 133.620000 132.000000 0.013766 0 1
TD13TRACE 1264 133.620000 133.620000 132.000000 0.015241 0 1
TD13TRACE 1265 133.620000 133.620000 132.000000 0.012940 0 1
TD13TRACE 1266 133.620000 133.620000 132.000000 0.013803 0 1
TD13TRACE 1267 133.620000 133.620000 132.000000 0.014602 0 1
TD13TRACE 1268 133.620000 133.620000 132.000000 0.013282 0 1
TD13TRACE 1269 133.620000 133.620000 132.000000 0.013738 0 1
TD13TRACE 1270 133.620000 133.620000 132.000000 0.014803 0 1
TD13TRACE 1271 133.620000 133.620000 132.000000 0.013210 0 1
TD13TRACE 1272 133.620000 133.620000 132.000000 0.013343 0 1
TD13TRACE 1273 133.620000 133.620000 132.000000 0.014391 0 1
TD13TRACE 1274 133.620000 133.620000 132.000000 0.013775 0 1
TD13TRACE 1275 133.620000 133.620000 132.000000 0.013678 0 1
TD13TRACE 1276 133.620000 133.620000 132.000000 0.014798 0 1
TD13TRACE 1277 133.620000 133.620000 132.000000 0.012551 0 1
TD13TRACE 1278 133.620000 133.620000 132.000000 0.014375 0 1
TD13TRACE 1279 133.620000 133.620000 132.000000 0.014785 0 1
TD13TRACE 1280 133.620000 133.620000 132.000000 0.013242 0 1
TD13TRACE 1281 133.620000 133.620000 132.000000 0.013268 0 1
TD13TRACE 1282 133.620000 133.620000 132.000000 0.015092 0 1
TD13TRACE 1283 133.620000 133.620000 132.000000 0.013061 0 1
TD13TRACE 1284 133.620000 133.620000 132.000000 0.013483 0 1
TD13TRACE 1285 133.620000 133.620000 132.000000 0.015026 0 1
TD13TRACE 1286 133.620000 133.620000 132.000000 0.013371 0 1
TD13TRACE 1287 133.620000 133.620000 132.000000 0.013400 0 1
TD13TRACE 1288 133.620000 133.620000 132.000000 0.014873 0 1
TD13TRACE 1289 133.620000 133.620000 132.000000 0.013391 0 1
TD13TRACE 1290 133.620000 133.620000 132.000000 0.013242 0 1
TD13TRACE 1291 133.620000 133.620000 132.000000 0.014511 0 1
TD13TRACE 1292 133.620000 133.620000 132.000000 0.013820 0 1
TD13TRACE 1293 133.620000 133.620000 132.000000 0.013976 0 1
TD13TRACE 1294 133.620000 133.620000 132.000000 0.014465 0 1
TD13TRACE 1295 133.620000 133.620000 132.000000 0.012723 0 1
TD13TRACE 1296 133.620000 133.620000 132.000000 0.014525 0 1
TD13TRACE 1297 133.620000 133.620000 132.000000 0.014159 0 1
TD13TRACE 1298 133.620000 133.620000 132.000000 0.013321 0 1
TD13TRACE 1299 133.620000 133.620000 132.000000 0.013575 0 1
TD13TRACE 1300 133.620000 133.620000 132.000000 0.014951 0 1
TD13TRACE 1301 133.620000 133.620000 132.000000 0.013196 0 1
TD13TRACE 1302 133.620000 133.620000 132.000000 0.013917 0 1
TD13TRACE 1303 133.620000 133.620000 132.000000 0.014668 0 1
TD13TRACE 1304 133.620000 133.620000 132.000000 0.013142 0 1
TD13TRACE 1305 133.620000 133.620000 132.000000 0.013445 0 1
TD13TRACE 1306 133.620000 133.620000 132.000000 0.015214 0 1
TD13TRACE 1307 133.620000 133.620000 132.000000 0.013190 0 1
TD13TRACE 1308 133.620000 133.620000 132.000000 0.013540 0 1
TD13TRACE 1309 133.620000 133.620000 132.000000 0.014215 0 1
TD13TRACE 1310 133.620000 133.620000 132.000000 0.013949 0 1
TD13TRACE 1311 133.620000 133.620000 132.000000 0.013687 0 1
TD13TRACE 1312 133.620000 133.620000 132.000000 0.014528 0 1
TD13TRACE 1313 133.620000 133.620000 132.000000 0.013406 0 1
TD13TRACE 1314 133.620000 133.620000 132.000000 0.013639 0 1
TD13TRACE 1315 133.620000 133.620000 132.000000 0.014580 0 1
TD13TRACE 1316 133.620000 133.620000 132.000000 0.013430 0 1
TD13TRACE 1317 133.620000 133.620000 132.000000 0.013719 0 1
TD13TRACE 1318 133.620000 133.620000 132.000000 0.014274 0 1
TD13TRACE 1319 133.620000 133.620000 132.000000 0.013394 0 1
TD13TRACE 1320 133.620000 133.620000 132.000000 0.013954 0 1
TD13TRACE 1321 133.620000 133.620000 132.000000 0.014787 0 1
TD13TRACE 1322 133.620000 133.620000 132.000000 0.013179 0 1
TD13TRACE 1323 133.620000 133.620000 132.000000 0.013671 0 1
TD13TRACE 1324 133.620000 133.620000 132.000000 0.014522 0 1
TD13TRACE 1325 133.620000 133.620000 132.000000 0.013452 0 1
TD13TRACE 1326 133.620000 133.620000 132.000000 0.013751 0 1
TD13TRACE 1327 133.620000 133.620000 132.000000 0.014849 0 1
TD13TRACE 1328 133.620000 133.620000 132.000000 0.013114 0 1
TD13TRACE 1329 133.620000 133.620000 132.000000 0.013694 0 1
TD13TRACE 1330 133.620000 133.620000 132.000000 0.014518 0 1
TD13TRACE 1331 133.620000 133.620000 132.000000 0.012913 0 1
TD13TRACE 1332 133.620000 133.620000 132.000000 0.014368 0 1
TD13TRACE 1333 133.620000 133.620000 132.000000 0.014533 0 1
TD13TRACE 1334 133.620000 133.620000 132.000000 0.013237 0 1
TD13TRACE 1335 133.620000 133.620000 132.000000 0.013182 0 1
TD13TRACE 1336 133.620000 133.620000 132.000000 0.015148 0 1
TD13TRACE 1337 133.620000 133.620000 132.000000 0.013377 0 1
TD13TRACE 1338 133.620000 133.620000 132.000000 0.013678 0 1
TD13TRACE 1339 133.620000 133.620000 132.000000 0.014291 0 1
TD13TRACE 1340 133.620000 133.620000 132.000000 0.013641 0 1
TD13TRACE 1341 133.620000 133.620000 132.000000 0.013330 0 1
TD13TRACE 1342 133.620000 133.620000 132.000000 0.015037 0 1
TD13TRACE 1343 133.620000 133.620000 132.000000 0.013452 0 1
TD13TRACE 1344 133.620000 133.620000 132.000000 0.013479 0 1
TD13TRACE 1345 133.620000 133.620000 132.000000 0.014633 0 1
TD13TRACE 1346 133.620000 133.620000 132.000000 0.013428 0 1
TD13TRACE 1347 133.620000 133.620000 132.000000 0.013827 0 1
TD13TRACE 1348 133.620000 133.620000 132.000000 0.014498 0 1
TD13TRACE 1349 133.620000 133.620000 132.000000 0.013214 0 1
TD13TRACE 1350 133.620000 133.620000 132.000000 0.013852 0 1
TD13TRACE 1351 133.620000 133.620000 132.000000 0.014554 0 1
TD13TRACE 1352 133.620000 133.620000 132.000000 0.013133 0 1
TD13TRACE 1353 133.620000 133.620000 132.000000 0.013572 0 1
TD13TRACE 1354 133.620000 133.620000 132.000000 0.014683 0 1
TD13TRACE 1355 133.620000 133.620000 132.000000 0.013237 0 1
TD13TRACE 1356 133.620000 133.620000 132.000000 0.013941 0 1
TD13TRACE 1357 133.620000 133.620000 132.000000 0.014487 0 1
TD13TRACE 1358 133.620000 133.620000 132.000000 0.012975 0 1
TD13TRACE 1359 133.620000 133.620000 132.000000 0.013966 0 1
TD13TRACE 1360 133.620000 133.620000 132.000000 0.014655 0 1
TD13TRACE 1361 133.620000 133.620000 132.000000 0.013349 0 1
TD13TRACE 1362 133.620000 133.620000 132.000000 0.013727 0 1
TD13TRACE 1363 133.620000 133.620000 132.000000 0.014609 0 1
TD13TRACE 1364 133.620000 133.620000 132.000000 0.013225 0 1
TD13TRACE 1365 133.620000 133.620000 132.000000 0.013794 0 1
TD13TRACE 1366 133.620000 133.620000 132.000000 0.014799 0 1
TD13TRACE 1367 133.620000 133.620000 132.000000 0.013735 0 1
TD13TRACE 1368 133.620000 133.620000 132.000000 0.013147 0 1
TD13TRACE 1369 133.620000 133.620000 132.000000 0.014744 0 1
[2026-09-15 06:53:10.081] [info] fps 72.0 | pos (0.50, 132.00, -4.70) | chunks 126 | stream-meshed 117
TD13TRACE 1370 133.620000 133.620000 132.000000 0.013225 0 1
TD13TRACE 1371 133.620000 133.620000 132.000000 0.013669 0 1
TD13TRACE 1372 133.620000 133.620000 132.000000 0.014529 0 1
TD13TRACE 1373 133.620000 133.620000 132.000000 0.013512 0 1
TD13TRACE 1374 133.620000 133.620000 132.000000 0.013505 0 1
TD13TRACE 1375 133.620000 133.620000 132.000000 0.014954 0 1
TD13TRACE 1376 133.620000 133.620000 132.000000 0.013152 0 1
TD13TRACE 1377 133.620000 133.620000 132.000000 0.013696 0 1
TD13TRACE 1378 133.620000 133.620000 132.000000 0.014635 0 1
TD13TRACE 1379 133.620000 133.620000 132.000000 0.013210 0 1
TD13TRACE 1380 133.620000 133.620000 132.000000 0.013962 0 1
TD13TRACE 1381 133.620000 133.620000 132.000000 0.014563 0 1
TD13TRACE 1382 133.620000 133.620000 132.000000 0.013436 0 1
TD13TRACE 1383 133.620000 133.620000 132.000000 0.014045 0 1
TD13TRACE 1384 133.620000 133.620000 132.000000 0.014033 0 1
TD13TRACE 1385 133.620000 133.620000 132.000000 0.013488 0 1
TD13TRACE 1386 133.620000 133.620000 132.000000 0.013567 0 1
TD13TRACE 1387 133.620000 133.620000 132.000000 0.014462 0 1
TD13TRACE 1388 133.620000 133.620000 132.000000 0.013501 0 1
TD13TRACE 1389 133.620000 133.620000 132.000000 0.013832 0 1
TD13TRACE 1390 133.620000 133.620000 132.000000 0.014411 0 1
TD13TRACE 1391 133.620000 133.620000 132.000000 0.013424 0 1
TD13TRACE 1392 133.620000 133.620000 132.000000 0.013746 0 1
TD13TRACE 1393 133.620000 133.620000 132.000000 0.014780 0 1
TD13TRACE 1394 133.620000 133.620000 132.000000 0.013819 0 1
TD13TRACE 1395 133.620000 133.620000 132.000000 0.013425 0 1
TD13TRACE 1396 133.620000 133.620000 132.000000 0.014788 0 1
TD13TRACE 1397 133.620000 133.620000 132.000000 0.013157 0 1
TD13TRACE 1398 133.620000 133.620000 132.000000 0.013767 0 1
TD13TRACE 1399 133.620000 133.620000 132.000000 0.014654 0 1
TD13TRACE 1400 133.620000 133.620000 132.000000 0.013507 0 1
TD13TRACE 1401 133.620000 133.620000 132.000000 0.013590 0 1
TD13TRACE 1402 133.620000 133.620000 132.000000 0.014632 0 1
TD13TRACE 1403 133.620000 133.620000 132.000000 0.013329 0 1
TD13TRACE 1404 133.620000 133.620000 132.000000 0.013541 0 1
TD13TRACE 1405 133.620000 133.620000 132.000000 0.014609 0 1
TD13TRACE 1406 133.620000 133.620000 132.000000 0.012814 0 1
TD13TRACE 1407 133.620000 133.620000 132.000000 0.013944 0 1
TD13TRACE 1408 133.620000 133.620000 132.000000 0.015013 0 1
TD13TRACE 1409 133.620000 133.620000 132.000000 0.013308 0 1
TD13TRACE 1410 133.620000 133.620000 132.000000 0.013643 0 1
TD13TRACE 1411 133.620000 133.620000 132.000000 0.014179 0 1
TD13TRACE 1412 133.620000 133.620000 132.000000 0.013864 0 1
TD13TRACE 1413 133.620000 133.620000 132.000000 0.013368 0 1
TD13TRACE 1414 133.620000 133.620000 132.000000 0.014772 0 1
TD13TRACE 1415 133.620000 133.620000 132.000000 0.013368 0 1
TD13TRACE 1416 133.620000 133.620000 132.000000 0.014088 0 1
TD13TRACE 1417 133.620000 133.620000 132.000000 0.014140 0 1
TD13TRACE 1418 133.620000 133.620000 132.000000 0.013351 0 1
TD13TRACE 1419 133.620000 133.620000 132.000000 0.013999 0 1
TD13TRACE 1420 133.620000 133.620000 132.000000 0.014647 0 1
TD13TRACE 1421 133.620000 133.620000 132.000000 0.012864 0 1
TD13TRACE 1422 133.620000 133.620000 132.000000 0.013794 0 1
TD13TRACE 1423 133.620000 133.620000 132.000000 0.014661 0 1
TD13TRACE 1424 133.620000 133.620000 132.000000 0.013627 0 1
TD13TRACE 1425 133.620000 133.620000 132.000000 0.013700 0 1
TD13TRACE 1426 133.620000 133.620000 132.000000 0.014415 0 1
TD13TRACE 1427 133.620000 133.620000 132.000000 0.013371 0 1
TD13TRACE 1428 133.620000 133.620000 132.000000 0.013803 0 1
TD13TRACE 1429 133.620000 133.620000 132.000000 0.014744 0 1
TD13TRACE 1430 133.620000 133.620000 132.000000 0.013038 0 1
TD13TRACE 1431 133.620000 133.620000 132.000000 0.013698 0 1
TD13TRACE 1432 133.620000 133.620000 132.000000 0.014685 0 1
TD13TRACE 1433 133.620000 133.620000 132.000000 0.013531 0 1
TD13TRACE 1434 133.620000 133.620000 132.000000 0.013692 0 1
TD13TRACE 1435 133.620000 133.620000 132.000000 0.014796 0 1
TD13TRACE 1436 133.620000 133.620000 132.000000 0.013187 0 1
TD13TRACE 1437 133.620000 133.620000 132.000000 0.013657 0 1
TD13TRACE 1438 133.620000 133.620000 132.000000 0.014694 0 1
TD13TRACE 1439 133.620000 133.620000 132.000000 0.012616 0 1
TD13TRACE 1440 133.620000 133.620000 132.000000 0.014097 0 1
TD13TRACE 1441 133.620000 133.620000 132.000000 0.014964 0 1
TD13TRACE 1442 133.620000 133.620000 132.000000 0.013246 0 1
TD13TRACE 1443 133.620000 133.620000 132.000000 0.013817 0 1
TD13TRACE 1444 133.620000 133.620000 132.000000 0.014290 0 1
TD13TRACE 1445 133.620000 133.620000 132.000000 0.013288 0 1
TD13TRACE 1446 133.620000 133.620000 132.000000 0.013732 0 1
TD13TRACE 1447 133.620000 133.620000 132.000000 0.014638 0 1
TD13TRACE 1448 133.620000 133.620000 132.000000 0.013172 0 1
TD13TRACE 1449 133.620000 133.620000 132.000000 0.013583 0 1
TD13TRACE 1450 133.620000 133.620000 132.000000 0.014514 0 1
TD13TRACE 1451 133.620000 133.620000 132.000000 0.013789 0 1
TD13TRACE 1452 133.620000 133.620000 132.000000 0.014021 0 1
TD13TRACE 1453 133.620000 133.620000 132.000000 0.014458 0 1
TD13TRACE 1454 133.620000 133.620000 132.000000 0.013247 0 1
TD13TRACE 1455 133.620000 133.620000 132.000000 0.013805 0 1
TD13TRACE 1456 133.620000 133.620000 132.000000 0.014354 0 1
TD13TRACE 1457 133.620000 133.620000 132.000000 0.013754 0 1
TD13TRACE 1458 133.620000 133.620000 132.000000 0.013586 0 1
TD13TRACE 1459 133.620000 133.620000 132.000000 0.014762 0 1
TD13TRACE 1460 133.620000 133.620000 132.000000 0.012410 0 1
TD13TRACE 1461 133.620000 133.620000 132.000000 0.014306 0 1
TD13TRACE 1462 133.620000 133.620000 132.000000 0.014368 0 1
TD13TRACE 1463 133.620000 133.620000 132.000000 0.013954 0 1
TD13TRACE 1464 133.620000 133.620000 132.000000 0.013681 0 1
TD13TRACE 1465 133.620000 133.620000 132.000000 0.014527 0 1
TD13TRACE 1466 133.620000 133.620000 132.000000 0.013323 0 1
TD13TRACE 1467 133.620000 133.620000 132.000000 0.013363 0 1
TD13TRACE 1468 133.620000 133.620000 132.000000 0.014818 0 1
TD13TRACE 1469 133.620000 133.620000 132.000000 0.013616 0 1
TD13TRACE 1470 133.620000 133.620000 132.000000 0.013831 0 1
TD13TRACE 1471 133.620000 133.620000 132.000000 0.014639 0 1
TD13TRACE 1472 133.620000 133.620000 132.000000 0.012675 0 1
TD13TRACE 1473 133.620000 133.620000 132.000000 0.013848 0 1
TD13TRACE 1474 133.620000 133.620000 132.000000 0.015091 0 1
TD13TRACE 1475 133.620000 133.620000 132.000000 0.013282 0 1
TD13TRACE 1476 133.620000 133.620000 132.000000 0.013388 0 1
TD13TRACE 1477 133.620000 133.620000 132.000000 0.014640 0 1
TD13TRACE 1478 133.620000 133.620000 132.000000 0.013529 0 1
TD13TRACE 1479 133.620000 133.620000 132.000000 0.013566 0 1
TD13TRACE 1480 133.620000 133.620000 132.000000 0.014497 0 1
TD13TRACE 1481 133.620000 133.620000 132.000000 0.013338 0 1
TD13TRACE 1482 133.620000 133.620000 132.000000 0.013780 0 1
TD13TRACE 1483 133.620000 133.620000 132.000000 0.014692 0 1
TD13TRACE 1484 133.620000 133.620000 132.000000 0.013458 0 1
TD13TRACE 1485 133.620000 133.620000 132.000000 0.013576 0 1
TD13TRACE 1486 133.620000 133.620000 132.000000 0.014632 0 1
TD13TRACE 1487 133.620000 133.620000 132.000000 0.013025 0 1
TD13TRACE 1488 133.620000 133.620000 132.000000 0.014131 0 1
TD13TRACE 1489 133.620000 133.620000 132.000000 0.014526 0 1
TD13TRACE 1490 133.620000 133.620000 132.000000 0.013370 0 1
TD13TRACE 1491 133.620000 133.620000 132.000000 0.013802 0 1
TD13TRACE 1492 133.620000 133.620000 132.000000 0.014550 0 1
TD13TRACE 1493 133.620000 133.620000 132.000000 0.013099 0 1
TD13TRACE 1494 133.620000 133.620000 132.000000 0.013705 0 1
TD13TRACE 1495 133.620000 133.620000 132.000000 0.014092 0 1
TD13TRACE 1496 133.620000 133.620000 132.000000 0.013696 0 1
TD13TRACE 1497 133.620000 133.620000 132.000000 0.013459 0 1
TD13TRACE 1498 133.620000 133.620000 132.000000 0.014668 0 1
TD13TRACE 1499 133.620000 133.620000 132.000000 0.013930 0 1
TD13TRACE 1500 133.620000 133.620000 132.000000 0.013670 0 1
TD13TRACE 1501 133.620000 133.620000 132.000000 0.014933 0 1
TD13TRACE 1502 133.620000 133.620000 132.000000 0.013283 0 1
TD13TRACE 1503 133.620000 133.620000 132.000000 0.013470 0 1
TD13TRACE 1504 133.620000 133.620000 132.000000 0.014260 0 1
TD13TRACE 1505 133.620000 133.620000 132.000000 0.013370 0 1
TD13TRACE 1506 133.620000 133.620000 132.000000 0.014163 0 1
TD13TRACE 1507 133.620000 133.620000 132.000000 0.014499 0 1
TD13TRACE 1508 133.620000 133.620000 132.000000 0.013493 0 1
TD13TRACE 1509 133.620000 133.620000 132.000000 0.013534 0 1
TD13TRACE 1510 133.620000 133.620000 132.000000 0.014629 0 1
TD13TRACE 1511 133.620000 133.620000 132.000000 0.013377 0 1
TD13TRACE 1512 133.620000 133.620000 132.000000 0.013716 0 1
TD13TRACE 1513 133.620000 133.620000 132.000000 0.014398 0 1
[2026-09-15 06:53:12.080] [info] fps 72.0 | pos (0.50, 132.00, -4.70) | chunks 126 | stream-meshed 117
TD13TRACE 1514 133.620000 133.620000 132.000000 0.012910 0 1
TD13TRACE 1515 133.620000 133.620000 132.000000 0.014425 0 1
TD13TRACE 1516 133.620000 133.620000 132.000000 0.014609 0 1
TD13TRACE 1517 133.620000 133.620000 132.000000 0.013331 0 1
TD13TRACE 1518 133.620000 133.620000 132.000000 0.013798 0 1
TD13TRACE 1519 133.620000 133.620000 132.000000 0.014583 0 1
TD13TRACE 1520 133.620000 133.620000 132.000000 0.013270 0 1
TD13TRACE 1521 133.620000 133.620000 132.000000 0.013686 0 1
TD13TRACE 1522 133.620000 133.620000 132.000000 0.014408 0 1
TD13TRACE 1523 133.620000 133.620000 132.000000 0.012998 0 1
TD13TRACE 1524 133.620000 133.620000 132.000000 0.013982 0 1
TD13TRACE 1525 133.620000 133.620000 132.000000 0.014277 0 1
TD13TRACE 1526 133.620000 133.620000 132.000000 0.013731 0 1
TD13TRACE 1527 133.620000 133.620000 132.000000 0.013841 0 1
TD13TRACE 1528 133.620000 133.620000 132.000000 0.014206 0 1
TD13TRACE 1529 133.620000 133.620000 132.000000 0.013107 0 1
TD13TRACE 1530 133.620000 133.620000 132.000000 0.013805 0 1
TD13TRACE 1531 133.620000 133.620000 132.000000 0.014795 0 1
TD13TRACE 1532 133.620000 133.620000 132.000000 0.013354 0 1
TD13TRACE 1533 133.620000 133.620000 132.000000 0.013688 0 1
[2026-09-15 06:53:12.359] [info] autosave: 0 chunk(s) queued for async write, level written (ticks=998)
TD13TRACE 1534 133.620000 133.620000 132.000000 0.015295 0 1
TD13TRACE 1535 133.620000 133.620000 132.000000 0.012829 0 1
TD13TRACE 1536 133.620000 133.620000 132.000000 0.013482 0 1
TD13TRACE 1537 133.620000 133.620000 132.000000 0.014302 0 1
TD13TRACE 1538 133.620000 133.620000 132.000000 0.013464 0 1
TD13TRACE 1539 133.620000 133.620000 132.000000 0.013609 0 1
TD13TRACE 1540 133.620000 133.620000 132.000000 0.014300 0 1
TD13TRACE 1541 133.620000 133.620000 132.000000 0.014087 0 1
TD13TRACE 1542 133.620000 133.620000 132.000000 0.013705 0 1
TD13TRACE 1543 133.620000 133.620000 132.000000 0.014700 0 1
TD13TRACE 1544 133.620000 133.620000 132.000000 0.013377 0 1
TD13TRACE 1545 133.620000 133.620000 132.000000 0.013669 0 1
TD13TRACE 1546 133.620000 133.620000 132.000000 0.014480 0 1
TD13TRACE 1547 133.620000 133.620000 132.000000 0.013467 0 1
TD13TRACE 1548 133.620000 133.620000 132.000000 0.013661 0 1
TD13TRACE 1549 133.620000 133.620000 132.000000 0.014835 0 1
TD13TRACE 1550 133.620000 133.620000 132.000000 0.013005 0 1
TD13TRACE 1551 133.620000 133.620000 132.000000 0.013622 0 1
TD13TRACE 1552 133.620000 133.620000 132.000000 0.014733 0 1
TD13TRACE 1553 133.620000 133.620000 132.000000 0.013864 0 1
TD13TRACE 1554 133.620000 133.620000 132.000000 0.013557 0 1
TD13TRACE 1555 133.620000 133.620000 132.000000 0.014207 0 1
TD13TRACE 1556 133.620000 133.620000 132.000000 0.013752 0 1
TD13TRACE 1557 133.620000 133.620000 132.000000 0.013401 0 1
TD13TRACE 1558 133.620000 133.620000 132.000000 0.014315 0 1
TD13TRACE 1559 133.620000 133.620000 132.000000 0.013641 0 1
TD13TRACE 1560 133.620000 133.620000 132.000000 0.014173 0 1
TD13TRACE 1561 133.620000 133.620000 132.000000 0.014496 0 1
TD13TRACE 1562 133.620000 133.620000 132.000000 0.013121 0 1
TD13TRACE 1563 133.620000 133.620000 132.000000 0.013665 0 1
TD13TRACE 1564 133.620000 133.620000 132.000000 0.015049 0 1
TD13TRACE 1565 133.620000 133.620000 132.000000 0.013409 0 1
TD13TRACE 1566 133.620000 133.620000 132.000000 0.013859 0 1
TD13TRACE 1567 133.620000 133.620000 132.000000 0.014555 0 1
TD13TRACE 1568 133.620000 133.620000 132.000000 0.013112 0 1
TD13TRACE 1569 133.620000 133.620000 132.000000 0.013057 0 1
TD13TRACE 1570 133.620000 133.620000 132.000000 0.015197 0 1
TD13TRACE 1571 133.620000 133.620000 132.000000 0.013347 0 1
TD13TRACE 1572 133.620000 133.620000 132.000000 0.013786 0 1
TD13TRACE 1573 133.620000 133.620000 132.000000 0.014247 0 1
TD13TRACE 1574 133.620000 133.620000 132.000000 0.013547 0 1
TD13TRACE 1575 133.620000 133.620000 132.000000 0.013535 0 1
TD13TRACE 1576 133.620000 133.620000 132.000000 0.015280 0 1
TD13TRACE 1577 133.620000 133.620000 132.000000 0.013113 0 1
TD13TRACE 1578 133.620000 133.620000 132.000000 0.013389 0 1
TD13TRACE 1579 133.620000 133.620000 132.000000 0.014583 0 1
TD13TRACE 1580 133.620000 133.620000 132.000000 0.013518 0 1
TD13TRACE 1581 133.620000 133.620000 132.000000 0.014073 0 1
TD13TRACE 1582 133.620000 133.620000 132.000000 0.013955 0 1
TD13TRACE 1583 133.620000 133.620000 132.000000 0.013416 0 1
TD13TRACE 1584 133.620000 133.620000 132.000000 0.013993 0 1
TD13TRACE 1585 133.620000 133.620000 132.000000 0.014651 0 1
TD13TRACE 1586 133.620000 133.620000 132.000000 0.013145 0 1
TD13TRACE 1587 133.620000 133.620000 132.000000 0.013586 0 1
TD13TRACE 1588 133.620000 133.620000 132.000000 0.014661 0 1
TD13TRACE 1589 133.620000 133.620000 132.000000 0.013486 0 1
TD13TRACE 1590 133.620000 133.620000 132.000000 0.013571 0 1
TD13TRACE 1591 133.620000 133.620000 132.000000 0.014814 0 1
TD13TRACE 1592 133.620000 133.620000 132.000000 0.013402 0 1
TD13TRACE 1593 133.620000 133.620000 132.000000 0.013620 0 1
TD13TRACE 1594 133.620000 133.620000 132.000000 0.014434 0 1
TD13TRACE 1595 133.620000 133.620000 132.000000 0.013697 0 1
TD13TRACE 1596 133.620000 133.620000 132.000000 0.013139 0 1
TD13TRACE 1597 133.620000 133.620000 132.000000 0.014706 0 1
TD13TRACE 1598 133.620000 133.620000 132.000000 0.014027 0 1
TD13TRACE 1599 133.620000 133.620000 132.000000 0.013286 0 1
TD13TRACE 1600 133.620000 133.620000 132.000000 0.014562 0 1
TD13TRACE 1601 133.620000 133.620000 132.000000 0.013410 0 1
TD13TRACE 1602 133.620000 133.620000 132.000000 0.013709 0 1
TD13TRACE 1603 133.620000 133.620000 132.000000 0.014597 0 1
TD13TRACE 1604 133.620000 133.620000 132.000000 0.013089 0 1
TD13TRACE 1605 133.620000 133.620000 132.000000 0.013709 0 1
TD13TRACE 1606 133.620000 133.620000 132.000000 0.014966 0 1
TD13TRACE 1607 133.620000 133.620000 132.000000 0.013384 0 1
TD13TRACE 1608 133.620000 133.620000 132.000000 0.013342 0 1
TD13TRACE 1609 133.620000 133.620000 132.000000 0.015195 0 1
TD13TRACE 1610 133.620000 133.620000 132.000000 0.013179 0 1
TD13TRACE 1611 133.620000 133.620000 132.000000 0.013352 0 1
TD13TRACE 1612 133.620000 133.620000 132.000000 0.014902 0 1
TD13TRACE 1613 133.620000 133.620000 132.000000 0.013146 0 1
TD13TRACE 1614 133.620000 133.620000 132.000000 0.013708 0 1
TD13TRACE 1615 133.620000 133.620000 132.000000 0.014754 0 1
TD13TRACE 1616 133.620000 133.620000 132.000000 0.013327 0 1
TD13TRACE 1617 133.620000 133.620000 132.000000 0.013640 0 1
TD13TRACE 1618 133.620000 133.620000 132.000000 0.014084 0 1
TD13TRACE 1619 133.620000 133.620000 132.000000 0.014029 0 1
TD13TRACE 1620 133.620000 133.620000 132.000000 0.013583 0 1
TD13TRACE 1621 133.620000 133.620000 132.000000 0.014657 0 1
TD13TRACE 1622 133.620000 133.620000 132.000000 0.012949 0 1
TD13TRACE 1623 133.620000 133.620000 132.000000 0.014179 0 1
TD13TRACE 1624 133.620000 133.620000 132.000000 0.014498 0 1
TD13TRACE 1625 133.620000 133.620000 132.000000 0.013042 0 1
TD13TRACE 1626 133.620000 133.620000 132.000000 0.013887 0 1
TD13TRACE 1627 133.620000 133.620000 132.000000 0.014906 0 1
TD13TRACE 1628 133.620000 133.620000 132.000000 0.013322 0 1
TD13TRACE 1629 133.620000 133.620000 132.000000 0.013260 0 1
TD13TRACE 1630 133.620000 133.620000 132.000000 0.014795 0 1
TD13TRACE 1631 133.620000 133.620000 132.000000 0.013263 0 1
TD13TRACE 1632 133.620000 133.620000 132.000000 0.014001 0 1
TD13TRACE 1633 133.620000 133.620000 132.000000 0.015014 0 1
TD13TRACE 1634 133.620000 133.620000 132.000000 0.012985 0 1
TD13TRACE 1635 133.620000 133.620000 132.000000 0.013653 0 1
TD13TRACE 1636 133.620000 133.620000 132.000000 0.014788 0 1
TD13TRACE 1637 133.620000 133.620000 132.000000 0.013220 0 1
TD13TRACE 1638 133.620000 133.620000 132.000000 0.013693 0 1
TD13TRACE 1639 133.620000 133.620000 132.000000 0.014554 0 1
TD13TRACE 1640 133.620000 133.620000 132.000000 0.013378 0 1
TD13TRACE 1641 133.620000 133.620000 132.000000 0.013696 0 1
TD13TRACE 1642 133.620000 133.620000 132.000000 0.014657 0 1
TD13TRACE 1643 133.620000 133.620000 132.000000 0.013419 0 1
TD13TRACE 1644 133.620000 133.620000 132.000000 0.013134 0 1
TD13TRACE 1645 133.620000 133.620000 132.000000 0.014506 0 1
TD13TRACE 1646 133.620000 133.620000 132.000000 0.013703 0 1
TD13TRACE 1647 133.620000 133.620000 132.000000 0.013934 0 1
TD13TRACE 1648 133.620000 133.620000 132.000000 0.014626 0 1
TD13TRACE 1649 133.620000 133.620000 132.000000 0.013093 0 1
TD13TRACE 1650 133.620000 133.620000 132.000000 0.013959 0 1
TD13TRACE 1651 133.620000 133.620000 132.000000 0.014613 0 1
TD13TRACE 1652 133.620000 133.620000 132.000000 0.013281 0 1
TD13TRACE 1653 133.620000 133.620000 132.000000 0.013823 0 1
TD13TRACE 1654 133.620000 133.620000 132.000000 0.014520 0 1
TD13TRACE 1655 133.620000 133.620000 132.000000 0.013404 0 1
TD13TRACE 1656 133.620000 133.620000 132.000000 0.013478 0 1
TD13TRACE 1657 133.620000 133.620000 132.000000 0.014428 0 1
TD13TRACE 1658 133.620000 133.620000 132.000000 0.013522 0 1
[2026-09-15 06:53:14.095] [info] fps 72.0 | pos (0.50, 132.00, -4.70) | chunks 126 | stream-meshed 117
TD13TRACE 1659 133.620000 133.620000 132.000000 0.014025 0 1
TD13TRACE 1660 133.620000 133.620000 132.000000 0.014577 0 1
TD13TRACE 1661 133.620000 133.620000 132.000000 0.013001 0 1
TD13TRACE 1662 133.620000 133.620000 132.000000 0.013659 0 1
TD13TRACE 1663 133.620000 133.620000 132.000000 0.014504 0 1
TD13TRACE 1664 133.620000 133.620000 132.000000 0.013491 0 1
TD13TRACE 1665 133.620000 133.620000 132.000000 0.013891 0 1
TD13TRACE 1666 133.620000 133.620000 132.000000 0.014438 0 1
TD13TRACE 1667 133.620000 133.620000 132.000000 0.013328 0 1
TD13TRACE 1668 133.620000 133.620000 132.000000 0.013926 0 1
TD13TRACE 1669 133.620000 133.620000 132.000000 0.014573 0 1
TD13TRACE 1670 133.620000 133.620000 132.000000 0.013589 0 1
TD13TRACE 1671 133.620000 133.620000 132.000000 0.013572 0 1
TD13TRACE 1672 133.620000 133.620000 132.000000 0.014972 0 1
TD13TRACE 1673 133.620000 133.620000 132.000000 0.013002 0 1
TD13TRACE 1674 133.620000 133.620000 132.000000 0.013729 0 1
TD13TRACE 1675 133.620000 133.620000 132.000000 0.014608 0 1
TD13TRACE 1676 133.620000 133.620000 132.000000 0.013714 0 1
TD13TRACE 1677 133.620000 133.620000 132.000000 0.013430 0 1
TD13TRACE 1678 133.620000 133.620000 132.000000 0.014997 0 1
TD13TRACE 1679 133.620000 133.620000 132.000000 0.012550 0 1
TD13TRACE 1680 133.620000 133.620000 132.000000 0.014046 0 1
TD13TRACE 1681 133.620000 133.620000 132.000000 0.014703 0 1
TD13TRACE 1682 133.620000 133.620000 132.000000 0.012915 0 1
TD13TRACE 1683 133.620000 133.620000 132.000000 0.013787 0 1
TD13TRACE 1684 133.620000 133.620000 132.000000 0.014450 0 1
TD13TRACE 1685 133.620000 133.620000 132.000000 0.013209 0 1
TD13TRACE 1686 133.620000 133.620000 132.000000 0.013983 0 1
TD13TRACE 1687 133.620000 133.620000 132.000000 0.014396 0 1
TD13TRACE 1688 133.620000 133.620000 132.000000 0.013459 0 1
TD13TRACE 1689 133.620000 133.620000 132.000000 0.014178 0 1
TD13TRACE 1690 133.620000 133.620000 132.000000 0.014029 0 1
TD13TRACE 1691 133.620000 133.620000 132.000000 0.013756 0 1
TD13TRACE 1692 133.620000 133.620000 132.000000 0.014025 0 1
TD13TRACE 1693 133.620000 133.620000 132.000000 0.014437 0 1
TD13TRACE 1694 133.620000 133.620000 132.000000 0.013391 0 1
TD13TRACE 1695 133.620000 133.620000 132.000000 0.013417 0 1
TD13TRACE 1696 133.620000 133.620000 132.000000 0.014597 0 1
TD13TRACE 1697 133.620000 133.620000 132.000000 0.013073 0 1
TD13TRACE 1698 133.620000 133.620000 132.000000 0.013932 0 1
TD13TRACE 1699 133.620000 133.620000 132.000000 0.014655 0 1
TD13TRACE 1700 133.620000 133.620000 132.000000 0.012984 0 1
TD13TRACE 1701 133.620000 133.620000 132.000000 0.014133 0 1
TD13TRACE 1702 133.620000 133.620000 132.000000 0.014070 0 1
TD13TRACE 1703 133.620000 133.620000 132.000000 0.013806 0 1
TD13TRACE 1704 133.620000 133.620000 132.000000 0.014092 0 1
TD13TRACE 1705 133.620000 133.620000 132.000000 0.014525 0 1
TD13TRACE 1706 133.620000 133.620000 132.000000 0.013264 0 1
TD13TRACE 1707 133.620000 133.620000 132.000000 0.013689 0 1
TD13TRACE 1708 133.620000 133.620000 132.000000 0.014321 0 1
TD13TRACE 1709 133.620000 133.620000 132.000000 0.013437 0 1
TD13TRACE 1710 133.620000 133.620000 132.000000 0.013734 0 1
TD13TRACE 1711 133.620000 133.620000 132.000000 0.014294 0 1
TD13TRACE 1712 133.620000 133.620000 132.000000 0.013670 0 1
TD13TRACE 1713 133.620000 133.620000 132.000000 0.014142 0 1
TD13TRACE 1714 133.620000 133.620000 132.000000 0.014365 0 1
TD13TRACE 1715 133.620000 133.620000 132.000000 0.013293 0 1
TD13TRACE 1716 133.620000 133.620000 132.000000 0.013339 0 1
TD13TRACE 1717 133.620000 133.620000 132.000000 0.014568 0 1
TD13TRACE 1718 133.620000 133.620000 132.000000 0.014022 0 1
TD13TRACE 1719 133.620000 133.620000 132.000000 0.013454 0 1
TD13TRACE 1720 133.620000 133.620000 132.000000 0.014535 0 1
TD13TRACE 1721 133.620000 133.620000 132.000000 0.013006 0 1
TD13TRACE 1722 133.620000 133.620000 132.000000 0.014458 0 1
TD13TRACE 1723 133.620000 133.620000 132.000000 0.013871 0 1
TD13TRACE 1724 133.620000 133.620000 132.000000 0.013507 0 1
TD13TRACE 1725 133.620000 133.620000 132.000000 0.013668 0 1
TD13TRACE 1726 133.620000 133.620000 132.000000 0.015037 0 1
TD13TRACE 1727 133.620000 133.620000 132.000000 0.012658 0 1
TD13TRACE 1728 133.620000 133.620000 132.000000 0.014409 0 1
TD13TRACE 1729 133.620000 133.620000 132.000000 0.014687 0 1
TD13TRACE 1730 133.620000 133.620000 132.000000 0.013018 0 1
TD13TRACE 1731 133.620000 133.620000 132.000000 0.013784 0 1
TD13TRACE 1732 133.620000 133.620000 132.000000 0.014419 0 1
TD13TRACE 1733 133.620000 133.620000 132.000000 0.013353 0 1
TD13TRACE 1734 133.620000 133.620000 132.000000 0.013718 0 1
TD13TRACE 1735 133.620000 133.620000 132.000000 0.017514 0 1
TD13TRACE 1736 133.620000 133.620000 132.000000 0.011543 0 1
TD13TRACE 1737 133.620000 133.620000 132.000000 0.012005 0 1
TD13TRACE 1738 133.620000 133.620000 132.000000 0.014512 0 1
TD13TRACE 1739 133.620000 133.620000 132.000000 0.013504 0 1
TD13TRACE 1740 133.620000 133.620000 132.000000 0.013812 0 1
TD13TRACE 1741 133.620000 133.620000 132.000000 0.014657 0 1
TD13TRACE 1742 133.620000 133.620000 132.000000 0.013509 0 1
TD13TRACE 1743 133.620000 133.620000 132.000000 0.013472 0 1
TD13TRACE 1744 133.620000 133.620000 132.000000 0.014601 0 1
TD13TRACE 1745 133.620000 133.620000 132.000000 0.013367 0 1
TD13TRACE 1746 133.620000 133.620000 132.000000 0.013746 0 1
TD13TRACE 1747 133.620000 133.620000 132.000000 0.014755 0 1
TD13TRACE 1748 133.620000 133.620000 132.000000 0.013132 0 1
TD13TRACE 1749 133.620000 133.620000 132.000000 0.013934 0 1
TD13TRACE 1750 133.620000 133.620000 132.000000 0.014567 0 1
TD13TRACE 1751 133.620000 133.620000 132.000000 0.013282 0 1
TD13TRACE 1752 133.620000 133.620000 132.000000 0.013719 0 1
TD13TRACE 1753 133.620000 133.620000 132.000000 0.014547 0 1
TD13TRACE 1754 133.620000 133.620000 132.000000 0.013648 0 1
TD13TRACE 1755 133.620000 133.620000 132.000000 0.013688 0 1
TD13TRACE 1756 133.620000 133.620000 132.000000 0.014662 0 1
TD13TRACE 1757 133.620000 133.620000 132.000000 0.013269 0 1
TD13TRACE 1758 133.620000 133.620000 132.000000 0.013654 0 1
TD13TRACE 1759 133.620000 133.620000 132.000000 0.014975 0 1
TD13TRACE 1760 133.620000 133.620000 132.000000 0.013269 0 1
TD13TRACE 1761 133.620000 133.620000 132.000000 0.013149 0 1
TD13TRACE 1762 133.620000 133.620000 132.000000 0.014978 0 1
TD13TRACE 1763 133.620000 133.620000 132.000000 0.013375 0 1
TD13TRACE 1764 133.620000 133.620000 132.000000 0.013793 0 1
TD13TRACE 1765 133.620000 133.620000 132.000000 0.014698 0 1
TD13TRACE 1766 133.620000 133.620000 132.000000 0.013271 0 1
TD13TRACE 1767 133.620000 133.620000 132.000000 0.015373 0 1
TD13TRACE 1768 133.620000 133.620000 132.000000 0.012706 0 1
TD13TRACE 1769 133.620000 133.620000 132.000000 0.013384 0 1
TD13TRACE 1770 133.620000 133.620000 132.000000 0.014216 0 1
TD13TRACE 1771 133.620000 133.620000 132.000000 0.014403 0 1
TD13TRACE 1772 133.620000 133.620000 132.000000 0.013695 0 1
TD13TRACE 1773 133.620000 133.620000 132.000000 0.013156 0 1
TD13TRACE 1774 133.620000 133.620000 132.000000 0.015004 0 1
TD13TRACE 1775 133.620000 133.620000 132.000000 0.012782 0 1
TD13TRACE 1776 133.620000 133.620000 132.000000 0.014386 0 1
TD13TRACE 1777 133.620000 133.620000 132.000000 0.014388 0 1
TD13TRACE 1778 133.620000 133.620000 132.000000 0.013376 0 1
TD13TRACE 1779 133.620000 133.620000 132.000000 0.013855 0 1
TD13TRACE 1780 133.620000 133.620000 132.000000 0.014386 0 1
TD13TRACE 1781 133.620000 133.620000 132.000000 0.013326 0 1
TD13TRACE 1782 133.620000 133.620000 132.000000 0.013669 0 1
TD13TRACE 1783 133.620000 133.620000 132.000000 0.014635 0 1
TD13TRACE 1784 133.620000 133.620000 132.000000 0.012944 0 1
TD13TRACE 1785 133.620000 133.620000 132.000000 0.013931 0 1
TD13TRACE 1786 133.620000 133.620000 132.000000 0.015268 0 1
TD13TRACE 1787 133.620000 133.620000 132.000000 0.013097 0 1
TD13TRACE 1788 133.620000 133.620000 132.000000 0.013530 0 1
TD13TRACE 1789 133.620000 133.620000 132.000000 0.014720 0 1
TD13TRACE 1790 133.620000 133.620000 132.000000 0.012647 0 1
TD13TRACE 1791 133.620000 133.620000 132.000000 0.013631 0 1
TD13TRACE 1792 133.620000 133.620000 132.000000 0.015095 0 1
TD13TRACE 1793 133.620000 133.620000 132.000000 0.012952 0 1
TD13TRACE 1794 133.620000 133.620000 132.000000 0.014058 0 1
TD13TRACE 1795 133.620000 133.620000 132.000000 0.014374 0 1
TD13TRACE 1796 133.620000 133.620000 132.000000 0.014062 0 1
TD13TRACE 1797 133.620000 133.620000 132.000000 0.013731 0 1
TD13TRACE 1798 133.620000 133.620000 132.000000 0.014097 0 1
TD13TRACE 1799 133.620000 133.620000 132.000000 0.013250 0 1
TD13TRACE 1800 133.620000 133.620000 132.000000 0.014024 0 1
TD13TRACE 1801 133.620000 133.620000 132.000000 0.014839 0 1
TD13TRACE 1802 133.620000 133.620000 132.000000 0.013079 0 1
[2026-09-15 06:53:16.094] [info] fps 72.0 | pos (0.50, 132.00, -4.70) | chunks 126 | stream-meshed 117
TD13TRACE 1803 133.620000 133.620000 132.000000 0.013778 0 1
TD13TRACE 1804 133.620000 133.620000 132.000000 0.014592 0 1
TD13TRACE 1805 133.620000 133.620000 132.000000 0.013547 0 1
TD13TRACE 1806 133.620000 133.620000 132.000000 0.013598 0 1
TD13TRACE 1807 133.620000 133.620000 132.000000 0.014384 0 1
TD13TRACE 1808 133.620000 133.620000 132.000000 0.013362 0 1
TD13TRACE 1809 133.620000 133.620000 132.000000 0.013930 0 1
TD13TRACE 1810 133.620000 133.620000 132.000000 0.014688 0 1
TD13TRACE 1811 133.620000 133.620000 132.000000 0.013089 0 1
TD13TRACE 1812 133.620000 133.620000 132.000000 0.013928 0 1
TD13TRACE 1813 133.620000 133.620000 132.000000 0.014636 0 1
TD13TRACE 1814 133.620000 133.620000 132.000000 0.013812 0 1
TD13TRACE 1815 133.620000 133.620000 132.000000 0.012736 0 1
TD13TRACE 1816 133.620000 133.620000 132.000000 0.014697 0 1
TD13TRACE 1817 133.620000 133.620000 132.000000 0.013755 0 1
TD13TRACE 1818 133.620000 133.620000 132.000000 0.013550 0 1
TD13TRACE 1819 133.620000 133.620000 132.000000 0.015005 0 1
TD13TRACE 1820 133.620000 133.620000 132.000000 0.012764 0 1
TD13TRACE 1821 133.620000 133.620000 132.000000 0.014044 0 1
TD13TRACE 1822 133.620000 133.620000 132.000000 0.014562 0 1
TD13TRACE 1823 133.620000 133.620000 132.000000 0.013281 0 1
TD13TRACE 1824 133.620000 133.620000 132.000000 0.013723 0 1
TD13TRACE 1825 133.620000 133.620000 132.000000 0.014491 0 1
TD13TRACE 1826 133.620000 133.620000 132.000000 0.013350 0 1
TD13TRACE 1827 133.620000 133.620000 132.000000 0.013641 0 1
TD13TRACE 1828 133.620000 133.620000 132.000000 0.015276 0 1
TD13TRACE 1829 133.620000 133.620000 132.000000 0.012980 0 1
TD13TRACE 1830 133.620000 133.620000 132.000000 0.013558 0 1
TD13TRACE 1831 133.620000 133.620000 132.000000 0.015073 0 1
TD13TRACE 1832 133.620000 133.620000 132.000000 0.012803 0 1
TD13TRACE 1833 133.620000 133.620000 132.000000 0.014077 0 1
TD13TRACE 1834 133.620000 133.620000 132.000000 0.014464 0 1
TD13TRACE 1835 133.620000 133.620000 132.000000 0.013446 0 1
TD13TRACE 1836 133.620000 133.620000 132.000000 0.013374 0 1
TD13TRACE 1837 133.620000 133.620000 132.000000 0.014727 0 1
TD13TRACE 1838 133.620000 133.620000 132.000000 0.012971 0 1
TD13TRACE 1839 133.620000 133.620000 132.000000 0.014182 0 1
TD13TRACE 1840 133.620000 133.620000 132.000000 0.014681 0 1
TD13TRACE 1841 133.620000 133.620000 132.000000 0.013339 0 1
TD13TRACE 1842 133.620000 133.620000 132.000000 0.013137 0 1
TD13TRACE 1843 133.620000 133.620000 132.000000 0.014988 0 1
TD13TRACE 1844 133.620000 133.620000 132.000000 0.013502 0 1
TD13TRACE 1845 133.620000 133.620000 132.000000 0.013570 0 1
TD13TRACE 1846 133.620000 133.620000 132.000000 0.014652 0 1
TD13TRACE 1847 133.620000 133.620000 132.000000 0.013129 0 1
TD13TRACE 1848 133.620000 133.620000 132.000000 0.013765 0 1
TD13TRACE 1849 133.620000 133.620000 132.000000 0.014754 0 1
TD13TRACE 1850 133.620000 133.620000 132.000000 0.013110 0 1
TD13TRACE 1851 133.620000 133.620000 132.000000 0.014377 0 1
TD13TRACE 1852 133.620000 133.620000 132.000000 0.014495 0 1
TD13TRACE 1853 133.620000 133.620000 132.000000 0.013204 0 1
TD13TRACE 1854 133.620000 133.620000 132.000000 0.013559 0 1
TD13TRACE 1855 133.620000 133.620000 132.000000 0.015023 0 1
TD13TRACE 1856 133.620000 133.620000 132.000000 0.013033 0 1
TD13TRACE 1857 133.620000 133.620000 132.000000 0.013514 0 1
TD13TRACE 1858 133.620000 133.620000 132.000000 0.014514 0 1
TD13TRACE 1859 133.620000 133.620000 132.000000 0.013976 0 1
TD13TRACE 1860 133.620000 133.620000 132.000000 0.013368 0 1
TD13TRACE 1861 133.620000 133.620000 132.000000 0.014845 0 1
TD13TRACE 1862 133.620000 133.620000 132.000000 0.013055 0 1
TD13TRACE 1863 133.620000 133.620000 132.000000 0.013589 0 1
TD13TRACE 1864 133.620000 133.620000 132.000000 0.014742 0 1
TD13TRACE 1865 133.620000 133.620000 132.000000 0.013039 0 1
TD13TRACE 1866 133.620000 133.620000 132.000000 0.013738 0 1
TD13TRACE 1867 133.620000 133.620000 132.000000 0.014961 0 1
TD13TRACE 1868 133.620000 133.620000 132.000000 0.013332 0 1
TD13TRACE 1869 133.620000 133.620000 132.000000 0.013343 0 1
TD13TRACE 1870 133.620000 133.620000 132.000000 0.014938 0 1
TD13TRACE 1871 133.620000 133.620000 132.000000 0.013301 0 1
TD13TRACE 1872 133.620000 133.620000 132.000000 0.013637 0 1
TD13TRACE 1873 133.620000 133.620000 132.000000 0.014905 0 1
TD13TRACE 1874 133.620000 133.620000 132.000000 0.013012 0 1
TD13TRACE 1875 133.620000 133.620000 132.000000 0.013460 0 1
TD13TRACE 1876 133.620000 133.620000 132.000000 0.014505 0 1
TD13TRACE 1877 133.620000 133.620000 132.000000 0.013198 0 1
TD13TRACE 1878 133.620000 133.620000 132.000000 0.013898 0 1
TD13TRACE 1879 133.620000 133.620000 132.000000 0.014571 0 1
TD13TRACE 1880 133.620000 133.620000 132.000000 0.013299 0 1
TD13TRACE 1881 133.620000 133.620000 132.000000 0.014008 0 1
TD13TRACE 1882 133.620000 133.620000 132.000000 0.014898 0 1
TD13TRACE 1883 133.620000 133.620000 132.000000 0.012958 0 1
TD13TRACE 1884 133.620000 133.620000 132.000000 0.013889 0 1
TD13TRACE 1885 133.620000 133.620000 132.000000 0.014547 0 1
TD13TRACE 1886 133.620000 133.620000 132.000000 0.013659 0 1
TD13TRACE 1887 133.620000 133.620000 132.000000 0.013387 0 1
TD13TRACE 1888 133.620000 133.620000 132.000000 0.014950 0 1
TD13TRACE 1889 133.620000 133.620000 132.000000 0.013306 0 1
TD13TRACE 1890 133.620000 133.620000 132.000000 0.013732 0 1
TD13TRACE 1891 133.620000 133.620000 132.000000 0.014598 0 1
TD13TRACE 1892 133.620000 133.620000 132.000000 0.013081 0 1
TD13TRACE 1893 133.620000 133.620000 132.000000 0.013944 0 1
TD13TRACE 1894 133.620000 133.620000 132.000000 0.014627 0 1
TD13TRACE 1895 133.620000 133.620000 132.000000 0.013350 0 1
TD13TRACE 1896 133.620000 133.620000 132.000000 0.013146 0 1
TD13TRACE 1897 133.620000 133.620000 132.000000 0.015305 0 1
TD13TRACE 1898 133.620000 133.620000 132.000000 0.012682 0 1
TD13TRACE 1899 133.620000 133.620000 132.000000 0.014213 0 1
TD13TRACE 1900 133.620000 133.620000 132.000000 0.014516 0 1
TD13TRACE 1901 133.620000 133.620000 132.000000 0.013432 0 1
TD13TRACE 1902 133.620000 133.620000 132.000000 0.013597 0 1
TD13TRACE 1903 133.620000 133.620000 132.000000 0.014561 0 1
TD13TRACE 1904 133.620000 133.620000 132.000000 0.013247 0 1
TD13TRACE 1905 133.620000 133.620000 132.000000 0.014084 0 1
TD13TRACE 1906 133.620000 133.620000 132.000000 0.014333 0 1
TD13TRACE 1907 133.620000 133.620000 132.000000 0.013311 0 1
TD13TRACE 1908 133.620000 133.620000 132.000000 0.013971 0 1
TD13TRACE 1909 133.620000 133.620000 132.000000 0.014543 0 1
TD13TRACE 1910 133.620000 133.620000 132.000000 0.013513 0 1
TD13TRACE 1911 133.620000 133.620000 132.000000 0.013552 0 1
TD13TRACE 1912 133.620000 133.620000 132.000000 0.014666 0 1
TD13TRACE 1913 133.620000 133.620000 132.000000 0.013067 0 1
TD13TRACE 1914 133.620000 133.620000 132.000000 0.013924 0 1
TD13TRACE 1915 133.620000 133.620000 132.000000 0.014547 0 1
TD13TRACE 1916 133.620000 133.620000 132.000000 0.012975 0 1
TD13TRACE 1917 133.620000 133.620000 132.000000 0.013764 0 1
TD13TRACE 1918 133.620000 133.620000 132.000000 0.015040 0 1
TD13TRACE 1919 133.620000 133.620000 132.000000 0.013477 0 1
TD13TRACE 1920 133.620000 133.620000 132.000000 0.013389 0 1
TD13TRACE 1921 133.620000 133.620000 132.000000 0.014822 0 1
TD13TRACE 1922 133.620000 133.620000 132.000000 0.012783 0 1
TD13TRACE 1923 133.620000 133.620000 132.000000 0.014051 0 1
TD13TRACE 1924 133.620000 133.620000 132.000000 0.014873 0 1
TD13TRACE 1925 133.620000 133.620000 132.000000 0.013484 0 1
TD13TRACE 1926 133.620000 133.620000 132.000000 0.013227 0 1
TD13TRACE 1927 133.620000 133.620000 132.000000 0.015152 0 1
TD13TRACE 1928 133.620000 133.620000 132.000000 0.013130 0 1
TD13TRACE 1929 133.620000 133.620000 132.000000 0.013535 0 1
TD13TRACE 1930 133.620000 133.620000 132.000000 0.014402 0 1
TD13TRACE 1931 133.620000 133.620000 132.000000 0.013462 0 1
TD13TRACE 1932 133.620000 133.620000 132.000000 0.013766 0 1
TD13TRACE 1933 133.620000 133.620000 132.000000 0.014455 0 1
TD13TRACE 1934 133.620000 133.620000 132.000000 0.013620 0 1
TD13TRACE 1935 133.620000 133.620000 132.000000 0.013800 0 1
TD13TRACE 1936 133.620000 133.620000 132.000000 0.014740 0 1
TD13TRACE 1937 133.620000 133.620000 132.000000 0.013123 0 1
TD13TRACE 1938 133.620000 133.620000 132.000000 0.013539 0 1
TD13TRACE 1939 133.620000 133.620000 132.000000 0.014519 0 1
TD13TRACE 1940 133.620000 133.620000 132.000000 0.013262 0 1
TD13TRACE 1941 133.620000 133.620000 132.000000 0.014327 0 1
TD13TRACE 1942 133.620000 133.620000 132.000000 0.014464 0 1
TD13TRACE 1943 133.620000 133.620000 132.000000 0.013093 0 1
TD13TRACE 1944 133.620000 133.620000 132.000000 0.014006 0 1
TD13TRACE 1945 133.620000 133.620000 132.000000 0.014774 0 1
TD13TRACE 1946 133.620000 133.620000 132.000000 0.012804 0 1
TD13TRACE 1947 133.620000 133.620000 132.000000 0.013719 0 1
[2026-09-15 06:53:18.109] [info] fps 72.0 | pos (0.50, 132.00, -4.70) | chunks 126 | stream-meshed 117
TD13TRACE 1948 133.620000 133.620000 132.000000 0.014661 0 1
TD13TRACE 1949 133.620000 133.620000 132.000000 0.013212 0 1
TD13TRACE 1950 133.620000 133.620000 132.000000 0.013682 0 1
TD13TRACE 1951 133.620000 133.620000 132.000000 0.014745 0 1
TD13TRACE 1952 133.620000 133.620000 132.000000 0.013272 0 1
TD13TRACE 1953 133.620000 133.620000 132.000000 0.013671 0 1
TD13TRACE 1954 133.620000 133.620000 132.000000 0.014762 0 1
TD13TRACE 1955 133.620000 133.620000 132.000000 0.012786 0 1
TD13TRACE 1956 133.620000 133.620000 132.000000 0.014294 0 1
TD13TRACE 1957 133.620000 133.620000 132.000000 0.014448 0 1
TD13TRACE 1958 133.620000 133.620000 132.000000 0.013339 0 1
TD13TRACE 1959 133.620000 133.620000 132.000000 0.013709 0 1
TD13TRACE 1960 133.620000 133.620000 132.000000 0.015082 0 1
TD13TRACE 1961 133.620000 133.620000 132.000000 0.013250 0 1
TD13TRACE 1962 133.620000 133.620000 132.000000 0.013423 0 1
TD13TRACE 1963 133.620000 133.620000 132.000000 0.014378 0 1
TD13TRACE 1964 133.620000 133.620000 132.000000 0.013540 0 1
TD13TRACE 1965 133.620000 133.620000 132.000000 0.014271 0 1
TD13TRACE 1966 133.620000 133.620000 132.000000 0.014105 0 1
TD13TRACE 1967 133.620000 133.620000 132.000000 0.013474 0 1
TD13TRACE 1968 133.620000 133.620000 132.000000 0.013696 0 1
TD13TRACE 1969 133.620000 133.620000 132.000000 0.014677 0 1
TD13TRACE 1970 133.620000 133.620000 132.000000 0.013545 0 1
TD13TRACE 1971 133.620000 133.620000 132.000000 0.013897 0 1
TD13TRACE 1972 133.620000 133.620000 132.000000 0.014713 0 1
TD13TRACE 1973 133.620000 133.620000 132.000000 0.012883 0 1
TD13TRACE 1974 133.620000 133.620000 132.000000 0.013775 0 1
TD13TRACE 1975 133.620000 133.620000 132.000000 0.014297 0 1
TD13TRACE 1976 133.620000 133.620000 132.000000 0.013856 0 1
TD13TRACE 1977 133.620000 133.620000 132.000000 0.013458 0 1
TD13TRACE 1978 133.620000 133.620000 132.000000 0.014535 0 1
TD13TRACE 1979 133.620000 133.620000 132.000000 0.013102 0 1
TD13TRACE 1980 133.620000 133.620000 132.000000 0.013724 0 1
TD13TRACE 1981 133.620000 133.620000 132.000000 0.014491 0 1
TD13TRACE 1982 133.620000 133.620000 132.000000 0.013470 0 1
TD13TRACE 1983 133.620000 133.620000 132.000000 0.014919 0 1
TD13TRACE 1984 133.620000 133.620000 132.000000 0.014067 0 1
TD13TRACE 1985 133.620000 133.620000 132.000000 0.012026 0 1
TD13TRACE 1986 133.620000 133.620000 132.000000 0.008041 0 1
TD13TRACE 1987 133.620000 133.620000 132.000000 0.013571 0 1
TD13TRACE 1988 133.620000 133.620000 132.000000 0.013322 0 1
TD13TRACE 1989 133.620000 133.620000 132.000000 0.014359 0 1
TD13TRACE 1990 133.620000 133.620000 132.000000 0.013886 0 1
TD13TRACE 1991 133.620000 133.620000 132.000000 0.013606 0 1
TD13TRACE 1992 133.620000 133.620000 132.000000 0.014572 0 1
TD13TRACE 1993 133.620000 133.620000 132.000000 0.013267 0 1
TD13TRACE 1994 133.620000 133.620000 132.000000 0.014049 0 1
TD13TRACE 1995 133.620000 133.620000 132.000000 0.014371 0 1
TD13TRACE 1996 133.620000 133.620000 132.000000 0.013407 0 1
TD13TRACE 1997 133.620000 133.620000 132.000000 0.013958 0 1
TD13TRACE 1998 133.620000 133.620000 132.000000 0.014411 0 1
TD13TRACE 1999 133.620000 133.620000 132.000000 0.013303 0 1
TD13TRACE 2000 133.620000 133.620000 132.000000 0.013872 0 1
TD13TRACE 2001 133.620000 133.620000 132.000000 0.014779 0 1
TD13TRACE 2002 133.620000 133.620000 132.000000 0.013003 0 1
TD13TRACE 2003 133.620000 133.620000 132.000000 0.013949 0 1
TD13TRACE 2004 133.620000 133.620000 132.000000 0.014517 0 1
TD13TRACE 2005 133.620000 133.620000 132.000000 0.013082 0 1
TD13TRACE 2006 133.620000 133.620000 132.000000 0.013943 0 1
TD13TRACE 2007 133.620000 133.620000 132.000000 0.014586 0 1
TD13TRACE 2008 133.620000 133.620000 132.000000 0.013227 0 1
TD13TRACE 2009 133.620000 133.620000 132.000000 0.013875 0 1
TD13TRACE 2010 133.620000 133.620000 132.000000 0.014508 0 1
TD13TRACE 2011 133.620000 133.620000 132.000000 0.013315 0 1
TD13TRACE 2012 133.620000 133.620000 132.000000 0.013678 0 1
TD13TRACE 2013 133.620000 133.620000 132.000000 0.014763 0 1
TD13TRACE 2014 133.620000 133.620000 132.000000 0.013114 0 1
TD13TRACE 2015 133.620000 133.620000 132.000000 0.013624 0 1
TD13TRACE 2016 133.620000 133.620000 132.000000 0.014546 0 1
TD13TRACE 2017 133.620000 133.620000 132.000000 0.014063 0 1
TD13TRACE 2018 133.620000 133.620000 132.000000 0.013375 0 1
TD13TRACE 2019 133.620000 133.620000 132.000000 0.014630 0 1
TD13TRACE 2020 133.620000 133.620000 132.000000 0.013212 0 1
TD13TRACE 2021 133.620000 133.620000 132.000000 0.013638 0 1
TD13TRACE 2022 133.620000 133.620000 132.000000 0.014613 0 1
TD13TRACE 2023 133.620000 133.620000 132.000000 0.013345 0 1
TD13TRACE 2024 133.620000 133.620000 132.000000 0.013742 0 1
TD13TRACE 2025 133.620000 133.620000 132.000000 0.014498 0 1
TD13TRACE 2026 133.620000 133.620000 132.000000 0.013373 0 1
TD13TRACE 2027 133.620000 133.620000 132.000000 0.013867 0 1
TD13TRACE 2028 133.620000 133.620000 132.000000 0.014685 0 1
TD13TRACE 2029 133.620000 133.620000 132.000000 0.013530 0 1
TD13TRACE 2030 133.620000 133.620000 132.000000 0.013849 0 1
TD13TRACE 2031 133.620000 133.620000 132.000000 0.014636 0 1
TD13TRACE 2032 133.620000 133.620000 132.000000 0.013137 0 1
TD13TRACE 2033 133.620000 133.620000 132.000000 0.013695 0 1
TD13TRACE 2034 133.620000 133.620000 132.000000 0.014506 0 1
TD13TRACE 2035 133.620000 133.620000 132.000000 0.013501 0 1
TD13TRACE 2036 133.620000 133.620000 132.000000 0.013701 0 1
TD13TRACE 2037 133.620000 133.620000 132.000000 0.014541 0 1
TD13TRACE 2038 133.620000 133.620000 132.000000 0.012823 0 1
TD13TRACE 2039 133.620000 133.620000 132.000000 0.014207 0 1
TD13TRACE 2040 133.620000 133.620000 132.000000 0.014209 0 1
TD13TRACE 2041 133.620000 133.620000 132.000000 0.013827 0 1
TD13TRACE 2042 133.620000 133.620000 132.000000 0.013853 0 1
TD13TRACE 2043 133.620000 133.620000 132.000000 0.014577 0 1
TD13TRACE 2044 133.620000 133.620000 132.000000 0.013094 0 1
TD13TRACE 2045 133.620000 133.620000 132.000000 0.013248 0 1
TD13TRACE 2046 133.620000 133.620000 132.000000 0.015051 0 1
TD13TRACE 2047 133.620000 133.620000 132.000000 0.013376 0 1
TD13TRACE 2048 133.620000 133.620000 132.000000 0.013681 0 1
TD13TRACE 2049 133.620000 133.620000 132.000000 0.014950 0 1
TD13TRACE 2050 133.620000 133.620000 132.000000 0.013423 0 1
TD13TRACE 2051 133.620000 133.620000 132.000000 0.013590 0 1
TD13TRACE 2052 133.620000 133.620000 132.000000 0.014533 0 1
TD13TRACE 2053 133.620000 133.620000 132.000000 0.013212 0 1
TD13TRACE 2054 133.620000 133.620000 132.000000 0.013835 0 1
TD13TRACE 2055 133.620000 133.620000 132.000000 0.014963 0 1
TD13TRACE 2056 133.620000 133.620000 132.000000 0.012498 0 1
TD13TRACE 2057 133.620000 133.620000 132.000000 0.014238 0 1
TD13TRACE 2058 133.620000 133.620000 132.000000 0.014648 0 1
TD13TRACE 2059 133.620000 133.620000 132.000000 0.013275 0 1
TD13TRACE 2060 133.620000 133.620000 132.000000 0.013414 0 1
TD13TRACE 2061 133.620000 133.620000 132.000000 0.014268 0 1
TD13TRACE 2062 133.620000 133.620000 132.000000 0.013799 0 1
TD13TRACE 2063 133.620000 133.620000 132.000000 0.013771 0 1
TD13TRACE 2064 133.620000 133.620000 132.000000 0.014652 0 1
TD13TRACE 2065 133.620000 133.620000 132.000000 0.013386 0 1
TD13TRACE 2066 133.620000 133.620000 132.000000 0.013600 0 1
TD13TRACE 2067 133.620000 133.620000 132.000000 0.014728 0 1
TD13TRACE 2068 133.620000 133.620000 132.000000 0.012964 0 1
TD13TRACE 2069 133.620000 133.620000 132.000000 0.013809 0 1
TD13TRACE 2070 133.620000 133.620000 132.000000 0.014526 0 1
TD13TRACE 2071 133.620000 133.620000 132.000000 0.013696 0 1
TD13TRACE 2072 133.620000 133.620000 132.000000 0.013168 0 1
TD13TRACE 2073 133.620000 133.620000 132.000000 0.014750 0 1
TD13TRACE 2074 133.620000 133.620000 132.000000 0.013315 0 1
TD13TRACE 2075 133.620000 133.620000 132.000000 0.013656 0 1
TD13TRACE 2076 133.620000 133.620000 132.000000 0.014496 0 1
TD13TRACE 2077 133.620000 133.620000 132.000000 0.013279 0 1
TD13TRACE 2078 133.620000 133.620000 132.000000 0.013832 0 1
TD13TRACE 2079 133.620000 133.620000 132.000000 0.014508 0 1
TD13TRACE 2080 133.620000 133.620000 132.000000 0.013573 0 1
TD13TRACE 2081 133.620000 133.620000 132.000000 0.013898 0 1
TD13TRACE 2082 133.620000 133.620000 132.000000 0.014691 0 1
TD13TRACE 2083 133.620000 133.620000 132.000000 0.013222 0 1
TD13TRACE 2084 133.620000 133.620000 132.000000 0.013593 0 1
TD13TRACE 2085 133.620000 133.620000 132.000000 0.014695 0 1
TD13TRACE 2086 133.620000 133.620000 132.000000 0.013482 0 1
TD13TRACE 2087 133.620000 133.620000 132.000000 0.013718 0 1
TD13TRACE 2088 133.620000 133.620000 132.000000 0.014586 0 1
TD13TRACE 2089 133.620000 133.620000 132.000000 0.013449 0 1
TD13TRACE 2090 133.620000 133.620000 132.000000 0.013625 0 1
TD13TRACE 2091 133.620000 133.620000 132.000000 0.014517 0 1
TD13TRACE 2092 133.620000 133.620000 132.000000 0.013408 0 1
[2026-09-15 06:53:20.115] [info] fps 72.2 | pos (0.50, 132.00, -4.70) | chunks 126 | stream-meshed 117
TD13TRACE 2093 133.620000 133.620000 132.000000 0.013802 0 1
TD13TRACE 2094 133.620000 133.620000 132.000000 0.014445 0 1
TD13TRACE 2095 133.620000 133.620000 132.000000 0.013443 0 1
TD13TRACE 2096 133.620000 133.620000 132.000000 0.014048 0 1
TD13TRACE 2097 133.620000 133.620000 132.000000 0.014420 0 1
TD13TRACE 2098 133.620000 133.620000 132.000000 0.013421 0 1
TD13TRACE 2099 133.620000 133.620000 132.000000 0.013679 0 1
TD13TRACE 2100 133.620000 133.620000 132.000000 0.014610 0 1
TD13TRACE 2101 133.620000 133.620000 132.000000 0.013407 0 1
TD13TRACE 2102 133.620000 133.620000 132.000000 0.013628 0 1
TD13TRACE 2103 133.620000 133.620000 132.000000 0.013894 0 1
TD13TRACE 2104 133.620000 133.620000 132.000000 0.014182 0 1
TD13TRACE 2105 133.620000 133.620000 132.000000 0.013676 0 1
TD13TRACE 2106 133.620000 133.620000 132.000000 0.014559 0 1
TD13TRACE 2107 133.620000 133.620000 132.000000 0.013289 0 1
TD13TRACE 2108 133.620000 133.620000 132.000000 0.013766 0 1
TD13TRACE 2109 133.620000 133.620000 132.000000 0.014336 0 1
TD13TRACE 2110 133.620000 133.620000 132.000000 0.013587 0 1
TD13TRACE 2111 133.620000 133.620000 132.000000 0.013445 0 1
TD13TRACE 2112 133.620000 133.620000 132.000000 0.014570 0 1
TD13TRACE 2113 133.620000 133.620000 132.000000 0.012949 0 1
TD13TRACE 2114 133.620000 133.620000 132.000000 0.014204 0 1
TD13TRACE 2115 133.620000 133.620000 132.000000 0.014459 0 1
TD13TRACE 2116 133.620000 133.620000 132.000000 0.013998 0 1
TD13TRACE 2117 133.620000 133.620000 132.000000 0.013198 0 1
TD13TRACE 2118 133.620000 133.620000 132.000000 0.014845 0 1
TD13TRACE 2119 133.620000 133.620000 132.000000 0.012776 0 1
TD13TRACE 2120 133.620000 133.620000 132.000000 0.014180 0 1
TD13TRACE 2121 133.620000 133.620000 132.000000 0.014657 0 1
TD13TRACE 2122 133.620000 133.620000 132.000000 0.013391 0 1
TD13TRACE 2123 133.620000 133.620000 132.000000 0.013553 0 1
TD13TRACE 2124 133.620000 133.620000 132.000000 0.014678 0 1
TD13TRACE 2125 133.620000 133.620000 132.000000 0.013323 0 1
TD13TRACE 2126 133.620000 133.620000 132.000000 0.013656 0 1
TD13TRACE 2127 133.620000 133.620000 132.000000 0.014662 0 1
TD13TRACE 2128 133.620000 133.620000 132.000000 0.013266 0 1
TD13TRACE 2129 133.620000 133.620000 132.000000 0.013674 0 1
TD13TRACE 2130 133.620000 133.620000 132.000000 0.015307 0 1
TD13TRACE 2131 133.620000 133.620000 132.000000 0.012871 0 1
TD13TRACE 2132 133.620000 133.620000 132.000000 0.013668 0 1
TD13TRACE 2133 133.620000 133.620000 132.000000 0.014660 0 1
TD13TRACE 2134 133.620000 133.620000 132.000000 0.012871 0 1
TD13TRACE 2135 133.620000 133.620000 132.000000 0.014334 0 1
TD13TRACE 2136 133.620000 133.620000 132.000000 0.014237 0 1
TD13TRACE 2137 133.620000 133.620000 132.000000 0.013970 0 1
TD13TRACE 2138 133.620000 133.620000 132.000000 0.013519 0 1
TD13TRACE 2139 133.620000 133.620000 132.000000 0.014532 0 1
TD13TRACE 2140 133.620000 133.620000 132.000000 0.013196 0 1
TD13TRACE 2141 133.620000 133.620000 132.000000 0.013924 0 1
TD13TRACE 2142 133.620000 133.620000 132.000000 0.014146 0 1
TD13TRACE 2143 133.620000 133.620000 132.000000 0.013920 0 1
TD13TRACE 2144 133.620000 133.620000 132.000000 0.013435 0 1
TD13TRACE 2145 133.620000 133.620000 132.000000 0.014777 0 1
TD13TRACE 2146 133.620000 133.620000 132.000000 0.013210 0 1
TD13TRACE 2147 133.620000 133.620000 132.000000 0.013589 0 1
TD13TRACE 2148 133.620000 133.620000 132.000000 0.014327 0 1
TD13TRACE 2149 133.620000 133.620000 132.000000 0.013520 0 1
TD13TRACE 2150 133.620000 133.620000 132.000000 0.013840 0 1
TD13TRACE 2151 133.620000 133.620000 132.000000 0.014687 0 1
TD13TRACE 2152 133.620000 133.620000 132.000000 0.013346 0 1
TD13TRACE 2153 133.620000 133.620000 132.000000 0.013135 0 1
TD13TRACE 2154 133.620000 133.620000 132.000000 0.014798 0 1
TD13TRACE 2155 133.620000 133.620000 132.000000 0.014043 0 1
TD13TRACE 2156 133.620000 133.620000 132.000000 0.013759 0 1
TD13TRACE 2157 133.620000 133.620000 132.000000 0.014400 0 1
TD13TRACE 2158 133.620000 133.620000 132.000000 0.013354 0 1
TD13TRACE 2159 133.620000 133.620000 132.000000 0.013634 0 1
TD13TRACE 2160 133.620000 133.620000 132.000000 0.014581 0 1
TD13TRACE 2161 133.620000 133.620000 132.000000 0.013155 0 1
TD13TRACE 2162 133.620000 133.620000 132.000000 0.013707 0 1
TD13TRACE 2163 133.620000 133.620000 132.000000 0.014811 0 1
TD13TRACE 2164 133.620000 133.620000 132.000000 0.013307 0 1
TD13TRACE 2165 133.620000 133.620000 132.000000 0.013554 0 1
TD13TRACE 2166 133.620000 133.620000 132.000000 0.014837 0 1
TD13TRACE 2167 133.620000 133.620000 132.000000 0.013166 0 1
TD13TRACE 2168 133.620000 133.620000 132.000000 0.014072 0 1
TD13TRACE 2169 133.620000 133.620000 132.000000 0.014593 0 1
TD13TRACE 2170 133.620000 133.620000 132.000000 0.013100 0 1
TD13TRACE 2171 133.620000 133.620000 132.000000 0.013833 0 1
TD13TRACE 2172 133.620000 133.620000 132.000000 0.014512 0 1
TD13TRACE 2173 133.620000 133.620000 132.000000 0.013099 0 1
TD13TRACE 2174 133.620000 133.620000 132.000000 0.013695 0 1
TD13TRACE 2175 133.620000 133.620000 132.000000 0.015140 0 1
TD13TRACE 2176 133.620000 133.620000 132.000000 0.013188 0 1
TD13TRACE 2177 133.620000 133.620000 132.000000 0.013466 0 1
TD13TRACE 2178 133.620000 133.620000 132.000000 0.014556 0 1
TD13TRACE 2179 133.620000 133.620000 132.000000 0.013366 0 1
TD13TRACE 2180 133.620000 133.620000 132.000000 0.013642 0 1
TD13TRACE 2181 133.620000 133.620000 132.000000 0.014705 0 1
TD13TRACE 2182 133.620000 133.620000 132.000000 0.013321 0 1
TD13TRACE 2183 133.620000 133.620000 132.000000 0.013692 0 1
TD13TRACE 2184 133.620000 133.620000 132.000000 0.014738 0 1
TD13TRACE 2185 133.620000 133.620000 132.000000 0.013554 0 1
TD13TRACE 2186 133.620000 133.620000 132.000000 0.013898 0 1
TD13TRACE 2187 133.620000 133.620000 132.000000 0.014798 0 1
TD13TRACE 2188 133.620000 133.620000 132.000000 0.012990 0 1
TD13TRACE 2189 133.620000 133.620000 132.000000 0.013624 0 1
TD13TRACE 2190 133.620000 133.620000 132.000000 0.014674 0 1
TD13TRACE 2191 133.620000 133.620000 132.000000 0.013385 0 1
TD13TRACE 2192 133.620000 133.620000 132.000000 0.013504 0 1
TD13TRACE 2193 133.620000 133.620000 132.000000 0.014586 0 1
TD13TRACE 2194 133.620000 133.620000 132.000000 0.012961 0 1
TD13TRACE 2195 133.620000 133.620000 132.000000 0.014450 0 1
TD13TRACE 2196 133.620000 133.620000 132.000000 0.014492 0 1
TD13TRACE 2197 133.620000 133.620000 132.000000 0.013155 0 1
TD13TRACE 2198 133.620000 133.620000 132.000000 0.013917 0 1
TD13TRACE 2199 133.620000 133.620000 132.000000 0.014378 0 1
TD13TRACE 2200 133.620000 133.620000 132.000000 0.013346 0 1
TD13TRACE 2201 133.620000 133.620000 132.000000 0.013673 0 1
TD13TRACE 2202 133.620000 133.620000 132.000000 0.014647 0 1
TD13TRACE 2203 133.620000 133.620000 132.000000 0.013203 0 1
TD13TRACE 2204 133.620000 133.620000 132.000000 0.014018 0 1
TD13TRACE 2205 133.620000 133.620000 132.000000 0.014502 0 1
TD13TRACE 2206 133.620000 133.620000 132.000000 0.013071 0 1
TD13TRACE 2207 133.620000 133.620000 132.000000 0.013884 0 1
TD13TRACE 2208 133.620000 133.620000 132.000000 0.014467 0 1
TD13TRACE 2209 133.620000 133.620000 132.000000 0.013518 0 1
TD13TRACE 2210 133.620000 133.620000 132.000000 0.013732 0 1
TD13TRACE 2211 133.620000 133.620000 132.000000 0.014585 0 1
TD13TRACE 2212 133.620000 133.620000 132.000000 0.013095 0 1
TD13TRACE 2213 133.620000 133.620000 132.000000 0.014027 0 1
TD13TRACE 2214 133.620000 133.620000 132.000000 0.014515 0 1
TD13TRACE 2215 133.620000 133.620000 132.000000 0.013195 0 1
TD13TRACE 2216 133.620000 133.620000 132.000000 0.013604 0 1
TD13TRACE 2217 133.620000 133.620000 132.000000 0.014796 0 1
TD13TRACE 2218 133.620000 133.620000 132.000000 0.013571 0 1
TD13TRACE 2219 133.620000 133.620000 132.000000 0.013843 0 1
TD13TRACE 2220 133.620000 133.620000 132.000000 0.014456 0 1
TD13TRACE 2221 133.620000 133.620000 132.000000 0.013345 0 1
TD13TRACE 2222 133.620000 133.620000 132.000000 0.013404 0 1
TD13TRACE 2223 133.620000 133.620000 132.000000 0.015070 0 1
TD13TRACE 2224 133.620000 133.620000 132.000000 0.013203 0 1
TD13TRACE 2225 133.620000 133.620000 132.000000 0.013814 0 1
TD13TRACE 2226 133.620000 133.620000 132.000000 0.014550 0 1
TD13TRACE 2227 133.620000 133.620000 132.000000 0.013174 0 1
TD13TRACE 2228 133.620000 133.620000 132.000000 0.013423 0 1
TD13TRACE 2229 133.620000 133.620000 132.000000 0.014607 0 1
TD13TRACE 2230 133.620000 133.620000 132.000000 0.013339 0 1
TD13TRACE 2231 133.620000 133.620000 132.000000 0.013933 0 1
TD13TRACE 2232 133.620000 133.620000 132.000000 0.014922 0 1
TD13TRACE 2233 133.620000 133.620000 132.000000 0.013091 0 1
TD13TRACE 2234 133.620000 133.620000 132.000000 0.013581 0 1
TD13TRACE 2235 133.620000 133.620000 132.000000 0.014287 0 1
TD13TRACE 2236 133.620000 133.620000 132.000000 0.013363 0 1
TD13TRACE 2237 133.620000 133.620000 132.000000 0.013694 0 1
[2026-09-15 06:53:22.129] [info] fps 72.0 | pos (0.50, 132.00, -4.70) | chunks 126 | stream-meshed 117
TD13TRACE 2238 133.620000 133.620000 132.000000 0.014866 0 1
TD13TRACE 2239 133.620000 133.620000 132.000000 0.013092 0 1
TD13TRACE 2240 133.620000 133.620000 132.000000 0.013789 0 1
TD13TRACE 2241 133.620000 133.620000 132.000000 0.014776 0 1
TD13TRACE 2242 133.620000 133.620000 132.000000 0.013292 0 1
TD13TRACE 2243 133.620000 133.620000 132.000000 0.013655 0 1
TD13TRACE 2244 133.620000 133.620000 132.000000 0.014773 0 1
TD13TRACE 2245 133.620000 133.620000 132.000000 0.013407 0 1
TD13TRACE 2246 133.620000 133.620000 132.000000 0.013746 0 1
TD13TRACE 2247 133.620000 133.620000 132.000000 0.014518 0 1
TD13TRACE 2248 133.620000 133.620000 132.000000 0.013433 0 1
TD13TRACE 2249 133.620000 133.620000 132.000000 0.013395 0 1
TD13TRACE 2250 133.620000 133.620000 132.000000 0.014545 0 1
TD13TRACE 2251 133.620000 133.620000 132.000000 0.013426 0 1
TD13TRACE 2252 133.620000 133.620000 132.000000 0.013991 0 1
TD13TRACE 2253 133.620000 133.620000 132.000000 0.014499 0 1
TD13TRACE 2254 133.620000 133.620000 132.000000 0.013206 0 1
TD13TRACE 2255 133.620000 133.620000 132.000000 0.013409 0 1
TD13TRACE 2256 133.620000 133.620000 132.000000 0.014748 0 1
[2026-09-15 06:53:22.393] [info] autosave: 0 chunk(s) queued for async write, level written (ticks=1198)
TD13TRACE 2257 133.620000 133.620000 132.000000 0.013926 0 1
TD13TRACE 2258 133.620000 133.620000 132.000000 0.013331 0 1
TD13TRACE 2259 133.620000 133.620000 132.000000 0.014654 0 1
TD13TRACE 2260 133.620000 133.620000 132.000000 0.013071 0 1
TD13TRACE 2261 133.620000 133.620000 132.000000 0.013838 0 1
TD13TRACE 2262 133.620000 133.620000 132.000000 0.014882 0 1
TD13TRACE 2263 133.620000 133.620000 132.000000 0.013007 0 1
TD13TRACE 2264 133.620000 133.620000 132.000000 0.013925 0 1
TD13TRACE 2265 133.620000 133.620000 132.000000 0.014736 0 1
TD13TRACE 2266 133.620000 133.620000 132.000000 0.013168 0 1
TD13TRACE 2267 133.620000 133.620000 132.000000 0.013814 0 1
TD13TRACE 2268 133.620000 133.620000 132.000000 0.014695 0 1
TD13TRACE 2269 133.620000 133.620000 132.000000 0.013300 0 1
TD13TRACE 2270 133.620000 133.620000 132.000000 0.013708 0 1
TD13TRACE 2271 133.620000 133.620000 132.000000 0.014506 0 1
TD13TRACE 2272 133.620000 133.620000 132.000000 0.013346 0 1
TD13TRACE 2273 133.620000 133.620000 132.000000 0.014133 0 1
TD13TRACE 2274 133.620000 133.620000 132.000000 0.014536 0 1
TD13TRACE 2275 133.620000 133.620000 132.000000 0.013114 0 1
TD13TRACE 2276 133.620000 133.620000 132.000000 0.013698 0 1
TD13TRACE 2277 133.620000 133.620000 132.000000 0.014494 0 1
TD13TRACE 2278 133.620000 133.620000 132.000000 0.013220 0 1
TD13TRACE 2279 133.620000 133.620000 132.000000 0.013648 0 1
TD13TRACE 2280 133.620000 133.620000 132.000000 0.014859 0 1
TD13TRACE 2281 133.620000 133.620000 132.000000 0.013231 0 1
TD13TRACE 2282 133.620000 133.620000 132.000000 0.013806 0 1
TD13TRACE 2283 133.620000 133.620000 132.000000 0.014277 0 1
TD13TRACE 2284 133.620000 133.620000 132.000000 0.013646 0 1
TD13TRACE 2285 133.620000 133.620000 132.000000 0.013723 0 1
TD13TRACE 2286 133.620000 133.620000 132.000000 0.014669 0 1
TD13TRACE 2287 133.620000 133.620000 132.000000 0.013289 0 1
TD13TRACE 2288 133.620000 133.620000 132.000000 0.014003 0 1
TD13TRACE 2289 133.620000 133.620000 132.000000 0.014748 0 1
TD13TRACE 2290 133.620000 133.620000 132.000000 0.013235 0 1
TD13TRACE 2291 133.620000 133.620000 132.000000 0.013666 0 1
TD13TRACE 2292 133.620000 133.620000 132.000000 0.014683 0 1
TD13TRACE 2293 133.620000 133.620000 132.000000 0.013094 0 1
TD13TRACE 2294 133.620000 133.620000 132.000000 0.013884 0 1
TD13TRACE 2295 133.620000 133.620000 132.000000 0.014838 0 1
TD13TRACE 2296 133.620000 133.620000 132.000000 0.013291 0 1
TD13TRACE 2297 133.620000 133.620000 132.000000 0.013678 0 1
TD13TRACE 2298 133.620000 133.620000 132.000000 0.014521 0 1
TD13TRACE 2299 133.620000 133.620000 132.000000 0.013327 0 1
TD13TRACE 2300 133.620000 133.620000 132.000000 0.013548 0 1
TD13TRACE 2301 133.620000 133.620000 132.000000 0.014799 0 1
TD13TRACE 2302 133.620000 133.620000 132.000000 0.013214 0 1
TD13TRACE 2303 133.620000 133.620000 132.000000 0.013769 0 1
TD13TRACE 2304 133.620000 133.620000 132.000000 0.014914 0 1
TD13TRACE 2305 133.620000 133.620000 132.000000 0.012837 0 1
TD13TRACE 2306 133.620000 133.620000 132.000000 0.013659 0 1
TD13TRACE 2307 133.620000 133.620000 132.000000 0.014881 0 1
TD13TRACE 2308 133.620000 133.620000 132.000000 0.013311 0 1
TD13TRACE 2309 133.620000 133.620000 132.000000 0.013899 0 1
TD13TRACE 2310 133.620000 133.620000 132.000000 0.014584 0 1
TD13TRACE 2311 133.620000 133.620000 132.000000 0.013387 0 1
TD13TRACE 2312 133.620000 133.620000 132.000000 0.013321 0 1
TD13TRACE 2313 133.620000 133.620000 132.000000 0.014785 0 1
TD13TRACE 2314 133.620000 133.620000 132.000000 0.013019 0 1
TD13TRACE 2315 133.620000 133.620000 132.000000 0.014265 0 1
TD13TRACE 2316 133.620000 133.620000 132.000000 0.014744 0 1
TD13TRACE 2317 133.620000 133.620000 132.000000 0.013112 0 1
TD13TRACE 2318 133.620000 133.620000 132.000000 0.013633 0 1
TD13TRACE 2319 133.620000 133.620000 132.000000 0.015296 0 1
TD13TRACE 2320 133.620000 133.620000 132.000000 0.012539 0 1
TD13TRACE 2321 133.620000 133.620000 132.000000 0.013756 0 1
TD13TRACE 2322 133.620000 133.620000 132.000000 0.014991 0 1
TD13TRACE 2323 133.620000 133.620000 132.000000 0.013025 0 1
TD13TRACE 2324 133.620000 133.620000 132.000000 0.013994 0 1
TD13TRACE 2325 133.620000 133.620000 132.000000 0.014285 0 1
TD13TRACE 2326 133.620000 133.620000 132.000000 0.013447 0 1
TD13TRACE 2327 133.620000 133.620000 132.000000 0.014046 0 1
TD13TRACE 2328 133.620000 133.620000 132.000000 0.014554 0 1
TD13TRACE 2329 133.620000 133.620000 132.000000 0.012942 0 1
TD13TRACE 2330 133.620000 133.620000 132.000000 0.013965 0 1
TD13TRACE 2331 133.620000 133.620000 132.000000 0.014606 0 1
TD13TRACE 2332 133.620000 133.620000 132.000000 0.013194 0 1
TD13TRACE 2333 133.620000 133.620000 132.000000 0.013756 0 1
TD13TRACE 2334 133.620000 133.620000 132.000000 0.014755 0 1
TD13TRACE 2335 133.620000 133.620000 132.000000 0.012730 0 1
TD13TRACE 2336 133.620000 133.620000 132.000000 0.014361 0 1
TD13TRACE 2337 133.620000 133.620000 132.000000 0.014401 0 1
TD13TRACE 2338 133.620000 133.620000 132.000000 0.013571 0 1
TD13TRACE 2339 133.620000 133.620000 132.000000 0.013810 0 1
TD13TRACE 2340 133.620000 133.620000 132.000000 0.014455 0 1
TD13TRACE 2341 133.620000 133.620000 132.000000 0.013277 0 1
TD13TRACE 2342 133.620000 133.620000 132.000000 0.013559 0 1
TD13TRACE 2343 133.620000 133.620000 132.000000 0.014301 0 1
TD13TRACE 2344 133.620000 133.620000 132.000000 0.013656 0 1
TD13TRACE 2345 133.620000 133.620000 132.000000 0.013462 0 1
TD13TRACE 2346 133.620000 133.620000 132.000000 0.014290 0 1
TD13TRACE 2347 133.620000 133.620000 132.000000 0.013624 0 1
TD13TRACE 2348 133.620000 133.620000 132.000000 0.013439 0 1
TD13TRACE 2349 133.620000 133.620000 132.000000 0.014236 0 1
TD13TRACE 2350 133.620000 133.620000 132.000000 0.013966 0 1
TD13TRACE 2351 133.620000 133.620000 132.000000 0.013797 0 1
TD13TRACE 2352 133.620000 133.620000 132.000000 0.014741 0 1
TD13TRACE 2353 133.620000 133.620000 132.000000 0.013237 0 1
TD13TRACE 2354 133.620000 133.620000 132.000000 0.013558 0 1
TD13TRACE 2355 133.620000 133.620000 132.000000 0.014562 0 1
TD13TRACE 2356 133.620000 133.620000 132.000000 0.013431 0 1
TD13TRACE 2357 133.620000 133.620000 132.000000 0.013534 0 1
TD13TRACE 2358 133.620000 133.620000 132.000000 0.014654 0 1
TD13TRACE 2359 133.620000 133.620000 132.000000 0.013416 0 1
TD13TRACE 2360 133.620000 133.620000 132.000000 0.013975 0 1
TD13TRACE 2361 133.620000 133.620000 132.000000 0.014718 0 1
TD13TRACE 2362 133.620000 133.620000 132.000000 0.012931 0 1
TD13TRACE 2363 133.620000 133.620000 132.000000 0.013939 0 1
TD13TRACE 2364 133.620000 133.620000 132.000000 0.014580 0 1
TD13TRACE 2365 133.620000 133.620000 132.000000 0.013506 0 1
TD13TRACE 2366 133.620000 133.620000 132.000000 0.013418 0 1
TD13TRACE 2367 133.620000 133.620000 132.000000 0.015001 0 1
TD13TRACE 2368 133.620000 133.620000 132.000000 0.013035 0 1
TD13TRACE 2369 133.620000 133.620000 132.000000 0.013805 0 1
TD13TRACE 2370 133.620000 133.620000 132.000000 0.014762 0 1
TD13TRACE 2371 133.620000 133.620000 132.000000 0.013026 0 1
TD13TRACE 2372 133.620000 133.620000 132.000000 0.013897 0 1
TD13TRACE 2373 133.620000 133.620000 132.000000 0.014654 0 1
TD13TRACE 2374 133.620000 133.620000 132.000000 0.013620 0 1
TD13TRACE 2375 133.620000 133.620000 132.000000 0.013701 0 1
TD13TRACE 2376 133.620000 133.620000 132.000000 0.014554 0 1
TD13TRACE 2377 133.620000 133.620000 132.000000 0.013092 0 1
TD13TRACE 2378 133.620000 133.620000 132.000000 0.013750 0 1
TD13TRACE 2379 133.620000 133.620000 132.000000 0.014974 0 1
TD13TRACE 2380 133.620000 133.620000 132.000000 0.013395 0 1
TD13TRACE 2381 133.620000 133.620000 132.000000 0.013060 0 1
[2026-09-15 06:53:24.129] [info] fps 72.0 | pos (0.50, 132.00, -4.70) | chunks 126 | stream-meshed 117
TD13TRACE 2382 133.620000 133.620000 132.000000 0.014680 0 1
TD13TRACE 2383 133.620000 133.620000 132.000000 0.014027 0 1
TD13TRACE 2384 133.620000 133.620000 132.000000 0.013526 0 1
TD13TRACE 2385 133.620000 133.620000 132.000000 0.014622 0 1
TD13TRACE 2386 133.620000 133.620000 132.000000 0.012637 0 1
TD13TRACE 2387 133.620000 133.620000 132.000000 0.014449 0 1
TD13TRACE 2388 133.620000 133.620000 132.000000 0.014523 0 1
TD13TRACE 2389 133.620000 133.620000 132.000000 0.013326 0 1
TD13TRACE 2390 133.620000 133.620000 132.000000 0.013661 0 1
TD13TRACE 2391 133.620000 133.620000 132.000000 0.014852 0 1
TD13TRACE 2392 133.620000 133.620000 132.000000 0.013154 0 1
TD13TRACE 2393 133.620000 133.620000 132.000000 0.013661 0 1
TD13TRACE 2394 133.620000 133.620000 132.000000 0.014686 0 1
TD13TRACE 2395 133.620000 133.620000 132.000000 0.013373 0 1
TD13TRACE 2396 133.620000 133.620000 132.000000 0.013565 0 1
TD13TRACE 2397 133.620000 133.620000 132.000000 0.014670 0 1
TD13TRACE 2398 133.620000 133.620000 132.000000 0.013113 0 1
TD13TRACE 2399 133.620000 133.620000 132.000000 0.013546 0 1
TD13TRACE 2400 133.620000 133.620000 132.000000 0.014624 0 1
TD13TRACE 2401 133.620000 133.620000 132.000000 0.013715 0 1
TD13TRACE 2402 133.620000 133.620000 132.000000 0.014069 0 1
TD13TRACE 2403 133.620000 133.620000 132.000000 0.014161 0 1
TD13TRACE 2404 133.620000 133.620000 132.000000 0.013098 0 1
TD13TRACE 2405 133.620000 133.620000 132.000000 0.013895 0 1
TD13TRACE 2406 133.620000 133.620000 132.000000 0.015128 0 1
TD13TRACE 2407 133.620000 133.620000 132.000000 0.013236 0 1
TD13TRACE 2408 133.620000 133.620000 132.000000 0.013505 0 1
TD13TRACE 2409 133.620000 133.620000 132.000000 0.014275 0 1
TD13TRACE 2410 133.620000 133.620000 132.000000 0.013580 0 1
TD13TRACE 2411 133.620000 133.620000 132.000000 0.013527 0 1
TD13TRACE 2412 133.620000 133.620000 132.000000 0.014527 0 1
TD13TRACE 2413 133.620000 133.620000 132.000000 0.013648 0 1
TD13TRACE 2414 133.620000 133.620000 132.000000 0.013614 0 1
TD13TRACE 2415 133.620000 133.620000 132.000000 0.014783 0 1
TD13TRACE 2416 133.620000 133.620000 132.000000 0.013057 0 1
TD13TRACE 2417 133.620000 133.620000 132.000000 0.013974 0 1
TD13TRACE 2418 133.620000 133.620000 132.000000 0.014616 0 1
TD13TRACE 2419 133.620000 133.620000 132.000000 0.012960 0 1
TD13TRACE 2420 133.620000 133.620000 132.000000 0.013962 0 1
TD13TRACE 2421 133.620000 133.620000 132.000000 0.014571 0 1
TD13TRACE 2422 133.620000 133.620000 132.000000 0.013051 0 1
TD13TRACE 2423 133.620000 133.620000 132.000000 0.013564 0 1
TD13TRACE 2424 133.620000 133.620000 132.000000 0.014997 0 1
TD13TRACE 2425 133.620000 133.620000 132.000000 0.013980 0 1
TD13TRACE 2426 133.620000 133.620000 132.000000 0.013265 0 1
TD13TRACE 2427 133.620000 133.620000 132.000000 0.014536 0 1
TD13TRACE 2428 133.620000 133.620000 132.000000 0.012892 0 1
TD13TRACE 2429 133.620000 133.620000 132.000000 0.014076 0 1
TD13TRACE 2430 133.620000 133.620000 132.000000 0.014845 0 1
TD13TRACE 2431 133.620000 133.620000 132.000000 0.013429 0 1
TD13TRACE 2432 133.620000 133.620000 132.000000 0.013401 0 1
TD13TRACE 2433 133.620000 133.620000 132.000000 0.014430 0 1
TD13TRACE 2434 133.620000 133.620000 132.000000 0.013819 0 1
TD13TRACE 2435 133.620000 133.620000 132.000000 0.013652 0 1
TD13TRACE 2436 133.620000 133.620000 132.000000 0.014436 0 1
TD13TRACE 2437 133.620000 133.620000 132.000000 0.013354 0 1
TD13TRACE 2438 133.620000 133.620000 132.000000 0.013836 0 1
TD13TRACE 2439 133.620000 133.620000 132.000000 0.014842 0 1
TD13TRACE 2440 133.620000 133.620000 132.000000 0.013148 0 1
TD13TRACE 2441 133.620000 133.620000 132.000000 0.013620 0 1
TD13TRACE 2442 133.620000 133.620000 132.000000 0.014927 0 1
TD13TRACE 2443 133.620000 133.620000 132.000000 0.012854 0 1
TD13TRACE 2444 133.620000 133.620000 132.000000 0.013839 0 1
TD13TRACE 2445 133.620000 133.620000 132.000000 0.014372 0 1
TD13TRACE 2446 133.620000 133.620000 132.000000 0.013593 0 1
TD13TRACE 2447 133.620000 133.620000 132.000000 0.014019 0 1
TD13TRACE 2448 133.620000 133.620000 132.000000 0.014777 0 1
TD13TRACE 2449 133.620000 133.620000 132.000000 0.013107 0 1
TD13TRACE 2450 133.620000 133.620000 132.000000 0.013264 0 1
TD13TRACE 2451 133.620000 133.620000 132.000000 0.014835 0 1
TD13TRACE 2452 133.620000 133.620000 132.000000 0.012958 0 1
TD13TRACE 2453 133.620000 133.620000 132.000000 0.013958 0 1
TD13TRACE 2454 133.620000 133.620000 132.000000 0.015065 0 1
TD13TRACE 2455 133.620000 133.620000 132.000000 0.013143 0 1
TD13TRACE 2456 133.620000 133.620000 132.000000 0.013401 0 1
TD13TRACE 2457 133.620000 133.620000 132.000000 0.014638 0 1
TD13TRACE 2458 133.620000 133.620000 132.000000 0.013748 0 1
TD13TRACE 2459 133.620000 133.620000 132.000000 0.013965 0 1
TD13TRACE 2460 133.620000 133.620000 132.000000 0.013815 0 1
TD13TRACE 2461 133.620000 133.620000 132.000000 0.013427 0 1
TD13TRACE 2462 133.620000 133.620000 132.000000 0.013713 0 1
TD13TRACE 2463 133.620000 133.620000 132.000000 0.015185 0 1
TD13TRACE 2464 133.620000 133.620000 132.000000 0.013131 0 1
TD13TRACE 2465 133.620000 133.620000 132.000000 0.013634 0 1
TD13TRACE 2466 133.620000 133.620000 132.000000 0.014861 0 1
TD13TRACE 2467 133.620000 133.620000 132.000000 0.012722 0 1
TD13TRACE 2468 133.620000 133.620000 132.000000 0.013609 0 1
TD13TRACE 2469 133.620000 133.620000 132.000000 0.015106 0 1
TD13TRACE 2470 133.620000 133.620000 132.000000 0.013666 0 1
TD13TRACE 2471 133.620000 133.620000 132.000000 0.013307 0 1
TD13TRACE 2472 133.620000 133.620000 132.000000 0.014805 0 1
TD13TRACE 2473 133.620000 133.620000 132.000000 0.012725 0 1
TD13TRACE 2474 133.620000 133.620000 132.000000 0.013736 0 1
TD13TRACE 2475 133.620000 133.620000 132.000000 0.015232 0 1
TD13TRACE 2476 133.620000 133.620000 132.000000 0.013345 0 1
TD13TRACE 2477 133.620000 133.620000 132.000000 0.013463 0 1
TD13TRACE 2478 133.620000 133.620000 132.000000 0.014526 0 1
TD13TRACE 2479 133.620000 133.620000 132.000000 0.013253 0 1
TD13TRACE 2480 133.620000 133.620000 132.000000 0.013921 0 1
TD13TRACE 2481 133.620000 133.620000 132.000000 0.015021 0 1
TD13TRACE 2482 133.620000 133.620000 132.000000 0.013151 0 1
TD13TRACE 2483 133.620000 133.620000 132.000000 0.013407 0 1
TD13TRACE 2484 133.620000 133.620000 132.000000 0.014848 0 1
TD13TRACE 2485 133.620000 133.620000 132.000000 0.013073 0 1
TD13TRACE 2486 133.620000 133.620000 132.000000 0.013871 0 1
TD13TRACE 2487 133.620000 133.620000 132.000000 0.014594 0 1
TD13TRACE 2488 133.620000 133.620000 132.000000 0.013109 0 1
TD13TRACE 2489 133.620000 133.620000 132.000000 0.014018 0 1
TD13TRACE 2490 133.620000 133.620000 132.000000 0.014467 0 1
TD13TRACE 2491 133.620000 133.620000 132.000000 0.013206 0 1
TD13TRACE 2492 133.620000 133.620000 132.000000 0.014022 0 1
TD13TRACE 2493 133.620000 133.620000 132.000000 0.014853 0 1
TD13TRACE 2494 133.620000 133.620000 132.000000 0.012906 0 1
TD13TRACE 2495 133.620000 133.620000 132.000000 0.013787 0 1
TD13TRACE 2496 133.620000 133.620000 132.000000 0.014822 0 1
TD13TRACE 2497 133.620000 133.620000 132.000000 0.013173 0 1
TD13TRACE 2498 133.620000 133.620000 132.000000 0.013766 0 1
TD13TRACE 2499 133.620000 133.620000 132.000000 0.014858 0 1
TD13TRACE 2500 133.620000 133.620000 132.000000 0.013192 0 1
TD13TRACE 2501 133.620000 133.620000 132.000000 0.013216 0 1
TD13TRACE 2502 133.620000 133.620000 132.000000 0.014636 0 1
TD13TRACE 2503 133.620000 133.620000 132.000000 0.013484 0 1
TD13TRACE 2504 133.620000 133.620000 132.000000 0.013552 0 1
TD13TRACE 2505 133.620000 133.620000 132.000000 0.015014 0 1
TD13TRACE 2506 133.620000 133.620000 132.000000 0.013262 0 1
TD13TRACE 2507 133.620000 133.620000 132.000000 0.013537 0 1
TD13TRACE 2508 133.620000 133.620000 132.000000 0.014411 0 1
TD13TRACE 2509 133.620000 133.620000 132.000000 0.013385 0 1
TD13TRACE 2510 133.620000 133.620000 132.000000 0.013873 0 1
TD13TRACE 2511 133.620000 133.620000 132.000000 0.014514 0 1
TD13TRACE 2512 133.620000 133.620000 132.000000 0.013230 0 1
TD13TRACE 2513 133.620000 133.620000 132.000000 0.013803 0 1
TD13TRACE 2514 133.620000 133.620000 132.000000 0.014811 0 1
TD13TRACE 2515 133.620000 133.620000 132.000000 0.013052 0 1
TD13TRACE 2516 133.620000 133.620000 132.000000 0.013698 0 1
TD13TRACE 2517 133.620000 133.620000 132.000000 0.014647 0 1
TD13TRACE 2518 133.620000 133.620000 132.000000 0.013515 0 1
TD13TRACE 2519 133.620000 133.620000 132.000000 0.013769 0 1
TD13TRACE 2520 133.620000 133.620000 132.000000 0.014632 0 1
TD13TRACE 2521 133.620000 133.620000 132.000000 0.013234 0 1
TD13TRACE 2522 133.620000 133.620000 132.000000 0.013574 0 1
TD13TRACE 2523 133.620000 133.620000 132.000000 0.014728 0 1
TD13TRACE 2524 133.620000 133.620000 132.000000 0.013208 0 1
TD13TRACE 2525 133.620000 133.620000 132.000000 0.013922 0 1
[2026-09-15 06:53:26.130] [info] fps 72.0 | pos (0.50, 132.00, -4.70) | chunks 126 | stream-meshed 117
TD13TRACE 2526 133.620000 133.620000 132.000000 0.014832 0 1
TD13TRACE 2527 133.620000 133.620000 132.000000 0.013444 0 1
TD13TRACE 2528 133.620000 133.620000 132.000000 0.013333 0 1
TD13TRACE 2529 133.620000 133.620000 132.000000 0.014640 0 1
TD13TRACE 2530 133.620000 133.620000 132.000000 0.013711 0 1
TD13TRACE 2531 133.620000 133.620000 132.000000 0.013307 0 1
TD13TRACE 2532 133.620000 133.620000 132.000000 0.014469 0 1
TD13TRACE 2533 133.620000 133.620000 132.000000 0.013308 0 1
TD13TRACE 2534 133.620000 133.620000 132.000000 0.013907 0 1
TD13TRACE 2535 133.620000 133.620000 132.000000 0.014481 0 1
TD13TRACE 2536 133.620000 133.620000 132.000000 0.013536 0 1
TD13TRACE 2537 133.620000 133.620000 132.000000 0.013515 0 1
TD13TRACE 2538 133.620000 133.620000 132.000000 0.014610 0 1
TD13TRACE 2539 133.620000 133.620000 132.000000 0.013663 0 1
TD13TRACE 2540 133.620000 133.620000 132.000000 0.013471 0 1
TD13TRACE 2541 133.620000 133.620000 132.000000 0.014632 0 1
TD13TRACE 2542 133.620000 133.620000 132.000000 0.013181 0 1
TD13TRACE 2543 133.620000 133.620000 132.000000 0.013791 0 1
TD13TRACE 2544 133.620000 133.620000 132.000000 0.014831 0 1
TD13TRACE 2545 133.620000 133.620000 132.000000 0.012820 0 1
TD13TRACE 2546 133.620000 133.620000 132.000000 0.014144 0 1
TD13TRACE 2547 133.620000 133.620000 132.000000 0.014493 0 1
TD13TRACE 2548 133.620000 133.620000 132.000000 0.013243 0 1
TD13TRACE 2549 133.620000 133.620000 132.000000 0.013771 0 1
TD13TRACE 2550 133.620000 133.620000 132.000000 0.014825 0 1
TD13TRACE 2551 133.620000 133.620000 132.000000 0.013112 0 1
TD13TRACE 2552 133.620000 133.620000 132.000000 0.013642 0 1
TD13TRACE 2553 133.620000 133.620000 132.000000 0.014819 0 1
TD13TRACE 2554 133.620000 133.620000 132.000000 0.013303 0 1
TD13TRACE 2555 133.620000 133.620000 132.000000 0.013729 0 1
TD13TRACE 2556 133.620000 133.620000 132.000000 0.014754 0 1
TD13TRACE 2557 133.620000 133.620000 132.000000 0.013288 0 1
TD13TRACE 2558 133.620000 133.620000 132.000000 0.013417 0 1
TD13TRACE 2559 133.620000 133.620000 132.000000 0.014863 0 1
TD13TRACE 2560 133.620000 133.620000 132.000000 0.013052 0 1
TD13TRACE 2561 133.620000 133.620000 132.000000 0.013918 0 1
TD13TRACE 2562 133.620000 133.620000 132.000000 0.014724 0 1
TD13TRACE 2563 133.620000 133.620000 132.000000 0.013000 0 1
TD13TRACE 2564 133.620000 133.620000 132.000000 0.013928 0 1
TD13TRACE 2565 133.620000 133.620000 132.000000 0.014736 0 1
TD13TRACE 2566 133.620000 133.620000 132.000000 0.013402 0 1
TD13TRACE 2567 133.620000 133.620000 132.000000 0.013555 0 1
TD13TRACE 2568 133.620000 133.620000 132.000000 0.014457 0 1
TD13TRACE 2569 133.620000 133.620000 132.000000 0.013412 0 1
TD13TRACE 2570 133.620000 133.620000 132.000000 0.013899 0 1
TD13TRACE 2571 133.620000 133.620000 132.000000 0.014614 0 1
TD13TRACE 2572 133.620000 133.620000 132.000000 0.013200 0 1
TD13TRACE 2573 133.620000 133.620000 132.000000 0.013644 0 1
TD13TRACE 2574 133.620000 133.620000 132.000000 0.014592 0 1
TD13TRACE 2575 133.620000 133.620000 132.000000 0.013300 0 1
TD13TRACE 2576 133.620000 133.620000 132.000000 0.013835 0 1
TD13TRACE 2577 133.620000 133.620000 132.000000 0.014571 0 1
TD13TRACE 2578 133.620000 133.620000 132.000000 0.013568 0 1
TD13TRACE 2579 133.620000 133.620000 132.000000 0.013999 0 1
TD13TRACE 2580 133.620000 133.620000 132.000000 0.014608 0 1
TD13TRACE 2581 133.620000 133.620000 132.000000 0.012787 0 1
TD13TRACE 2582 133.620000 133.620000 132.000000 0.013862 0 1
TD13TRACE 2583 133.620000 133.620000 132.000000 0.015069 0 1
TD13TRACE 2584 133.620000 133.620000 132.000000 0.013211 0 1
TD13TRACE 2585 133.620000 133.620000 132.000000 0.013656 0 1
TD13TRACE 2586 133.620000 133.620000 132.000000 0.014513 0 1
TD13TRACE 2587 133.620000 133.620000 132.000000 0.013595 0 1
TD13TRACE 2588 133.620000 133.620000 132.000000 0.013587 0 1
TD13TRACE 2589 133.620000 133.620000 132.000000 0.014624 0 1
TD13TRACE 2590 133.620000 133.620000 132.000000 0.013100 0 1
TD13TRACE 2591 133.620000 133.620000 132.000000 0.013390 0 1
TD13TRACE 2592 133.620000 133.620000 132.000000 0.015009 0 1
TD13TRACE 2593 133.620000 133.620000 132.000000 0.013560 0 1
TD13TRACE 2594 133.620000 133.620000 132.000000 0.013877 0 1
TD13TRACE 2595 133.620000 133.620000 132.000000 0.014564 0 1
TD13TRACE 2596 133.620000 133.620000 132.000000 0.013451 0 1
TD13TRACE 2597 133.620000 133.620000 132.000000 0.013408 0 1
TD13TRACE 2598 133.620000 133.620000 132.000000 0.014461 0 1
TD13TRACE 2599 133.620000 133.620000 132.000000 0.013222 0 1
TD13TRACE 2600 133.620000 133.620000 132.000000 0.014238 0 1
TD13TRACE 2601 133.620000 133.620000 132.000000 0.014203 0 1
TD13TRACE 2602 133.620000 133.620000 132.000000 0.013402 0 1
TD13TRACE 2603 133.620000 133.620000 132.000000 0.014174 0 1
TD13TRACE 2604 133.620000 133.620000 132.000000 0.013944 0 1
TD13TRACE 2605 133.620000 133.620000 132.000000 0.013747 0 1
TD13TRACE 2606 133.620000 133.620000 132.000000 0.014177 0 1
TD13TRACE 2607 133.620000 133.620000 132.000000 0.014345 0 1
TD13TRACE 2608 133.620000 133.620000 132.000000 0.013128 0 1
TD13TRACE 2609 133.620000 133.620000 132.000000 0.013715 0 1
TD13TRACE 2610 133.620000 133.620000 132.000000 0.014410 0 1
TD13TRACE 2611 133.620000 133.620000 132.000000 0.013245 0 1
TD13TRACE 2612 133.620000 133.620000 132.000000 0.013625 0 1
TD13TRACE 2613 133.620000 133.620000 132.000000 0.014516 0 1
TD13TRACE 2614 133.620000 133.620000 132.000000 0.013385 0 1
TD13TRACE 2615 133.620000 133.620000 132.000000 0.013366 0 1
TD13TRACE 2616 133.620000 133.620000 132.000000 0.015099 0 1
TD13TRACE 2617 133.620000 133.620000 132.000000 0.013198 0 1
TD13TRACE 2618 133.620000 133.620000 132.000000 0.014267 0 1
TD13TRACE 2619 133.620000 133.620000 132.000000 0.013931 0 1
TD13TRACE 2620 133.620000 133.620000 132.000000 0.013604 0 1
TD13TRACE 2621 133.620000 133.620000 132.000000 0.013562 0 1
TD13TRACE 2622 133.620000 133.620000 132.000000 0.014675 0 1
TD13TRACE 2623 133.620000 133.620000 132.000000 0.013116 0 1
TD13TRACE 2624 133.620000 133.620000 132.000000 0.013830 0 1
TD13TRACE 2625 133.620000 133.620000 132.000000 0.014495 0 1
TD13TRACE 2626 133.620000 133.620000 132.000000 0.013356 0 1
TD13TRACE 2627 133.620000 133.620000 132.000000 0.013904 0 1
TD13TRACE 2628 133.620000 133.620000 132.000000 0.014739 0 1
TD13TRACE 2629 133.620000 133.620000 132.000000 0.013224 0 1
TD13TRACE 2630 133.620000 133.620000 132.000000 0.013720 0 1
TD13TRACE 2631 133.620000 133.620000 132.000000 0.014719 0 1
TD13TRACE 2632 133.620000 133.620000 132.000000 0.013376 0 1
TD13TRACE 2633 133.620000 133.620000 132.000000 0.013700 0 1
TD13TRACE 2634 133.620000 133.620000 132.000000 0.014816 0 1
TD13TRACE 2635 133.620000 133.620000 132.000000 0.013162 0 1
TD13TRACE 2636 133.620000 133.620000 132.000000 0.013680 0 1
TD13TRACE 2637 133.620000 133.620000 132.000000 0.014707 0 1
TD13TRACE 2638 133.620000 133.620000 132.000000 0.013180 0 1
TD13TRACE 2639 133.620000 133.620000 132.000000 0.013758 0 1
TD13TRACE 2640 133.620000 133.620000 132.000000 0.014632 0 1
TD13TRACE 2641 133.620000 133.620000 132.000000 0.013093 0 1
TD13TRACE 2642 133.620000 133.620000 132.000000 0.014177 0 1
TD13TRACE 2643 133.620000 133.620000 132.000000 0.014718 0 1
TD13TRACE 2644 133.620000 133.620000 132.000000 0.012770 0 1
TD13TRACE 2645 133.620000 133.620000 132.000000 0.014404 0 1
TD13TRACE 2646 133.620000 133.620000 132.000000 0.014712 0 1
TD13TRACE 2647 133.620000 133.620000 132.000000 0.013194 0 1
TD13TRACE 2648 133.620000 133.620000 132.000000 0.013294 0 1
TD13TRACE 2649 133.620000 133.620000 132.000000 0.014681 0 1
TD13TRACE 2650 133.620000 133.620000 132.000000 0.013290 0 1
TD13TRACE 2651 133.620000 133.620000 132.000000 0.013942 0 1
TD13TRACE 2652 133.620000 133.620000 132.000000 0.014631 0 1
TD13TRACE 2653 133.620000 133.620000 132.000000 0.013341 0 1
TD13TRACE 2654 133.620000 133.620000 132.000000 0.013608 0 1
TD13TRACE 2655 133.620000 133.620000 132.000000 0.014714 0 1
TD13TRACE 2656 133.620000 133.620000 132.000000 0.013259 0 1
TD13TRACE 2657 133.620000 133.620000 132.000000 0.013215 0 1
TD13TRACE 2658 133.620000 133.620000 132.000000 0.015174 0 1
TD13TRACE 2659 133.620000 133.620000 132.000000 0.012807 0 1
TD13TRACE 2660 133.620000 133.620000 132.000000 0.014375 0 1
TD13TRACE 2661 133.620000 133.620000 132.000000 0.014605 0 1
TD13TRACE 2662 133.620000 133.620000 132.000000 0.013067 0 1
TD13TRACE 2663 133.620000 133.620000 132.000000 0.013728 0 1
TD13TRACE 2664 133.620000 133.620000 132.000000 0.014524 0 1
TD13TRACE 2665 133.620000 133.620000 132.000000 0.013281 0 1
TD13TRACE 2666 133.620000 133.620000 132.000000 0.013801 0 1
TD13TRACE 2667 133.620000 133.620000 132.000000 0.014445 0 1
TD13TRACE 2668 133.620000 133.620000 132.000000 0.013547 0 1
TD13TRACE 2669 133.620000 133.620000 132.000000 0.013881 0 1
[2026-09-15 06:53:28.129] [info] fps 72.0 | pos (0.50, 132.00, -4.70) | chunks 126 | stream-meshed 117
TD13TRACE 2670 133.620000 133.620000 132.000000 0.014495 0 1
TD13TRACE 2671 133.620000 133.620000 132.000000 0.013610 0 1
TD13TRACE 2672 133.620000 133.620000 132.000000 0.013449 0 1
TD13TRACE 2673 133.620000 133.620000 132.000000 0.014839 0 1
TD13TRACE 2674 133.620000 133.620000 132.000000 0.013367 0 1
TD13TRACE 2675 133.620000 133.620000 132.000000 0.013666 0 1
TD13TRACE 2676 133.620000 133.620000 132.000000 0.014671 0 1
TD13TRACE 2677 133.620000 133.620000 132.000000 0.012861 0 1
TD13TRACE 2678 133.620000 133.620000 132.000000 0.013823 0 1
TD13TRACE 2679 133.620000 133.620000 132.000000 0.015147 0 1
TD13TRACE 2680 133.620000 133.620000 132.000000 0.013360 0 1
TD13TRACE 2681 133.620000 133.620000 132.000000 0.013335 0 1
TD13TRACE 2682 133.620000 133.620000 132.000000 0.014219 0 1
TD13TRACE 2683 133.620000 133.620000 132.000000 0.013748 0 1
TD13TRACE 2684 133.620000 133.620000 132.000000 0.013791 0 1
TD13TRACE 2685 133.620000 133.620000 132.000000 0.014692 0 1
TD13TRACE 2686 133.620000 133.620000 132.000000 0.013177 0 1
TD13TRACE 2687 133.620000 133.620000 132.000000 0.013650 0 1
TD13TRACE 2688 133.620000 133.620000 132.000000 0.014583 0 1
TD13TRACE 2689 133.620000 133.620000 132.000000 0.013419 0 1
TD13TRACE 2690 133.620000 133.620000 132.000000 0.013669 0 1
TD13TRACE 2691 133.620000 133.620000 132.000000 0.014862 0 1
TD13TRACE 2692 133.620000 133.620000 132.000000 0.013586 0 1
TD13TRACE 2693 133.620000 133.620000 132.000000 0.012975 0 1
TD13TRACE 2694 133.620000 133.620000 132.000000 0.014458 0 1
TD13TRACE 2695 133.620000 133.620000 132.000000 0.014051 0 1
TD13TRACE 2696 133.620000 133.620000 132.000000 0.013649 0 1
TD13TRACE 2697 133.620000 133.620000 132.000000 0.014823 0 1
TD13TRACE 2698 133.620000 133.620000 132.000000 0.013131 0 1
TD13TRACE 2699 133.620000 133.620000 132.000000 0.013321 0 1
TD13TRACE 2700 133.620000 133.620000 132.000000 0.014795 0 1
TD13TRACE 2701 133.620000 133.620000 132.000000 0.013524 0 1
TD13TRACE 2702 133.620000 133.620000 132.000000 0.013525 0 1
TD13TRACE 2703 133.620000 133.620000 132.000000 0.014750 0 1
TD13TRACE 2704 133.620000 133.620000 132.000000 0.013353 0 1
TD13TRACE 2705 133.620000 133.620000 132.000000 0.013379 0 1
TD13TRACE 2706 133.620000 133.620000 132.000000 0.014231 0 1
TD13TRACE 2707 133.620000 133.620000 132.000000 0.014425 0 1
TD13TRACE 2708 133.620000 133.620000 132.000000 0.013215 0 1
TD13TRACE 2709 133.620000 133.620000 132.000000 0.014694 0 1
TD13TRACE 2710 133.620000 133.620000 132.000000 0.013178 0 1
TD13TRACE 2711 133.620000 133.620000 132.000000 0.013726 0 1
TD13TRACE 2712 133.620000 133.620000 132.000000 0.014501 0 1
TD13TRACE 2713 133.620000 133.620000 132.000000 0.013825 0 1
TD13TRACE 2714 133.620000 133.620000 132.000000 0.013429 0 1
TD13TRACE 2715 133.620000 133.620000 132.000000 0.014415 0 1
TD13TRACE 2716 133.620000 133.620000 132.000000 0.013976 0 1
TD13TRACE 2717 133.620000 133.620000 132.000000 0.013436 0 1
TD13TRACE 2718 133.620000 133.620000 132.000000 0.014208 0 1
TD13TRACE 2719 133.620000 133.620000 132.000000 0.013351 0 1
TD13TRACE 2720 133.620000 133.620000 132.000000 0.014239 0 1
TD13TRACE 2721 133.620000 133.620000 132.000000 0.014653 0 1
TD13TRACE 2722 133.620000 133.620000 132.000000 0.013335 0 1
TD13TRACE 2723 133.620000 133.620000 132.000000 0.013487 0 1
TD13TRACE 2724 133.620000 133.620000 132.000000 0.014648 0 1
TD13TRACE 2725 133.620000 133.620000 132.000000 0.013335 0 1
TD13TRACE 2726 133.620000 133.620000 132.000000 0.013233 0 1
TD13TRACE 2727 133.620000 133.620000 132.000000 0.015461 0 1
TD13TRACE 2728 133.620000 133.620000 132.000000 0.012892 0 1
TD13TRACE 2729 133.620000 133.620000 132.000000 0.013871 0 1
TD13TRACE 2730 133.620000 133.620000 132.000000 0.014098 0 1
TD13TRACE 2731 133.620000 133.620000 132.000000 0.013473 0 1
TD13TRACE 2732 133.620000 133.620000 132.000000 0.013848 0 1
TD13TRACE 2733 133.620000 133.620000 132.000000 0.014641 0 1
TD13TRACE 2734 133.620000 133.620000 132.000000 0.013426 0 1
TD13TRACE 2735 133.620000 133.620000 132.000000 0.013853 0 1
TD13TRACE 2736 133.620000 133.620000 132.000000 0.014301 0 1
TD13TRACE 2737 133.620000 133.620000 132.000000 0.013203 0 1
TD13TRACE 2738 133.620000 133.620000 132.000000 0.014162 0 1
TD13TRACE 2739 133.620000 133.620000 132.000000 0.014440 0 1
TD13TRACE 2740 133.620000 133.620000 132.000000 0.013123 0 1
TD13TRACE 2741 133.620000 133.620000 132.000000 0.013851 0 1
TD13TRACE 2742 133.620000 133.620000 132.000000 0.014277 0 1
TD13TRACE 2743 133.620000 133.620000 132.000000 0.013750 0 1
TD13TRACE 2744 133.620000 133.620000 132.000000 0.013679 0 1
TD13TRACE 2745 133.620000 133.620000 132.000000 0.014806 0 1
TD13TRACE 2746 133.620000 133.620000 132.000000 0.012611 0 1
TD13TRACE 2747 133.620000 133.620000 132.000000 0.013961 0 1
TD13TRACE 2748 133.620000 133.620000 132.000000 0.015039 0 1
TD13TRACE 2749 133.620000 133.620000 132.000000 0.013507 0 1
TD13TRACE 2750 133.620000 133.620000 132.000000 0.013130 0 1
TD13TRACE 2751 133.620000 133.620000 132.000000 0.014929 0 1
TD13TRACE 2752 133.620000 133.620000 132.000000 0.013545 0 1
TD13TRACE 2753 133.620000 133.620000 132.000000 0.013582 0 1
TD13TRACE 2754 133.620000 133.620000 132.000000 0.014325 0 1
TD13TRACE 2755 133.620000 133.620000 132.000000 0.013632 0 1
TD13TRACE 2756 133.620000 133.620000 132.000000 0.013707 0 1
TD13TRACE 2757 133.620000 133.620000 132.000000 0.014330 0 1
TD13TRACE 2758 133.620000 133.620000 132.000000 0.013307 0 1
TD13TRACE 2759 133.620000 133.620000 132.000000 0.014251 0 1
TD13TRACE 2760 133.620000 133.620000 132.000000 0.014424 0 1
TD13TRACE 2761 133.620000 133.620000 132.000000 0.012753 0 1
TD13TRACE 2762 133.620000 133.620000 132.000000 0.014268 0 1
TD13TRACE 2763 133.620000 133.620000 132.000000 0.014753 0 1
TD13TRACE 2764 133.620000 133.620000 132.000000 0.013542 0 1
TD13TRACE 2765 133.620000 133.620000 132.000000 0.013751 0 1
TD13TRACE 2766 133.620000 133.620000 132.000000 0.014212 0 1
TD13TRACE 2767 133.620000 133.620000 132.000000 0.013558 0 1
TD13TRACE 2768 133.620000 133.620000 132.000000 0.013480 0 1
TD13TRACE 2769 133.620000 133.620000 132.000000 0.014540 0 1
TD13TRACE 2770 133.620000 133.620000 132.000000 0.013291 0 1
TD13TRACE 2771 133.620000 133.620000 132.000000 0.013914 0 1
TD13TRACE 2772 133.620000 133.620000 132.000000 0.014060 0 1
TD13TRACE 2773 133.620000 133.620000 132.000000 0.013325 0 1
TD13TRACE 2774 133.620000 133.620000 132.000000 0.013904 0 1
TD13TRACE 2775 133.620000 133.620000 132.000000 0.014396 0 1
TD13TRACE 2776 133.620000 133.620000 132.000000 0.013281 0 1
TD13TRACE 2777 133.620000 133.620000 132.000000 0.013724 0 1
TD13TRACE 2778 133.620000 133.620000 132.000000 0.014702 0 1
TD13TRACE 2779 133.620000 133.620000 132.000000 0.013296 0 1
TD13TRACE 2780 133.620000 133.620000 132.000000 0.013646 0 1
TD13TRACE 2781 133.620000 133.620000 132.000000 0.014661 0 1
TD13TRACE 2782 133.620000 133.620000 132.000000 0.013536 0 1
TD13TRACE 2783 133.620000 133.620000 132.000000 0.013439 0 1
TD13TRACE 2784 133.620000 133.620000 132.000000 0.014729 0 1
TD13TRACE 2785 133.620000 133.620000 132.000000 0.013344 0 1
TD13TRACE 2786 133.620000 133.620000 132.000000 0.013687 0 1
TD13TRACE 2787 133.620000 133.620000 132.000000 0.014451 0 1
TD13TRACE 2788 133.620000 133.620000 132.000000 0.013453 0 1
TD13TRACE 2789 133.620000 133.620000 132.000000 0.013819 0 1
TD13TRACE 2790 133.620000 133.620000 132.000000 0.014307 0 1
TD13TRACE 2791 133.620000 133.620000 132.000000 0.013668 0 1
TD13TRACE 2792 133.620000 133.620000 132.000000 0.013762 0 1
TD13TRACE 2793 133.620000 133.620000 132.000000 0.014544 0 1
TD13TRACE 2794 133.620000 133.620000 132.000000 0.013334 0 1
TD13TRACE 2795 133.620000 133.620000 132.000000 0.013781 0 1
TD13TRACE 2796 133.620000 133.620000 132.000000 0.014433 0 1
TD13TRACE 2797 133.620000 133.620000 132.000000 0.013547 0 1
TD13TRACE 2798 133.620000 133.620000 132.000000 0.013527 0 1
TD13TRACE 2799 133.620000 133.620000 132.000000 0.014838 0 1
TD13TRACE 2800 133.620000 133.620000 132.000000 0.013260 0 1
TD13TRACE 2801 133.620000 133.620000 132.000000 0.013492 0 1
TD13TRACE 2802 133.620000 133.620000 132.000000 0.015362 0 1
TD13TRACE 2803 133.620000 133.620000 132.000000 0.013173 0 1
TD13TRACE 2804 133.620000 133.620000 132.000000 0.013574 0 1
TD13TRACE 2805 133.620000 133.620000 132.000000 0.014726 0 1
TD13TRACE 2806 133.620000 133.620000 132.000000 0.013260 0 1
TD13TRACE 2807 133.620000 133.620000 132.000000 0.013638 0 1
TD13TRACE 2808 133.620000 133.620000 132.000000 0.014742 0 1
TD13TRACE 2809 133.620000 133.620000 132.000000 0.013005 0 1
TD13TRACE 2810 133.620000 133.620000 132.000000 0.013938 0 1
TD13TRACE 2811 133.620000 133.620000 132.000000 0.014164 0 1
TD13TRACE 2812 133.620000 133.620000 132.000000 0.013586 0 1
TD13TRACE 2813 133.620000 133.620000 132.000000 0.014056 0 1
TD13TRACE 2814 133.620000 133.620000 132.000000 0.014584 0 1
[2026-09-15 06:53:30.142] [info] fps 72.0 | pos (0.50, 132.00, -4.70) | chunks 126 | stream-meshed 117
TD13TRACE 2815 133.620000 133.620000 132.000000 0.012905 0 1
TD13TRACE 2816 133.620000 133.620000 132.000000 0.014061 0 1
TD13TRACE 2817 133.620000 133.620000 132.000000 0.014870 0 1
TD13TRACE 2818 133.620000 133.620000 132.000000 0.013163 0 1
TD13TRACE 2819 133.620000 133.620000 132.000000 0.013532 0 1
TD13TRACE 2820 133.620000 133.620000 132.000000 0.014473 0 1
TD13TRACE 2821 133.620000 133.620000 132.000000 0.013421 0 1
TD13TRACE 2822 133.620000 133.620000 132.000000 0.014028 0 1
TD13TRACE 2823 133.620000 133.620000 132.000000 0.014917 0 1
TD13TRACE 2824 133.620000 133.620000 132.000000 0.013155 0 1
TD13TRACE 2825 133.620000 133.620000 132.000000 0.013649 0 1
TD13TRACE 2826 133.620000 133.620000 132.000000 0.014459 0 1
TD13TRACE 2827 133.620000 133.620000 132.000000 0.013442 0 1
TD13TRACE 2828 133.620000 133.620000 132.000000 0.013480 0 1
TD13TRACE 2829 133.620000 133.620000 132.000000 0.014605 0 1
TD13TRACE 2830 133.620000 133.620000 132.000000 0.013561 0 1
TD13TRACE 2831 133.620000 133.620000 132.000000 0.014073 0 1
TD13TRACE 2832 133.620000 133.620000 132.000000 0.014627 0 1
TD13TRACE 2833 133.620000 133.620000 132.000000 0.012779 0 1
TD13TRACE 2834 133.620000 133.620000 132.000000 0.013947 0 1
TD13TRACE 2835 133.620000 133.620000 132.000000 0.014453 0 1
TD13TRACE 2836 133.620000 133.620000 132.000000 0.013119 0 1
TD13TRACE 2837 133.620000 133.620000 132.000000 0.014003 0 1
TD13TRACE 2838 133.620000 133.620000 132.000000 0.014581 0 1
TD13TRACE 2839 133.620000 133.620000 132.000000 0.013443 0 1
TD13TRACE 2840 133.620000 133.620000 132.000000 0.013688 0 1
TD13TRACE 2841 133.620000 133.620000 132.000000 0.014727 0 1
TD13TRACE 2842 133.620000 133.620000 132.000000 0.013055 0 1
TD13TRACE 2843 133.620000 133.620000 132.000000 0.013931 0 1
TD13TRACE 2844 133.620000 133.620000 132.000000 0.014688 0 1
TD13TRACE 2845 133.620000 133.620000 132.000000 0.013433 0 1
TD13TRACE 2846 133.620000 133.620000 132.000000 0.013693 0 1
TD13TRACE 2847 133.620000 133.620000 132.000000 0.014429 0 1
TD13TRACE 2848 133.620000 133.620000 132.000000 0.012691 0 1
TD13TRACE 2849 133.620000 133.620000 132.000000 0.014159 0 1
TD13TRACE 2850 133.620000 133.620000 132.000000 0.014210 0 1
TD13TRACE 2851 133.620000 133.620000 132.000000 0.014137 0 1
TD13TRACE 2852 133.620000 133.620000 132.000000 0.013594 0 1
TD13TRACE 2853 133.620000 133.620000 132.000000 0.014570 0 1
TD13TRACE 2854 133.620000 133.620000 132.000000 0.013015 0 1
TD13TRACE 2855 133.620000 133.620000 132.000000 0.013720 0 1
TD13TRACE 2856 133.620000 133.620000 132.000000 0.014757 0 1
TD13TRACE 2857 133.620000 133.620000 132.000000 0.013542 0 1
TD13TRACE 2858 133.620000 133.620000 132.000000 0.013746 0 1
TD13TRACE 2859 133.620000 133.620000 132.000000 0.014174 0 1
TD13TRACE 2860 133.620000 133.620000 132.000000 0.013507 0 1
TD13TRACE 2861 133.620000 133.620000 132.000000 0.014029 0 1
TD13TRACE 2862 133.620000 133.620000 132.000000 0.014649 0 1
TD13TRACE 2863 133.620000 133.620000 132.000000 0.013268 0 1
TD13TRACE 2864 133.620000 133.620000 132.000000 0.013564 0 1
TD13TRACE 2865 133.620000 133.620000 132.000000 0.014998 0 1
TD13TRACE 2866 133.620000 133.620000 132.000000 0.012597 0 1
TD13TRACE 2867 133.620000 133.620000 132.000000 0.013913 0 1
TD13TRACE 2868 133.620000 133.620000 132.000000 0.014362 0 1
TD13TRACE 2869 133.620000 133.620000 132.000000 0.013975 0 1
TD13TRACE 2870 133.620000 133.620000 132.000000 0.013652 0 1
TD13TRACE 2871 133.620000 133.620000 132.000000 0.014445 0 1
TD13TRACE 2872 133.620000 133.620000 132.000000 0.012773 0 1
TD13TRACE 2873 133.620000 133.620000 132.000000 0.013980 0 1
TD13TRACE 2874 133.620000 133.620000 132.000000 0.014984 0 1
TD13TRACE 2875 133.620000 133.620000 132.000000 0.013445 0 1
TD13TRACE 2876 133.620000 133.620000 132.000000 0.013313 0 1
TD13TRACE 2877 133.620000 133.620000 132.000000 0.015178 0 1
TD13TRACE 2878 133.620000 133.620000 132.000000 0.013095 0 1
TD13TRACE 2879 133.620000 133.620000 132.000000 0.013387 0 1
TD13TRACE 2880 133.620000 133.620000 132.000000 0.014477 0 1
TD13TRACE 2881 133.620000 133.620000 132.000000 0.013481 0 1
TD13TRACE 2882 133.620000 133.620000 132.000000 0.013985 0 1
TD13TRACE 2883 133.620000 133.620000 132.000000 0.014601 0 1
TD13TRACE 2884 133.620000 133.620000 132.000000 0.013093 0 1
TD13TRACE 2885 133.620000 133.620000 132.000000 0.013802 0 1
TD13TRACE 2886 133.620000 133.620000 132.000000 0.014426 0 1
TD13TRACE 2887 133.620000 133.620000 132.000000 0.013487 0 1
TD13TRACE 2888 133.620000 133.620000 132.000000 0.014128 0 1
TD13TRACE 2889 133.620000 133.620000 132.000000 0.014400 0 1
TD13TRACE 2890 133.620000 133.620000 132.000000 0.013069 0 1
TD13TRACE 2891 133.620000 133.620000 132.000000 0.013505 0 1
TD13TRACE 2892 133.620000 133.620000 132.000000 0.015201 0 1
TD13TRACE 2893 133.620000 133.620000 132.000000 0.013380 0 1
TD13TRACE 2894 133.620000 133.620000 132.000000 0.013686 0 1
TD13TRACE 2895 133.620000 133.620000 132.000000 0.014159 0 1
TD13TRACE 2896 133.620000 133.620000 132.000000 0.013249 0 1
TD13TRACE 2897 133.620000 133.620000 132.000000 0.013884 0 1
TD13TRACE 2898 133.620000 133.620000 132.000000 0.014927 0 1
TD13TRACE 2899 133.620000 133.620000 132.000000 0.013211 0 1
TD13TRACE 2900 133.620000 133.620000 132.000000 0.013622 0 1
TD13TRACE 2901 133.620000 133.620000 132.000000 0.014797 0 1
TD13TRACE 2902 133.620000 133.620000 132.000000 0.013132 0 1
TD13TRACE 2903 133.620000 133.620000 132.000000 0.013699 0 1
TD13TRACE 2904 133.620000 133.620000 132.000000 0.014878 0 1
TD13TRACE 2905 133.620000 133.620000 132.000000 0.013185 0 1
TD13TRACE 2906 133.620000 133.620000 132.000000 0.013902 0 1
TD13TRACE 2907 133.620000 133.620000 132.000000 0.014367 0 1
TD13TRACE 2908 133.620000 133.620000 132.000000 0.013628 0 1
TD13TRACE 2909 133.620000 133.620000 132.000000 0.013353 0 1
TD13TRACE 2910 133.620000 133.620000 132.000000 0.014690 0 1
TD13TRACE 2911 133.620000 133.620000 132.000000 0.013525 0 1
TD13TRACE 2912 133.620000 133.620000 132.000000 0.013980 0 1
TD13TRACE 2913 133.620000 133.620000 132.000000 0.014731 0 1
TD13TRACE 2914 133.620000 133.620000 132.000000 0.013169 0 1
TD13TRACE 2915 133.620000 133.620000 132.000000 0.013434 0 1
TD13TRACE 2916 133.620000 133.620000 132.000000 0.014587 0 1
TD13TRACE 2917 133.620000 133.620000 132.000000 0.013257 0 1
TD13TRACE 2918 133.620000 133.620000 132.000000 0.013538 0 1
TD13TRACE 2919 133.620000 133.620000 132.000000 0.014750 0 1
TD13TRACE 2920 133.620000 133.620000 132.000000 0.013209 0 1
TD13TRACE 2921 133.620000 133.620000 132.000000 0.013784 0 1
TD13TRACE 2922 133.620000 133.620000 132.000000 0.014364 0 1
TD13TRACE 2923 133.620000 133.620000 132.000000 0.013787 0 1
TD13TRACE 2924 133.620000 133.620000 132.000000 0.013517 0 1
TD13TRACE 2925 133.620000 133.620000 132.000000 0.014423 0 1
TD13TRACE 2926 133.620000 133.620000 132.000000 0.013226 0 1
TD13TRACE 2927 133.620000 133.620000 132.000000 0.013814 0 1
TD13TRACE 2928 133.620000 133.620000 132.000000 0.014723 0 1
TD13TRACE 2929 133.620000 133.620000 132.000000 0.013217 0 1
TD13TRACE 2930 133.620000 133.620000 132.000000 0.013682 0 1
TD13TRACE 2931 133.620000 133.620000 132.000000 0.014424 0 1
TD13TRACE 2932 133.620000 133.620000 132.000000 0.013332 0 1
TD13TRACE 2933 133.620000 133.620000 132.000000 0.014103 0 1
TD13TRACE 2934 133.620000 133.620000 132.000000 0.014481 0 1
TD13TRACE 2935 133.620000 133.620000 132.000000 0.013336 0 1
TD13TRACE 2936 133.620000 133.620000 132.000000 0.013557 0 1
TD13TRACE 2937 133.620000 133.620000 132.000000 0.014576 0 1
TD13TRACE 2938 133.620000 133.620000 132.000000 0.013451 0 1
TD13TRACE 2939 133.620000 133.620000 132.000000 0.013563 0 1
TD13TRACE 2940 133.620000 133.620000 132.000000 0.015259 0 1
TD13TRACE 2941 133.620000 133.620000 132.000000 0.013006 0 1
TD13TRACE 2942 133.620000 133.620000 132.000000 0.013603 0 1
TD13TRACE 2943 133.620000 133.620000 132.000000 0.014737 0 1
TD13TRACE 2944 133.620000 133.620000 132.000000 0.013232 0 1
TD13TRACE 2945 133.620000 133.620000 132.000000 0.013584 0 1
TD13TRACE 2946 133.620000 133.620000 132.000000 0.014773 0 1
TD13TRACE 2947 133.620000 133.620000 132.000000 0.013573 0 1
TD13TRACE 2948 133.620000 133.620000 132.000000 0.013756 0 1
TD13TRACE 2949 133.620000 133.620000 132.000000 0.014465 0 1
TD13TRACE 2950 133.620000 133.620000 132.000000 0.013114 0 1
TD13TRACE 2951 133.620000 133.620000 132.000000 0.013817 0 1
TD13TRACE 2952 133.620000 133.620000 132.000000 0.014509 0 1
TD13TRACE 2953 133.620000 133.620000 132.000000 0.013241 0 1
TD13TRACE 2954 133.620000 133.620000 132.000000 0.014134 0 1
TD13TRACE 2955 133.620000 133.620000 132.000000 0.014390 0 1
TD13TRACE 2956 133.620000 133.620000 132.000000 0.013279 0 1
TD13TRACE 2957 133.620000 133.620000 132.000000 0.013901 0 1
TD13TRACE 2958 133.620000 133.620000 132.000000 0.014525 0 1
TD13TRACE 2959 133.620000 133.620000 132.000000 0.012966 0 1
[2026-09-15 06:53:32.156] [info] fps 72.0 | pos (0.50, 132.00, -4.70) | chunks 126 | stream-meshed 117
TD13TRACE 2960 133.620000 133.620000 132.000000 0.014091 0 1
TD13TRACE 2961 133.620000 133.620000 132.000000 0.014788 0 1
TD13TRACE 2962 133.620000 133.620000 132.000000 0.013386 0 1
TD13TRACE 2963 133.620000 133.620000 132.000000 0.013633 0 1
TD13TRACE 2964 133.620000 133.620000 132.000000 0.014666 0 1
TD13TRACE 2965 133.620000 133.620000 132.000000 0.012982 0 1
TD13TRACE 2966 133.620000 133.620000 132.000000 0.014018 0 1
TD13TRACE 2967 133.620000 133.620000 132.000000 0.014637 0 1
TD13TRACE 2968 133.620000 133.620000 132.000000 0.013433 0 1
TD13TRACE 2969 133.620000 133.620000 132.000000 0.013252 0 1
TD13TRACE 2970 133.620000 133.620000 132.000000 0.014917 0 1
TD13TRACE 2971 133.620000 133.620000 132.000000 0.013260 0 1
TD13TRACE 2972 133.620000 133.620000 132.000000 0.013591 0 1
TD13TRACE 2973 133.620000 133.620000 132.000000 0.014962 0 1
TD13TRACE 2974 133.620000 133.620000 132.000000 0.013110 0 1
TD13TRACE 2975 133.620000 133.620000 132.000000 0.014104 0 1
TD13TRACE 2976 133.620000 133.620000 132.000000 0.014531 0 1
TD13TRACE 2977 133.620000 133.620000 132.000000 0.013039 0 1
TD13TRACE 2978 133.620000 133.620000 132.000000 0.014147 0 1
[2026-09-15 06:53:32.422] [info] autosave: 0 chunk(s) queued for async write, level written (ticks=1398)
TD13TRACE 2979 133.620000 133.620000 132.000000 0.015369 0 1
TD13TRACE 2980 133.620000 133.620000 132.000000 0.012121 0 1
TD13TRACE 2981 133.620000 133.620000 132.000000 0.014000 0 1
TD13TRACE 2982 133.620000 133.620000 132.000000 0.014556 0 1
TD13TRACE 2983 133.620000 133.620000 132.000000 0.013077 0 1
TD13TRACE 2984 133.620000 133.620000 132.000000 0.013933 0 1
TD13TRACE 2985 133.620000 133.620000 132.000000 0.014406 0 1
TD13TRACE 2986 133.620000 133.620000 132.000000 0.013237 0 1
TD13TRACE 2987 133.620000 133.620000 132.000000 0.014011 0 1
TD13TRACE 2988 133.620000 133.620000 132.000000 0.014578 0 1
TD13TRACE 2989 133.620000 133.620000 132.000000 0.013313 0 1
TD13TRACE 2990 133.620000 133.620000 132.000000 0.013704 0 1
TD13TRACE 2991 133.620000 133.620000 132.000000 0.014631 0 1
TD13TRACE 2992 133.620000 133.620000 132.000000 0.013298 0 1
TD13TRACE 2993 133.620000 133.620000 132.000000 0.013737 0 1
TD13TRACE 2994 133.620000 133.620000 132.000000 0.014937 0 1
TD13TRACE 2995 133.620000 133.620000 132.000000 0.012943 0 1
TD13TRACE 2996 133.620000 133.620000 132.000000 0.013807 0 1
TD13TRACE 2997 133.620000 133.620000 132.000000 0.014909 0 1
TD13TRACE 2998 133.620000 133.620000 132.000000 0.013288 0 1
TD13TRACE 2999 133.620000 133.620000 132.000000 0.013294 0 1
TD13TRACE 3000 133.620000 133.620000 132.000000 0.014807 0 1
TD13TRACE 3001 133.620000 133.620000 132.000000 0.013183 0 1
TD13TRACE 3002 133.620000 133.620000 132.000000 0.013663 0 1
TD13TRACE 3003 133.620000 133.620000 132.000000 0.014846 0 1
TD13TRACE 3004 133.620000 133.620000 132.000000 0.013176 0 1
TD13TRACE 3005 133.620000 133.620000 132.000000 0.014023 0 1
TD13TRACE 3006 133.620000 133.620000 132.000000 0.014775 0 1
TD13TRACE 3007 133.620000 133.620000 132.000000 0.013288 0 1
TD13TRACE 3008 133.620000 133.620000 132.000000 0.013543 0 1
TD13TRACE 3009 133.620000 133.620000 132.000000 0.014486 0 1
TD13TRACE 3010 133.620000 133.620000 132.000000 0.013437 0 1
TD13TRACE 3011 133.620000 133.620000 132.000000 0.013740 0 1
TD13TRACE 3012 133.620000 133.620000 132.000000 0.014495 0 1
TD13TRACE 3013 133.620000 133.620000 132.000000 0.013499 0 1
TD13TRACE 3014 133.620000 133.620000 132.000000 0.013443 0 1
TD13TRACE 3015 133.620000 133.620000 132.000000 0.014930 0 1
TD13TRACE 3016 133.620000 133.620000 132.000000 0.012812 0 1
TD13TRACE 3017 133.620000 133.620000 132.000000 0.013751 0 1
TD13TRACE 3018 133.620000 133.620000 132.000000 0.015072 0 1
TD13TRACE 3019 133.620000 133.620000 132.000000 0.013519 0 1
TD13TRACE 3020 133.620000 133.620000 132.000000 0.013263 0 1
TD13TRACE 3021 133.620000 133.620000 132.000000 0.014659 0 1
TD13TRACE 3022 133.620000 133.620000 132.000000 0.013207 0 1
TD13TRACE 3023 133.620000 133.620000 132.000000 0.013612 0 1
TD13TRACE 3024 133.620000 133.620000 132.000000 0.015011 0 1
TD13TRACE 3025 133.620000 133.620000 132.000000 0.013471 0 1
TD13TRACE 3026 133.620000 133.620000 132.000000 0.013569 0 1
TD13TRACE 3027 133.620000 133.620000 132.000000 0.014631 0 1
TD13TRACE 3028 133.620000 133.620000 132.000000 0.013046 0 1
TD13TRACE 3029 133.620000 133.620000 132.000000 0.013790 0 1
TD13TRACE 3030 133.620000 133.620000 132.000000 0.014698 0 1
TD13TRACE 3031 133.620000 133.620000 132.000000 0.013413 0 1
TD13TRACE 3032 133.620000 133.620000 132.000000 0.013739 0 1
TD13TRACE 3033 133.620000 133.620000 132.000000 0.014674 0 1
TD13TRACE 3034 133.620000 133.620000 132.000000 0.013094 0 1
TD13TRACE 3035 133.620000 133.620000 132.000000 0.013514 0 1
TD13TRACE 3036 133.620000 133.620000 132.000000 0.014759 0 1
TD13TRACE 3037 133.620000 133.620000 132.000000 0.013245 0 1
TD13TRACE 3038 133.620000 133.620000 132.000000 0.013830 0 1
TD13TRACE 3039 133.620000 133.620000 132.000000 0.014540 0 1
TD13TRACE 3040 133.620000 133.620000 132.000000 0.013331 0 1
TD13TRACE 3041 133.620000 133.620000 132.000000 0.014129 0 1
TD13TRACE 3042 133.620000 133.620000 132.000000 0.014369 0 1
TD13TRACE 3043 133.620000 133.620000 132.000000 0.013235 0 1
TD13TRACE 3044 133.620000 133.620000 132.000000 0.013782 0 1
TD13TRACE 3045 133.620000 133.620000 132.000000 0.014553 0 1
TD13TRACE 3046 133.620000 133.620000 132.000000 0.013561 0 1
TD13TRACE 3047 133.620000 133.620000 132.000000 0.013712 0 1
TD13TRACE 3048 133.620000 133.620000 132.000000 0.014621 0 1
TD13TRACE 3049 133.620000 133.620000 132.000000 0.013134 0 1
TD13TRACE 3050 133.620000 133.620000 132.000000 0.014285 0 1
TD13TRACE 3051 133.620000 133.620000 132.000000 0.014224 0 1
TD13TRACE 3052 133.620000 133.620000 132.000000 0.013254 0 1
TD13TRACE 3053 133.620000 133.620000 132.000000 0.013830 0 1
TD13TRACE 3054 133.620000 133.620000 132.000000 0.014728 0 1
TD13TRACE 3055 133.620000 133.620000 132.000000 0.013222 0 1
TD13TRACE 3056 133.620000 133.620000 132.000000 0.013663 0 1
TD13TRACE 3057 133.620000 133.620000 132.000000 0.014629 0 1
TD13TRACE 3058 133.620000 133.620000 132.000000 0.013146 0 1
TD13TRACE 3059 133.620000 133.620000 132.000000 0.013598 0 1
TD13TRACE 3060 133.620000 133.620000 132.000000 0.014676 0 1
TD13TRACE 3061 133.620000 133.620000 132.000000 0.013585 0 1
TD13TRACE 3062 133.620000 133.620000 132.000000 0.013978 0 1
TD13TRACE 3063 133.620000 133.620000 132.000000 0.014588 0 1
TD13TRACE 3064 133.620000 133.620000 132.000000 0.012986 0 1
TD13TRACE 3065 133.620000 133.620000 132.000000 0.013709 0 1
TD13TRACE 3066 133.620000 133.620000 132.000000 0.014644 0 1
TD13TRACE 3067 133.620000 133.620000 132.000000 0.013483 0 1
TD13TRACE 3068 133.620000 133.620000 132.000000 0.013752 0 1
TD13TRACE 3069 133.620000 133.620000 132.000000 0.014466 0 1
TD13TRACE 3070 133.620000 133.620000 132.000000 0.013489 0 1
TD13TRACE 3071 133.620000 133.620000 132.000000 0.013357 0 1
TD13TRACE 3072 133.620000 133.620000 132.000000 0.014643 0 1
TD13TRACE 3073 133.620000 133.620000 132.000000 0.013760 0 1
TD13TRACE 3074 133.620000 133.620000 132.000000 0.013806 0 1
TD13TRACE 3075 133.620000 133.620000 132.000000 0.014344 0 1
TD13TRACE 3076 133.620000 133.620000 132.000000 0.013682 0 1
TD13TRACE 3077 133.620000 133.620000 132.000000 0.013232 0 1
TD13TRACE 3078 133.620000 133.620000 132.000000 0.014799 0 1
TD13TRACE 3079 133.620000 133.620000 132.000000 0.013539 0 1
TD13TRACE 3080 133.620000 133.620000 132.000000 0.013524 0 1
TD13TRACE 3081 133.620000 133.620000 132.000000 0.014604 0 1
TD13TRACE 3082 133.620000 133.620000 132.000000 0.013157 0 1
TD13TRACE 3083 133.620000 133.620000 132.000000 0.013799 0 1
TD13TRACE 3084 133.620000 133.620000 132.000000 0.014530 0 1
TD13TRACE 3085 133.620000 133.620000 132.000000 0.013140 0 1
TD13TRACE 3086 133.620000 133.620000 132.000000 0.014384 0 1
TD13TRACE 3087 133.620000 133.620000 132.000000 0.014150 0 1
TD13TRACE 3088 133.620000 133.620000 132.000000 0.013330 0 1
TD13TRACE 3089 133.620000 133.620000 132.000000 0.013954 0 1
TD13TRACE 3090 133.620000 133.620000 132.000000 0.014536 0 1
TD13TRACE 3091 133.620000 133.620000 132.000000 0.013276 0 1
TD13TRACE 3092 133.620000 133.620000 132.000000 0.014123 0 1
TD13TRACE 3093 133.620000 133.620000 132.000000 0.014469 0 1
TD13TRACE 3094 133.620000 133.620000 132.000000 0.012902 0 1
TD13TRACE 3095 133.620000 133.620000 132.000000 0.013627 0 1
TD13TRACE 3096 133.620000 133.620000 132.000000 0.014814 0 1
TD13TRACE 3097 133.620000 133.620000 132.000000 0.013410 0 1
TD13TRACE 3098 133.620000 133.620000 132.000000 0.013719 0 1
TD13TRACE 3099 133.620000 133.620000 132.000000 0.014666 0 1
TD13TRACE 3100 133.620000 133.620000 132.000000 0.013298 0 1
TD13TRACE 3101 133.620000 133.620000 132.000000 0.013676 0 1
TD13TRACE 3102 133.620000 133.620000 132.000000 0.014637 0 1
TD13TRACE 3103 133.620000 133.620000 132.000000 0.013178 0 1
[2026-09-15 06:53:34.156] [info] fps 72.0 | pos (0.50, 132.00, -4.70) | chunks 126 | stream-meshed 117
TD13TRACE 3104 133.620000 133.620000 132.000000 0.013946 0 1
TD13TRACE 3105 133.620000 133.620000 132.000000 0.013900 0 1
TD13TRACE 3106 133.620000 133.620000 132.000000 0.013907 0 1
TD13TRACE 3107 133.620000 133.620000 132.000000 0.013856 0 1
TD13TRACE 3108 133.620000 133.620000 132.000000 0.014789 0 1
TD13TRACE 3109 133.620000 133.620000 132.000000 0.013341 0 1
TD13TRACE 3110 133.620000 133.620000 132.000000 0.013557 0 1
TD13TRACE 3111 133.620000 133.620000 132.000000 0.015566 0 1
TD13TRACE 3112 133.620000 133.620000 132.000000 0.012099 0 1
TD13TRACE 3113 133.620000 133.620000 132.000000 0.013621 0 1
TD13TRACE 3114 133.620000 133.620000 132.000000 0.014487 0 1
TD13TRACE 3115 133.620000 133.620000 132.000000 0.013451 0 1
TD13TRACE 3116 133.620000 133.620000 132.000000 0.013961 0 1
TD13TRACE 3117 133.620000 133.620000 132.000000 0.014735 0 1
TD13TRACE 3118 133.620000 133.620000 132.000000 0.013291 0 1
TD13TRACE 3119 133.620000 133.620000 132.000000 0.013327 0 1
TD13TRACE 3120 133.620000 133.620000 132.000000 0.015060 0 1
TD13TRACE 3121 133.620000 133.620000 132.000000 0.012919 0 1
TD13TRACE 3122 133.620000 133.620000 132.000000 0.014034 0 1
TD13TRACE 3123 133.620000 133.620000 132.000000 0.014523 0 1
TD13TRACE 3124 133.620000 133.620000 132.000000 0.013295 0 1
TD13TRACE 3125 133.620000 133.620000 132.000000 0.013898 0 1
TD13TRACE 3126 133.620000 133.620000 132.000000 0.014676 0 1
TD13TRACE 3127 133.620000 133.620000 132.000000 0.013204 0 1
TD13TRACE 3128 133.620000 133.620000 132.000000 0.013735 0 1
TD13TRACE 3129 133.620000 133.620000 132.000000 0.014826 0 1
TD13TRACE 3130 133.620000 133.620000 132.000000 0.012959 0 1
TD13TRACE 3131 133.620000 133.620000 132.000000 0.013760 0 1
TD13TRACE 3132 133.620000 133.620000 132.000000 0.015480 0 1
TD13TRACE 3133 133.620000 133.620000 132.000000 0.012777 0 1
TD13TRACE 3134 133.620000 133.620000 132.000000 0.013355 0 1
TD13TRACE 3135 133.620000 133.620000 132.000000 0.014853 0 1
TD13TRACE 3136 133.620000 133.620000 132.000000 0.013139 0 1
TD13TRACE 3137 133.620000 133.620000 132.000000 0.013805 0 1
TD13TRACE 3138 133.620000 133.620000 132.000000 0.015024 0 1
TD13TRACE 3139 133.620000 133.620000 132.000000 0.013342 0 1
TD13TRACE 3140 133.620000 133.620000 132.000000 0.013473 0 1
TD13TRACE 3141 133.620000 133.620000 132.000000 0.014457 0 1
TD13TRACE 3142 133.620000 133.620000 132.000000 0.013097 0 1
TD13TRACE 3143 133.620000 133.620000 132.000000 0.013700 0 1
TD13TRACE 3144 133.620000 133.620000 132.000000 0.015123 0 1
TD13TRACE 3145 133.620000 133.620000 132.000000 0.013100 0 1
TD13TRACE 3146 133.620000 133.620000 132.000000 0.013643 0 1
TD13TRACE 3147 133.620000 133.620000 132.000000 0.014893 0 1
TD13TRACE 3148 133.620000 133.620000 132.000000 0.013291 0 1
TD13TRACE 3149 133.620000 133.620000 132.000000 0.013484 0 1
TD13TRACE 3150 133.620000 133.620000 132.000000 0.014495 0 1
TD13TRACE 3151 133.620000 133.620000 132.000000 0.013705 0 1
TD13TRACE 3152 133.620000 133.620000 132.000000 0.013576 0 1
TD13TRACE 3153 133.620000 133.620000 132.000000 0.014901 0 1
TD13TRACE 3154 133.620000 133.620000 132.000000 0.013438 0 1
TD13TRACE 3155 133.620000 133.620000 132.000000 0.013518 0 1
TD13TRACE 3156 133.620000 133.620000 132.000000 0.014829 0 1
TD13TRACE 3157 133.620000 133.620000 132.000000 0.012704 0 1
TD13TRACE 3158 133.620000 133.620000 132.000000 0.014222 0 1
TD13TRACE 3159 133.620000 133.620000 132.000000 0.014709 0 1
TD13TRACE 3160 133.620000 133.620000 132.000000 0.013125 0 1
TD13TRACE 3161 133.620000 133.620000 132.000000 0.013556 0 1
TD13TRACE 3162 133.620000 133.620000 132.000000 0.014992 0 1
TD13TRACE 3163 133.620000 133.620000 132.000000 0.012801 0 1
TD13TRACE 3164 133.620000 133.620000 132.000000 0.014079 0 1
TD13TRACE 3165 133.620000 133.620000 132.000000 0.014289 0 1
TD13TRACE 3166 133.620000 133.620000 132.000000 0.013419 0 1
TD13TRACE 3167 133.620000 133.620000 132.000000 0.013831 0 1
TD13TRACE 3168 133.620000 133.620000 132.000000 0.014729 0 1
TD13TRACE 3169 133.620000 133.620000 132.000000 0.013347 0 1
TD13TRACE 3170 133.620000 133.620000 132.000000 0.013198 0 1
TD13TRACE 3171 133.620000 133.620000 132.000000 0.014862 0 1
TD13TRACE 3172 133.620000 133.620000 132.000000 0.013592 0 1
TD13TRACE 3173 133.620000 133.620000 132.000000 0.013712 0 1
TD13TRACE 3174 133.620000 133.620000 132.000000 0.014561 0 1
TD13TRACE 3175 133.620000 133.620000 132.000000 0.013236 0 1
TD13TRACE 3176 133.620000 133.620000 132.000000 0.013638 0 1
TD13TRACE 3177 133.620000 133.620000 132.000000 0.014868 0 1
TD13TRACE 3178 133.620000 133.620000 132.000000 0.012843 0 1
TD13TRACE 3179 133.620000 133.620000 132.000000 0.013861 0 1
TD13TRACE 3180 133.620000 133.620000 132.000000 0.014922 0 1
TD13TRACE 3181 133.620000 133.620000 132.000000 0.013216 0 1
TD13TRACE 3182 133.620000 133.620000 132.000000 0.014197 0 1
TD13TRACE 3183 133.620000 133.620000 132.000000 0.013906 0 1
TD13TRACE 3184 133.620000 133.620000 132.000000 0.013526 0 1
TD13TRACE 3185 133.620000 133.620000 132.000000 0.013707 0 1
TD13TRACE 3186 133.620000 133.620000 132.000000 0.014966 0 1
TD13TRACE 3187 133.620000 133.620000 132.000000 0.013048 0 1
TD13TRACE 3188 133.620000 133.620000 132.000000 0.013612 0 1
TD13TRACE 3189 133.620000 133.620000 132.000000 0.014829 0 1
TD13TRACE 3190 133.620000 133.620000 132.000000 0.013182 0 1
TD13TRACE 3191 133.620000 133.620000 132.000000 0.013544 0 1
TD13TRACE 3192 133.620000 133.620000 132.000000 0.014693 0 1
TD13TRACE 3193 133.620000 133.620000 132.000000 0.013119 0 1
TD13TRACE 3194 133.620000 133.620000 132.000000 0.013911 0 1
TD13TRACE 3195 133.620000 133.620000 132.000000 0.014732 0 1
TD13TRACE 3196 133.620000 133.620000 132.000000 0.013475 0 1
TD13TRACE 3197 133.620000 133.620000 132.000000 0.013434 0 1
TD13TRACE 3198 133.620000 133.620000 132.000000 0.014768 0 1
TD13TRACE 3199 133.620000 133.620000 132.000000 0.013207 0 1
TD13TRACE 3200 133.620000 133.620000 132.000000 0.013834 0 1
TD13TRACE 3201 133.620000 133.620000 132.000000 0.014512 0 1
TD13TRACE 3202 133.620000 133.620000 132.000000 0.013319 0 1
TD13TRACE 3203 133.620000 133.620000 132.000000 0.013479 0 1
TD13TRACE 3204 133.620000 133.620000 132.000000 0.014597 0 1
TD13TRACE 3205 133.620000 133.620000 132.000000 0.013696 0 1
TD13TRACE 3206 133.620000 133.620000 132.000000 0.013530 0 1
TD13TRACE 3207 133.620000 133.620000 132.000000 0.014649 0 1
TD13TRACE 3208 133.620000 133.620000 132.000000 0.013089 0 1
TD13TRACE 3209 133.620000 133.620000 132.000000 0.013842 0 1
TD13TRACE 3210 133.620000 133.620000 132.000000 0.014415 0 1
TD13TRACE 3211 133.620000 133.620000 132.000000 0.013478 0 1
TD13TRACE 3212 133.620000 133.620000 132.000000 0.014038 0 1
TD13TRACE 3213 133.620000 133.620000 132.000000 0.014723 0 1
TD13TRACE 3214 133.620000 133.620000 132.000000 0.013030 0 1
TD13TRACE 3215 133.620000 133.620000 132.000000 0.013576 0 1
TD13TRACE 3216 133.620000 133.620000 132.000000 0.014568 0 1
TD13TRACE 3217 133.620000 133.620000 132.000000 0.013833 0 1
TD13TRACE 3218 133.620000 133.620000 132.000000 0.013986 0 1
TD13TRACE 3219 133.620000 133.620000 132.000000 0.014141 0 1
TD13TRACE 3220 133.620000 133.620000 132.000000 0.013023 0 1
TD13TRACE 3221 133.620000 133.620000 132.000000 0.014136 0 1
TD13TRACE 3222 133.620000 133.620000 132.000000 0.014927 0 1
TD13TRACE 3223 133.620000 133.620000 132.000000 0.013067 0 1
TD13TRACE 3224 133.620000 133.620000 132.000000 0.013691 0 1
TD13TRACE 3225 133.620000 133.620000 132.000000 0.014867 0 1
TD13TRACE 3226 133.620000 133.620000 132.000000 0.013593 0 1
TD13TRACE 3227 133.620000 133.620000 132.000000 0.013331 0 1
TD13TRACE 3228 133.620000 133.620000 132.000000 0.014309 0 1
TD13TRACE 3229 133.620000 133.620000 132.000000 0.013134 0 1
TD13TRACE 3230 133.620000 133.620000 132.000000 0.014248 0 1
TD13TRACE 3231 133.620000 133.620000 132.000000 0.014580 0 1
TD13TRACE 3232 133.620000 133.620000 132.000000 0.013190 0 1
TD13TRACE 3233 133.620000 133.620000 132.000000 0.013821 0 1
TD13TRACE 3234 133.620000 133.620000 132.000000 0.014884 0 1
TD13TRACE 3235 133.620000 133.620000 132.000000 0.012863 0 1
TD13TRACE 3236 133.620000 133.620000 132.000000 0.013845 0 1
TD13TRACE 3237 133.620000 133.620000 132.000000 0.014544 0 1
TD13TRACE 3238 133.620000 133.620000 132.000000 0.013268 0 1
TD13TRACE 3239 133.620000 133.620000 132.000000 0.013755 0 1
TD13TRACE 3240 133.620000 133.620000 132.000000 0.014511 0 1
TD13TRACE 3241 133.620000 133.620000 132.000000 0.013364 0 1
TD13TRACE 3242 133.620000 133.620000 132.000000 0.013630 0 1
TD13TRACE 3243 133.620000 133.620000 132.000000 0.014935 0 1
TD13TRACE 3244 133.620000 133.620000 132.000000 0.013144 0 1
TD13TRACE 3245 133.620000 133.620000 132.000000 0.013839 0 1
TD13TRACE 3246 133.620000 133.620000 132.000000 0.014022 0 1
TD13TRACE 3247 133.620000 133.620000 132.000000 0.013985 0 1
[2026-09-15 06:53:36.156] [info] fps 72.0 | pos (0.50, 132.00, -4.70) | chunks 126 | stream-meshed 117
TD13TRACE 3248 133.620000 133.620000 132.000000 0.013808 0 1
TD13TRACE 3249 133.620000 133.620000 132.000000 0.014312 0 1
TD13TRACE 3250 133.620000 133.620000 132.000000 0.013197 0 1
TD13TRACE 3251 133.620000 133.620000 132.000000 0.013802 0 1
TD13TRACE 3252 133.620000 133.620000 132.000000 0.015083 0 1
TD13TRACE 3253 133.620000 133.620000 132.000000 0.013111 0 1
TD13TRACE 3254 133.620000 133.620000 132.000000 0.014077 0 1
TD13TRACE 3255 133.620000 133.620000 132.000000 0.014559 0 1
TD13TRACE 3256 133.620000 133.620000 132.000000 0.013171 0 1
TD13TRACE 3257 133.620000 133.620000 132.000000 0.013678 0 1
TD13TRACE 3258 133.620000 133.620000 132.000000 0.014621 0 1
TD13TRACE 3259 133.620000 133.620000 132.000000 0.014007 0 1
TD13TRACE 3260 133.620000 133.620000 132.000000 0.012772 0 1
TD13TRACE 3261 133.620000 133.620000 132.000000 0.014812 0 1
TD13TRACE 3262 133.620000 133.620000 132.000000 0.013344 0 1
TD13TRACE 3263 133.620000 133.620000 132.000000 0.013352 0 1
TD13TRACE 3264 133.620000 133.620000 132.000000 0.015040 0 1
TD13TRACE 3265 133.620000 133.620000 132.000000 0.013088 0 1
TD13TRACE 3266 133.620000 133.620000 132.000000 0.014012 0 1
TD13TRACE 3267 133.620000 133.620000 132.000000 0.015082 0 1
TD13TRACE 3268 133.620000 133.620000 132.000000 0.013271 0 1
TD13TRACE 3269 133.620000 133.620000 132.000000 0.013598 0 1
TD13TRACE 3270 133.620000 133.620000 132.000000 0.014244 0 1
TD13TRACE 3271 133.620000 133.620000 132.000000 0.013119 0 1
TD13TRACE 3272 133.620000 133.620000 132.000000 0.013813 0 1
TD13TRACE 3273 133.620000 133.620000 132.000000 0.014843 0 1
TD13TRACE 3274 133.620000 133.620000 132.000000 0.013189 0 1
TD13TRACE 3275 133.620000 133.620000 132.000000 0.013670 0 1
TD13TRACE 3276 133.620000 133.620000 132.000000 0.014910 0 1
TD13TRACE 3277 133.620000 133.620000 132.000000 0.012929 0 1
TD13TRACE 3278 133.620000 133.620000 132.000000 0.013678 0 1
TD13TRACE 3279 133.620000 133.620000 132.000000 0.015317 0 1
TD13TRACE 3280 133.620000 133.620000 132.000000 0.012547 0 1
TD13TRACE 3281 133.620000 133.620000 132.000000 0.013948 0 1
TD13TRACE 3282 133.620000 133.620000 132.000000 0.015016 0 1
TD13TRACE 3283 133.620000 133.620000 132.000000 0.013123 0 1
TD13TRACE 3284 133.620000 133.620000 132.000000 0.013597 0 1
TD13TRACE 3285 133.620000 133.620000 132.000000 0.014729 0 1
TD13TRACE 3286 133.620000 133.620000 132.000000 0.013245 0 1
TD13TRACE 3287 133.620000 133.620000 132.000000 0.013766 0 1
TD13TRACE 3288 133.620000 133.620000 132.000000 0.014496 0 1
TD13TRACE 3289 133.620000 133.620000 132.000000 0.013158 0 1
TD13TRACE 3290 133.620000 133.620000 132.000000 0.013764 0 1
TD13TRACE 3291 133.620000 133.620000 132.000000 0.014518 0 1
TD13TRACE 3292 133.620000 133.620000 132.000000 0.013325 0 1
TD13TRACE 3293 133.620000 133.620000 132.000000 0.014128 0 1
TD13TRACE 3294 133.620000 133.620000 132.000000 0.014450 0 1
TD13TRACE 3295 133.620000 133.620000 132.000000 0.013278 0 1
TD13TRACE 3296 133.620000 133.620000 132.000000 0.013566 0 1
TD13TRACE 3297 133.620000 133.620000 132.000000 0.014575 0 1
TD13TRACE 3298 133.620000 133.620000 132.000000 0.013740 0 1
TD13TRACE 3299 133.620000 133.620000 132.000000 0.013181 0 1
TD13TRACE 3300 133.620000 133.620000 132.000000 0.014535 0 1
TD13TRACE 3301 133.620000 133.620000 132.000000 0.013920 0 1
TD13TRACE 3302 133.620000 133.620000 132.000000 0.013340 0 1
TD13TRACE 3303 133.620000 133.620000 132.000000 0.014838 0 1
TD13TRACE 3304 133.620000 133.620000 132.000000 0.013376 0 1
TD13TRACE 3305 133.620000 133.620000 132.000000 0.013488 0 1
TD13TRACE 3306 133.620000 133.620000 132.000000 0.014817 0 1
TD13TRACE 3307 133.620000 133.620000 132.000000 0.012916 0 1
TD13TRACE 3308 133.620000 133.620000 132.000000 0.013825 0 1
TD13TRACE 3309 133.620000 133.620000 132.000000 0.015074 0 1
TD13TRACE 3310 133.620000 133.620000 132.000000 0.013372 0 1
TD13TRACE 3311 133.620000 133.620000 132.000000 0.013228 0 1
TD13TRACE 3312 133.620000 133.620000 132.000000 0.015011 0 1
TD13TRACE 3313 133.620000 133.620000 132.000000 0.013052 0 1
TD13TRACE 3314 133.620000 133.620000 132.000000 0.013747 0 1
TD13TRACE 3315 133.620000 133.620000 132.000000 0.014637 0 1
TD13TRACE 3316 133.620000 133.620000 132.000000 0.013493 0 1
TD13TRACE 3317 133.620000 133.620000 132.000000 0.013877 0 1
TD13TRACE 3318 133.620000 133.620000 132.000000 0.014268 0 1
TD13TRACE 3319 133.620000 133.620000 132.000000 0.013447 0 1
TD13TRACE 3320 133.620000 133.620000 132.000000 0.013545 0 1
TD13TRACE 3321 133.620000 133.620000 132.000000 0.014803 0 1
TD13TRACE 3322 133.620000 133.620000 132.000000 0.013595 0 1
TD13TRACE 3323 133.620000 133.620000 132.000000 0.013374 0 1
TD13TRACE 3324 133.620000 133.620000 132.000000 0.014685 0 1
TD13TRACE 3325 133.620000 133.620000 132.000000 0.013175 0 1
TD13TRACE 3326 133.620000 133.620000 132.000000 0.013875 0 1
TD13TRACE 3327 133.620000 133.620000 132.000000 0.014663 0 1
TD13TRACE 3328 133.620000 133.620000 132.000000 0.013269 0 1
TD13TRACE 3329 133.620000 133.620000 132.000000 0.013678 0 1
TD13TRACE 3330 133.620000 133.620000 132.000000 0.014719 0 1
TD13TRACE 3331 133.620000 133.620000 132.000000 0.013268 0 1
TD13TRACE 3332 133.620000 133.620000 132.000000 0.013487 0 1
TD13TRACE 3333 133.620000 133.620000 132.000000 0.014802 0 1
TD13TRACE 3334 133.620000 133.620000 132.000000 0.013133 0 1
TD13TRACE 3335 133.620000 133.620000 132.000000 0.014073 0 1
TD13TRACE 3336 133.620000 133.620000 132.000000 0.014730 0 1
TD13TRACE 3337 133.620000 133.620000 132.000000 0.013594 0 1
TD13TRACE 3338 133.620000 133.620000 132.000000 0.013458 0 1
TD13TRACE 3339 133.620000 133.620000 132.000000 0.014342 0 1
TD13TRACE 3340 133.620000 133.620000 132.000000 0.013127 0 1
TD13TRACE 3341 133.620000 133.620000 132.000000 0.014002 0 1
TD13TRACE 3342 133.620000 133.620000 132.000000 0.014312 0 1
TD13TRACE 3343 133.620000 133.620000 132.000000 0.013846 0 1
TD13TRACE 3344 133.620000 133.620000 132.000000 0.013562 0 1
TD13TRACE 3345 133.620000 133.620000 132.000000 0.014441 0 1
TD13TRACE 3346 133.620000 133.620000 132.000000 0.013078 0 1
TD13TRACE 3347 133.620000 133.620000 132.000000 0.013744 0 1
TD13TRACE 3348 133.620000 133.620000 132.000000 0.014842 0 1
TD13TRACE 3349 133.620000 133.620000 132.000000 0.013394 0 1
TD13TRACE 3350 133.620000 133.620000 132.000000 0.013900 0 1
TD13TRACE 3351 133.620000 133.620000 132.000000 0.014575 0 1
TD13TRACE 3352 133.620000 133.620000 132.000000 0.012909 0 1
TD13TRACE 3353 133.620000 133.620000 132.000000 0.014147 0 1
TD13TRACE 3354 133.620000 133.620000 132.000000 0.014394 0 1
TD13TRACE 3355 133.620000 133.620000 132.000000 0.013447 0 1
TD13TRACE 3356 133.620000 133.620000 132.000000 0.013522 0 1
TD13TRACE 3357 133.620000 133.620000 132.000000 0.014629 0 1
TD13TRACE 3358 133.620000 133.620000 132.000000 0.013609 0 1
TD13TRACE 3359 133.620000 133.620000 132.000000 0.013516 0 1
TD13TRACE 3360 133.620000 133.620000 132.000000 0.014629 0 1
TD13TRACE 3361 133.620000 133.620000 132.000000 0.013383 0 1
TD13TRACE 3362 133.620000 133.620000 132.000000 0.013571 0 1
TD13TRACE 3363 133.620000 133.620000 132.000000 0.014909 0 1
TD13TRACE 3364 133.620000 133.620000 132.000000 0.013238 0 1
TD13TRACE 3365 133.620000 133.620000 132.000000 0.013878 0 1
TD13TRACE 3366 133.620000 133.620000 132.000000 0.014423 0 1
TD13TRACE 3367 133.620000 133.620000 132.000000 0.013600 0 1
TD13TRACE 3368 133.620000 133.620000 132.000000 0.013455 0 1
TD13TRACE 3369 133.620000 133.620000 132.000000 0.014358 0 1
TD13TRACE 3370 133.620000 133.620000 132.000000 0.013446 0 1
TD13TRACE 3371 133.620000 133.620000 132.000000 0.013817 0 1
TD13TRACE 3372 133.620000 133.620000 132.000000 0.014476 0 1
TD13TRACE 3373 133.620000 133.620000 132.000000 0.013393 0 1
TD13TRACE 3374 133.620000 133.620000 132.000000 0.014083 0 1
TD13TRACE 3375 133.620000 133.620000 132.000000 0.014493 0 1
TD13TRACE 3376 133.620000 133.620000 132.000000 0.013053 0 1
TD13TRACE 3377 133.620000 133.620000 132.000000 0.014065 0 1
TD13TRACE 3378 133.620000 133.620000 132.000000 0.014817 0 1
TD13TRACE 3379 133.620000 133.620000 132.000000 0.013010 0 1
TD13TRACE 3380 133.620000 133.620000 132.000000 0.013497 0 1
TD13TRACE 3381 133.620000 133.620000 132.000000 0.014768 0 1
TD13TRACE 3382 133.620000 133.620000 132.000000 0.013123 0 1
TD13TRACE 3383 133.620000 133.620000 132.000000 0.014090 0 1
TD13TRACE 3384 133.620000 133.620000 132.000000 0.014582 0 1
TD13TRACE 3385 133.620000 133.620000 132.000000 0.013479 0 1
TD13TRACE 3386 133.620000 133.620000 132.000000 0.013700 0 1
TD13TRACE 3387 133.620000 133.620000 132.000000 0.014454 0 1
TD13TRACE 3388 133.620000 133.620000 132.000000 0.013007 0 1
TD13TRACE 3389 133.620000 133.620000 132.000000 0.013941 0 1
TD13TRACE 3390 133.620000 133.620000 132.000000 0.014504 0 1
TD13TRACE 3391 133.620000 133.620000 132.000000 0.013789 0 1
[2026-09-15 06:53:38.156] [info] fps 72.0 | pos (0.50, 132.00, -4.70) | chunks 126 | stream-meshed 117
TD13TRACE 3392 133.620000 133.620000 132.000000 0.013430 0 1
TD13TRACE 3393 133.620000 133.620000 132.000000 0.014786 0 1
TD13TRACE 3394 133.620000 133.620000 132.000000 0.013219 0 1
TD13TRACE 3395 133.620000 133.620000 132.000000 0.013721 0 1
TD13TRACE 3396 133.620000 133.620000 132.000000 0.014802 0 1
TD13TRACE 3397 133.620000 133.620000 132.000000 0.013122 0 1
TD13TRACE 3398 133.620000 133.620000 132.000000 0.013969 0 1
TD13TRACE 3399 133.620000 133.620000 132.000000 0.014655 0 1
TD13TRACE 3400 133.620000 133.620000 132.000000 0.013261 0 1
TD13TRACE 3401 133.620000 133.620000 132.000000 0.013323 0 1
TD13TRACE 3402 133.620000 133.620000 132.000000 0.014996 0 1
TD13TRACE 3403 133.620000 133.620000 132.000000 0.012959 0 1
TD13TRACE 3404 133.620000 133.620000 132.000000 0.013727 0 1
TD13TRACE 3405 133.620000 133.620000 132.000000 0.014610 0 1
TD13TRACE 3406 133.620000 133.620000 132.000000 0.013335 0 1
TD13TRACE 3407 133.620000 133.620000 132.000000 0.013934 0 1
TD13TRACE 3408 133.620000 133.620000 132.000000 0.014409 0 1
TD13TRACE 3409 133.620000 133.620000 132.000000 0.013128 0 1
TD13TRACE 3410 133.620000 133.620000 132.000000 0.014129 0 1
TD13TRACE 3411 133.620000 133.620000 132.000000 0.014044 0 1
TD13TRACE 3412 133.620000 133.620000 132.000000 0.013436 0 1
TD13TRACE 3413 133.620000 133.620000 132.000000 0.013735 0 1
TD13TRACE 3414 133.620000 133.620000 132.000000 0.014626 0 1
TD13TRACE 3415 133.620000 133.620000 132.000000 0.013523 0 1
TD13TRACE 3416 133.620000 133.620000 132.000000 0.013848 0 1
TD13TRACE 3417 133.620000 133.620000 132.000000 0.014643 0 1
TD13TRACE 3418 133.620000 133.620000 132.000000 0.013661 0 1
TD13TRACE 3419 133.620000 133.620000 132.000000 0.013464 0 1
TD13TRACE 3420 133.620000 133.620000 132.000000 0.014561 0 1
TD13TRACE 3421 133.620000 133.620000 132.000000 0.013452 0 1
TD13TRACE 3422 133.620000 133.620000 132.000000 0.013768 0 1
TD13TRACE 3423 133.620000 133.620000 132.000000 0.014524 0 1
TD13TRACE 3424 133.620000 133.620000 132.000000 0.013157 0 1
TD13TRACE 3425 133.620000 133.620000 132.000000 0.013899 0 1
TD13TRACE 3426 133.620000 133.620000 132.000000 0.013985 0 1
TD13TRACE 3427 133.620000 133.620000 132.000000 0.013925 0 1
TD13TRACE 3428 133.620000 133.620000 132.000000 0.013724 0 1
TD13TRACE 3429 133.620000 133.620000 132.000000 0.014451 0 1
TD13TRACE 3430 133.620000 133.620000 132.000000 0.013124 0 1
TD13TRACE 3431 133.620000 133.620000 132.000000 0.013793 0 1
TD13TRACE 3432 133.620000 133.620000 132.000000 0.014910 0 1
TD13TRACE 3433 133.620000 133.620000 132.000000 0.013659 0 1
TD13TRACE 3434 133.620000 133.620000 132.000000 0.013450 0 1
TD13TRACE 3435 133.620000 133.620000 132.000000 0.014563 0 1
TD13TRACE 3436 133.620000 133.620000 132.000000 0.013022 0 1
TD13TRACE 3437 133.620000 133.620000 132.000000 0.014187 0 1
TD13TRACE 3438 133.620000 133.620000 132.000000 0.014737 0 1
TD13TRACE 3439 133.620000 133.620000 132.000000 0.012878 0 1
TD13TRACE 3440 133.620000 133.620000 132.000000 0.013759 0 1
TD13TRACE 3441 133.620000 133.620000 132.000000 0.014849 0 1
TD13TRACE 3442 133.620000 133.620000 132.000000 0.013167 0 1
TD13TRACE 3443 133.620000 133.620000 132.000000 0.013647 0 1
TD13TRACE 3444 133.620000 133.620000 132.000000 0.014656 0 1
TD13TRACE 3445 133.620000 133.620000 132.000000 0.013271 0 1
TD13TRACE 3446 133.620000 133.620000 132.000000 0.013759 0 1
TD13TRACE 3447 133.620000 133.620000 132.000000 0.014561 0 1
TD13TRACE 3448 133.620000 133.620000 132.000000 0.013511 0 1
TD13TRACE 3449 133.620000 133.620000 132.000000 0.013495 0 1
TD13TRACE 3450 133.620000 133.620000 132.000000 0.014925 0 1
TD13TRACE 3451 133.620000 133.620000 132.000000 0.013254 0 1
TD13TRACE 3452 133.620000 133.620000 132.000000 0.013645 0 1
TD13TRACE 3453 133.620000 133.620000 132.000000 0.014740 0 1
TD13TRACE 3454 133.620000 133.620000 132.000000 0.013271 0 1
TD13TRACE 3455 133.620000 133.620000 132.000000 0.013743 0 1
TD13TRACE 3456 133.620000 133.620000 132.000000 0.014387 0 1
TD13TRACE 3457 133.620000 133.620000 132.000000 0.013420 0 1
TD13TRACE 3458 133.620000 133.620000 132.000000 0.014098 0 1
TD13TRACE 3459 133.620000 133.620000 132.000000 0.014044 0 1
TD13TRACE 3460 133.620000 133.620000 132.000000 0.013349 0 1
TD13TRACE 3461 133.620000 133.620000 132.000000 0.013788 0 1
TD13TRACE 3462 133.620000 133.620000 132.000000 0.014889 0 1
TD13TRACE 3463 133.620000 133.620000 132.000000 0.012946 0 1
TD13TRACE 3464 133.620000 133.620000 132.000000 0.014235 0 1
TD13TRACE 3465 133.620000 133.620000 132.000000 0.014999 0 1
TD13TRACE 3466 133.620000 133.620000 132.000000 0.013052 0 1
TD13TRACE 3467 133.620000 133.620000 132.000000 0.013455 0 1
TD13TRACE 3468 133.620000 133.620000 132.000000 0.014629 0 1
TD13TRACE 3469 133.620000 133.620000 132.000000 0.013552 0 1
TD13TRACE 3470 133.620000 133.620000 132.000000 0.013463 0 1
TD13TRACE 3471 133.620000 133.620000 132.000000 0.015124 0 1
TD13TRACE 3472 133.620000 133.620000 132.000000 0.013227 0 1
TD13TRACE 3473 133.620000 133.620000 132.000000 0.013426 0 1
TD13TRACE 3474 133.620000 133.620000 132.000000 0.014631 0 1
TD13TRACE 3475 133.620000 133.620000 132.000000 0.013299 0 1
TD13TRACE 3476 133.620000 133.620000 132.000000 0.014064 0 1
TD13TRACE 3477 133.620000 133.620000 132.000000 0.014126 0 1
TD13TRACE 3478 133.620000 133.620000 132.000000 0.013013 0 1
TD13TRACE 3479 133.620000 133.620000 132.000000 0.014134 0 1
TD13TRACE 3480 133.620000 133.620000 132.000000 0.014854 0 1
TD13TRACE 3481 133.620000 133.620000 132.000000 0.013066 0 1
TD13TRACE 3482 133.620000 133.620000 132.000000 0.013745 0 1
TD13TRACE 3483 133.620000 133.620000 132.000000 0.014312 0 1
TD13TRACE 3484 133.620000 133.620000 132.000000 0.013430 0 1
TD13TRACE 3485 133.620000 133.620000 132.000000 0.013610 0 1
TD13TRACE 3486 133.620000 133.620000 132.000000 0.014792 0 1
TD13TRACE 3487 133.620000 133.620000 132.000000 0.013612 0 1
TD13TRACE 3488 133.620000 133.620000 132.000000 0.013644 0 1
TD13TRACE 3489 133.620000 133.620000 132.000000 0.014400 0 1
TD13TRACE 3490 133.620000 133.620000 132.000000 0.013275 0 1
TD13TRACE 3491 133.620000 133.620000 132.000000 0.013910 0 1
TD13TRACE 3492 133.620000 133.620000 132.000000 0.014722 0 1
TD13TRACE 3493 133.620000 133.620000 132.000000 0.013118 0 1
TD13TRACE 3494 133.620000 133.620000 132.000000 0.013859 0 1
TD13TRACE 3495 133.620000 133.620000 132.000000 0.014451 0 1
TD13TRACE 3496 133.620000 133.620000 132.000000 0.013298 0 1
TD13TRACE 3497 133.620000 133.620000 132.000000 0.013710 0 1
TD13TRACE 3498 133.620000 133.620000 132.000000 0.014678 0 1
TD13TRACE 3499 133.620000 133.620000 132.000000 0.013648 0 1
TD13TRACE 3500 133.620000 133.620000 132.000000 0.013624 0 1
TD13TRACE 3501 133.620000 133.620000 132.000000 0.014202 0 1
TD13TRACE 3502 133.620000 133.620000 132.000000 0.013487 0 1
TD13TRACE 3503 133.620000 133.620000 132.000000 0.013939 0 1
TD13TRACE 3504 133.620000 133.620000 132.000000 0.014391 0 1
TD13TRACE 3505 133.620000 133.620000 132.000000 0.013465 0 1
TD13TRACE 3506 133.620000 133.620000 132.000000 0.013502 0 1
TD13TRACE 3507 133.620000 133.620000 132.000000 0.014681 0 1
TD13TRACE 3508 133.620000 133.620000 132.000000 0.013850 0 1
TD13TRACE 3509 133.620000 133.620000 132.000000 0.013155 0 1
TD13TRACE 3510 133.620000 133.620000 132.000000 0.014999 0 1
TD13TRACE 3511 133.620000 133.620000 132.000000 0.013441 0 1
TD13TRACE 3512 133.620000 133.620000 132.000000 0.013477 0 1
TD13TRACE 3513 133.620000 133.620000 132.000000 0.014434 0 1
TD13TRACE 3514 133.620000 133.620000 132.000000 0.013390 0 1
TD13TRACE 3515 133.620000 133.620000 132.000000 0.013933 0 1
TD13TRACE 3516 133.620000 133.620000 132.000000 0.014485 0 1
TD13TRACE 3517 133.620000 133.620000 132.000000 0.013353 0 1
TD13TRACE 3518 133.620000 133.620000 132.000000 0.013476 0 1
TD13TRACE 3519 133.620000 133.620000 132.000000 0.014486 0 1
TD13TRACE 3520 133.620000 133.620000 132.000000 0.013537 0 1
TD13TRACE 3521 133.620000 133.620000 132.000000 0.013660 0 1
TD13TRACE 3522 133.620000 133.620000 132.000000 0.014664 0 1
TD13TRACE 3523 133.620000 133.620000 132.000000 0.013671 0 1
TD13TRACE 3524 133.620000 133.620000 132.000000 0.013300 0 1
TD13TRACE 3525 133.620000 133.620000 132.000000 0.014804 0 1
TD13TRACE 3526 133.620000 133.620000 132.000000 0.013235 0 1
TD13TRACE 3527 133.620000 133.620000 132.000000 0.013961 0 1
TD13TRACE 3528 133.620000 133.620000 132.000000 0.014855 0 1
TD13TRACE 3529 133.620000 133.620000 132.000000 0.013191 0 1
TD13TRACE 3530 133.620000 133.620000 132.000000 0.013598 0 1
TD13TRACE 3531 133.620000 133.620000 132.000000 0.014215 0 1
TD13TRACE 3532 133.620000 133.620000 132.000000 0.013438 0 1
TD13TRACE 3533 133.620000 133.620000 132.000000 0.013647 0 1
TD13TRACE 3534 133.620000 133.620000 132.000000 0.014989 0 1
TD13TRACE 3535 133.620000 133.620000 132.000000 0.013248 0 1
TD13TRACE 3536 133.620000 133.620000 132.000000 0.013470 0 1
[2026-09-15 06:53:40.171] [info] fps 72.0 | pos (0.50, 132.00, -4.70) | chunks 126 | stream-meshed 117
TD13TRACE 3537 133.620000 133.620000 132.000000 0.014967 0 1
TD13TRACE 3538 133.620000 133.620000 132.000000 0.013233 0 1
TD13TRACE 3539 133.620000 133.620000 132.000000 0.013474 0 1
TD13TRACE 3540 133.620000 133.620000 132.000000 0.014791 0 1
TD13TRACE 3541 133.620000 133.620000 132.000000 0.013077 0 1
TD13TRACE 3542 133.620000 133.620000 132.000000 0.014120 0 1
TD13TRACE 3543 133.620000 133.620000 132.000000 0.014450 0 1
TD13TRACE 3544 133.620000 133.620000 132.000000 0.013430 0 1
TD13TRACE 3545 133.620000 133.620000 132.000000 0.013819 0 1
TD13TRACE 3546 133.620000 133.620000 132.000000 0.014433 0 1
TD13TRACE 3547 133.620000 133.620000 132.000000 0.013542 0 1
TD13TRACE 3548 133.620000 133.620000 132.000000 0.013597 0 1
TD13TRACE 3549 133.620000 133.620000 132.000000 0.014570 0 1
TD13TRACE 3550 133.620000 133.620000 132.000000 0.013206 0 1
TD13TRACE 3551 133.620000 133.620000 132.000000 0.013590 0 1
TD13TRACE 3552 133.620000 133.620000 132.000000 0.014935 0 1
TD13TRACE 3553 133.620000 133.620000 132.000000 0.013050 0 1
TD13TRACE 3554 133.620000 133.620000 132.000000 0.013967 0 1
TD13TRACE 3555 133.620000 133.620000 132.000000 0.014373 0 1
TD13TRACE 3556 133.620000 133.620000 132.000000 0.013394 0 1
TD13TRACE 3557 133.620000 133.620000 132.000000 0.013877 0 1
TD13TRACE 3558 133.620000 133.620000 132.000000 0.014369 0 1
TD13TRACE 3559 133.620000 133.620000 132.000000 0.013283 0 1
TD13TRACE 3560 133.620000 133.620000 132.000000 0.013847 0 1
TD13TRACE 3561 133.620000 133.620000 132.000000 0.014585 0 1
TD13TRACE 3562 133.620000 133.620000 132.000000 0.013599 0 1
TD13TRACE 3563 133.620000 133.620000 132.000000 0.013835 0 1
TD13TRACE 3564 133.620000 133.620000 132.000000 0.014486 0 1
TD13TRACE 3565 133.620000 133.620000 132.000000 0.013406 0 1
TD13TRACE 3566 133.620000 133.620000 132.000000 0.013500 0 1
TD13TRACE 3567 133.620000 133.620000 132.000000 0.014514 0 1
TD13TRACE 3568 133.620000 133.620000 132.000000 0.013949 0 1
TD13TRACE 3569 133.620000 133.620000 132.000000 0.013502 0 1
TD13TRACE 3570 133.620000 133.620000 132.000000 0.014563 0 1
TD13TRACE 3571 133.620000 133.620000 132.000000 0.013310 0 1
TD13TRACE 3572 133.620000 133.620000 132.000000 0.013917 0 1
TD13TRACE 3573 133.620000 133.620000 132.000000 0.014556 0 1
TD13TRACE 3574 133.620000 133.620000 132.000000 0.013320 0 1
TD13TRACE 3575 133.620000 133.620000 132.000000 0.013719 0 1
TD13TRACE 3576 133.620000 133.620000 132.000000 0.014453 0 1
TD13TRACE 3577 133.620000 133.620000 132.000000 0.013080 0 1
TD13TRACE 3578 133.620000 133.620000 132.000000 0.013996 0 1
TD13TRACE 3579 133.620000 133.620000 132.000000 0.014834 0 1
TD13TRACE 3580 133.620000 133.620000 132.000000 0.013235 0 1
TD13TRACE 3581 133.620000 133.620000 132.000000 0.013680 0 1
TD13TRACE 3582 133.620000 133.620000 132.000000 0.014714 0 1
TD13TRACE 3583 133.620000 133.620000 132.000000 0.013134 0 1
TD13TRACE 3584 133.620000 133.620000 132.000000 0.013661 0 1
TD13TRACE 3585 133.620000 133.620000 132.000000 0.014558 0 1
TD13TRACE 3586 133.620000 133.620000 132.000000 0.013130 0 1
TD13TRACE 3587 133.620000 133.620000 132.000000 0.013801 0 1
TD13TRACE 3588 133.620000 133.620000 132.000000 0.014954 0 1
TD13TRACE 3589 133.620000 133.620000 132.000000 0.013028 0 1
TD13TRACE 3590 133.620000 133.620000 132.000000 0.013583 0 1
TD13TRACE 3591 133.620000 133.620000 132.000000 0.014650 0 1
TD13TRACE 3592 133.620000 133.620000 132.000000 0.013592 0 1
TD13TRACE 3593 133.620000 133.620000 132.000000 0.013920 0 1
TD13TRACE 3594 133.620000 133.620000 132.000000 0.014457 0 1
TD13TRACE 3595 133.620000 133.620000 132.000000 0.013399 0 1
TD13TRACE 3596 133.620000 133.620000 132.000000 0.013747 0 1
TD13TRACE 3597 133.620000 133.620000 132.000000 0.014483 0 1
TD13TRACE 3598 133.620000 133.620000 132.000000 0.013431 0 1
TD13TRACE 3599 133.620000 133.620000 132.000000 0.013159 0 1
TD13TRACE 3600 133.620000 133.620000 132.000000 0.014553 0 1
TD13TRACE 3601 133.620000 133.620000 132.000000 0.013676 0 1
TD13TRACE 3602 133.620000 133.620000 132.000000 0.013738 0 1
TD13TRACE 3603 133.620000 133.620000 132.000000 0.015189 0 1
TD13TRACE 3604 133.620000 133.620000 132.000000 0.012888 0 1
TD13TRACE 3605 133.620000 133.620000 132.000000 0.013743 0 1
TD13TRACE 3606 133.620000 133.620000 132.000000 0.014744 0 1
TD13TRACE 3607 133.620000 133.620000 132.000000 0.013332 0 1
TD13TRACE 3608 133.620000 133.620000 132.000000 0.013747 0 1
TD13TRACE 3609 133.620000 133.620000 132.000000 0.014399 0 1
TD13TRACE 3610 133.620000 133.620000 132.000000 0.012995 0 1
TD13TRACE 3611 133.620000 133.620000 132.000000 0.013918 0 1
TD13TRACE 3612 133.620000 133.620000 132.000000 0.014776 0 1
TD13TRACE 3613 133.620000 133.620000 132.000000 0.013636 0 1
TD13TRACE 3614 133.620000 133.620000 132.000000 0.013609 0 1
TD13TRACE 3615 133.620000 133.620000 132.000000 0.014245 0 1
TD13TRACE 3616 133.620000 133.620000 132.000000 0.013777 0 1
TD13TRACE 3617 133.620000 133.620000 132.000000 0.013734 0 1
TD13TRACE 3618 133.620000 133.620000 132.000000 0.014090 0 1
TD13TRACE 3619 133.620000 133.620000 132.000000 0.013546 0 1
TD13TRACE 3620 133.620000 133.620000 132.000000 0.013866 0 1
TD13TRACE 3621 133.620000 133.620000 132.000000 0.014628 0 1
TD13TRACE 3622 133.620000 133.620000 132.000000 0.013498 0 1
TD13TRACE 3623 133.620000 133.620000 132.000000 0.013532 0 1
TD13TRACE 3624 133.620000 133.620000 132.000000 0.014639 0 1
TD13TRACE 3625 133.620000 133.620000 132.000000 0.013230 0 1
TD13TRACE 3626 133.620000 133.620000 132.000000 0.013686 0 1
TD13TRACE 3627 133.620000 133.620000 132.000000 0.014507 0 1
TD13TRACE 3628 133.620000 133.620000 132.000000 0.013537 0 1
TD13TRACE 3629 133.620000 133.620000 132.000000 0.013789 0 1
TD13TRACE 3630 133.620000 133.620000 132.000000 0.014191 0 1
TD13TRACE 3631 133.620000 133.620000 132.000000 0.013783 0 1
TD13TRACE 3632 133.620000 133.620000 132.000000 0.013654 0 1
TD13TRACE 3633 133.620000 133.620000 132.000000 0.014621 0 1
TD13TRACE 3634 133.620000 133.620000 132.000000 0.013249 0 1
TD13TRACE 3635 133.620000 133.620000 132.000000 0.013868 0 1
TD13TRACE 3636 133.620000 133.620000 132.000000 0.014643 0 1
TD13TRACE 3637 133.620000 133.620000 132.000000 0.013390 0 1
TD13TRACE 3638 133.620000 133.620000 132.000000 0.013016 0 1
TD13TRACE 3639 133.620000 133.620000 132.000000 0.014599 0 1
TD13TRACE 3640 133.620000 133.620000 132.000000 0.013658 0 1
TD13TRACE 3641 133.620000 133.620000 132.000000 0.013607 0 1
TD13TRACE 3642 133.620000 133.620000 132.000000 0.014981 0 1
TD13TRACE 3643 133.620000 133.620000 132.000000 0.013491 0 1
TD13TRACE 3644 133.620000 133.620000 132.000000 0.013477 0 1
TD13TRACE 3645 133.620000 133.620000 132.000000 0.014781 0 1
TD13TRACE 3646 133.620000 133.620000 132.000000 0.013231 0 1
TD13TRACE 3647 133.620000 133.620000 132.000000 0.013517 0 1
TD13TRACE 3648 133.620000 133.620000 132.000000 0.014487 0 1
TD13TRACE 3649 133.620000 133.620000 132.000000 0.013426 0 1
TD13TRACE 3650 133.620000 133.620000 132.000000 0.013566 0 1
TD13TRACE 3651 133.620000 133.620000 132.000000 0.014940 0 1
TD13TRACE 3652 133.620000 133.620000 132.000000 0.012918 0 1
TD13TRACE 3653 133.620000 133.620000 132.000000 0.013734 0 1
TD13TRACE 3654 133.620000 133.620000 132.000000 0.014293 0 1
TD13TRACE 3655 133.620000 133.620000 132.000000 0.013604 0 1
TD13TRACE 3656 133.620000 133.620000 132.000000 0.013703 0 1
