[2026-09-15 06:53:49.270] [info] OpenCraft 0.1.0 starting
[2026-09-15 06:53:49.407] [info] GL 4.1 Metal - 89.4 / glad loaded
[2026-09-15 06:53:49.407] [info] save: loaded level.ocd (seed=0x4f50454e43524146, ticks=1398, player=(0.50, 132.00, -4.70), hp=20.0)
[2026-09-15 06:53:49.632] [info] startup gen: 24 chunks, total 216.0 ms, avg 9.00 ms/chunk, max 9.95 ms
[2026-09-15 06:53:49.632] [info] atlas: 144x144 px, 9 tiles/row, crack tiles at 63
TD13TRACE 0 133.620000 133.620000 132.000000 0.086969 0 1 0 0
TD13TRACE 1 133.620000 133.620000 132.000000 0.026087 0 1 0 0
TD13TRACE 2 133.620000 133.620000 132.000000 0.021674 0 1 0 0
TD13TRACE 3 133.620000 133.620000 132.000000 0.023671 0 1 0 0
TD13TRACE 4 133.620000 133.620000 132.000000 0.023218 0 1 0 0
TD13TRACE 5 133.620000 133.620000 132.000000 0.025392 0 1 0 0
TD13TRACE 6 133.620000 133.620000 132.000000 0.025834 0 1 0 0
TD13TRACE 7 133.620000 133.620000 132.000000 0.023526 0 1 0 0
TD13TRACE 8 133.620000 133.620000 132.000000 0.021845 0 1 0 0
TD13TRACE 9 133.620000 133.620000 132.000000 0.024114 0 1 0 0
TD13TRACE 10 133.620000 133.620000 132.000000 0.025087 0 1 0 0
TD13TRACE 11 133.620000 133.620000 132.000000 0.022916 0 1 0 0
TD13TRACE 12 133.620000 133.620000 132.000000 0.023222 0 1 0 0
TD13TRACE 13 133.620000 133.620000 132.000000 0.024964 0 1 0 0
TD13TRACE 14 133.620000 133.620000 132.000000 0.023884 0 1 0 0
TD13TRACE 15 133.620000 133.620000 132.000000 0.026227 0 1 0 0
TD13TRACE 16 133.620000 133.620000 132.000000 0.020820 0 1 0 0
TD13TRACE 17 133.620000 133.620000 132.000000 0.020616 0 1 0 0
TD13TRACE 18 133.620000 133.620000 132.000000 0.025007 0 1 0 0
TD13TRACE 19 133.620000 133.620000 132.000000 0.023123 0 1 0 0
TD13TRACE 20 133.620000 133.620000 132.000000 0.027111 0 1 0 0
TD13TRACE 21 133.620000 133.620000 132.000000 0.024173 0 1 0 0
TD13TRACE 22 133.620000 133.620000 132.000000 0.021114 0 1 0 0
TD13TRACE 23 133.620000 133.620000 132.000000 0.020818 0 1 0 0
TD13TRACE 24 133.620000 133.620000 132.000000 0.021386 0 1 0 0
TD13TRACE 25 133.620000 133.620000 132.000000 0.021189 0 1 0 0
TD13TRACE 26 133.620000 133.620000 132.000000 0.022933 0 1 0 0
TD13TRACE 27 133.620000 133.620000 132.000000 0.023820 0 1 0 0
TD13TRACE 28 133.620000 133.620000 132.000000 0.023682 0 1 0 0
TD13TRACE 29 133.620000 133.620000 132.000000 0.024513 0 1 0 0
TD13TRACE 30 133.620000 133.620000 132.000000 0.026004 0 1 0 0
TD13TRACE 31 133.620000 133.620000 132.000000 0.023646 0 1 0 0
TD13TRACE 32 133.620000 133.620000 132.000000 0.023851 0 1 0 0
TD13TRACE 33 133.620000 133.620000 132.000000 0.023951 0 1 0 0
TD13TRACE 34 133.620000 133.620000 132.000000 0.024026 0 1 0 0
TD13TRACE 35 133.620000 133.620000 132.000000 0.023663 0 1 0 0
TD13TRACE 36 133.620000 133.620000 132.000000 0.021062 0 1 0 0
TD13TRACE 37 133.620000 133.620000 132.000000 0.020890 0 1 0 0
TD13TRACE 38 133.620000 133.620000 132.000000 0.025601 0 1 0 0
TD13TRACE 39 133.620000 133.620000 132.000000 0.023805 0 1 0 0
TD13TRACE 40 133.620000 133.620000 132.000000 0.024872 0 1 0 0
TD13TRACE 41 133.620000 133.620000 132.000000 0.022813 0 1 0 0
TD13TRACE 42 133.620000 133.620000 132.000000 0.025040 0 1 0 0
TD13TRACE 43 133.620000 133.620000 132.000000 0.022358 0 1 0 0
TD13TRACE 44 133.620000 133.620000 132.000000 0.027814 0 1 0 0
TD13TRACE 45 133.620000 133.620000 132.000000 0.027171 0 1 0 0
TD13TRACE 46 133.620000 133.620000 132.000000 0.023154 0 1 0 0
TD13TRACE 47 133.620000 133.620000 132.000000 0.024916 0 1 0 0
TD13TRACE 48 133.620000 133.620000 132.000000 0.023508 0 1 0 0
TD13TRACE 49 133.620000 133.620000 132.000000 0.024831 0 1 0 0
TD13TRACE 50 133.620000 133.620000 132.000000 0.024841 0 1 0 0
TD13TRACE 51 133.620000 133.620000 132.000000 0.024170 0 1 0 0
TD13TRACE 52 133.620000 133.620000 132.000000 0.019071 0 1 0 0
TD13TRACE 53 133.620000 133.620000 132.000000 0.021329 0 1 0 0
TD13TRACE 54 133.620000 133.620000 132.000000 0.021855 0 1 0 0
TD13TRACE 55 133.620000 133.620000 132.000000 0.024951 0 1 0 0
TD13TRACE 56 133.620000 133.620000 132.000000 0.023931 0 1 0 0
TD13TRACE 57 133.620000 133.620000 132.000000 0.024421 0 1 0 0
TD13TRACE 58 133.620000 133.620000 132.000000 0.024013 0 1 0 0
TD13TRACE 59 133.620000 133.620000 132.000000 0.023402 0 1 0 0
TD13TRACE 60 133.620000 133.620000 132.000000 0.024168 0 1 0 0
TD13TRACE 61 133.620000 133.620000 132.000000 0.022351 0 1 0 0
TD13TRACE 62 133.620000 133.620000 132.000000 0.018885 0 1 0 0
TD13TRACE 63 133.620000 133.620000 132.000000 0.019670 0 1 0 0
TD13TRACE 64 133.620000 133.620000 132.000000 0.019034 0 1 0 0
TD13TRACE 65 133.620000 133.620000 132.000000 0.020014 0 1 0 0
TD13TRACE 66 133.620000 133.620000 132.000000 0.020965 0 1 0 0
TD13TRACE 67 133.620000 133.620000 132.000000 0.021270 0 1 0 0
TD13TRACE 68 133.620000 133.620000 132.000000 0.020411 0 1 0 0
TD13TRACE 69 133.620000 133.620000 132.000000 0.021265 0 1 0 0
TD13TRACE 70 133.620000 133.620000 132.000000 0.020573 0 1 0 0
TD13TRACE 71 133.620000 133.620000 132.000000 0.020572 0 1 0 0
TD13TRACE 72 133.620000 133.620000 132.000000 0.021175 0 1 0 0
TD13TRACE 73 133.620000 133.620000 132.000000 0.020852 0 1 0 0
TD13TRACE 74 133.620000 133.620000 132.000000 0.020718 0 1 0 0
TD13TRACE 75 133.620000 133.620000 132.000000 0.020643 0 1 0 0
TD13TRACE 76 133.620000 133.620000 132.000000 0.021277 0 1 0 0
TD13TRACE 77 133.620000 133.620000 132.000000 0.020819 0 1 0 0
TD13TRACE 78 133.620000 133.620000 132.000000 0.020851 0 1 0 0
TD13TRACE 79 133.620000 133.620000 132.000000 0.020900 0 1 0 0
TD13TRACE 80 133.620000 133.620000 132.000000 0.020354 0 1 0 0
TD13TRACE 81 133.620000 133.620000 132.000000 0.020874 0 1 0 0
TD13TRACE 82 133.620000 133.620000 132.000000 0.021665 0 1 0 0
TD13TRACE 83 133.620000 133.620000 132.000000 0.020801 0 1 0 0
TD13TRACE 84 133.620000 133.620000 132.000000 0.020209 0 1 0 0
[2026-09-15 06:53:51.662] [info] fps 42.4 | pos (0.50, 132.00, -4.70) | chunks 113 | stream-meshed 104
TD13TRACE 85 133.620000 133.620000 132.000000 0.020589 0 1 0 0
TD13TRACE 86 133.620000 133.620000 132.000000 0.020985 0 1 0 0
TD13TRACE 87 133.620000 133.620000 132.000000 0.020742 0 1 0 0
TD13TRACE 88 133.620000 133.620000 132.000000 0.021046 0 1 0 0
TD13TRACE 89 133.620000 133.620000 132.000000 0.020478 0 1 0 0
TD13TRACE 90 133.620000 133.620000 132.000000 0.020760 0 1 0 0
TD13TRACE 91 133.620000 133.620000 132.000000 0.021722 0 1 0 0
TD13TRACE 92 133.620000 133.620000 132.000000 0.020782 0 1 0 0
TD13TRACE 93 133.620000 133.620000 132.000000 0.019962 0 1 0 0
TD13TRACE 94 133.620000 133.620000 132.000000 0.021321 0 1 0 0
TD13TRACE 95 133.620000 133.620000 132.000000 0.021137 0 1 0 0
TD13TRACE 96 133.620000 133.620000 132.000000 0.020191 0 1 0 0
TD13TRACE 97 133.620000 133.620000 132.000000 0.020733 0 1 0 0
TD13TRACE 98 133.620000 133.620000 132.000000 0.021325 0 1 0 0
TD13TRACE 99 133.620000 133.620000 132.000000 0.020407 0 1 0 0
TD13TRACE 100 133.620000 133.620000 132.000000 0.002655 0 1 0 0
TD13TRACE 101 133.620000 133.620000 132.000000 0.014546 0 1 0 0
TD13TRACE 102 133.620000 133.620000 132.000000 0.013483 0 1 0 0
TD13TRACE 103 133.620000 133.620000 132.000000 0.013809 0 1 0 0
TD13TRACE 104 133.620000 133.620000 132.000000 0.014464 0 1 0 0
TD13TRACE 105 133.620000 133.620000 132.000000 0.013387 0 1 0 0
TD13TRACE 106 133.620000 133.620000 132.000000 0.013937 0 1 0 0
TD13TRACE 107 133.620000 133.620000 132.000000 0.014819 0 1 0 0
TD13TRACE 108 133.620000 133.620000 132.000000 0.013249 0 1 0 0
TD13TRACE 109 133.620000 133.620000 132.000000 0.013900 0 1 0 0
TD13TRACE 110 133.620000 133.620000 132.000000 0.015004 0 1 0 0
TD13TRACE 111 133.620000 133.620000 132.000000 0.013095 0 1 0 0
TD13TRACE 112 133.620000 133.620000 132.000000 0.013768 0 1 0 0
TD13TRACE 113 133.620000 133.620000 132.000000 0.014987 0 1 0 0
TD13TRACE 114 133.620000 133.620000 132.000000 0.013341 0 1 0 0
TD13TRACE 115 133.620000 133.620000 132.000000 0.013346 0 1 0 0
TD13TRACE 116 133.620000 133.620000 132.000000 0.014977 0 1 0 0
TD13TRACE 117 133.620000 133.620000 132.000000 0.013176 0 1 0 0
TD13TRACE 118 133.620000 133.620000 132.000000 0.014058 0 1 0 0
TD13TRACE 119 133.620000 133.620000 132.000000 0.014786 0 1 0 0
TD13TRACE 120 133.620000 133.620000 132.000000 0.013377 0 1 0 0
TD13TRACE 121 133.620000 133.620000 132.000000 0.014183 0 1 0 0
TD13TRACE 122 133.620000 133.620000 132.000000 0.014003 0 1 0 0
TD13TRACE 123 133.620000 133.620000 132.000000 0.013266 0 1 0 0
TD13TRACE 124 133.620000 133.620000 132.000000 0.013234 0 1 0 0
TD13TRACE 125 133.620000 133.620000 132.000000 0.014891 0 1 0 0
TD13TRACE 126 133.620000 133.620000 132.000000 0.013275 0 1 0 0
TD13TRACE 127 133.620000 133.620000 132.000000 0.013503 0 1 0 0
TD13TRACE 128 133.620000 133.620000 132.000000 0.014451 0 1 0 0
TD13TRACE 129 133.620000 133.620000 132.000000 0.013401 0 1 0 0
TD13TRACE 130 133.620000 133.620000 132.000000 0.013478 0 1 0 0
TD13TRACE 131 133.620000 133.620000 132.000000 0.015107 0 1 0 0
TD13TRACE 132 133.620000 133.620000 132.000000 0.012852 0 1 0 0
TD13TRACE 133 133.620000 133.620000 132.000000 0.013560 0 1 0 0
TD13TRACE 134 133.620000 133.620000 132.000000 0.014461 0 1 0 0
TD13TRACE 135 133.620000 133.620000 132.000000 0.013705 0 1 0 0
TD13TRACE 136 133.620000 133.620000 132.000000 0.013740 0 1 0 0
TD13TRACE 137 133.620000 133.620000 132.000000 0.014562 0 1 0 0
TD13TRACE 138 133.620000 133.620000 132.000000 0.013356 0 1 0 0
TD13TRACE 139 133.620000 133.620000 132.000000 0.013764 0 1 0 0
TD13TRACE 140 133.620000 133.620000 132.000000 0.014425 0 1 0 0
TD13TRACE 141 133.620000 133.620000 132.000000 0.012973 0 1 0 0
TD13TRACE 142 133.620000 133.620000 132.000000 0.014227 0 1 0 0
TD13TRACE 143 133.620000 133.620000 132.000000 0.014828 0 1 0 0
TD13TRACE 144 133.620000 133.620000 132.000000 0.013293 0 1 0 0
TD13TRACE 145 133.620000 133.620000 132.000000 0.013094 0 1 0 0
TD13TRACE 146 133.620000 133.620000 132.000000 0.014816 0 1 0 0
TD13TRACE 147 133.620000 133.620000 132.000000 0.013672 0 1 0 0
TD13TRACE 148 133.620000 133.620000 132.000000 0.013607 0 1 0 0
TD13TRACE 149 133.620000 133.620000 132.000000 0.014354 0 1 0 0
TD13TRACE 150 133.620000 133.620000 132.000000 0.013610 0 1 0 0
TD13TRACE 151 133.620000 133.620000 132.000000 0.013661 0 1 0 0
TD13TRACE 152 133.620000 133.620000 132.000000 0.014439 0 1 0 0
TD13TRACE 153 133.620000 133.620000 132.000000 0.013264 0 1 0 0
TD13TRACE 154 133.620000 133.620000 132.000000 0.014070 0 1 0 0
TD13TRACE 155 133.620000 133.620000 132.000000 0.014477 0 1 0 0
TD13TRACE 156 133.620000 133.620000 132.000000 0.013478 0 1 0 0
TD13TRACE 157 133.620000 133.620000 132.000000 0.013663 0 1 0 0
TD13TRACE 158 133.620000 133.620000 132.000000 0.014518 0 1 0 0
TD13TRACE 159 133.620000 133.620000 132.000000 0.013002 0 1 0 0
TD13TRACE 160 133.620000 133.620000 132.000000 0.014477 0 1 0 0
TD13TRACE 161 133.620000 133.620000 132.000000 0.014277 0 1 0 0
TD13TRACE 162 133.620000 133.620000 132.000000 0.012870 0 1 0 0
TD13TRACE 163 133.620000 133.620000 132.000000 0.013715 0 1 0 0
TD13TRACE 164 133.620000 133.620000 132.000000 0.014586 0 1 0 0
TD13TRACE 165 133.620000 133.620000 132.000000 0.013374 0 1 0 0
TD13TRACE 166 133.620000 133.620000 132.000000 0.013739 0 1 0 0
TD13TRACE 167 133.620000 133.620000 132.000000 0.014621 0 1 0 0
TD13TRACE 168 133.620000 133.620000 132.000000 0.013260 0 1 0 0
TD13TRACE 169 133.620000 133.620000 132.000000 0.014135 0 1 0 0
TD13TRACE 170 133.620000 133.620000 132.000000 0.014619 0 1 0 0
TD13TRACE 171 133.620000 133.620000 132.000000 0.012798 0 1 0 0
TD13TRACE 172 133.620000 133.620000 132.000000 0.013952 0 1 0 0
TD13TRACE 173 133.620000 133.620000 132.000000 0.014994 0 1 0 0
TD13TRACE 174 133.620000 133.620000 132.000000 0.013242 0 1 0 0
TD13TRACE 175 133.620000 133.620000 132.000000 0.013549 0 1 0 0
TD13TRACE 176 133.620000 133.620000 132.000000 0.014897 0 1 0 0
TD13TRACE 177 133.620000 133.620000 132.000000 0.013088 0 1 0 0
TD13TRACE 178 133.620000 133.620000 132.000000 0.013495 0 1 0 0
TD13TRACE 179 133.620000 133.620000 132.000000 0.014779 0 1 0 0
TD13TRACE 180 133.620000 133.620000 132.000000 0.013122 0 1 0 0
TD13TRACE 181 133.620000 133.620000 132.000000 0.013820 0 1 0 0
TD13TRACE 182 133.620000 133.620000 132.000000 0.015070 0 1 0 0
TD13TRACE 183 133.620000 133.620000 132.000000 0.013237 0 1 0 0
TD13TRACE 184 133.620000 133.620000 132.000000 0.013708 0 1 0 0
TD13TRACE 185 133.620000 133.620000 132.000000 0.014640 0 1 0 0
TD13TRACE 186 133.620000 133.620000 132.000000 0.012822 0 1 0 0
TD13TRACE 187 133.620000 133.620000 132.000000 0.014025 0 1 0 0
TD13TRACE 188 133.620000 133.620000 132.000000 0.014633 0 1 0 0
TD13TRACE 189 133.620000 133.620000 132.000000 0.013565 0 1 0 0
TD13TRACE 190 133.620000 133.620000 132.000000 0.013145 0 1 0 0
TD13TRACE 191 133.620000 133.620000 132.000000 0.015098 0 1 0 0
TD13TRACE 192 133.620000 133.620000 132.000000 0.013184 0 1 0 0
TD13TRACE 193 133.620000 133.620000 132.000000 0.014020 0 1 0 0
TD13TRACE 194 133.620000 133.620000 132.000000 0.014524 0 1 0 0
TD13TRACE 195 133.620000 133.620000 132.000000 0.013398 0 1 0 0
TD13TRACE 196 133.620000 133.620000 132.000000 0.013683 0 1 0 0
TD13TRACE 197 133.620000 133.620000 132.000000 0.014608 0 1 0 0
TD13TRACE 198 133.620000 133.620000 132.000000 0.013380 0 1 0 0
TD13TRACE 199 133.620000 133.620000 132.000000 0.013751 0 1 0 0
TD13TRACE 200 133.620000 133.620000 132.000000 0.014604 0 1 0 0
TD13TRACE 201 133.620000 133.620000 132.000000 0.013163 0 1 0 0
TD13TRACE 202 133.620000 133.620000 132.000000 0.013589 0 1 0 0
TD13TRACE 203 133.620000 133.620000 132.000000 0.014497 0 1 0 0
TD13TRACE 204 133.620000 133.620000 132.000000 0.013560 0 1 0 0
TD13TRACE 205 133.620000 133.620000 132.000000 0.013968 0 1 0 0
TD13TRACE 206 133.620000 133.620000 132.000000 0.014554 0 1 0 0
TD13TRACE 207 133.620000 133.620000 132.000000 0.013112 0 1 0 0
TD13TRACE 208 133.620000 133.620000 132.000000 0.013455 0 1 0 0
TD13TRACE 209 133.620000 133.620000 132.000000 0.015078 0 1 0 0
TD13TRACE 210 133.620000 133.620000 132.000000 0.013229 0 1 0 0
TD13TRACE 211 133.620000 133.620000 132.000000 0.013808 0 1 0 0
TD13TRACE 212 133.620000 133.620000 132.000000 0.014418 0 1 0 0
TD13TRACE 213 133.620000 133.620000 132.000000 0.013239 0 1 0 0
TD13TRACE 214 133.620000 133.620000 132.000000 0.013807 0 1 0 0
TD13TRACE 215 133.620000 133.620000 132.000000 0.014904 0 1 0 0
TD13TRACE 216 133.620000 133.620000 132.000000 0.013315 0 1 0 0
TD13TRACE 217 133.620000 133.620000 132.000000 0.013717 0 1 0 0
TD13TRACE 218 133.620000 133.620000 132.000000 0.014709 0 1 0 0
TD13TRACE 219 133.620000 133.620000 132.000000 0.013172 0 1 0 0
TD13TRACE 220 133.620000 133.620000 132.000000 0.013761 0 1 0 0
TD13TRACE 221 133.620000 133.620000 132.000000 0.014653 0 1 0 0
TD13TRACE 222 133.620000 133.620000 132.000000 0.013132 0 1 0 0
[2026-09-15 06:53:53.683] [info] fps 68.7 | pos (0.50, 132.00, -4.70) | chunks 113 | stream-meshed 104
TD13TRACE 223 133.620000 133.620000 132.000000 0.013173 0 1 0 0
TD13TRACE 224 133.620000 133.620000 132.000000 0.014903 0 1 0 0
TD13TRACE 225 133.620000 133.620000 132.000000 0.013855 0 1 0 0
TD13TRACE 226 133.620000 133.620000 132.000000 0.013653 0 1 0 0
TD13TRACE 227 133.620000 133.620000 132.000000 0.014583 0 1 0 0
TD13TRACE 228 133.620000 133.620000 132.000000 0.013368 0 1 0 0
TD13TRACE 229 133.620000 133.620000 132.000000 0.013451 0 1 0 0
TD13TRACE 230 133.620000 133.620000 132.000000 0.014526 0 1 0 0
TD13TRACE 231 133.620000 133.620000 132.000000 0.013340 0 1 0 0
TD13TRACE 232 133.620000 133.620000 132.000000 0.013854 0 1 0 0
TD13TRACE 233 133.620000 133.620000 132.000000 0.014421 0 1 0 0
TD13TRACE 234 133.620000 133.620000 132.000000 0.013321 0 1 0 0
TD13TRACE 235 133.620000 133.620000 132.000000 0.013599 0 1 0 0
TD13TRACE 236 133.620000 133.620000 132.000000 0.014713 0 1 0 0
TD13TRACE 237 133.620000 133.620000 132.000000 0.013147 0 1 0 0
TD13TRACE 238 133.620000 133.620000 132.000000 0.013856 0 1 0 0
TD13TRACE 239 133.620000 133.620000 132.000000 0.014541 0 1 0 0
TD13TRACE 240 133.620000 133.620000 132.000000 0.013127 0 1 0 0
TD13TRACE 241 133.620000 133.620000 132.000000 0.014242 0 1 0 0
TD13TRACE 242 133.620000 133.620000 132.000000 0.014294 0 1 0 0
TD13TRACE 243 133.620000 133.620000 132.000000 0.013373 0 1 0 0
TD13TRACE 244 133.620000 133.620000 132.000000 0.014174 0 1 0 0
TD13TRACE 245 133.620000 133.620000 132.000000 0.014684 0 1 0 0
TD13TRACE 246 133.620000 133.620000 132.000000 0.013115 0 1 0 0
TD13TRACE 247 133.620000 133.620000 132.000000 0.013722 0 1 0 0
TD13TRACE 248 133.620000 133.620000 132.000000 0.014479 0 1 0 0
TD13TRACE 249 133.620000 133.620000 132.000000 0.013384 0 1 0 0
TD13TRACE 250 133.620000 133.620000 132.000000 0.013855 0 1 0 0
TD13TRACE 251 133.620000 133.620000 132.000000 0.014722 0 1 0 0
TD13TRACE 252 133.620000 133.620000 132.000000 0.013216 0 1 0 0
TD13TRACE 253 133.620000 133.620000 132.000000 0.013687 0 1 0 0
TD13TRACE 254 133.620000 133.620000 132.000000 0.014208 0 1 0 0
TD13TRACE 255 133.620000 133.620000 132.000000 0.013643 0 1 0 0
TD13TRACE 256 133.620000 133.620000 132.000000 0.014160 0 1 0 0
TD13TRACE 257 133.620000 133.620000 132.000000 0.014302 0 1 0 0
TD13TRACE 258 133.620000 133.620000 132.000000 0.012900 0 1 0 0
TD13TRACE 259 133.620000 133.620000 132.000000 0.014008 0 1 0 0
TD13TRACE 260 133.620000 133.620000 132.000000 0.014982 0 1 0 0
TD13TRACE 261 133.620000 133.620000 132.000000 0.013027 0 1 0 0
TD13TRACE 262 133.620000 133.620000 132.000000 0.013963 0 1 0 0
TD13TRACE 263 133.620000 133.620000 132.000000 0.014368 0 1 0 0
TD13TRACE 264 133.620000 133.620000 132.000000 0.013165 0 1 0 0
TD13TRACE 265 133.620000 133.620000 132.000000 0.014475 0 1 0 0
TD13TRACE 266 133.620000 133.620000 132.000000 0.013904 0 1 0 0
TD13TRACE 267 133.620000 133.620000 132.000000 0.012910 0 1 0 0
TD13TRACE 268 133.620000 133.620000 132.000000 0.014102 0 1 0 0
TD13TRACE 269 133.620000 133.620000 132.000000 0.014508 0 1 0 0
TD13TRACE 270 133.620000 133.620000 132.000000 0.013441 0 1 0 0
TD13TRACE 271 133.620000 133.620000 132.000000 0.013990 0 1 0 0
TD13TRACE 272 133.620000 133.620000 132.000000 0.014673 0 1 0 0
TD13TRACE 273 133.620000 133.620000 132.000000 0.012753 0 1 0 0
TD13TRACE 274 133.620000 133.620000 132.000000 0.014571 0 1 0 0
TD13TRACE 275 133.620000 133.620000 132.000000 0.013751 0 1 0 0
TD13TRACE 276 133.620000 133.620000 132.000000 0.014069 0 1 0 0
TD13TRACE 277 133.620000 133.620000 132.000000 0.013681 0 1 0 0
TD13TRACE 278 133.620000 133.620000 132.000000 0.014376 0 1 0 0
TD13TRACE 279 133.620000 133.620000 132.000000 0.013456 0 1 0 0
TD13TRACE 280 133.620000 133.620000 132.000000 0.013512 0 1 0 0
TD13TRACE 281 133.620000 133.620000 132.000000 0.014911 0 1 0 0
TD13TRACE 282 133.620000 133.620000 132.000000 0.012967 0 1 0 0
TD13TRACE 283 133.620000 133.620000 132.000000 0.013827 0 1 0 0
TD13TRACE 284 133.620000 133.620000 132.000000 0.014434 0 1 0 0
TD13TRACE 285 133.620000 133.620000 132.000000 0.013398 0 1 0 0
TD13TRACE 286 133.620000 133.620000 132.000000 0.013831 0 1 0 0
TD13TRACE 287 133.620000 133.620000 132.000000 0.014879 0 1 0 0
TD13TRACE 288 133.620000 133.620000 132.000000 0.013294 0 1 0 0
TD13TRACE 289 133.620000 133.620000 132.000000 0.013481 0 1 0 0
TD13TRACE 290 133.620000 133.620000 132.000000 0.014711 0 1 0 0
TD13TRACE 291 133.620000 133.620000 132.000000 0.013367 0 1 0 0
TD13TRACE 292 133.620000 133.620000 132.000000 0.013616 0 1 0 0
TD13TRACE 293 133.620000 133.620000 132.000000 0.014147 0 1 0 0
TD13TRACE 294 133.620000 133.620000 132.000000 0.013673 0 1 0 0
TD13TRACE 295 133.620000 133.620000 132.000000 0.013942 0 1 0 0
TD13TRACE 296 133.620000 133.620000 132.000000 0.014699 0 1 0 0
TD13TRACE 297 133.620000 133.620000 132.000000 0.013221 0 1 0 0
TD13TRACE 298 133.620000 133.620000 132.000000 0.013543 0 1 0 0
TD13TRACE 299 133.620000 133.620000 132.000000 0.014597 0 1 0 0
TD13TRACE 300 133.620000 133.620000 132.000000 0.013941 0 1 0 0
TD13TRACE 301 133.620000 133.620000 132.000000 0.013400 0 1 0 0
TD13TRACE 302 133.620000 133.620000 132.000000 0.014667 0 1 0 0
TD13TRACE 303 133.620000 133.620000 132.000000 0.013029 0 1 0 0
TD13TRACE 304 133.620000 133.620000 132.000000 0.013623 0 1 0 0
TD13TRACE 305 133.620000 133.620000 132.000000 0.014923 0 1 0 0
TD13TRACE 306 133.620000 133.620000 132.000000 0.013007 0 1 0 0
TD13TRACE 307 133.620000 133.620000 132.000000 0.013700 0 1 0 0
TD13TRACE 308 133.620000 133.620000 132.000000 0.014663 0 1 0 0
TD13TRACE 309 133.620000 133.620000 132.000000 0.013322 0 1 0 0
TD13TRACE 310 133.620000 133.620000 132.000000 0.013680 0 1 0 0
TD13TRACE 311 133.620000 133.620000 132.000000 0.014641 0 1 0 0
TD13TRACE 312 133.620000 133.620000 132.000000 0.013075 0 1 0 0
TD13TRACE 313 133.620000 133.620000 132.000000 0.014095 0 1 0 0
TD13TRACE 314 133.620000 133.620000 132.000000 0.014269 0 1 0 0
TD13TRACE 315 133.620000 133.620000 132.000000 0.013412 0 1 0 0
TD13TRACE 316 133.620000 133.620000 132.000000 0.014155 0 1 0 0
TD13TRACE 317 133.620000 133.620000 132.000000 0.014640 0 1 0 0
TD13TRACE 318 133.620000 133.620000 132.000000 0.013103 0 1 0 0
TD13TRACE 319 133.620000 133.620000 132.000000 0.013285 0 1 0 0
TD13TRACE 320 133.620000 133.620000 132.000000 0.014830 0 1 0 0
TD13TRACE 321 133.620000 133.620000 132.000000 0.013994 0 1 0 0
TD13TRACE 322 133.620000 133.620000 132.000000 0.013520 0 1 0 0
TD13TRACE 323 133.620000 133.620000 132.000000 0.014609 0 1 0 0
TD13TRACE 324 133.620000 133.620000 132.000000 0.012918 0 1 0 0
TD13TRACE 325 133.620000 133.620000 132.000000 0.013906 0 1 0 0
TD13TRACE 326 133.620000 133.620000 132.000000 0.014759 0 1 0 0
TD13TRACE 327 133.620000 133.620000 132.000000 0.013280 0 1 0 0
TD13TRACE 328 133.620000 133.620000 132.000000 0.013707 0 1 0 0
TD13TRACE 329 133.620000 133.620000 132.000000 0.014523 0 1 0 0
TD13TRACE 330 133.620000 133.620000 132.000000 0.013282 0 1 0 0
TD13TRACE 331 133.620000 133.620000 132.000000 0.013869 0 1 0 0
TD13TRACE 332 133.620000 133.620000 132.000000 0.014894 0 1 0 0
TD13TRACE 333 133.620000 133.620000 132.000000 0.012923 0 1 0 0
TD13TRACE 334 133.620000 133.620000 132.000000 0.014114 0 1 0 0
TD13TRACE 335 133.620000 133.620000 132.000000 0.014527 0 1 0 0
TD13TRACE 336 133.620000 133.620000 132.000000 0.013806 0 1 0 0
TD13TRACE 337 133.620000 133.620000 132.000000 0.012785 0 1 0 0
TD13TRACE 338 133.620000 133.620000 132.000000 0.014838 0 1 0 0
TD13TRACE 339 133.620000 133.620000 132.000000 0.013464 0 1 0 0
TD13TRACE 340 133.620000 133.620000 132.000000 0.013377 0 1 0 0
TD13TRACE 341 133.620000 133.620000 132.000000 0.014562 0 1 0 0
TD13TRACE 342 133.620000 133.620000 132.000000 0.013936 0 1 0 0
TD13TRACE 343 133.620000 133.620000 132.000000 0.013640 0 1 0 0
TD13TRACE 344 133.620000 133.620000 132.000000 0.014617 0 1 0 0
TD13TRACE 345 133.620000 133.620000 132.000000 0.012806 0 1 0 0
TD13TRACE 346 133.620000 133.620000 132.000000 0.013704 0 1 0 0
TD13TRACE 347 133.620000 133.620000 132.000000 0.015187 0 1 0 0
TD13TRACE 348 133.620000 133.620000 132.000000 0.013405 0 1 0 0
TD13TRACE 349 133.620000 133.620000 132.000000 0.013646 0 1 0 0
TD13TRACE 350 133.620000 133.620000 132.000000 0.014309 0 1 0 0
TD13TRACE 351 133.620000 133.620000 132.000000 0.013269 0 1 0 0
TD13TRACE 352 133.620000 133.620000 132.000000 0.013862 0 1 0 0
TD13TRACE 353 133.620000 133.620000 132.000000 0.014554 0 1 0 0
TD13TRACE 354 133.620000 133.620000 132.000000 0.013293 0 1 0 0
TD13TRACE 355 133.620000 133.620000 132.000000 0.014086 0 1 0 0
TD13TRACE 356 133.620000 133.620000 132.000000 0.014548 0 1 0 0
TD13TRACE 357 133.620000 133.620000 132.000000 0.013306 0 1 0 0
TD13TRACE 358 133.620000 133.620000 132.000000 0.013753 0 1 0 0
TD13TRACE 359 133.620000 133.620000 132.000000 0.014952 0 1 0 0
TD13TRACE 360 133.620000 133.620000 132.000000 0.012959 0 1 0 0
TD13TRACE 361 133.620000 133.620000 132.000000 0.013475 0 1 0 0
TD13TRACE 362 133.620000 133.620000 132.000000 0.014552 0 1 0 0
TD13TRACE 363 133.620000 133.620000 132.000000 0.013972 0 1 0 0
TD13TRACE 364 133.620000 133.620000 132.000000 0.013373 0 1 0 0
TD13TRACE 365 133.620000 133.620000 132.000000 0.014832 0 1 0 0
TD13TRACE 366 133.620000 133.620000 132.000000 0.013488 0 1 0 0
[2026-09-15 06:53:55.683] [info] fps 72.0 | pos (0.50, 132.00, -4.70) | chunks 113 | stream-meshed 104
TD13TRACE 367 133.620000 133.620000 132.000000 0.013240 0 1 0 0
TD13TRACE 368 133.620000 133.620000 132.000000 0.014454 0 1 0 0
TD13TRACE 369 133.620000 133.620000 132.000000 0.013557 0 1 0 0
TD13TRACE 370 133.620000 133.620000 132.000000 0.013539 0 1 0 0
TD13TRACE 371 133.620000 133.620000 132.000000 0.014976 0 1 0 0
TD13TRACE 372 133.620000 133.620000 132.000000 0.013291 0 1 0 0
TD13TRACE 373 133.620000 133.620000 132.000000 0.013345 0 1 0 0
TD13TRACE 374 133.620000 133.620000 132.000000 0.014835 0 1 0 0
TD13TRACE 375 133.620000 133.620000 132.000000 0.013453 0 1 0 0
TD13TRACE 376 133.620000 133.620000 132.000000 0.013285 0 1 0 0
TD13TRACE 377 133.620000 133.620000 132.000000 0.015167 0 1 0 0
TD13TRACE 378 133.620000 133.620000 132.000000 0.013069 0 1 0 0
TD13TRACE 379 133.620000 133.620000 132.000000 0.013501 0 1 0 0
TD13TRACE 380 133.620000 133.620000 132.000000 0.014701 0 1 0 0
TD13TRACE 381 133.620000 133.620000 132.000000 0.013164 0 1 0 0
TD13TRACE 382 133.620000 133.620000 132.000000 0.013390 0 1 0 0
TD13TRACE 383 133.620000 133.620000 132.000000 0.023551 0 1 0 0
TD13TRACE 384 133.620000 133.620000 132.000000 0.012127 0 1 0 0
TD13TRACE 385 133.620000 133.620000 132.000000 0.013237 0 1 0 0
TD13TRACE 386 133.620000 133.620000 132.000000 0.013712 0 1 0 0
TD13TRACE 387 133.620000 133.620000 132.000000 0.014843 0 1 0 0
TD13TRACE 388 133.620000 133.620000 132.000000 0.013108 0 1 0 0
TD13TRACE 389 133.620000 133.620000 132.000000 0.013731 0 1 0 0
TD13TRACE 390 133.620000 133.620000 132.000000 0.014836 0 1 0 0
TD13TRACE 391 133.620000 133.620000 132.000000 0.013140 0 1 0 0
TD13TRACE 392 133.620000 133.620000 132.000000 0.013845 0 1 0 0
TD13TRACE 393 133.620000 133.620000 132.000000 0.014591 0 1 0 0
TD13TRACE 394 133.620000 133.620000 132.000000 0.013516 0 1 0 0
TD13TRACE 395 133.620000 133.620000 132.000000 0.013605 0 1 0 0
TD13TRACE 396 133.620000 133.620000 132.000000 0.014677 0 1 0 0
TD13TRACE 397 133.620000 133.620000 132.000000 0.013096 0 1 0 0
TD13TRACE 398 133.620000 133.620000 132.000000 0.013885 0 1 0 0
TD13TRACE 399 133.620000 133.620000 132.000000 0.014609 0 1 0 0
TD13TRACE 400 133.620000 133.620000 132.000000 0.012927 0 1 0 0
TD13TRACE 401 133.620000 133.620000 132.000000 0.014034 0 1 0 0
TD13TRACE 402 133.620000 133.620000 132.000000 0.014667 0 1 0 0
TD13TRACE 403 133.620000 133.620000 132.000000 0.013422 0 1 0 0
TD13TRACE 404 133.620000 133.620000 132.000000 0.013646 0 1 0 0
TD13TRACE 405 133.620000 133.620000 132.000000 0.014497 0 1 0 0
TD13TRACE 406 133.620000 133.620000 132.000000 0.013359 0 1 0 0
TD13TRACE 407 133.620000 133.620000 132.000000 0.014215 0 1 0 0
TD13TRACE 408 133.620000 133.620000 132.000000 0.015112 0 1 0 0
TD13TRACE 409 133.620000 133.620000 132.000000 0.012600 0 1 0 0
TD13TRACE 410 133.620000 133.620000 132.000000 0.013783 0 1 0 0
TD13TRACE 411 133.620000 133.620000 132.000000 0.014563 0 1 0 0
TD13TRACE 412 133.620000 133.620000 132.000000 0.013260 0 1 0 0
TD13TRACE 413 133.620000 133.620000 132.000000 0.015529 0 1 0 0
TD13TRACE 414 133.620000 133.620000 132.000000 0.012690 0 1 0 0
TD13TRACE 415 133.620000 133.620000 132.000000 0.013220 0 1 0 0
TD13TRACE 416 133.620000 133.620000 132.000000 0.013868 0 1 0 0
TD13TRACE 417 133.620000 133.620000 132.000000 0.014608 0 1 0 0
TD13TRACE 418 133.620000 133.620000 132.000000 0.013204 0 1 0 0
TD13TRACE 419 133.620000 133.620000 132.000000 0.014213 0 1 0 0
TD13TRACE 420 133.620000 133.620000 132.000000 0.014495 0 1 0 0
TD13TRACE 421 133.620000 133.620000 132.000000 0.013213 0 1 0 0
TD13TRACE 422 133.620000 133.620000 132.000000 0.013897 0 1 0 0
TD13TRACE 423 133.620000 133.620000 132.000000 0.014501 0 1 0 0
TD13TRACE 424 133.620000 133.620000 132.000000 0.013384 0 1 0 0
TD13TRACE 425 133.620000 133.620000 132.000000 0.013730 0 1 0 0
TD13TRACE 426 133.620000 133.620000 132.000000 0.014171 0 1 0 0
TD13TRACE 427 133.620000 133.620000 132.000000 0.013358 0 1 0 0
TD13TRACE 428 133.620000 133.620000 132.000000 0.014162 0 1 0 0
TD13TRACE 429 133.620000 133.620000 132.000000 0.014625 0 1 0 0
TD13TRACE 430 133.620000 133.620000 132.000000 0.013482 0 1 0 0
TD13TRACE 431 133.620000 133.620000 132.000000 0.013520 0 1 0 0
TD13TRACE 432 133.620000 133.620000 132.000000 0.014418 0 1 0 0
TD13TRACE 433 133.620000 133.620000 132.000000 0.013436 0 1 0 0
TD13TRACE 434 133.620000 133.620000 132.000000 0.013662 0 1 0 0
TD13TRACE 435 133.620000 133.620000 132.000000 0.014485 0 1 0 0
TD13TRACE 436 133.620000 133.620000 132.000000 0.014118 0 1 0 0
TD13TRACE 437 133.620000 133.620000 132.000000 0.013582 0 1 0 0
TD13TRACE 438 133.620000 133.620000 132.000000 0.014105 0 1 0 0
TD13TRACE 439 133.620000 133.620000 132.000000 0.013748 0 1 0 0
TD13TRACE 440 133.620000 133.620000 132.000000 0.013731 0 1 0 0
TD13TRACE 441 133.620000 133.620000 132.000000 0.014930 0 1 0 0
TD13TRACE 442 133.620000 133.620000 132.000000 0.013197 0 1 0 0
TD13TRACE 443 133.620000 133.620000 132.000000 0.013404 0 1 0 0
TD13TRACE 444 133.620000 133.620000 132.000000 0.014681 0 1 0 0
TD13TRACE 445 133.620000 133.620000 132.000000 0.013210 0 1 0 0
TD13TRACE 446 133.620000 133.620000 132.000000 0.013615 0 1 0 0
TD13TRACE 447 133.620000 133.620000 132.000000 0.014505 0 1 0 0
TD13TRACE 448 133.620000 133.620000 132.000000 0.013631 0 1 0 0
TD13TRACE 449 133.620000 133.620000 132.000000 0.013384 0 1 0 0
TD13TRACE 450 133.620000 133.620000 132.000000 0.014652 0 1 0 0
TD13TRACE 451 133.620000 133.620000 132.000000 0.013188 0 1 0 0
TD13TRACE 452 133.620000 133.620000 132.000000 0.013616 0 1 0 0
TD13TRACE 453 133.620000 133.620000 132.000000 0.014798 0 1 0 0
TD13TRACE 454 133.620000 133.620000 132.000000 0.013414 0 1 0 0
TD13TRACE 455 133.620000 133.620000 132.000000 0.013587 0 1 0 0
TD13TRACE 456 133.620000 133.620000 132.000000 0.014560 0 1 0 0
TD13TRACE 457 133.620000 133.620000 132.000000 0.013853 0 1 0 0
TD13TRACE 458 133.620000 133.620000 132.000000 0.013530 0 1 0 0
TD13TRACE 459 133.620000 133.620000 132.000000 0.014800 0 1 0 0
TD13TRACE 460 133.620000 133.620000 132.000000 0.013302 0 1 0 0
TD13TRACE 461 133.620000 133.620000 132.000000 0.013683 0 1 0 0
TD13TRACE 462 133.620000 133.620000 132.000000 0.014711 0 1 0 0
TD13TRACE 463 133.620000 133.620000 132.000000 0.013340 0 1 0 0
TD13TRACE 464 133.620000 133.620000 132.000000 0.013669 0 1 0 0
TD13TRACE 465 133.620000 133.620000 132.000000 0.014165 0 1 0 0
TD13TRACE 466 133.620000 133.620000 132.000000 0.013544 0 1 0 0
TD13TRACE 467 133.620000 133.620000 132.000000 0.013978 0 1 0 0
TD13TRACE 468 133.620000 133.620000 132.000000 0.014564 0 1 0 0
TD13TRACE 469 133.620000 133.620000 132.000000 0.013426 0 1 0 0
TD13TRACE 470 133.620000 133.620000 132.000000 0.013424 0 1 0 0
TD13TRACE 471 133.620000 133.620000 132.000000 0.014296 0 1 0 0
TD13TRACE 472 133.620000 133.620000 132.000000 0.013580 0 1 0 0
TD13TRACE 473 133.620000 133.620000 132.000000 0.014187 0 1 0 0
TD13TRACE 474 133.620000 133.620000 132.000000 0.014576 0 1 0 0
TD13TRACE 475 133.620000 133.620000 132.000000 0.013115 0 1 0 0
TD13TRACE 476 133.620000 133.620000 132.000000 0.013560 0 1 0 0
TD13TRACE 477 133.620000 133.620000 132.000000 0.014686 0 1 0 0
TD13TRACE 478 133.620000 133.620000 132.000000 0.013083 0 1 0 0
TD13TRACE 479 133.620000 133.620000 132.000000 0.014051 0 1 0 0
TD13TRACE 480 133.620000 133.620000 132.000000 0.015135 0 1 0 0
TD13TRACE 481 133.620000 133.620000 132.000000 0.012935 0 1 0 0
TD13TRACE 482 133.620000 133.620000 132.000000 0.013514 0 1 0 0
TD13TRACE 483 133.620000 133.620000 132.000000 0.014915 0 1 0 0
TD13TRACE 484 133.620000 133.620000 132.000000 0.013212 0 1 0 0
TD13TRACE 485 133.620000 133.620000 132.000000 0.013491 0 1 0 0
TD13TRACE 486 133.620000 133.620000 132.000000 0.014452 0 1 0 0
TD13TRACE 487 133.620000 133.620000 132.000000 0.013752 0 1 0 0
TD13TRACE 488 133.620000 133.620000 132.000000 0.013707 0 1 0 0
TD13TRACE 489 133.620000 133.620000 132.000000 0.014578 0 1 0 0
TD13TRACE 490 133.620000 133.620000 132.000000 0.012680 0 1 0 0
TD13TRACE 491 133.620000 133.620000 132.000000 0.014395 0 1 0 0
TD13TRACE 492 133.620000 133.620000 132.000000 0.014157 0 1 0 0
TD13TRACE 493 133.620000 133.620000 132.000000 0.013928 0 1 0 0
TD13TRACE 494 133.620000 133.620000 132.000000 0.013599 0 1 0 0
TD13TRACE 495 133.620000 133.620000 132.000000 0.014583 0 1 0 0
TD13TRACE 496 133.620000 133.620000 132.000000 0.012828 0 1 0 0
TD13TRACE 497 133.620000 133.620000 132.000000 0.013943 0 1 0 0
TD13TRACE 498 133.620000 133.620000 132.000000 0.014922 0 1 0 0
TD13TRACE 499 133.620000 133.620000 132.000000 0.013267 0 1 0 0
TD13TRACE 500 133.620000 133.620000 132.000000 0.013510 0 1 0 0
TD13TRACE 501 133.620000 133.620000 132.000000 0.014515 0 1 0 0
TD13TRACE 502 133.620000 133.620000 132.000000 0.013559 0 1 0 0
TD13TRACE 503 133.620000 133.620000 132.000000 0.013565 0 1 0 0
TD13TRACE 504 133.620000 133.620000 132.000000 0.014716 0 1 0 0
TD13TRACE 505 133.620000 133.620000 132.000000 0.013177 0 1 0 0
TD13TRACE 506 133.620000 133.620000 132.000000 0.014375 0 1 0 0
TD13TRACE 507 133.620000 133.620000 132.000000 0.013801 0 1 0 0
TD13TRACE 508 133.620000 133.620000 132.000000 0.013727 0 1 0 0
TD13TRACE 509 133.620000 133.620000 132.000000 0.013907 0 1 0 0
TD13TRACE 510 133.620000 133.620000 132.000000 0.014285 0 1 0 0
[2026-09-15 06:53:57.691] [info] fps 71.8 | pos (0.50, 132.00, -4.70) | chunks 113 | stream-meshed 104
TD13TRACE 511 133.620000 133.620000 132.000000 0.013718 0 1 0 0
TD13TRACE 512 133.620000 133.620000 132.000000 0.013507 0 1 0 0
TD13TRACE 513 133.620000 133.620000 132.000000 0.014741 0 1 0 0
TD13TRACE 514 133.620000 133.620000 132.000000 0.013296 0 1 0 0
TD13TRACE 515 133.620000 133.620000 132.000000 0.013476 0 1 0 0
TD13TRACE 516 133.620000 133.620000 132.000000 0.014207 0 1 0 0
TD13TRACE 517 133.620000 133.620000 132.000000 0.014116 0 1 0 0
TD13TRACE 518 133.620000 133.620000 132.000000 0.013655 0 1 0 0
TD13TRACE 519 133.620000 133.620000 132.000000 0.014474 0 1 0 0
TD13TRACE 520 133.620000 133.620000 132.000000 0.013302 0 1 0 0
TD13TRACE 521 133.620000 133.620000 132.000000 0.013478 0 1 0 0
TD13TRACE 522 133.620000 133.620000 132.000000 0.014436 0 1 0 0
TD13TRACE 523 133.620000 133.620000 132.000000 0.013371 0 1 0 0
TD13TRACE 524 133.620000 133.620000 132.000000 0.013679 0 1 0 0
TD13TRACE 525 133.620000 133.620000 132.000000 0.014752 0 1 0 0
TD13TRACE 526 133.620000 133.620000 132.000000 0.013364 0 1 0 0
TD13TRACE 527 133.620000 133.620000 132.000000 0.013705 0 1 0 0
TD13TRACE 528 133.620000 133.620000 132.000000 0.015181 0 1 0 0
TD13TRACE 529 133.620000 133.620000 132.000000 0.013066 0 1 0 0
TD13TRACE 530 133.620000 133.620000 132.000000 0.013434 0 1 0 0
TD13TRACE 531 133.620000 133.620000 132.000000 0.014932 0 1 0 0
TD13TRACE 532 133.620000 133.620000 132.000000 0.013141 0 1 0 0
TD13TRACE 533 133.620000 133.620000 132.000000 0.013902 0 1 0 0
TD13TRACE 534 133.620000 133.620000 132.000000 0.014650 0 1 0 0
TD13TRACE 535 133.620000 133.620000 132.000000 0.012692 0 1 0 0
TD13TRACE 536 133.620000 133.620000 132.000000 0.014286 0 1 0 0
TD13TRACE 537 133.620000 133.620000 132.000000 0.014217 0 1 0 0
TD13TRACE 538 133.620000 133.620000 132.000000 0.013808 0 1 0 0
TD13TRACE 539 133.620000 133.620000 132.000000 0.013679 0 1 0 0
TD13TRACE 540 133.620000 133.620000 132.000000 0.014679 0 1 0 0
TD13TRACE 541 133.620000 133.620000 132.000000 0.012905 0 1 0 0
TD13TRACE 542 133.620000 133.620000 132.000000 0.013896 0 1 0 0
TD13TRACE 543 133.620000 133.620000 132.000000 0.014457 0 1 0 0
TD13TRACE 544 133.620000 133.620000 132.000000 0.013279 0 1 0 0
TD13TRACE 545 133.620000 133.620000 132.000000 0.014097 0 1 0 0
TD13TRACE 546 133.620000 133.620000 132.000000 0.014590 0 1 0 0
TD13TRACE 547 133.620000 133.620000 132.000000 0.013394 0 1 0 0
TD13TRACE 548 133.620000 133.620000 132.000000 0.013482 0 1 0 0
TD13TRACE 549 133.620000 133.620000 132.000000 0.014882 0 1 0 0
TD13TRACE 550 133.620000 133.620000 132.000000 0.012993 0 1 0 0
TD13TRACE 551 133.620000 133.620000 132.000000 0.013940 0 1 0 0
TD13TRACE 552 133.620000 133.620000 132.000000 0.014028 0 1 0 0
TD13TRACE 553 133.620000 133.620000 132.000000 0.013793 0 1 0 0
TD13TRACE 554 133.620000 133.620000 132.000000 0.013976 0 1 0 0
TD13TRACE 555 133.620000 133.620000 132.000000 0.014547 0 1 0 0
TD13TRACE 556 133.620000 133.620000 132.000000 0.013066 0 1 0 0
TD13TRACE 557 133.620000 133.620000 132.000000 0.013764 0 1 0 0
TD13TRACE 558 133.620000 133.620000 132.000000 0.014415 0 1 0 0
TD13TRACE 559 133.620000 133.620000 132.000000 0.013538 0 1 0 0
TD13TRACE 560 133.620000 133.620000 132.000000 0.013766 0 1 0 0
TD13TRACE 561 133.620000 133.620000 132.000000 0.014515 0 1 0 0
TD13TRACE 562 133.620000 133.620000 132.000000 0.013414 0 1 0 0
TD13TRACE 563 133.620000 133.620000 132.000000 0.013840 0 1 0 0
TD13TRACE 564 133.620000 133.620000 132.000000 0.014589 0 1 0 0
TD13TRACE 565 133.620000 133.620000 132.000000 0.013095 0 1 0 0
TD13TRACE 566 133.620000 133.620000 132.000000 0.014087 0 1 0 0
TD13TRACE 567 133.620000 133.620000 132.000000 0.014546 0 1 0 0
TD13TRACE 568 133.620000 133.620000 132.000000 0.012871 0 1 0 0
TD13TRACE 569 133.620000 133.620000 132.000000 0.014520 0 1 0 0
TD13TRACE 570 133.620000 133.620000 132.000000 0.014567 0 1 0 0
TD13TRACE 571 133.620000 133.620000 132.000000 0.013232 0 1 0 0
TD13TRACE 572 133.620000 133.620000 132.000000 0.013540 0 1 0 0
TD13TRACE 573 133.620000 133.620000 132.000000 0.014609 0 1 0 0
TD13TRACE 574 133.620000 133.620000 132.000000 0.013199 0 1 0 0
TD13TRACE 575 133.620000 133.620000 132.000000 0.013789 0 1 0 0
TD13TRACE 576 133.620000 133.620000 132.000000 0.014983 0 1 0 0
TD13TRACE 577 133.620000 133.620000 132.000000 0.013274 0 1 0 0
TD13TRACE 578 133.620000 133.620000 132.000000 0.013535 0 1 0 0
TD13TRACE 579 133.620000 133.620000 132.000000 0.014537 0 1 0 0
TD13TRACE 580 133.620000 133.620000 132.000000 0.013011 0 1 0 0
TD13TRACE 581 133.620000 133.620000 132.000000 0.013635 0 1 0 0
TD13TRACE 582 133.620000 133.620000 132.000000 0.014997 0 1 0 0
TD13TRACE 583 133.620000 133.620000 132.000000 0.013571 0 1 0 0
TD13TRACE 584 133.620000 133.620000 132.000000 0.013132 0 1 0 0
TD13TRACE 585 133.620000 133.620000 132.000000 0.014641 0 1 0 0
TD13TRACE 586 133.620000 133.620000 132.000000 0.013713 0 1 0 0
TD13TRACE 587 133.620000 133.620000 132.000000 0.013832 0 1 0 0
TD13TRACE 588 133.620000 133.620000 132.000000 0.014764 0 1 0 0
TD13TRACE 589 133.620000 133.620000 132.000000 0.013082 0 1 0 0
TD13TRACE 590 133.620000 133.620000 132.000000 0.013917 0 1 0 0
TD13TRACE 591 133.620000 133.620000 132.000000 0.014447 0 1 0 0
TD13TRACE 592 133.620000 133.620000 132.000000 0.013232 0 1 0 0
TD13TRACE 593 133.620000 133.620000 132.000000 0.013643 0 1 0 0
TD13TRACE 594 133.620000 133.620000 132.000000 0.014304 0 1 0 0
TD13TRACE 595 133.620000 133.620000 132.000000 0.013608 0 1 0 0
TD13TRACE 596 133.620000 133.620000 132.000000 0.013555 0 1 0 0
TD13TRACE 597 133.620000 133.620000 132.000000 0.014539 0 1 0 0
TD13TRACE 598 133.620000 133.620000 132.000000 0.013414 0 1 0 0
TD13TRACE 599 133.620000 133.620000 132.000000 0.013645 0 1 0 0
TD13TRACE 600 133.620000 133.620000 132.000000 0.014714 0 1 0 0
TD13TRACE 601 133.620000 133.620000 132.000000 0.013523 0 1 0 0
TD13TRACE 602 133.620000 133.620000 132.000000 0.013604 0 1 0 0
TD13TRACE 603 133.620000 133.620000 132.000000 0.014441 0 1 0 0
TD13TRACE 604 133.620000 133.620000 132.000000 0.013590 0 1 0 0
TD13TRACE 605 133.620000 133.620000 132.000000 0.013596 0 1 0 0
TD13TRACE 606 133.620000 133.620000 132.000000 0.014798 0 1 0 0
TD13TRACE 607 133.620000 133.620000 132.000000 0.013483 0 1 0 0
TD13TRACE 608 133.620000 133.620000 132.000000 0.013912 0 1 0 0
TD13TRACE 609 133.620000 133.620000 132.000000 0.013973 0 1 0 0
TD13TRACE 610 133.620000 133.620000 132.000000 0.013639 0 1 0 0
TD13TRACE 611 133.620000 133.620000 132.000000 0.014014 0 1 0 0
TD13TRACE 612 133.620000 133.620000 132.000000 0.014584 0 1 0 0
TD13TRACE 613 133.620000 133.620000 132.000000 0.013017 0 1 0 0
TD13TRACE 614 133.620000 133.620000 132.000000 0.013608 0 1 0 0
TD13TRACE 615 133.620000 133.620000 132.000000 0.014487 0 1 0 0
TD13TRACE 616 133.620000 133.620000 132.000000 0.013164 0 1 0 0
TD13TRACE 617 133.620000 133.620000 132.000000 0.013892 0 1 0 0
TD13TRACE 618 133.620000 133.620000 132.000000 0.014614 0 1 0 0
TD13TRACE 619 133.620000 133.620000 132.000000 0.013336 0 1 0 0
TD13TRACE 620 133.620000 133.620000 132.000000 0.013978 0 1 0 0
TD13TRACE 621 133.620000 133.620000 132.000000 0.014890 0 1 0 0
TD13TRACE 622 133.620000 133.620000 132.000000 0.012756 0 1 0 0
TD13TRACE 623 133.620000 133.620000 132.000000 0.014109 0 1 0 0
TD13TRACE 624 133.620000 133.620000 132.000000 0.014769 0 1 0 0
TD13TRACE 625 133.620000 133.620000 132.000000 0.012479 0 1 0 0
TD13TRACE 626 133.620000 133.620000 132.000000 0.013781 0 1 0 0
TD13TRACE 627 133.620000 133.620000 132.000000 0.014789 0 1 0 0
TD13TRACE 628 133.620000 133.620000 132.000000 0.014229 0 1 0 0
TD13TRACE 629 133.620000 133.620000 132.000000 0.013540 0 1 0 0
TD13TRACE 630 133.620000 133.620000 132.000000 0.014592 0 1 0 0
TD13TRACE 631 133.620000 133.620000 132.000000 0.012781 0 1 0 0
TD13TRACE 632 133.620000 133.620000 132.000000 0.014076 0 1 0 0
TD13TRACE 633 133.620000 133.620000 132.000000 0.014685 0 1 0 0
TD13TRACE 634 133.620000 133.620000 132.000000 0.013269 0 1 0 0
TD13TRACE 635 133.620000 133.620000 132.000000 0.013456 0 1 0 0
TD13TRACE 636 133.620000 133.620000 132.000000 0.014708 0 1 0 0
TD13TRACE 637 133.620000 133.620000 132.000000 0.013383 0 1 0 0
TD13TRACE 638 133.620000 133.620000 132.000000 0.013502 0 1 0 0
TD13TRACE 639 133.620000 133.620000 132.000000 0.015279 0 1 0 0
TD13TRACE 640 133.620000 133.620000 132.000000 0.013269 0 1 0 0
TD13TRACE 641 133.620000 133.620000 132.000000 0.013227 0 1 0 0
TD13TRACE 642 133.620000 133.620000 132.000000 0.015081 0 1 0 0
TD13TRACE 643 133.620000 133.620000 132.000000 0.013069 0 1 0 0
TD13TRACE 644 133.620000 133.620000 132.000000 0.013569 0 1 0 0
TD13TRACE 645 133.620000 133.620000 132.000000 0.015031 0 1 0 0
TD13TRACE 646 133.620000 133.620000 132.000000 0.013066 0 1 0 0
TD13TRACE 647 133.620000 133.620000 132.000000 0.013068 0 1 0 0
TD13TRACE 648 133.620000 133.620000 132.000000 0.014985 0 1 0 0
TD13TRACE 649 133.620000 133.620000 132.000000 0.013469 0 1 0 0
TD13TRACE 650 133.620000 133.620000 132.000000 0.013608 0 1 0 0
TD13TRACE 651 133.620000 133.620000 132.000000 0.014281 0 1 0 0
TD13TRACE 652 133.620000 133.620000 132.000000 0.013578 0 1 0 0
TD13TRACE 653 133.620000 133.620000 132.000000 0.014121 0 1 0 0
TD13TRACE 654 133.620000 133.620000 132.000000 0.014342 0 1 0 0
TD13TRACE 655 133.620000 133.620000 132.000000 0.013356 0 1 0 0
[2026-09-15 06:53:59.704] [info] fps 72.0 | pos (0.50, 132.00, -4.70) | chunks 113 | stream-meshed 104
TD13TRACE 656 133.620000 133.620000 132.000000 0.014027 0 1 0 0
TD13TRACE 657 133.620000 133.620000 132.000000 0.014525 0 1 0 0
TD13TRACE 658 133.620000 133.620000 132.000000 0.013235 0 1 0 0
TD13TRACE 659 133.620000 133.620000 132.000000 0.013631 0 1 0 0
TD13TRACE 660 133.620000 133.620000 132.000000 0.014534 0 1 0 0
TD13TRACE 661 133.620000 133.620000 132.000000 0.013328 0 1 0 0
TD13TRACE 662 133.620000 133.620000 132.000000 0.014080 0 1 0 0
TD13TRACE 663 133.620000 133.620000 132.000000 0.014139 0 1 0 0
TD13TRACE 664 133.620000 133.620000 132.000000 0.013777 0 1 0 0
TD13TRACE 665 133.620000 133.620000 132.000000 0.013343 0 1 0 0
TD13TRACE 666 133.620000 133.620000 132.000000 0.014396 0 1 0 0
TD13TRACE 667 133.620000 133.620000 132.000000 0.013286 0 1 0 0
TD13TRACE 668 133.620000 133.620000 132.000000 0.013857 0 1 0 0
TD13TRACE 669 133.620000 133.620000 132.000000 0.014551 0 1 0 0
TD13TRACE 670 133.620000 133.620000 132.000000 0.013127 0 1 0 0
TD13TRACE 671 133.620000 133.620000 132.000000 0.014149 0 1 0 0
TD13TRACE 672 133.620000 133.620000 132.000000 0.014773 0 1 0 0
TD13TRACE 673 133.620000 133.620000 132.000000 0.013469 0 1 0 0
TD13TRACE 674 133.620000 133.620000 132.000000 0.013418 0 1 0 0
TD13TRACE 675 133.620000 133.620000 132.000000 0.014416 0 1 0 0
TD13TRACE 676 133.620000 133.620000 132.000000 0.013918 0 1 0 0
TD13TRACE 677 133.620000 133.620000 132.000000 0.013594 0 1 0 0
TD13TRACE 678 133.620000 133.620000 132.000000 0.014989 0 1 0 0
TD13TRACE 679 133.620000 133.620000 132.000000 0.012949 0 1 0 0
TD13TRACE 680 133.620000 133.620000 132.000000 0.013366 0 1 0 0
TD13TRACE 681 133.620000 133.620000 132.000000 0.014847 0 1 0 0
TD13TRACE 682 133.620000 133.620000 132.000000 0.013333 0 1 0 0
TD13TRACE 683 133.620000 133.620000 132.000000 0.013551 0 1 0 0
TD13TRACE 684 133.620000 133.620000 132.000000 0.015037 0 1 0 0
TD13TRACE 685 133.620000 133.620000 132.000000 0.013228 0 1 0 0
TD13TRACE 686 133.620000 133.620000 132.000000 0.013485 0 1 0 0
TD13TRACE 687 133.620000 133.620000 132.000000 0.014854 0 1 0 0
TD13TRACE 688 133.620000 133.620000 132.000000 0.013336 0 1 0 0
TD13TRACE 689 133.620000 133.620000 132.000000 0.013743 0 1 0 0
TD13TRACE 690 133.620000 133.620000 132.000000 0.014674 0 1 0 0
TD13TRACE 691 133.620000 133.620000 132.000000 0.013308 0 1 0 0
TD13TRACE 692 133.620000 133.620000 132.000000 0.013041 0 1 0 0
TD13TRACE 693 133.620000 133.620000 132.000000 0.014891 0 1 0 0
TD13TRACE 694 133.620000 133.620000 132.000000 0.013120 0 1 0 0
TD13TRACE 695 133.620000 133.620000 132.000000 0.014454 0 1 0 0
TD13TRACE 696 133.620000 133.620000 132.000000 0.014508 0 1 0 0
TD13TRACE 697 133.620000 133.620000 132.000000 0.013242 0 1 0 0
TD13TRACE 698 133.620000 133.620000 132.000000 0.013692 0 1 0 0
TD13TRACE 699 133.620000 133.620000 132.000000 0.014360 0 1 0 0
TD13TRACE 700 133.620000 133.620000 132.000000 0.012871 0 1 0 0
TD13TRACE 701 133.620000 133.620000 132.000000 0.015436 0 1 0 0
TD13TRACE 702 133.620000 133.620000 132.000000 0.020294 0 1 0 0
TD13TRACE 703 133.620000 133.620000 132.000000 0.013190 0 1 0 0
TD13TRACE 704 133.620000 133.620000 132.000000 0.014465 0 1 0 0
TD13TRACE 705 133.620000 133.620000 132.000000 0.013644 0 1 0 0
TD13TRACE 706 133.620000 133.620000 132.000000 0.013671 0 1 0 0
TD13TRACE 707 133.620000 133.620000 132.000000 0.013614 0 1 0 0
TD13TRACE 708 133.620000 133.620000 132.000000 0.015008 0 1 0 0
TD13TRACE 709 133.620000 133.620000 132.000000 0.013163 0 1 0 0
TD13TRACE 710 133.620000 133.620000 132.000000 0.013835 0 1 0 0
TD13TRACE 711 133.620000 133.620000 132.000000 0.014652 0 1 0 0
TD13TRACE 712 133.620000 133.620000 132.000000 0.013278 0 1 0 0
TD13TRACE 713 133.620000 133.620000 132.000000 0.013700 0 1 0 0
TD13TRACE 714 133.620000 133.620000 132.000000 0.014560 0 1 0 0
TD13TRACE 715 133.620000 133.620000 132.000000 0.013456 0 1 0 0
TD13TRACE 716 133.620000 133.620000 132.000000 0.013153 0 1 0 0
TD13TRACE 717 133.620000 133.620000 132.000000 0.014510 0 1 0 0
TD13TRACE 718 133.620000 133.620000 132.000000 0.013431 0 1 0 0
TD13TRACE 719 133.620000 133.620000 132.000000 0.013821 0 1 0 0
TD13TRACE 720 133.620000 133.620000 132.000000 0.014573 0 1 0 0
TD13TRACE 721 133.620000 133.620000 132.000000 0.013423 0 1 0 0
TD13TRACE 722 133.620000 133.620000 132.000000 0.013694 0 1 0 0
TD13TRACE 723 133.620000 133.620000 132.000000 0.014557 0 1 0 0
TD13TRACE 724 133.620000 133.620000 132.000000 0.013358 0 1 0 0
TD13TRACE 725 133.620000 133.620000 132.000000 0.013629 0 1 0 0
TD13TRACE 726 133.620000 133.620000 132.000000 0.014824 0 1 0 0
TD13TRACE 727 133.620000 133.620000 132.000000 0.013215 0 1 0 0
TD13TRACE 728 133.620000 133.620000 132.000000 0.013805 0 1 0 0
TD13TRACE 729 133.620000 133.620000 132.000000 0.014610 0 1 0 0
TD13TRACE 730 133.620000 133.620000 132.000000 0.013290 0 1 0 0
TD13TRACE 731 133.620000 133.620000 132.000000 0.013643 0 1 0 0
TD13TRACE 732 133.620000 133.620000 132.000000 0.014727 0 1 0 0
TD13TRACE 733 133.620000 133.620000 132.000000 0.013264 0 1 0 0
TD13TRACE 734 133.620000 133.620000 132.000000 0.013635 0 1 0 0
TD13TRACE 735 133.620000 133.620000 132.000000 0.014903 0 1 0 0
TD13TRACE 736 133.620000 133.620000 132.000000 0.013391 0 1 0 0
TD13TRACE 737 133.620000 133.620000 132.000000 0.013524 0 1 0 0
TD13TRACE 738 133.620000 133.620000 132.000000 0.014518 0 1 0 0
TD13TRACE 739 133.620000 133.620000 132.000000 0.013640 0 1 0 0
TD13TRACE 740 133.620000 133.620000 132.000000 0.013885 0 1 0 0
TD13TRACE 741 133.620000 133.620000 132.000000 0.014310 0 1 0 0
TD13TRACE 742 133.620000 133.620000 132.000000 0.013287 0 1 0 0
TD13TRACE 743 133.620000 133.620000 132.000000 0.013863 0 1 0 0
TD13TRACE 744 133.620000 133.620000 132.000000 0.014624 0 1 0 0
TD13TRACE 745 133.620000 133.620000 132.000000 0.013289 0 1 0 0
TD13TRACE 746 133.620000 133.620000 132.000000 0.014136 0 1 0 0
TD13TRACE 747 133.620000 133.620000 132.000000 0.014444 0 1 0 0
TD13TRACE 748 133.620000 133.620000 132.000000 0.012681 0 1 0 0
TD13TRACE 749 133.620000 133.620000 132.000000 0.014370 0 1 0 0
TD13TRACE 750 133.620000 133.620000 132.000000 0.014263 0 1 0 0
TD13TRACE 751 133.620000 133.620000 132.000000 0.013694 0 1 0 0
TD13TRACE 752 133.620000 133.620000 132.000000 0.013758 0 1 0 0
TD13TRACE 753 133.620000 133.620000 132.000000 0.014399 0 1 0 0
TD13TRACE 754 133.620000 133.620000 132.000000 0.013128 0 1 0 0
TD13TRACE 755 133.620000 133.620000 132.000000 0.014253 0 1 0 0
TD13TRACE 756 133.620000 133.620000 132.000000 0.014173 0 1 0 0
TD13TRACE 757 133.620000 133.620000 132.000000 0.013328 0 1 0 0
TD13TRACE 758 133.620000 133.620000 132.000000 0.014079 0 1 0 0
TD13TRACE 759 133.620000 133.620000 132.000000 0.014493 0 1 0 0
TD13TRACE 760 133.620000 133.620000 132.000000 0.013326 0 1 0 0
TD13TRACE 761 133.620000 133.620000 132.000000 0.013854 0 1 0 0
TD13TRACE 762 133.620000 133.620000 132.000000 0.013967 0 1 0 0
TD13TRACE 763 133.620000 133.620000 132.000000 0.013968 0 1 0 0
TD13TRACE 764 133.620000 133.620000 132.000000 0.013742 0 1 0 0
TD13TRACE 765 133.620000 133.620000 132.000000 0.014554 0 1 0 0
TD13TRACE 766 133.620000 133.620000 132.000000 0.013007 0 1 0 0
TD13TRACE 767 133.620000 133.620000 132.000000 0.014163 0 1 0 0
TD13TRACE 768 133.620000 133.620000 132.000000 0.014061 0 1 0 0
TD13TRACE 769 133.620000 133.620000 132.000000 0.013887 0 1 0 0
TD13TRACE 770 133.620000 133.620000 132.000000 0.013714 0 1 0 0
TD13TRACE 771 133.620000 133.620000 132.000000 0.014349 0 1 0 0
TD13TRACE 772 133.620000 133.620000 132.000000 0.013233 0 1 0 0
TD13TRACE 773 133.620000 133.620000 132.000000 0.014102 0 1 0 0
TD13TRACE 774 133.620000 133.620000 132.000000 0.014435 0 1 0 0
TD13TRACE 775 133.620000 133.620000 132.000000 0.013287 0 1 0 0
TD13TRACE 776 133.620000 133.620000 132.000000 0.013816 0 1 0 0
TD13TRACE 777 133.620000 133.620000 132.000000 0.014066 0 1 0 0
TD13TRACE 778 133.620000 133.620000 132.000000 0.013831 0 1 0 0
TD13TRACE 779 133.620000 133.620000 132.000000 0.013752 0 1 0 0
TD13TRACE 780 133.620000 133.620000 132.000000 0.014553 0 1 0 0
TD13TRACE 781 133.620000 133.620000 132.000000 0.013310 0 1 0 0
TD13TRACE 782 133.620000 133.620000 132.000000 0.013725 0 1 0 0
TD13TRACE 783 133.620000 133.620000 132.000000 0.014207 0 1 0 0
TD13TRACE 784 133.620000 133.620000 132.000000 0.013893 0 1 0 0
TD13TRACE 785 133.620000 133.620000 132.000000 0.013502 0 1 0 0
TD13TRACE 786 133.620000 133.620000 132.000000 0.014564 0 1 0 0
TD13TRACE 787 133.620000 133.620000 132.000000 0.013309 0 1 0 0
TD13TRACE 788 133.620000 133.620000 132.000000 0.013772 0 1 0 0
TD13TRACE 789 133.620000 133.620000 132.000000 0.014966 0 1 0 0
TD13TRACE 790 133.620000 133.620000 132.000000 0.013161 0 1 0 0
TD13TRACE 791 133.620000 133.620000 132.000000 0.013574 0 1 0 0
TD13TRACE 792 133.620000 133.620000 132.000000 0.014695 0 1 0 0
TD13TRACE 793 133.620000 133.620000 132.000000 0.013256 0 1 0 0
TD13TRACE 794 133.620000 133.620000 132.000000 0.013968 0 1 0 0
TD13TRACE 795 133.620000 133.620000 132.000000 0.014612 0 1 0 0
TD13TRACE 796 133.620000 133.620000 132.000000 0.013211 0 1 0 0
TD13TRACE 797 133.620000 133.620000 132.000000 0.013772 0 1 0 0
TD13TRACE 798 133.620000 133.620000 132.000000 0.014474 0 1 0 0
TD13TRACE 799 133.620000 133.620000 132.000000 0.013489 0 1 0 0
[2026-09-15 06:54:01.711] [info] fps 71.7 | pos (0.50, 132.00, -4.70) | chunks 113 | stream-meshed 104
TD13TRACE 800 133.620000 133.620000 132.000000 0.013753 0 1 0 0
TD13TRACE 801 133.620000 133.620000 132.000000 0.014556 0 1 0 0
TD13TRACE 802 133.620000 133.620000 132.000000 0.012897 0 1 0 0
TD13TRACE 803 133.620000 133.620000 132.000000 0.014211 0 1 0 0
TD13TRACE 804 133.620000 133.620000 132.000000 0.014568 0 1 0 0
[2026-09-15 06:54:01.782] [info] autosave: 0 chunk(s) queued for async write, level written (ticks=1597)
TD13TRACE 805 133.620000 133.620000 132.000000 0.014363 0 1 0 0
TD13TRACE 806 133.620000 133.620000 132.000000 0.011865 0 1 0 0
TD13TRACE 807 133.620000 133.620000 132.000000 0.015196 0 1 0 0
TD13TRACE 808 133.620000 133.620000 132.000000 0.013236 0 1 0 0
TD13TRACE 809 133.620000 133.620000 132.000000 0.013817 0 1 0 0
TD13TRACE 810 133.620000 133.620000 132.000000 0.014338 0 1 0 0
TD13TRACE 811 133.620000 133.620000 132.000000 0.013857 0 1 0 0
TD13TRACE 812 133.620000 133.620000 132.000000 0.013785 0 1 0 0
TD13TRACE 813 133.620000 133.620000 132.000000 0.014497 0 1 0 0
TD13TRACE 814 133.620000 133.620000 132.000000 0.013342 0 1 0 0
TD13TRACE 815 133.620000 133.620000 132.000000 0.013818 0 1 0 0
TD13TRACE 816 133.620000 133.620000 132.000000 0.014668 0 1 0 0
TD13TRACE 817 133.620000 133.620000 132.000000 0.012662 0 1 0 0
TD13TRACE 818 133.620000 133.620000 132.000000 0.013521 0 1 0 0
TD13TRACE 819 133.620000 133.620000 132.000000 0.015200 0 1 0 0
TD13TRACE 820 133.620000 133.620000 132.000000 0.012876 0 1 0 0
TD13TRACE 821 133.620000 133.620000 132.000000 0.014541 0 1 0 0
TD13TRACE 822 133.620000 133.620000 132.000000 0.014440 0 1 0 0
TD13TRACE 823 133.620000 133.620000 132.000000 0.013361 0 1 0 0
TD13TRACE 824 133.620000 133.620000 132.000000 0.013327 0 1 0 0
TD13TRACE 825 133.620000 133.620000 132.000000 0.014627 0 1 0 0
TD13TRACE 826 133.620000 133.620000 132.000000 0.013371 0 1 0 0
TD13TRACE 827 133.620000 133.620000 132.000000 0.013816 0 1 0 0
TD13TRACE 828 133.620000 133.620000 132.000000 0.014672 0 1 0 0
TD13TRACE 829 133.620000 133.620000 132.000000 0.013240 0 1 0 0
TD13TRACE 830 133.620000 133.620000 132.000000 0.013964 0 1 0 0
TD13TRACE 831 133.620000 133.620000 132.000000 0.014747 0 1 0 0
TD13TRACE 832 133.620000 133.620000 132.000000 0.013200 0 1 0 0
TD13TRACE 833 133.620000 133.620000 132.000000 0.013359 0 1 0 0
TD13TRACE 834 133.620000 133.620000 132.000000 0.014927 0 1 0 0
TD13TRACE 835 133.620000 133.620000 132.000000 0.012776 0 1 0 0
TD13TRACE 836 133.620000 133.620000 132.000000 0.014107 0 1 0 0
TD13TRACE 837 133.620000 133.620000 132.000000 0.014530 0 1 0 0
TD13TRACE 838 133.620000 133.620000 132.000000 0.013750 0 1 0 0
TD13TRACE 839 133.620000 133.620000 132.000000 0.013787 0 1 0 0
TD13TRACE 840 133.620000 133.620000 132.000000 0.014499 0 1 0 0
TD13TRACE 841 133.620000 133.620000 132.000000 0.012743 0 1 0 0
TD13TRACE 842 133.620000 133.620000 132.000000 0.014224 0 1 0 0
TD13TRACE 843 133.620000 133.620000 132.000000 0.014516 0 1 0 0
TD13TRACE 844 133.620000 133.620000 132.000000 0.013512 0 1 0 0
TD13TRACE 845 133.620000 133.620000 132.000000 0.013435 0 1 0 0
TD13TRACE 846 133.620000 133.620000 132.000000 0.015219 0 1 0 0
TD13TRACE 847 133.620000 133.620000 132.000000 0.012845 0 1 0 0
TD13TRACE 848 133.620000 133.620000 132.000000 0.013600 0 1 0 0
TD13TRACE 849 133.620000 133.620000 132.000000 0.014680 0 1 0 0
TD13TRACE 850 133.620000 133.620000 132.000000 0.013655 0 1 0 0
TD13TRACE 851 133.620000 133.620000 132.000000 0.013464 0 1 0 0
TD13TRACE 852 133.620000 133.620000 132.000000 0.014791 0 1 0 0
TD13TRACE 853 133.620000 133.620000 132.000000 0.012675 0 1 0 0
TD13TRACE 854 133.620000 133.620000 132.000000 0.013669 0 1 0 0
TD13TRACE 855 133.620000 133.620000 132.000000 0.015198 0 1 0 0
TD13TRACE 856 133.620000 133.620000 132.000000 0.013116 0 1 0 0
TD13TRACE 857 133.620000 133.620000 132.000000 0.014199 0 1 0 0
TD13TRACE 858 133.620000 133.620000 132.000000 0.014594 0 1 0 0
TD13TRACE 859 133.620000 133.620000 132.000000 0.013472 0 1 0 0
TD13TRACE 860 133.620000 133.620000 132.000000 0.013292 0 1 0 0
TD13TRACE 861 133.620000 133.620000 132.000000 0.014471 0 1 0 0
TD13TRACE 862 133.620000 133.620000 132.000000 0.013708 0 1 0 0
TD13TRACE 863 133.620000 133.620000 132.000000 0.013540 0 1 0 0
TD13TRACE 864 133.620000 133.620000 132.000000 0.014891 0 1 0 0
TD13TRACE 865 133.620000 133.620000 132.000000 0.013332 0 1 0 0
TD13TRACE 866 133.620000 133.620000 132.000000 0.013346 0 1 0 0
TD13TRACE 867 133.620000 133.620000 132.000000 0.014608 0 1 0 0
TD13TRACE 868 133.620000 133.620000 132.000000 0.013259 0 1 0 0
TD13TRACE 869 133.620000 133.620000 132.000000 0.013712 0 1 0 0
TD13TRACE 870 133.620000 133.620000 132.000000 0.014614 0 1 0 0
TD13TRACE 871 133.620000 133.620000 132.000000 0.013122 0 1 0 0
TD13TRACE 872 133.620000 133.620000 132.000000 0.013899 0 1 0 0
TD13TRACE 873 133.620000 133.620000 132.000000 0.015135 0 1 0 0
TD13TRACE 874 133.620000 133.620000 132.000000 0.012939 0 1 0 0
TD13TRACE 875 133.620000 133.620000 132.000000 0.013562 0 1 0 0
TD13TRACE 876 133.620000 133.620000 132.000000 0.014649 0 1 0 0
TD13TRACE 877 133.620000 133.620000 132.000000 0.012996 0 1 0 0
TD13TRACE 878 133.620000 133.620000 132.000000 0.014055 0 1 0 0
TD13TRACE 879 133.620000 133.620000 132.000000 0.014704 0 1 0 0
TD13TRACE 880 133.620000 133.620000 132.000000 0.013202 0 1 0 0
TD13TRACE 881 133.620000 133.620000 132.000000 0.013574 0 1 0 0
TD13TRACE 882 133.620000 133.620000 132.000000 0.014903 0 1 0 0
TD13TRACE 883 133.620000 133.620000 132.000000 0.013239 0 1 0 0
TD13TRACE 884 133.620000 133.620000 132.000000 0.013678 0 1 0 0
TD13TRACE 885 133.620000 133.620000 132.000000 0.015021 0 1 0 0
TD13TRACE 886 133.620000 133.620000 132.000000 0.013144 0 1 0 0
TD13TRACE 887 133.620000 133.620000 132.000000 0.013368 0 1 0 0
TD13TRACE 888 133.620000 133.620000 132.000000 0.014659 0 1 0 0
TD13TRACE 889 133.620000 133.620000 132.000000 0.013404 0 1 0 0
TD13TRACE 890 133.620000 133.620000 132.000000 0.014098 0 1 0 0
TD13TRACE 891 133.620000 133.620000 132.000000 0.014294 0 1 0 0
TD13TRACE 892 133.620000 133.620000 132.000000 0.013112 0 1 0 0
TD13TRACE 893 133.620000 133.620000 132.000000 0.013748 0 1 0 0
TD13TRACE 894 133.620000 133.620000 132.000000 0.014684 0 1 0 0
TD13TRACE 895 133.620000 133.620000 132.000000 0.013458 0 1 0 0
TD13TRACE 896 133.620000 133.620000 132.000000 0.013744 0 1 0 0
TD13TRACE 897 133.620000 133.620000 132.000000 0.014041 0 1 0 0
TD13TRACE 898 133.620000 133.620000 132.000000 0.013694 0 1 0 0
TD13TRACE 899 133.620000 133.620000 132.000000 0.013968 0 1 0 0
TD13TRACE 900 133.620000 133.620000 132.000000 0.014610 0 1 0 0
TD13TRACE 901 133.620000 133.620000 132.000000 0.013085 0 1 0 0
TD13TRACE 902 133.620000 133.620000 132.000000 0.013614 0 1 0 0
TD13TRACE 903 133.620000 133.620000 132.000000 0.014944 0 1 0 0
TD13TRACE 904 133.620000 133.620000 132.000000 0.012807 0 1 0 0
TD13TRACE 905 133.620000 133.620000 132.000000 0.014166 0 1 0 0
TD13TRACE 906 133.620000 133.620000 132.000000 0.014494 0 1 0 0
TD13TRACE 907 133.620000 133.620000 132.000000 0.013256 0 1 0 0
TD13TRACE 908 133.620000 133.620000 132.000000 0.013799 0 1 0 0
TD13TRACE 909 133.620000 133.620000 132.000000 0.015159 0 1 0 0
TD13TRACE 910 133.620000 133.620000 132.000000 0.013052 0 1 0 0
TD13TRACE 911 133.620000 133.620000 132.000000 0.013821 0 1 0 0
TD13TRACE 912 133.620000 133.620000 132.000000 0.014406 0 1 0 0
TD13TRACE 913 133.620000 133.620000 132.000000 0.013529 0 1 0 0
TD13TRACE 914 133.620000 133.620000 132.000000 0.013784 0 1 0 0
TD13TRACE 915 133.620000 133.620000 132.000000 0.014631 0 1 0 0
TD13TRACE 916 133.620000 133.620000 132.000000 0.013136 0 1 0 0
TD13TRACE 917 133.620000 133.620000 132.000000 0.013690 0 1 0 0
TD13TRACE 918 133.620000 133.620000 132.000000 0.014507 0 1 0 0
TD13TRACE 919 133.620000 133.620000 132.000000 0.013161 0 1 0 0
TD13TRACE 920 133.620000 133.620000 132.000000 0.013893 0 1 0 0
TD13TRACE 921 133.620000 133.620000 132.000000 0.014814 0 1 0 0
TD13TRACE 922 133.620000 133.620000 132.000000 0.013497 0 1 0 0
TD13TRACE 923 133.620000 133.620000 132.000000 0.013717 0 1 0 0
TD13TRACE 924 133.620000 133.620000 132.000000 0.014173 0 1 0 0
TD13TRACE 925 133.620000 133.620000 132.000000 0.013704 0 1 0 0
TD13TRACE 926 133.620000 133.620000 132.000000 0.012969 0 1 0 0
TD13TRACE 927 133.620000 133.620000 132.000000 0.014874 0 1 0 0
TD13TRACE 928 133.620000 133.620000 132.000000 0.013948 0 1 0 0
TD13TRACE 929 133.620000 133.620000 132.000000 0.013709 0 1 0 0
TD13TRACE 930 133.620000 133.620000 132.000000 0.014189 0 1 0 0
TD13TRACE 931 133.620000 133.620000 132.000000 0.013541 0 1 0 0
TD13TRACE 932 133.620000 133.620000 132.000000 0.013681 0 1 0 0
TD13TRACE 933 133.620000 133.620000 132.000000 0.014708 0 1 0 0
TD13TRACE 934 133.620000 133.620000 132.000000 0.013215 0 1 0 0
TD13TRACE 935 133.620000 133.620000 132.000000 0.014056 0 1 0 0
TD13TRACE 936 133.620000 133.620000 132.000000 0.014214 0 1 0 0
TD13TRACE 937 133.620000 133.620000 132.000000 0.013965 0 1 0 0
TD13TRACE 938 133.620000 133.620000 132.000000 0.013628 0 1 0 0
TD13TRACE 939 133.620000 133.620000 132.000000 0.014076 0 1 0 0
TD13TRACE 940 133.620000 133.620000 132.000000 0.013493 0 1 0 0
TD13TRACE 941 133.620000 133.620000 132.000000 0.013711 0 1 0 0
TD13TRACE 942 133.620000 133.620000 132.000000 0.014562 0 1 0 0
TD13TRACE 943 133.620000 133.620000 132.000000 0.013346 0 1 0 0
TD13TRACE 944 133.620000 133.620000 132.000000 0.013548 0 1 0 0
[2026-09-15 06:54:03.725] [info] fps 72.0 | pos (0.50, 132.00, -4.70) | chunks 113 | stream-meshed 104
TD13TRACE 945 133.620000 133.620000 132.000000 0.014677 0 1 0 0
TD13TRACE 946 133.620000 133.620000 132.000000 0.013297 0 1 0 0
TD13TRACE 947 133.620000 133.620000 132.000000 0.013339 0 1 0 0
TD13TRACE 948 133.620000 133.620000 132.000000 0.014441 0 1 0 0
TD13TRACE 949 133.620000 133.620000 132.000000 0.013545 0 1 0 0
TD13TRACE 950 133.620000 133.620000 132.000000 0.013793 0 1 0 0
TD13TRACE 951 133.620000 133.620000 132.000000 0.014668 0 1 0 0
TD13TRACE 952 133.620000 133.620000 132.000000 0.013191 0 1 0 0
TD13TRACE 953 133.620000 133.620000 132.000000 0.014093 0 1 0 0
TD13TRACE 954 133.620000 133.620000 132.000000 0.014289 0 1 0 0
TD13TRACE 955 133.620000 133.620000 132.000000 0.013241 0 1 0 0
TD13TRACE 956 133.620000 133.620000 132.000000 0.013819 0 1 0 0
TD13TRACE 957 133.620000 133.620000 132.000000 0.014449 0 1 0 0
TD13TRACE 958 133.620000 133.620000 132.000000 0.013341 0 1 0 0
TD13TRACE 959 133.620000 133.620000 132.000000 0.013974 0 1 0 0
TD13TRACE 960 133.620000 133.620000 132.000000 0.014584 0 1 0 0
TD13TRACE 961 133.620000 133.620000 132.000000 0.013300 0 1 0 0
TD13TRACE 962 133.620000 133.620000 132.000000 0.013799 0 1 0 0
TD13TRACE 963 133.620000 133.620000 132.000000 0.014558 0 1 0 0
TD13TRACE 964 133.620000 133.620000 132.000000 0.013245 0 1 0 0
TD13TRACE 965 133.620000 133.620000 132.000000 0.013760 0 1 0 0
TD13TRACE 966 133.620000 133.620000 132.000000 0.014587 0 1 0 0
TD13TRACE 967 133.620000 133.620000 132.000000 0.013350 0 1 0 0
TD13TRACE 968 133.620000 133.620000 132.000000 0.013762 0 1 0 0
TD13TRACE 969 133.620000 133.620000 132.000000 0.014449 0 1 0 0
TD13TRACE 970 133.620000 133.620000 132.000000 0.013467 0 1 0 0
TD13TRACE 971 133.620000 133.620000 132.000000 0.013709 0 1 0 0
TD13TRACE 972 133.620000 133.620000 132.000000 0.014762 0 1 0 0
TD13TRACE 973 133.620000 133.620000 132.000000 0.013425 0 1 0 0
TD13TRACE 974 133.620000 133.620000 132.000000 0.013872 0 1 0 0
TD13TRACE 975 133.620000 133.620000 132.000000 0.014629 0 1 0 0
TD13TRACE 976 133.620000 133.620000 132.000000 0.012615 0 1 0 0
TD13TRACE 977 133.620000 133.620000 132.000000 0.014410 0 1 0 0
TD13TRACE 978 133.620000 133.620000 132.000000 0.014297 0 1 0 0
TD13TRACE 979 133.620000 133.620000 132.000000 0.013597 0 1 0 0
TD13TRACE 980 133.620000 133.620000 132.000000 0.013907 0 1 0 0
TD13TRACE 981 133.620000 133.620000 132.000000 0.014313 0 1 0 0
TD13TRACE 982 133.620000 133.620000 132.000000 0.013298 0 1 0 0
TD13TRACE 983 133.620000 133.620000 132.000000 0.014277 0 1 0 0
TD13TRACE 984 133.620000 133.620000 132.000000 0.013836 0 1 0 0
TD13TRACE 985 133.620000 133.620000 132.000000 0.013193 0 1 0 0
TD13TRACE 986 133.620000 133.620000 132.000000 0.014326 0 1 0 0
TD13TRACE 987 133.620000 133.620000 132.000000 0.014337 0 1 0 0
TD13TRACE 988 133.620000 133.620000 132.000000 0.012899 0 1 0 0
TD13TRACE 989 133.620000 133.620000 132.000000 0.014272 0 1 0 0
TD13TRACE 990 133.620000 133.620000 132.000000 0.014301 0 1 0 0
TD13TRACE 991 133.620000 133.620000 132.000000 0.013847 0 1 0 0
TD13TRACE 992 133.620000 133.620000 132.000000 0.013691 0 1 0 0
TD13TRACE 993 133.620000 133.620000 132.000000 0.014178 0 1 0 0
TD13TRACE 994 133.620000 133.620000 132.000000 0.013436 0 1 0 0
TD13TRACE 995 133.620000 133.620000 132.000000 0.013512 0 1 0 0
TD13TRACE 996 133.620000 133.620000 132.000000 0.014863 0 1 0 0
TD13TRACE 997 133.620000 133.620000 132.000000 0.013188 0 1 0 0
TD13TRACE 998 133.620000 133.620000 132.000000 0.014290 0 1 0 0
TD13TRACE 999 133.620000 133.620000 132.000000 0.014524 0 1 0 0
TD13TRACE 1000 133.620000 133.620000 132.000000 0.013038 0 1 0 0
TD13TRACE 1001 133.620000 133.620000 132.000000 0.013752 0 1 0 0
TD13TRACE 1002 133.620000 133.620000 132.000000 0.014631 0 1 0 0
TD13TRACE 1003 133.620000 133.620000 132.000000 0.012929 0 1 0 0
TD13TRACE 1004 133.620000 133.620000 132.000000 0.014162 0 1 0 0
TD13TRACE 1005 133.620000 133.620000 132.000000 0.014524 0 1 0 0
TD13TRACE 1006 133.620000 133.620000 132.000000 0.013462 0 1 0 0
TD13TRACE 1007 133.620000 133.620000 132.000000 0.013936 0 1 0 0
TD13TRACE 1008 133.620000 133.620000 132.000000 0.014610 0 1 0 0
TD13TRACE 1009 133.620000 133.620000 132.000000 0.013031 0 1 0 0
TD13TRACE 1010 133.620000 133.620000 132.000000 0.014024 0 1 0 0
TD13TRACE 1011 133.620000 133.620000 132.000000 0.014673 0 1 0 0
TD13TRACE 1012 133.620000 133.620000 132.000000 0.013251 0 1 0 0
TD13TRACE 1013 133.620000 133.620000 132.000000 0.013643 0 1 0 0
TD13TRACE 1014 133.620000 133.620000 132.000000 0.014573 0 1 0 0
TD13TRACE 1015 133.620000 133.620000 132.000000 0.013152 0 1 0 0
TD13TRACE 1016 133.620000 133.620000 132.000000 0.013474 0 1 0 0
TD13TRACE 1017 133.620000 133.620000 132.000000 0.014693 0 1 0 0
TD13TRACE 1018 133.620000 133.620000 132.000000 0.013538 0 1 0 0
TD13TRACE 1019 133.620000 133.620000 132.000000 0.013888 0 1 0 0
TD13TRACE 1020 133.620000 133.620000 132.000000 0.014717 0 1 0 0
TD13TRACE 1021 133.620000 133.620000 132.000000 0.012770 0 1 0 0
TD13TRACE 1022 133.620000 133.620000 132.000000 0.014027 0 1 0 0
TD13TRACE 1023 133.620000 133.620000 132.000000 0.014935 0 1 0 0
TD13TRACE 1024 133.620000 133.620000 132.000000 0.013378 0 1 0 0
TD13TRACE 1025 133.620000 133.620000 132.000000 0.013450 0 1 0 0
TD13TRACE 1026 133.620000 133.620000 132.000000 0.015134 0 1 0 0
TD13TRACE 1027 133.620000 133.620000 132.000000 0.013220 0 1 0 0
TD13TRACE 1028 133.620000 133.620000 132.000000 0.013432 0 1 0 0
TD13TRACE 1029 133.620000 133.620000 132.000000 0.014683 0 1 0 0
TD13TRACE 1030 133.620000 133.620000 132.000000 0.013037 0 1 0 0
TD13TRACE 1031 133.620000 133.620000 132.000000 0.013981 0 1 0 0
TD13TRACE 1032 133.620000 133.620000 132.000000 0.014565 0 1 0 0
TD13TRACE 1033 133.620000 133.620000 132.000000 0.013513 0 1 0 0
TD13TRACE 1034 133.620000 133.620000 132.000000 0.013660 0 1 0 0
TD13TRACE 1035 133.620000 133.620000 132.000000 0.014333 0 1 0 0
TD13TRACE 1036 133.620000 133.620000 132.000000 0.013090 0 1 0 0
TD13TRACE 1037 133.620000 133.620000 132.000000 0.014326 0 1 0 0
TD13TRACE 1038 133.620000 133.620000 132.000000 0.014682 0 1 0 0
TD13TRACE 1039 133.620000 133.620000 132.000000 0.013304 0 1 0 0
TD13TRACE 1040 133.620000 133.620000 132.000000 0.013459 0 1 0 0
TD13TRACE 1041 133.620000 133.620000 132.000000 0.014455 0 1 0 0
TD13TRACE 1042 133.620000 133.620000 132.000000 0.013642 0 1 0 0
TD13TRACE 1043 133.620000 133.620000 132.000000 0.013476 0 1 0 0
TD13TRACE 1044 133.620000 133.620000 132.000000 0.014650 0 1 0 0
TD13TRACE 1045 133.620000 133.620000 132.000000 0.013246 0 1 0 0
TD13TRACE 1046 133.620000 133.620000 132.000000 0.013768 0 1 0 0
TD13TRACE 1047 133.620000 133.620000 132.000000 0.014565 0 1 0 0
TD13TRACE 1048 133.620000 133.620000 132.000000 0.013262 0 1 0 0
TD13TRACE 1049 133.620000 133.620000 132.000000 0.013690 0 1 0 0
TD13TRACE 1050 133.620000 133.620000 132.000000 0.015132 0 1 0 0
TD13TRACE 1051 133.620000 133.620000 132.000000 0.013143 0 1 0 0
TD13TRACE 1052 133.620000 133.620000 132.000000 0.013016 0 1 0 0
TD13TRACE 1053 133.620000 133.620000 132.000000 0.015045 0 1 0 0
TD13TRACE 1054 133.620000 133.620000 132.000000 0.014087 0 1 0 0
TD13TRACE 1055 133.620000 133.620000 132.000000 0.013970 0 1 0 0
TD13TRACE 1056 133.620000 133.620000 132.000000 0.013965 0 1 0 0
TD13TRACE 1057 133.620000 133.620000 132.000000 0.012766 0 1 0 0
TD13TRACE 1058 133.620000 133.620000 132.000000 0.014186 0 1 0 0
TD13TRACE 1059 133.620000 133.620000 132.000000 0.014790 0 1 0 0
TD13TRACE 1060 133.620000 133.620000 132.000000 0.013219 0 1 0 0
TD13TRACE 1061 133.620000 133.620000 132.000000 0.013513 0 1 0 0
TD13TRACE 1062 133.620000 133.620000 132.000000 0.014763 0 1 0 0
TD13TRACE 1063 133.620000 133.620000 132.000000 0.013174 0 1 0 0
TD13TRACE 1064 133.620000 133.620000 132.000000 0.013994 0 1 0 0
TD13TRACE 1065 133.620000 133.620000 132.000000 0.014642 0 1 0 0
TD13TRACE 1066 133.620000 133.620000 132.000000 0.013242 0 1 0 0
TD13TRACE 1067 133.620000 133.620000 132.000000 0.013632 0 1 0 0
TD13TRACE 1068 133.620000 133.620000 132.000000 0.014856 0 1 0 0
TD13TRACE 1069 133.620000 133.620000 132.000000 0.013115 0 1 0 0
TD13TRACE 1070 133.620000 133.620000 132.000000 0.013421 0 1 0 0
TD13TRACE 1071 133.620000 133.620000 132.000000 0.014949 0 1 0 0
TD13TRACE 1072 133.620000 133.620000 132.000000 0.012953 0 1 0 0
TD13TRACE 1073 133.620000 133.620000 132.000000 0.013993 0 1 0 0
TD13TRACE 1074 133.620000 133.620000 132.000000 0.014753 0 1 0 0
TD13TRACE 1075 133.620000 133.620000 132.000000 0.012760 0 1 0 0
TD13TRACE 1076 133.620000 133.620000 132.000000 0.014129 0 1 0 0
TD13TRACE 1077 133.620000 133.620000 132.000000 0.014869 0 1 0 0
TD13TRACE 1078 133.620000 133.620000 132.000000 0.013324 0 1 0 0
TD13TRACE 1079 133.620000 133.620000 132.000000 0.013640 0 1 0 0
TD13TRACE 1080 133.620000 133.620000 132.000000 0.014565 0 1 0 0
TD13TRACE 1081 133.620000 133.620000 132.000000 0.013013 0 1 0 0
TD13TRACE 1082 133.620000 133.620000 132.000000 0.013557 0 1 0 0
TD13TRACE 1083 133.620000 133.620000 132.000000 0.014760 0 1 0 0
TD13TRACE 1084 133.620000 133.620000 132.000000 0.013111 0 1 0 0
TD13TRACE 1085 133.620000 133.620000 132.000000 0.014857 0 1 0 0
TD13TRACE 1086 133.620000 133.620000 132.000000 0.013762 0 1 0 0
TD13TRACE 1087 133.620000 133.620000 132.000000 0.013014 0 1 0 0
TD13TRACE 1088 133.620000 133.620000 132.000000 0.013844 0 1 0 0
TD13TRACE 1089 133.620000 133.620000 132.000000 0.014725 0 1 0 0
[2026-09-15 06:54:05.739] [info] fps 72.0 | pos (0.50, 132.00, -4.70) | chunks 113 | stream-meshed 104
TD13TRACE 1090 133.620000 133.620000 132.000000 0.013301 0 1 0 0
TD13TRACE 1091 133.620000 133.620000 132.000000 0.013583 0 1 0 0
TD13TRACE 1092 133.620000 133.620000 132.000000 0.014547 0 1 0 0
TD13TRACE 1093 133.620000 133.620000 132.000000 0.013439 0 1 0 0
TD13TRACE 1094 133.620000 133.620000 132.000000 0.013738 0 1 0 0
TD13TRACE 1095 133.620000 133.620000 132.000000 0.014649 0 1 0 0
TD13TRACE 1096 133.620000 133.620000 132.000000 0.013320 0 1 0 0
TD13TRACE 1097 133.620000 133.620000 132.000000 0.013669 0 1 0 0
TD13TRACE 1098 133.620000 133.620000 132.000000 0.014600 0 1 0 0
TD13TRACE 1099 133.620000 133.620000 132.000000 0.013142 0 1 0 0
TD13TRACE 1100 133.620000 133.620000 132.000000 0.013872 0 1 0 0
TD13TRACE 1101 133.620000 133.620000 132.000000 0.014665 0 1 0 0
TD13TRACE 1102 133.620000 133.620000 132.000000 0.013343 0 1 0 0
TD13TRACE 1103 133.620000 133.620000 132.000000 0.013572 0 1 0 0
TD13TRACE 1104 133.620000 133.620000 132.000000 0.014964 0 1 0 0
TD13TRACE 1105 133.620000 133.620000 132.000000 0.013001 0 1 0 0
TD13TRACE 1106 133.620000 133.620000 132.000000 0.013945 0 1 0 0
TD13TRACE 1107 133.620000 133.620000 132.000000 0.014818 0 1 0 0
TD13TRACE 1108 133.620000 133.620000 132.000000 0.013130 0 1 0 0
TD13TRACE 1109 133.620000 133.620000 132.000000 0.013732 0 1 0 0
TD13TRACE 1110 133.620000 133.620000 132.000000 0.014678 0 1 0 0
TD13TRACE 1111 133.620000 133.620000 132.000000 0.013130 0 1 0 0
TD13TRACE 1112 133.620000 133.620000 132.000000 0.013488 0 1 0 0
TD13TRACE 1113 133.620000 133.620000 132.000000 0.014759 0 1 0 0
TD13TRACE 1114 133.620000 133.620000 132.000000 0.013505 0 1 0 0
TD13TRACE 1115 133.620000 133.620000 132.000000 0.013729 0 1 0 0
TD13TRACE 1116 133.620000 133.620000 132.000000 0.014797 0 1 0 0
TD13TRACE 1117 133.620000 133.620000 132.000000 0.013215 0 1 0 0
TD13TRACE 1118 133.620000 133.620000 132.000000 0.013353 0 1 0 0
TD13TRACE 1119 133.620000 133.620000 132.000000 0.015324 0 1 0 0
TD13TRACE 1120 133.620000 133.620000 132.000000 0.013020 0 1 0 0
TD13TRACE 1121 133.620000 133.620000 132.000000 0.013905 0 1 0 0
TD13TRACE 1122 133.620000 133.620000 132.000000 0.014217 0 1 0 0
TD13TRACE 1123 133.620000 133.620000 132.000000 0.013565 0 1 0 0
TD13TRACE 1124 133.620000 133.620000 132.000000 0.014031 0 1 0 0
TD13TRACE 1125 133.620000 133.620000 132.000000 0.014585 0 1 0 0
TD13TRACE 1126 133.620000 133.620000 132.000000 0.013329 0 1 0 0
TD13TRACE 1127 133.620000 133.620000 132.000000 0.013721 0 1 0 0
TD13TRACE 1128 133.620000 133.620000 132.000000 0.014861 0 1 0 0
TD13TRACE 1129 133.620000 133.620000 132.000000 0.012808 0 1 0 0
TD13TRACE 1130 133.620000 133.620000 132.000000 0.013792 0 1 0 0
TD13TRACE 1131 133.620000 133.620000 132.000000 0.014515 0 1 0 0
TD13TRACE 1132 133.620000 133.620000 132.000000 0.013438 0 1 0 0
TD13TRACE 1133 133.620000 133.620000 132.000000 0.013713 0 1 0 0
TD13TRACE 1134 133.620000 133.620000 132.000000 0.014353 0 1 0 0
TD13TRACE 1135 133.620000 133.620000 132.000000 0.013487 0 1 0 0
TD13TRACE 1136 133.620000 133.620000 132.000000 0.013832 0 1 0 0
TD13TRACE 1137 133.620000 133.620000 132.000000 0.014746 0 1 0 0
TD13TRACE 1138 133.620000 133.620000 132.000000 0.013436 0 1 0 0
TD13TRACE 1139 133.620000 133.620000 132.000000 0.013608 0 1 0 0
TD13TRACE 1140 133.620000 133.620000 132.000000 0.014319 0 1 0 0
TD13TRACE 1141 133.620000 133.620000 132.000000 0.013170 0 1 0 0
TD13TRACE 1142 133.620000 133.620000 132.000000 0.013806 0 1 0 0
TD13TRACE 1143 133.620000 133.620000 132.000000 0.014535 0 1 0 0
TD13TRACE 1144 133.620000 133.620000 132.000000 0.013346 0 1 0 0
TD13TRACE 1145 133.620000 133.620000 132.000000 0.014091 0 1 0 0
TD13TRACE 1146 133.620000 133.620000 132.000000 0.014363 0 1 0 0
TD13TRACE 1147 133.620000 133.620000 132.000000 0.013736 0 1 0 0
TD13TRACE 1148 133.620000 133.620000 132.000000 0.013231 0 1 0 0
TD13TRACE 1149 133.620000 133.620000 132.000000 0.014984 0 1 0 0
TD13TRACE 1150 133.620000 133.620000 132.000000 0.012918 0 1 0 0
TD13TRACE 1151 133.620000 133.620000 132.000000 0.013935 0 1 0 0
TD13TRACE 1152 133.620000 133.620000 132.000000 0.014964 0 1 0 0
TD13TRACE 1153 133.620000 133.620000 132.000000 0.013178 0 1 0 0
TD13TRACE 1154 133.620000 133.620000 132.000000 0.013923 0 1 0 0
TD13TRACE 1155 133.620000 133.620000 132.000000 0.014327 0 1 0 0
TD13TRACE 1156 133.620000 133.620000 132.000000 0.013283 0 1 0 0
TD13TRACE 1157 133.620000 133.620000 132.000000 0.013703 0 1 0 0
TD13TRACE 1158 133.620000 133.620000 132.000000 0.014681 0 1 0 0
TD13TRACE 1159 133.620000 133.620000 132.000000 0.013396 0 1 0 0
TD13TRACE 1160 133.620000 133.620000 132.000000 0.013530 0 1 0 0
TD13TRACE 1161 133.620000 133.620000 132.000000 0.014574 0 1 0 0
TD13TRACE 1162 133.620000 133.620000 132.000000 0.013272 0 1 0 0
TD13TRACE 1163 133.620000 133.620000 132.000000 0.013538 0 1 0 0
TD13TRACE 1164 133.620000 133.620000 132.000000 0.014800 0 1 0 0
TD13TRACE 1165 133.620000 133.620000 132.000000 0.013335 0 1 0 0
TD13TRACE 1166 133.620000 133.620000 132.000000 0.013785 0 1 0 0
TD13TRACE 1167 133.620000 133.620000 132.000000 0.014712 0 1 0 0
TD13TRACE 1168 133.620000 133.620000 132.000000 0.013221 0 1 0 0
TD13TRACE 1169 133.620000 133.620000 132.000000 0.013684 0 1 0 0
TD13TRACE 1170 133.620000 133.620000 132.000000 0.014622 0 1 0 0
TD13TRACE 1171 133.620000 133.620000 132.000000 0.013183 0 1 0 0
TD13TRACE 1172 133.620000 133.620000 132.000000 0.013654 0 1 0 0
TD13TRACE 1173 133.620000 133.620000 132.000000 0.015146 0 1 0 0
TD13TRACE 1174 133.620000 133.620000 132.000000 0.013080 0 1 0 0
TD13TRACE 1175 133.620000 133.620000 132.000000 0.013702 0 1 0 0
TD13TRACE 1176 133.620000 133.620000 132.000000 0.014795 0 1 0 0
TD13TRACE 1177 133.620000 133.620000 132.000000 0.013124 0 1 0 0
TD13TRACE 1178 133.620000 133.620000 132.000000 0.013879 0 1 0 0
TD13TRACE 1179 133.620000 133.620000 132.000000 0.014373 0 1 0 0
TD13TRACE 1180 133.620000 133.620000 132.000000 0.013249 0 1 0 0
TD13TRACE 1181 133.620000 133.620000 132.000000 0.013688 0 1 0 0
TD13TRACE 1182 133.620000 133.620000 132.000000 0.014627 0 1 0 0
TD13TRACE 1183 133.620000 133.620000 132.000000 0.013612 0 1 0 0
TD13TRACE 1184 133.620000 133.620000 132.000000 0.013660 0 1 0 0
TD13TRACE 1185 133.620000 133.620000 132.000000 0.014712 0 1 0 0
TD13TRACE 1186 133.620000 133.620000 132.000000 0.013197 0 1 0 0
TD13TRACE 1187 133.620000 133.620000 132.000000 0.013832 0 1 0 0
TD13TRACE 1188 133.620000 133.620000 132.000000 0.014579 0 1 0 0
TD13TRACE 1189 133.620000 133.620000 132.000000 0.013009 0 1 0 0
TD13TRACE 1190 133.620000 133.620000 132.000000 0.014526 0 1 0 0
TD13TRACE 1191 133.620000 133.620000 132.000000 0.014287 0 1 0 0
TD13TRACE 1192 133.620000 133.620000 132.000000 0.013177 0 1 0 0
TD13TRACE 1193 133.620000 133.620000 132.000000 0.013659 0 1 0 0
TD13TRACE 1194 133.620000 133.620000 132.000000 0.014458 0 1 0 0
TD13TRACE 1195 133.620000 133.620000 132.000000 0.013347 0 1 0 0
TD13TRACE 1196 133.620000 133.620000 132.000000 0.013769 0 1 0 0
TD13TRACE 1197 133.620000 133.620000 132.000000 0.014651 0 1 0 0
TD13TRACE 1198 133.620000 133.620000 132.000000 0.013002 0 1 0 0
TD13TRACE 1199 133.620000 133.620000 132.000000 0.014442 0 1 0 0
TD13TRACE 1200 133.620000 133.620000 132.000000 0.014421 0 1 0 0
TD13TRACE 1201 133.620000 133.620000 132.000000 0.013108 0 1 0 0
TD13TRACE 1202 133.620000 133.620000 132.000000 0.013808 0 1 0 0
TD13TRACE 1203 133.620000 133.620000 132.000000 0.014517 0 1 0 0
TD13TRACE 1204 133.620000 133.620000 132.000000 0.013476 0 1 0 0
TD13TRACE 1205 133.620000 133.620000 132.000000 0.013823 0 1 0 0
TD13TRACE 1206 133.620000 133.620000 132.000000 0.014538 0 1 0 0
TD13TRACE 1207 133.620000 133.620000 132.000000 0.013094 0 1 0 0
TD13TRACE 1208 133.620000 133.620000 132.000000 0.013620 0 1 0 0
TD13TRACE 1209 133.620000 133.620000 132.000000 0.014483 0 1 0 0
TD13TRACE 1210 133.620000 133.620000 132.000000 0.013729 0 1 0 0
TD13TRACE 1211 133.620000 133.620000 132.000000 0.013861 0 1 0 0
TD13TRACE 1212 133.620000 133.620000 132.000000 0.014391 0 1 0 0
TD13TRACE 1213 133.620000 133.620000 132.000000 0.013553 0 1 0 0
TD13TRACE 1214 133.620000 133.620000 132.000000 0.013808 0 1 0 0
TD13TRACE 1215 133.620000 133.620000 132.000000 0.014486 0 1 0 0
TD13TRACE 1216 133.620000 133.620000 132.000000 0.013495 0 1 0 0
TD13TRACE 1217 133.620000 133.620000 132.000000 0.013820 0 1 0 0
TD13TRACE 1218 133.620000 133.620000 132.000000 0.014263 0 1 0 0
TD13TRACE 1219 133.620000 133.620000 132.000000 0.013419 0 1 0 0
TD13TRACE 1220 133.620000 133.620000 132.000000 0.013464 0 1 0 0
TD13TRACE 1221 133.620000 133.620000 132.000000 0.014970 0 1 0 0
TD13TRACE 1222 133.620000 133.620000 132.000000 0.013183 0 1 0 0
TD13TRACE 1223 133.620000 133.620000 132.000000 0.013641 0 1 0 0
TD13TRACE 1224 133.620000 133.620000 132.000000 0.014319 0 1 0 0
TD13TRACE 1225 133.620000 133.620000 132.000000 0.013589 0 1 0 0
TD13TRACE 1226 133.620000 133.620000 132.000000 0.014259 0 1 0 0
TD13TRACE 1227 133.620000 133.620000 132.000000 0.014155 0 1 0 0
TD13TRACE 1228 133.620000 133.620000 132.000000 0.013179 0 1 0 0
TD13TRACE 1229 133.620000 133.620000 132.000000 0.014140 0 1 0 0
TD13TRACE 1230 133.620000 133.620000 132.000000 0.014565 0 1 0 0
TD13TRACE 1231 133.620000 133.620000 132.000000 0.013348 0 1 0 0
TD13TRACE 1232 133.620000 133.620000 132.000000 0.013610 0 1 0 0
TD13TRACE 1233 133.620000 133.620000 132.000000 0.014488 0 1 0 0
TD13TRACE 1234 133.620000 133.620000 132.000000 0.013427 0 1 0 0
[2026-09-15 06:54:07.753] [info] fps 72.0 | pos (0.50, 132.00, -4.70) | chunks 113 | stream-meshed 104
TD13TRACE 1235 133.620000 133.620000 132.000000 0.014010 0 1 0 0
TD13TRACE 1236 133.620000 133.620000 132.000000 0.014428 0 1 0 0
TD13TRACE 1237 133.620000 133.620000 132.000000 0.013221 0 1 0 0
TD13TRACE 1238 133.620000 133.620000 132.000000 0.013879 0 1 0 0
TD13TRACE 1239 133.620000 133.620000 132.000000 0.014939 0 1 0 0
TD13TRACE 1240 133.620000 133.620000 132.000000 0.012854 0 1 0 0
TD13TRACE 1241 133.620000 133.620000 132.000000 0.013562 0 1 0 0
TD13TRACE 1242 133.620000 133.620000 132.000000 0.014566 0 1 0 0
TD13TRACE 1243 133.620000 133.620000 132.000000 0.013281 0 1 0 0
TD13TRACE 1244 133.620000 133.620000 132.000000 0.014147 0 1 0 0
TD13TRACE 1245 133.620000 133.620000 132.000000 0.014446 0 1 0 0
TD13TRACE 1246 133.620000 133.620000 132.000000 0.013681 0 1 0 0
TD13TRACE 1247 133.620000 133.620000 132.000000 0.013128 0 1 0 0
TD13TRACE 1248 133.620000 133.620000 132.000000 0.014697 0 1 0 0
TD13TRACE 1249 133.620000 133.620000 132.000000 0.013651 0 1 0 0
TD13TRACE 1250 133.620000 133.620000 132.000000 0.013345 0 1 0 0
TD13TRACE 1251 133.620000 133.620000 132.000000 0.014427 0 1 0 0
TD13TRACE 1252 133.620000 133.620000 132.000000 0.013349 0 1 0 0
TD13TRACE 1253 133.620000 133.620000 132.000000 0.014092 0 1 0 0
TD13TRACE 1254 133.620000 133.620000 132.000000 0.014963 0 1 0 0
TD13TRACE 1255 133.620000 133.620000 132.000000 0.013197 0 1 0 0
TD13TRACE 1256 133.620000 133.620000 132.000000 0.013772 0 1 0 0
TD13TRACE 1257 133.620000 133.620000 132.000000 0.014156 0 1 0 0
TD13TRACE 1258 133.620000 133.620000 132.000000 0.013194 0 1 0 0
TD13TRACE 1259 133.620000 133.620000 132.000000 0.014168 0 1 0 0
TD13TRACE 1260 133.620000 133.620000 132.000000 0.014750 0 1 0 0
TD13TRACE 1261 133.620000 133.620000 132.000000 0.013102 0 1 0 0
TD13TRACE 1262 133.620000 133.620000 132.000000 0.013632 0 1 0 0
TD13TRACE 1263 133.620000 133.620000 132.000000 0.014575 0 1 0 0
TD13TRACE 1264 133.620000 133.620000 132.000000 0.013140 0 1 0 0
TD13TRACE 1265 133.620000 133.620000 132.000000 0.013718 0 1 0 0
TD13TRACE 1266 133.620000 133.620000 132.000000 0.015161 0 1 0 0
TD13TRACE 1267 133.620000 133.620000 132.000000 0.013149 0 1 0 0
TD13TRACE 1268 133.620000 133.620000 132.000000 0.013766 0 1 0 0
TD13TRACE 1269 133.620000 133.620000 132.000000 0.014815 0 1 0 0
TD13TRACE 1270 133.620000 133.620000 132.000000 0.012972 0 1 0 0
TD13TRACE 1271 133.620000 133.620000 132.000000 0.014020 0 1 0 0
TD13TRACE 1272 133.620000 133.620000 132.000000 0.014260 0 1 0 0
TD13TRACE 1273 133.620000 133.620000 132.000000 0.013192 0 1 0 0
TD13TRACE 1274 133.620000 133.620000 132.000000 0.013955 0 1 0 0
TD13TRACE 1275 133.620000 133.620000 132.000000 0.014403 0 1 0 0
TD13TRACE 1276 133.620000 133.620000 132.000000 0.013492 0 1 0 0
TD13TRACE 1277 133.620000 133.620000 132.000000 0.013895 0 1 0 0
TD13TRACE 1278 133.620000 133.620000 132.000000 0.014391 0 1 0 0
TD13TRACE 1279 133.620000 133.620000 132.000000 0.013188 0 1 0 0
TD13TRACE 1280 133.620000 133.620000 132.000000 0.013727 0 1 0 0
TD13TRACE 1281 133.620000 133.620000 132.000000 0.014824 0 1 0 0
TD13TRACE 1282 133.620000 133.620000 132.000000 0.013664 0 1 0 0
TD13TRACE 1283 133.620000 133.620000 132.000000 0.013576 0 1 0 0
TD13TRACE 1284 133.620000 133.620000 132.000000 0.014325 0 1 0 0
TD13TRACE 1285 133.620000 133.620000 132.000000 0.013534 0 1 0 0
TD13TRACE 1286 133.620000 133.620000 132.000000 0.013964 0 1 0 0
TD13TRACE 1287 133.620000 133.620000 132.000000 0.013852 0 1 0 0
TD13TRACE 1288 133.620000 133.620000 132.000000 0.013569 0 1 0 0
TD13TRACE 1289 133.620000 133.620000 132.000000 0.013566 0 1 0 0
TD13TRACE 1290 133.620000 133.620000 132.000000 0.014663 0 1 0 0
TD13TRACE 1291 133.620000 133.620000 132.000000 0.013601 0 1 0 0
TD13TRACE 1292 133.620000 133.620000 132.000000 0.013490 0 1 0 0
TD13TRACE 1293 133.620000 133.620000 132.000000 0.014641 0 1 0 0
TD13TRACE 1294 133.620000 133.620000 132.000000 0.013361 0 1 0 0
TD13TRACE 1295 133.620000 133.620000 132.000000 0.014039 0 1 0 0
TD13TRACE 1296 133.620000 133.620000 132.000000 0.014411 0 1 0 0
TD13TRACE 1297 133.620000 133.620000 132.000000 0.013391 0 1 0 0
TD13TRACE 1298 133.620000 133.620000 132.000000 0.013917 0 1 0 0
TD13TRACE 1299 133.620000 133.620000 132.000000 0.014423 0 1 0 0
TD13TRACE 1300 133.620000 133.620000 132.000000 0.013150 0 1 0 0
TD13TRACE 1301 133.620000 133.620000 132.000000 0.013625 0 1 0 0
TD13TRACE 1302 133.620000 133.620000 132.000000 0.015095 0 1 0 0
TD13TRACE 1303 133.620000 133.620000 132.000000 0.013122 0 1 0 0
TD13TRACE 1304 133.620000 133.620000 132.000000 0.013631 0 1 0 0
TD13TRACE 1305 133.620000 133.620000 132.000000 0.015033 0 1 0 0
TD13TRACE 1306 133.620000 133.620000 132.000000 0.012993 0 1 0 0
TD13TRACE 1307 133.620000 133.620000 132.000000 0.013468 0 1 0 0
TD13TRACE 1308 133.620000 133.620000 132.000000 0.014859 0 1 0 0
TD13TRACE 1309 133.620000 133.620000 132.000000 0.013215 0 1 0 0
TD13TRACE 1310 133.620000 133.620000 132.000000 0.014050 0 1 0 0
TD13TRACE 1311 133.620000 133.620000 132.000000 0.014824 0 1 0 0
TD13TRACE 1312 133.620000 133.620000 132.000000 0.013194 0 1 0 0
TD13TRACE 1313 133.620000 133.620000 132.000000 0.013438 0 1 0 0
TD13TRACE 1314 133.620000 133.620000 132.000000 0.014827 0 1 0 0
TD13TRACE 1315 133.620000 133.620000 132.000000 0.013199 0 1 0 0
TD13TRACE 1316 133.620000 133.620000 132.000000 0.013620 0 1 0 0
TD13TRACE 1317 133.620000 133.620000 132.000000 0.014717 0 1 0 0
TD13TRACE 1318 133.620000 133.620000 132.000000 0.013110 0 1 0 0
TD13TRACE 1319 133.620000 133.620000 132.000000 0.013876 0 1 0 0
TD13TRACE 1320 133.620000 133.620000 132.000000 0.014455 0 1 0 0
TD13TRACE 1321 133.620000 133.620000 132.000000 0.013802 0 1 0 0
TD13TRACE 1322 133.620000 133.620000 132.000000 0.013448 0 1 0 0
TD13TRACE 1323 133.620000 133.620000 132.000000 0.014794 0 1 0 0
TD13TRACE 1324 133.620000 133.620000 132.000000 0.012933 0 1 0 0
TD13TRACE 1325 133.620000 133.620000 132.000000 0.013766 0 1 0 0
TD13TRACE 1326 133.620000 133.620000 132.000000 0.014675 0 1 0 0
TD13TRACE 1327 133.620000 133.620000 132.000000 0.013039 0 1 0 0
TD13TRACE 1328 133.620000 133.620000 132.000000 0.014136 0 1 0 0
TD13TRACE 1329 133.620000 133.620000 132.000000 0.014474 0 1 0 0
TD13TRACE 1330 133.620000 133.620000 132.000000 0.013208 0 1 0 0
TD13TRACE 1331 133.620000 133.620000 132.000000 0.013951 0 1 0 0
TD13TRACE 1332 133.620000 133.620000 132.000000 0.014579 0 1 0 0
TD13TRACE 1333 133.620000 133.620000 132.000000 0.013203 0 1 0 0
TD13TRACE 1334 133.620000 133.620000 132.000000 0.013878 0 1 0 0
TD13TRACE 1335 133.620000 133.620000 132.000000 0.014574 0 1 0 0
TD13TRACE 1336 133.620000 133.620000 132.000000 0.013375 0 1 0 0
TD13TRACE 1337 133.620000 133.620000 132.000000 0.013672 0 1 0 0
TD13TRACE 1338 133.620000 133.620000 132.000000 0.014563 0 1 0 0
TD13TRACE 1339 133.620000 133.620000 132.000000 0.013318 0 1 0 0
TD13TRACE 1340 133.620000 133.620000 132.000000 0.013712 0 1 0 0
TD13TRACE 1341 133.620000 133.620000 132.000000 0.014733 0 1 0 0
TD13TRACE 1342 133.620000 133.620000 132.000000 0.013477 0 1 0 0
TD13TRACE 1343 133.620000 133.620000 132.000000 0.013415 0 1 0 0
TD13TRACE 1344 133.620000 133.620000 132.000000 0.014352 0 1 0 0
TD13TRACE 1345 133.620000 133.620000 132.000000 0.013922 0 1 0 0
TD13TRACE 1346 133.620000 133.620000 132.000000 0.013735 0 1 0 0
TD13TRACE 1347 133.620000 133.620000 132.000000 0.014319 0 1 0 0
TD13TRACE 1348 133.620000 133.620000 132.000000 0.013823 0 1 0 0
TD13TRACE 1349 133.620000 133.620000 132.000000 0.013374 0 1 0 0
TD13TRACE 1350 133.620000 133.620000 132.000000 0.015002 0 1 0 0
TD13TRACE 1351 133.620000 133.620000 132.000000 0.013175 0 1 0 0
TD13TRACE 1352 133.620000 133.620000 132.000000 0.014009 0 1 0 0
TD13TRACE 1353 133.620000 133.620000 132.000000 0.014206 0 1 0 0
TD13TRACE 1354 133.620000 133.620000 132.000000 0.014055 0 1 0 0
TD13TRACE 1355 133.620000 133.620000 132.000000 0.012944 0 1 0 0
TD13TRACE 1356 133.620000 133.620000 132.000000 0.014394 0 1 0 0
TD13TRACE 1357 133.620000 133.620000 132.000000 0.013472 0 1 0 0
TD13TRACE 1358 133.620000 133.620000 132.000000 0.013608 0 1 0 0
TD13TRACE 1359 133.620000 133.620000 132.000000 0.014426 0 1 0 0
TD13TRACE 1360 133.620000 133.620000 132.000000 0.013668 0 1 0 0
TD13TRACE 1361 133.620000 133.620000 132.000000 0.013504 0 1 0 0
TD13TRACE 1362 133.620000 133.620000 132.000000 0.014798 0 1 0 0
TD13TRACE 1363 133.620000 133.620000 132.000000 0.013070 0 1 0 0
TD13TRACE 1364 133.620000 133.620000 132.000000 0.013905 0 1 0 0
TD13TRACE 1365 133.620000 133.620000 132.000000 0.014948 0 1 0 0
TD13TRACE 1366 133.620000 133.620000 132.000000 0.013052 0 1 0 0
TD13TRACE 1367 133.620000 133.620000 132.000000 0.013833 0 1 0 0
TD13TRACE 1368 133.620000 133.620000 132.000000 0.014673 0 1 0 0
TD13TRACE 1369 133.620000 133.620000 132.000000 0.013556 0 1 0 0
TD13TRACE 1370 133.620000 133.620000 132.000000 0.013808 0 1 0 0
TD13TRACE 1371 133.620000 133.620000 132.000000 0.014640 0 1 0 0
TD13TRACE 1372 133.620000 133.620000 132.000000 0.012846 0 1 0 0
TD13TRACE 1373 133.620000 133.620000 132.000000 0.014057 0 1 0 0
TD13TRACE 1374 133.620000 133.620000 132.000000 0.014324 0 1 0 0
TD13TRACE 1375 133.620000 133.620000 132.000000 0.013405 0 1 0 0
TD13TRACE 1376 133.620000 133.620000 132.000000 0.013588 0 1 0 0
TD13TRACE 1377 133.620000 133.620000 132.000000 0.014775 0 1 0 0
TD13TRACE 1378 133.620000 133.620000 132.000000 0.013179 0 1 0 0
TD13TRACE 1379 133.620000 133.620000 132.000000 0.013690 0 1 0 0
[2026-09-15 06:54:09.768] [info] fps 72.0 | pos (0.50, 132.00, -4.70) | chunks 113 | stream-meshed 104
TD13TRACE 1380 133.620000 133.620000 132.000000 0.015383 0 1 0 0
TD13TRACE 1381 133.620000 133.620000 132.000000 0.013005 0 1 0 0
TD13TRACE 1382 133.620000 133.620000 132.000000 0.013413 0 1 0 0
TD13TRACE 1383 133.620000 133.620000 132.000000 0.014637 0 1 0 0
TD13TRACE 1384 133.620000 133.620000 132.000000 0.013269 0 1 0 0
TD13TRACE 1385 133.620000 133.620000 132.000000 0.013672 0 1 0 0
TD13TRACE 1386 133.620000 133.620000 132.000000 0.015054 0 1 0 0
TD13TRACE 1387 133.620000 133.620000 132.000000 0.013287 0 1 0 0
TD13TRACE 1388 133.620000 133.620000 132.000000 0.013449 0 1 0 0
TD13TRACE 1389 133.620000 133.620000 132.000000 0.014564 0 1 0 0
TD13TRACE 1390 133.620000 133.620000 132.000000 0.013080 0 1 0 0
TD13TRACE 1391 133.620000 133.620000 132.000000 0.014183 0 1 0 0
TD13TRACE 1392 133.620000 133.620000 132.000000 0.014460 0 1 0 0
TD13TRACE 1393 133.620000 133.620000 132.000000 0.012971 0 1 0 0
TD13TRACE 1394 133.620000 133.620000 132.000000 0.013823 0 1 0 0
TD13TRACE 1395 133.620000 133.620000 132.000000 0.014931 0 1 0 0
TD13TRACE 1396 133.620000 133.620000 132.000000 0.013280 0 1 0 0
TD13TRACE 1397 133.620000 133.620000 132.000000 0.013644 0 1 0 0
TD13TRACE 1398 133.620000 133.620000 132.000000 0.014666 0 1 0 0
TD13TRACE 1399 133.620000 133.620000 132.000000 0.013097 0 1 0 0
TD13TRACE 1400 133.620000 133.620000 132.000000 0.013893 0 1 0 0
TD13TRACE 1401 133.620000 133.620000 132.000000 0.014664 0 1 0 0
TD13TRACE 1402 133.620000 133.620000 132.000000 0.013458 0 1 0 0
TD13TRACE 1403 133.620000 133.620000 132.000000 0.013944 0 1 0 0
TD13TRACE 1404 133.620000 133.620000 132.000000 0.014452 0 1 0 0
TD13TRACE 1405 133.620000 133.620000 132.000000 0.013174 0 1 0 0
TD13TRACE 1406 133.620000 133.620000 132.000000 0.013689 0 1 0 0
TD13TRACE 1407 133.620000 133.620000 132.000000 0.014614 0 1 0 0
TD13TRACE 1408 133.620000 133.620000 132.000000 0.013172 0 1 0 0
TD13TRACE 1409 133.620000 133.620000 132.000000 0.013834 0 1 0 0
TD13TRACE 1410 133.620000 133.620000 132.000000 0.014878 0 1 0 0
TD13TRACE 1411 133.620000 133.620000 132.000000 0.013079 0 1 0 0
TD13TRACE 1412 133.620000 133.620000 132.000000 0.013578 0 1 0 0
TD13TRACE 1413 133.620000 133.620000 132.000000 0.014825 0 1 0 0
TD13TRACE 1414 133.620000 133.620000 132.000000 0.013431 0 1 0 0
TD13TRACE 1415 133.620000 133.620000 132.000000 0.013469 0 1 0 0
TD13TRACE 1416 133.620000 133.620000 132.000000 0.014743 0 1 0 0
TD13TRACE 1417 133.620000 133.620000 132.000000 0.013359 0 1 0 0
TD13TRACE 1418 133.620000 133.620000 132.000000 0.013775 0 1 0 0
TD13TRACE 1419 133.620000 133.620000 132.000000 0.014292 0 1 0 0
TD13TRACE 1420 133.620000 133.620000 132.000000 0.013394 0 1 0 0
TD13TRACE 1421 133.620000 133.620000 132.000000 0.013846 0 1 0 0
TD13TRACE 1422 133.620000 133.620000 132.000000 0.014578 0 1 0 0
TD13TRACE 1423 133.620000 133.620000 132.000000 0.013539 0 1 0 0
TD13TRACE 1424 133.620000 133.620000 132.000000 0.013652 0 1 0 0
TD13TRACE 1425 133.620000 133.620000 132.000000 0.014519 0 1 0 0
TD13TRACE 1426 133.620000 133.620000 132.000000 0.013368 0 1 0 0
TD13TRACE 1427 133.620000 133.620000 132.000000 0.013664 0 1 0 0
TD13TRACE 1428 133.620000 133.620000 132.000000 0.014625 0 1 0 0
TD13TRACE 1429 133.620000 133.620000 132.000000 0.013547 0 1 0 0
TD13TRACE 1430 133.620000 133.620000 132.000000 0.013759 0 1 0 0
TD13TRACE 1431 133.620000 133.620000 132.000000 0.014414 0 1 0 0
TD13TRACE 1432 133.620000 133.620000 132.000000 0.013605 0 1 0 0
TD13TRACE 1433 133.620000 133.620000 132.000000 0.013488 0 1 0 0
TD13TRACE 1434 133.620000 133.620000 132.000000 0.014520 0 1 0 0
TD13TRACE 1435 133.620000 133.620000 132.000000 0.013267 0 1 0 0
TD13TRACE 1436 133.620000 133.620000 132.000000 0.013397 0 1 0 0
TD13TRACE 1437 133.620000 133.620000 132.000000 0.014894 0 1 0 0
TD13TRACE 1438 133.620000 133.620000 132.000000 0.013550 0 1 0 0
TD13TRACE 1439 133.620000 133.620000 132.000000 0.013562 0 1 0 0
TD13TRACE 1440 133.620000 133.620000 132.000000 0.014597 0 1 0 0
TD13TRACE 1441 133.620000 133.620000 132.000000 0.013414 0 1 0 0
TD13TRACE 1442 133.620000 133.620000 132.000000 0.013512 0 1 0 0
TD13TRACE 1443 133.620000 133.620000 132.000000 0.014859 0 1 0 0
TD13TRACE 1444 133.620000 133.620000 132.000000 0.013257 0 1 0 0
TD13TRACE 1445 133.620000 133.620000 132.000000 0.014120 0 1 0 0
TD13TRACE 1446 133.620000 133.620000 132.000000 0.014489 0 1 0 0
TD13TRACE 1447 133.620000 133.620000 132.000000 0.013052 0 1 0 0
TD13TRACE 1448 133.620000 133.620000 132.000000 0.014332 0 1 0 0
TD13TRACE 1449 133.620000 133.620000 132.000000 0.014134 0 1 0 0
TD13TRACE 1450 133.620000 133.620000 132.000000 0.013129 0 1 0 0
TD13TRACE 1451 133.620000 133.620000 132.000000 0.014213 0 1 0 0
TD13TRACE 1452 133.620000 133.620000 132.000000 0.014392 0 1 0 0
TD13TRACE 1453 133.620000 133.620000 132.000000 0.013511 0 1 0 0
TD13TRACE 1454 133.620000 133.620000 132.000000 0.013580 0 1 0 0
TD13TRACE 1455 133.620000 133.620000 132.000000 0.014546 0 1 0 0
TD13TRACE 1456 133.620000 133.620000 132.000000 0.013315 0 1 0 0
TD13TRACE 1457 133.620000 133.620000 132.000000 0.013603 0 1 0 0
TD13TRACE 1458 133.620000 133.620000 132.000000 0.014710 0 1 0 0
TD13TRACE 1459 133.620000 133.620000 132.000000 0.012990 0 1 0 0
TD13TRACE 1460 133.620000 133.620000 132.000000 0.014242 0 1 0 0
TD13TRACE 1461 133.620000 133.620000 132.000000 0.014335 0 1 0 0
TD13TRACE 1462 133.620000 133.620000 132.000000 0.013680 0 1 0 0
TD13TRACE 1463 133.620000 133.620000 132.000000 0.013431 0 1 0 0
TD13TRACE 1464 133.620000 133.620000 132.000000 0.014438 0 1 0 0
TD13TRACE 1465 133.620000 133.620000 132.000000 0.013689 0 1 0 0
TD13TRACE 1466 133.620000 133.620000 132.000000 0.013459 0 1 0 0
TD13TRACE 1467 133.620000 133.620000 132.000000 0.014809 0 1 0 0
TD13TRACE 1468 133.620000 133.620000 132.000000 0.013177 0 1 0 0
TD13TRACE 1469 133.620000 133.620000 132.000000 0.013701 0 1 0 0
TD13TRACE 1470 133.620000 133.620000 132.000000 0.014371 0 1 0 0
TD13TRACE 1471 133.620000 133.620000 132.000000 0.013468 0 1 0 0
TD13TRACE 1472 133.620000 133.620000 132.000000 0.014194 0 1 0 0
TD13TRACE 1473 133.620000 133.620000 132.000000 0.014314 0 1 0 0
TD13TRACE 1474 133.620000 133.620000 132.000000 0.013107 0 1 0 0
TD13TRACE 1475 133.620000 133.620000 132.000000 0.013784 0 1 0 0
TD13TRACE 1476 133.620000 133.620000 132.000000 0.014363 0 1 0 0
TD13TRACE 1477 133.620000 133.620000 132.000000 0.013805 0 1 0 0
TD13TRACE 1478 133.620000 133.620000 132.000000 0.013458 0 1 0 0
TD13TRACE 1479 133.620000 133.620000 132.000000 0.014575 0 1 0 0
TD13TRACE 1480 133.620000 133.620000 132.000000 0.013522 0 1 0 0
TD13TRACE 1481 133.620000 133.620000 132.000000 0.013831 0 1 0 0
TD13TRACE 1482 133.620000 133.620000 132.000000 0.014189 0 1 0 0
TD13TRACE 1483 133.620000 133.620000 132.000000 0.013450 0 1 0 0
TD13TRACE 1484 133.620000 133.620000 132.000000 0.013867 0 1 0 0
TD13TRACE 1485 133.620000 133.620000 132.000000 0.014505 0 1 0 0
TD13TRACE 1486 133.620000 133.620000 132.000000 0.013364 0 1 0 0
TD13TRACE 1487 133.620000 133.620000 132.000000 0.014329 0 1 0 0
TD13TRACE 1488 133.620000 133.620000 132.000000 0.013970 0 1 0 0
TD13TRACE 1489 133.620000 133.620000 132.000000 0.013342 0 1 0 0
TD13TRACE 1490 133.620000 133.620000 132.000000 0.014053 0 1 0 0
TD13TRACE 1491 133.620000 133.620000 132.000000 0.014541 0 1 0 0
TD13TRACE 1492 133.620000 133.620000 132.000000 0.013176 0 1 0 0
TD13TRACE 1493 133.620000 133.620000 132.000000 0.013750 0 1 0 0
TD13TRACE 1494 133.620000 133.620000 132.000000 0.014785 0 1 0 0
TD13TRACE 1495 133.620000 133.620000 132.000000 0.013128 0 1 0 0
TD13TRACE 1496 133.620000 133.620000 132.000000 0.013566 0 1 0 0
TD13TRACE 1497 133.620000 133.620000 132.000000 0.014685 0 1 0 0
TD13TRACE 1498 133.620000 133.620000 132.000000 0.013548 0 1 0 0
TD13TRACE 1499 133.620000 133.620000 132.000000 0.013432 0 1 0 0
TD13TRACE 1500 133.620000 133.620000 132.000000 0.014711 0 1 0 0
TD13TRACE 1501 133.620000 133.620000 132.000000 0.013404 0 1 0 0
TD13TRACE 1502 133.620000 133.620000 132.000000 0.013525 0 1 0 0
TD13TRACE 1503 133.620000 133.620000 132.000000 0.015145 0 1 0 0
TD13TRACE 1504 133.620000 133.620000 132.000000 0.012779 0 1 0 0
TD13TRACE 1505 133.620000 133.620000 132.000000 0.013722 0 1 0 0
TD13TRACE 1506 133.620000 133.620000 132.000000 0.014600 0 1 0 0
TD13TRACE 1507 133.620000 133.620000 132.000000 0.013416 0 1 0 0
TD13TRACE 1508 133.620000 133.620000 132.000000 0.013871 0 1 0 0
TD13TRACE 1509 133.620000 133.620000 132.000000 0.014678 0 1 0 0
TD13TRACE 1510 133.620000 133.620000 132.000000 0.013086 0 1 0 0
TD13TRACE 1511 133.620000 133.620000 132.000000 0.014017 0 1 0 0
TD13TRACE 1512 133.620000 133.620000 132.000000 0.014354 0 1 0 0
TD13TRACE 1513 133.620000 133.620000 132.000000 0.013310 0 1 0 0
TD13TRACE 1514 133.620000 133.620000 132.000000 0.013929 0 1 0 0
TD13TRACE 1515 133.620000 133.620000 132.000000 0.014612 0 1 0 0
TD13TRACE 1516 133.620000 133.620000 132.000000 0.013142 0 1 0 0
TD13TRACE 1517 133.620000 133.620000 132.000000 0.013653 0 1 0 0
TD13TRACE 1518 133.620000 133.620000 132.000000 0.014557 0 1 0 0
TD13TRACE 1519 133.620000 133.620000 132.000000 0.013709 0 1 0 0
TD13TRACE 1520 133.620000 133.620000 132.000000 0.013346 0 1 0 0
TD13TRACE 1521 133.620000 133.620000 132.000000 0.015017 0 1 0 0
TD13TRACE 1522 133.620000 133.620000 132.000000 0.013313 0 1 0 0
TD13TRACE 1523 133.620000 133.620000 132.000000 0.013551 0 1 0 0
[2026-09-15 06:54:11.767] [info] fps 72.0 | pos (0.50, 132.00, -4.70) | chunks 113 | stream-meshed 104
TD13TRACE 1524 133.620000 133.620000 132.000000 0.014992 0 1 0 0
TD13TRACE 1525 133.620000 133.620000 132.000000 0.012818 0 1 0 0
TD13TRACE 1526 133.620000 133.620000 132.000000 0.014076 0 1 0 0
[2026-09-15 06:54:11.810] [info] autosave: 0 chunk(s) queued for async write, level written (ticks=1797)
TD13TRACE 1527 133.620000 133.620000 132.000000 0.015743 0 1 0 0
TD13TRACE 1528 133.620000 133.620000 132.000000 0.011954 0 1 0 0
TD13TRACE 1529 133.620000 133.620000 132.000000 0.013873 0 1 0 0
TD13TRACE 1530 133.620000 133.620000 132.000000 0.014428 0 1 0 0
TD13TRACE 1531 133.620000 133.620000 132.000000 0.013410 0 1 0 0
TD13TRACE 1532 133.620000 133.620000 132.000000 0.013562 0 1 0 0
TD13TRACE 1533 133.620000 133.620000 132.000000 0.014444 0 1 0 0
TD13TRACE 1534 133.620000 133.620000 132.000000 0.013667 0 1 0 0
TD13TRACE 1535 133.620000 133.620000 132.000000 0.013992 0 1 0 0
TD13TRACE 1536 133.620000 133.620000 132.000000 0.014486 0 1 0 0
TD13TRACE 1537 133.620000 133.620000 132.000000 0.013620 0 1 0 0
TD13TRACE 1538 133.620000 133.620000 132.000000 0.013801 0 1 0 0
TD13TRACE 1539 133.620000 133.620000 132.000000 0.014259 0 1 0 0
TD13TRACE 1540 133.620000 133.620000 132.000000 0.013181 0 1 0 0
TD13TRACE 1541 133.620000 133.620000 132.000000 0.013659 0 1 0 0
TD13TRACE 1542 133.620000 133.620000 132.000000 0.014644 0 1 0 0
TD13TRACE 1543 133.620000 133.620000 132.000000 0.013387 0 1 0 0
TD13TRACE 1544 133.620000 133.620000 132.000000 0.013837 0 1 0 0
TD13TRACE 1545 133.620000 133.620000 132.000000 0.014719 0 1 0 0
TD13TRACE 1546 133.620000 133.620000 132.000000 0.013084 0 1 0 0
TD13TRACE 1547 133.620000 133.620000 132.000000 0.013661 0 1 0 0
TD13TRACE 1548 133.620000 133.620000 132.000000 0.014529 0 1 0 0
TD13TRACE 1549 133.620000 133.620000 132.000000 0.013299 0 1 0 0
TD13TRACE 1550 133.620000 133.620000 132.000000 0.013879 0 1 0 0
TD13TRACE 1551 133.620000 133.620000 132.000000 0.014892 0 1 0 0
TD13TRACE 1552 133.620000 133.620000 132.000000 0.013119 0 1 0 0
TD13TRACE 1553 133.620000 133.620000 132.000000 0.013609 0 1 0 0
TD13TRACE 1554 133.620000 133.620000 132.000000 0.014747 0 1 0 0
TD13TRACE 1555 133.620000 133.620000 132.000000 0.013127 0 1 0 0
TD13TRACE 1556 133.620000 133.620000 132.000000 0.013864 0 1 0 0
TD13TRACE 1557 133.620000 133.620000 132.000000 0.015222 0 1 0 0
TD13TRACE 1558 133.620000 133.620000 132.000000 0.012638 0 1 0 0
TD13TRACE 1559 133.620000 133.620000 132.000000 0.014049 0 1 0 0
TD13TRACE 1560 133.620000 133.620000 132.000000 0.014777 0 1 0 0
TD13TRACE 1561 133.620000 133.620000 132.000000 0.012759 0 1 0 0
TD13TRACE 1562 133.620000 133.620000 132.000000 0.013562 0 1 0 0
TD13TRACE 1563 133.620000 133.620000 132.000000 0.015108 0 1 0 0
TD13TRACE 1564 133.620000 133.620000 132.000000 0.013178 0 1 0 0
TD13TRACE 1565 133.620000 133.620000 132.000000 0.014011 0 1 0 0
TD13TRACE 1566 133.620000 133.620000 132.000000 0.014404 0 1 0 0
TD13TRACE 1567 133.620000 133.620000 132.000000 0.013253 0 1 0 0
TD13TRACE 1568 133.620000 133.620000 132.000000 0.013391 0 1 0 0
TD13TRACE 1569 133.620000 133.620000 132.000000 0.014525 0 1 0 0
TD13TRACE 1570 133.620000 133.620000 132.000000 0.013576 0 1 0 0
TD13TRACE 1571 133.620000 133.620000 132.000000 0.013822 0 1 0 0
TD13TRACE 1572 133.620000 133.620000 132.000000 0.014408 0 1 0 0
TD13TRACE 1573 133.620000 133.620000 132.000000 0.013279 0 1 0 0
TD13TRACE 1574 133.620000 133.620000 132.000000 0.014342 0 1 0 0
TD13TRACE 1575 133.620000 133.620000 132.000000 0.014244 0 1 0 0
TD13TRACE 1576 133.620000 133.620000 132.000000 0.013344 0 1 0 0
TD13TRACE 1577 133.620000 133.620000 132.000000 0.013607 0 1 0 0
TD13TRACE 1578 133.620000 133.620000 132.000000 0.015086 0 1 0 0
TD13TRACE 1579 133.620000 133.620000 132.000000 0.013749 0 1 0 0
TD13TRACE 1580 133.620000 133.620000 132.000000 0.013408 0 1 0 0
TD13TRACE 1581 133.620000 133.620000 132.000000 0.014494 0 1 0 0
TD13TRACE 1582 133.620000 133.620000 132.000000 0.013316 0 1 0 0
TD13TRACE 1583 133.620000 133.620000 132.000000 0.013239 0 1 0 0
TD13TRACE 1584 133.620000 133.620000 132.000000 0.014937 0 1 0 0
TD13TRACE 1585 133.620000 133.620000 132.000000 0.013466 0 1 0 0
TD13TRACE 1586 133.620000 133.620000 132.000000 0.013501 0 1 0 0
TD13TRACE 1587 133.620000 133.620000 132.000000 0.014464 0 1 0 0
TD13TRACE 1588 133.620000 133.620000 132.000000 0.013170 0 1 0 0
TD13TRACE 1589 133.620000 133.620000 132.000000 0.014004 0 1 0 0
TD13TRACE 1590 133.620000 133.620000 132.000000 0.014542 0 1 0 0
TD13TRACE 1591 133.620000 133.620000 132.000000 0.013594 0 1 0 0
TD13TRACE 1592 133.620000 133.620000 132.000000 0.013513 0 1 0 0
TD13TRACE 1593 133.620000 133.620000 132.000000 0.014904 0 1 0 0
TD13TRACE 1594 133.620000 133.620000 132.000000 0.013056 0 1 0 0
TD13TRACE 1595 133.620000 133.620000 132.000000 0.013699 0 1 0 0
TD13TRACE 1596 133.620000 133.620000 132.000000 0.014544 0 1 0 0
TD13TRACE 1597 133.620000 133.620000 132.000000 0.013273 0 1 0 0
TD13TRACE 1598 133.620000 133.620000 132.000000 0.013840 0 1 0 0
TD13TRACE 1599 133.620000 133.620000 132.000000 0.014722 0 1 0 0
TD13TRACE 1600 133.620000 133.620000 132.000000 0.013876 0 1 0 0
TD13TRACE 1601 133.620000 133.620000 132.000000 0.013080 0 1 0 0
TD13TRACE 1602 133.620000 133.620000 132.000000 0.014510 0 1 0 0
TD13TRACE 1603 133.620000 133.620000 132.000000 0.013459 0 1 0 0
TD13TRACE 1604 133.620000 133.620000 132.000000 0.013846 0 1 0 0
TD13TRACE 1605 133.620000 133.620000 132.000000 0.014855 0 1 0 0
TD13TRACE 1606 133.620000 133.620000 132.000000 0.013135 0 1 0 0
TD13TRACE 1607 133.620000 133.620000 132.000000 0.013641 0 1 0 0
TD13TRACE 1608 133.620000 133.620000 132.000000 0.014450 0 1 0 0
TD13TRACE 1609 133.620000 133.620000 132.000000 0.013425 0 1 0 0
TD13TRACE 1610 133.620000 133.620000 132.000000 0.013537 0 1 0 0
TD13TRACE 1611 133.620000 133.620000 132.000000 0.014878 0 1 0 0
TD13TRACE 1612 133.620000 133.620000 132.000000 0.013409 0 1 0 0
TD13TRACE 1613 133.620000 133.620000 132.000000 0.013664 0 1 0 0
TD13TRACE 1614 133.620000 133.620000 132.000000 0.014550 0 1 0 0
TD13TRACE 1615 133.620000 133.620000 132.000000 0.013298 0 1 0 0
TD13TRACE 1616 133.620000 133.620000 132.000000 0.013725 0 1 0 0
TD13TRACE 1617 133.620000 133.620000 132.000000 0.014896 0 1 0 0
TD13TRACE 1618 133.620000 133.620000 132.000000 0.013337 0 1 0 0
TD13TRACE 1619 133.620000 133.620000 132.000000 0.013736 0 1 0 0
TD13TRACE 1620 133.620000 133.620000 132.000000 0.014424 0 1 0 0
TD13TRACE 1621 133.620000 133.620000 132.000000 0.013334 0 1 0 0
TD13TRACE 1622 133.620000 133.620000 132.000000 0.013657 0 1 0 0
TD13TRACE 1623 133.620000 133.620000 132.000000 0.014651 0 1 0 0
TD13TRACE 1624 133.620000 133.620000 132.000000 0.013240 0 1 0 0
TD13TRACE 1625 133.620000 133.620000 132.000000 0.013510 0 1 0 0
TD13TRACE 1626 133.620000 133.620000 132.000000 0.014799 0 1 0 0
TD13TRACE 1627 133.620000 133.620000 132.000000 0.013621 0 1 0 0
TD13TRACE 1628 133.620000 133.620000 132.000000 0.013319 0 1 0 0
TD13TRACE 1629 133.620000 133.620000 132.000000 0.014747 0 1 0 0
TD13TRACE 1630 133.620000 133.620000 132.000000 0.013412 0 1 0 0
TD13TRACE 1631 133.620000 133.620000 132.000000 0.013514 0 1 0 0
TD13TRACE 1632 133.620000 133.620000 132.000000 0.014724 0 1 0 0
TD13TRACE 1633 133.620000 133.620000 132.000000 0.013219 0 1 0 0
TD13TRACE 1634 133.620000 133.620000 132.000000 0.013865 0 1 0 0
TD13TRACE 1635 133.620000 133.620000 132.000000 0.014940 0 1 0 0
TD13TRACE 1636 133.620000 133.620000 132.000000 0.013024 0 1 0 0
TD13TRACE 1637 133.620000 133.620000 132.000000 0.013617 0 1 0 0
TD13TRACE 1638 133.620000 133.620000 132.000000 0.014994 0 1 0 0
TD13TRACE 1639 133.620000 133.620000 132.000000 0.013561 0 1 0 0
TD13TRACE 1640 133.620000 133.620000 132.000000 0.013243 0 1 0 0
TD13TRACE 1641 133.620000 133.620000 132.000000 0.014429 0 1 0 0
TD13TRACE 1642 133.620000 133.620000 132.000000 0.013905 0 1 0 0
TD13TRACE 1643 133.620000 133.620000 132.000000 0.013326 0 1 0 0
TD13TRACE 1644 133.620000 133.620000 132.000000 0.015033 0 1 0 0
TD13TRACE 1645 133.620000 133.620000 132.000000 0.013143 0 1 0 0
TD13TRACE 1646 133.620000 133.620000 132.000000 0.013342 0 1 0 0
TD13TRACE 1647 133.620000 133.620000 132.000000 0.014550 0 1 0 0
TD13TRACE 1648 133.620000 133.620000 132.000000 0.013229 0 1 0 0
TD13TRACE 1649 133.620000 133.620000 132.000000 0.014082 0 1 0 0
TD13TRACE 1650 133.620000 133.620000 132.000000 0.014736 0 1 0 0
TD13TRACE 1651 133.620000 133.620000 132.000000 0.013122 0 1 0 0
TD13TRACE 1652 133.620000 133.620000 132.000000 0.013675 0 1 0 0
TD13TRACE 1653 133.620000 133.620000 132.000000 0.014401 0 1 0 0
TD13TRACE 1654 133.620000 133.620000 132.000000 0.013379 0 1 0 0
TD13TRACE 1655 133.620000 133.620000 132.000000 0.013981 0 1 0 0
TD13TRACE 1656 133.620000 133.620000 132.000000 0.014290 0 1 0 0
TD13TRACE 1657 133.620000 133.620000 132.000000 0.013718 0 1 0 0
TD13TRACE 1658 133.620000 133.620000 132.000000 0.013731 0 1 0 0
TD13TRACE 1659 133.620000 133.620000 132.000000 0.014881 0 1 0 0
TD13TRACE 1660 133.620000 133.620000 132.000000 0.013198 0 1 0 0
TD13TRACE 1661 133.620000 133.620000 132.000000 0.013773 0 1 0 0
TD13TRACE 1662 133.620000 133.620000 132.000000 0.014393 0 1 0 0
TD13TRACE 1663 133.620000 133.620000 132.000000 0.013137 0 1 0 0
TD13TRACE 1664 133.620000 133.620000 132.000000 0.013711 0 1 0 0
TD13TRACE 1665 133.620000 133.620000 132.000000 0.014833 0 1 0 0
TD13TRACE 1666 133.620000 133.620000 132.000000 0.013487 0 1 0 0
TD13TRACE 1667 133.620000 133.620000 132.000000 0.013655 0 1 0 0
[2026-09-15 06:54:13.767] [info] fps 72.0 | pos (0.50, 132.00, -4.70) | chunks 113 | stream-meshed 104
TD13TRACE 1668 133.620000 133.620000 132.000000 0.014654 0 1 0 0
TD13TRACE 1669 133.620000 133.620000 132.000000 0.013125 0 1 0 0
TD13TRACE 1670 133.620000 133.620000 132.000000 0.013543 0 1 0 0
TD13TRACE 1671 133.620000 133.620000 132.000000 0.014473 0 1 0 0
TD13TRACE 1672 133.620000 133.620000 132.000000 0.013663 0 1 0 0
TD13TRACE 1673 133.620000 133.620000 132.000000 0.013914 0 1 0 0
TD13TRACE 1674 133.620000 133.620000 132.000000 0.014410 0 1 0 0
TD13TRACE 1675 133.620000 133.620000 132.000000 0.013374 0 1 0 0
TD13TRACE 1676 133.620000 133.620000 132.000000 0.013714 0 1 0 0
TD13TRACE 1677 133.620000 133.620000 132.000000 0.014124 0 1 0 0
TD13TRACE 1678 133.620000 133.620000 132.000000 0.014110 0 1 0 0
TD13TRACE 1679 133.620000 133.620000 132.000000 0.013519 0 1 0 0
TD13TRACE 1680 133.620000 133.620000 132.000000 0.014859 0 1 0 0
TD13TRACE 1681 133.620000 133.620000 132.000000 0.013235 0 1 0 0
TD13TRACE 1682 133.620000 133.620000 132.000000 0.013628 0 1 0 0
TD13TRACE 1683 133.620000 133.620000 132.000000 0.014399 0 1 0 0
TD13TRACE 1684 133.620000 133.620000 132.000000 0.013154 0 1 0 0
TD13TRACE 1685 133.620000 133.620000 132.000000 0.014193 0 1 0 0
TD13TRACE 1686 133.620000 133.620000 132.000000 0.014802 0 1 0 0
TD13TRACE 1687 133.620000 133.620000 132.000000 0.013172 0 1 0 0
TD13TRACE 1688 133.620000 133.620000 132.000000 0.013688 0 1 0 0
TD13TRACE 1689 133.620000 133.620000 132.000000 0.014599 0 1 0 0
TD13TRACE 1690 133.620000 133.620000 132.000000 0.013043 0 1 0 0
TD13TRACE 1691 133.620000 133.620000 132.000000 0.013608 0 1 0 0
TD13TRACE 1692 133.620000 133.620000 132.000000 0.015275 0 1 0 0
TD13TRACE 1693 133.620000 133.620000 132.000000 0.012917 0 1 0 0
TD13TRACE 1694 133.620000 133.620000 132.000000 0.013383 0 1 0 0
TD13TRACE 1695 133.620000 133.620000 132.000000 0.014707 0 1 0 0
TD13TRACE 1696 133.620000 133.620000 132.000000 0.013355 0 1 0 0
TD13TRACE 1697 133.620000 133.620000 132.000000 0.013680 0 1 0 0
TD13TRACE 1698 133.620000 133.620000 132.000000 0.014473 0 1 0 0
TD13TRACE 1699 133.620000 133.620000 132.000000 0.013523 0 1 0 0
TD13TRACE 1700 133.620000 133.620000 132.000000 0.013905 0 1 0 0
TD13TRACE 1701 133.620000 133.620000 132.000000 0.014411 0 1 0 0
TD13TRACE 1702 133.620000 133.620000 132.000000 0.013365 0 1 0 0
TD13TRACE 1703 133.620000 133.620000 132.000000 0.013925 0 1 0 0
TD13TRACE 1704 133.620000 133.620000 132.000000 0.014931 0 1 0 0
TD13TRACE 1705 133.620000 133.620000 132.000000 0.013128 0 1 0 0
TD13TRACE 1706 133.620000 133.620000 132.000000 0.013365 0 1 0 0
TD13TRACE 1707 133.620000 133.620000 132.000000 0.014725 0 1 0 0
TD13TRACE 1708 133.620000 133.620000 132.000000 0.013181 0 1 0 0
TD13TRACE 1709 133.620000 133.620000 132.000000 0.013653 0 1 0 0
TD13TRACE 1710 133.620000 133.620000 132.000000 0.014931 0 1 0 0
TD13TRACE 1711 133.620000 133.620000 132.000000 0.013127 0 1 0 0
TD13TRACE 1712 133.620000 133.620000 132.000000 0.013971 0 1 0 0
TD13TRACE 1713 133.620000 133.620000 132.000000 0.014291 0 1 0 0
TD13TRACE 1714 133.620000 133.620000 132.000000 0.013485 0 1 0 0
TD13TRACE 1715 133.620000 133.620000 132.000000 0.013737 0 1 0 0
TD13TRACE 1716 133.620000 133.620000 132.000000 0.014917 0 1 0 0
TD13TRACE 1717 133.620000 133.620000 132.000000 0.013230 0 1 0 0
TD13TRACE 1718 133.620000 133.620000 132.000000 0.013839 0 1 0 0
TD13TRACE 1719 133.620000 133.620000 132.000000 0.014809 0 1 0 0
TD13TRACE 1720 133.620000 133.620000 132.000000 0.012791 0 1 0 0
TD13TRACE 1721 133.620000 133.620000 132.000000 0.013801 0 1 0 0
TD13TRACE 1722 133.620000 133.620000 132.000000 0.014634 0 1 0 0
TD13TRACE 1723 133.620000 133.620000 132.000000 0.013087 0 1 0 0
TD13TRACE 1724 133.620000 133.620000 132.000000 0.014159 0 1 0 0
TD13TRACE 1725 133.620000 133.620000 132.000000 0.014791 0 1 0 0
TD13TRACE 1726 133.620000 133.620000 132.000000 0.013099 0 1 0 0
TD13TRACE 1727 133.620000 133.620000 132.000000 0.013544 0 1 0 0
TD13TRACE 1728 133.620000 133.620000 132.000000 0.014922 0 1 0 0
TD13TRACE 1729 133.620000 133.620000 132.000000 0.013298 0 1 0 0
TD13TRACE 1730 133.620000 133.620000 132.000000 0.013598 0 1 0 0
TD13TRACE 1731 133.620000 133.620000 132.000000 0.014364 0 1 0 0
TD13TRACE 1732 133.620000 133.620000 132.000000 0.012993 0 1 0 0
TD13TRACE 1733 133.620000 133.620000 132.000000 0.014019 0 1 0 0
TD13TRACE 1734 133.620000 133.620000 132.000000 0.014963 0 1 0 0
TD13TRACE 1735 133.620000 133.620000 132.000000 0.013248 0 1 0 0
TD13TRACE 1736 133.620000 133.620000 132.000000 0.013565 0 1 0 0
TD13TRACE 1737 133.620000 133.620000 132.000000 0.014941 0 1 0 0
TD13TRACE 1738 133.620000 133.620000 132.000000 0.012845 0 1 0 0
TD13TRACE 1739 133.620000 133.620000 132.000000 0.013785 0 1 0 0
TD13TRACE 1740 133.620000 133.620000 132.000000 0.014594 0 1 0 0
TD13TRACE 1741 133.620000 133.620000 132.000000 0.013372 0 1 0 0
TD13TRACE 1742 133.620000 133.620000 132.000000 0.013978 0 1 0 0
TD13TRACE 1743 133.620000 133.620000 132.000000 0.014655 0 1 0 0
TD13TRACE 1744 133.620000 133.620000 132.000000 0.012966 0 1 0 0
TD13TRACE 1745 133.620000 133.620000 132.000000 0.013735 0 1 0 0
TD13TRACE 1746 133.620000 133.620000 132.000000 0.014722 0 1 0 0
TD13TRACE 1747 133.620000 133.620000 132.000000 0.013509 0 1 0 0
TD13TRACE 1748 133.620000 133.620000 132.000000 0.013777 0 1 0 0
TD13TRACE 1749 133.620000 133.620000 132.000000 0.014526 0 1 0 0
TD13TRACE 1750 133.620000 133.620000 132.000000 0.013224 0 1 0 0
TD13TRACE 1751 133.620000 133.620000 132.000000 0.014059 0 1 0 0
TD13TRACE 1752 133.620000 133.620000 132.000000 0.014655 0 1 0 0
TD13TRACE 1753 133.620000 133.620000 132.000000 0.012831 0 1 0 0
TD13TRACE 1754 133.620000 133.620000 132.000000 0.013936 0 1 0 0
TD13TRACE 1755 133.620000 133.620000 132.000000 0.014906 0 1 0 0
TD13TRACE 1756 133.620000 133.620000 132.000000 0.013283 0 1 0 0
TD13TRACE 1757 133.620000 133.620000 132.000000 0.013358 0 1 0 0
TD13TRACE 1758 133.620000 133.620000 132.000000 0.014584 0 1 0 0
TD13TRACE 1759 133.620000 133.620000 132.000000 0.013142 0 1 0 0
TD13TRACE 1760 133.620000 133.620000 132.000000 0.014279 0 1 0 0
TD13TRACE 1761 133.620000 133.620000 132.000000 0.014471 0 1 0 0
TD13TRACE 1762 133.620000 133.620000 132.000000 0.013071 0 1 0 0
TD13TRACE 1763 133.620000 133.620000 132.000000 0.014214 0 1 0 0
TD13TRACE 1764 133.620000 133.620000 132.000000 0.014188 0 1 0 0
TD13TRACE 1765 133.620000 133.620000 132.000000 0.013362 0 1 0 0
TD13TRACE 1766 133.620000 133.620000 132.000000 0.014042 0 1 0 0
TD13TRACE 1767 133.620000 133.620000 132.000000 0.014569 0 1 0 0
TD13TRACE 1768 133.620000 133.620000 132.000000 0.013027 0 1 0 0
TD13TRACE 1769 133.620000 133.620000 132.000000 0.013572 0 1 0 0
TD13TRACE 1770 133.620000 133.620000 132.000000 0.014851 0 1 0 0
TD13TRACE 1771 133.620000 133.620000 132.000000 0.013823 0 1 0 0
TD13TRACE 1772 133.620000 133.620000 132.000000 0.013074 0 1 0 0
TD13TRACE 1773 133.620000 133.620000 132.000000 0.014841 0 1 0 0
TD13TRACE 1774 133.620000 133.620000 132.000000 0.013122 0 1 0 0
TD13TRACE 1775 133.620000 133.620000 132.000000 0.013656 0 1 0 0
TD13TRACE 1776 133.620000 133.620000 132.000000 0.015204 0 1 0 0
TD13TRACE 1777 133.620000 133.620000 132.000000 0.012723 0 1 0 0
TD13TRACE 1778 133.620000 133.620000 132.000000 0.014288 0 1 0 0
TD13TRACE 1779 133.620000 133.620000 132.000000 0.014248 0 1 0 0
TD13TRACE 1780 133.620000 133.620000 132.000000 0.013088 0 1 0 0
TD13TRACE 1781 133.620000 133.620000 132.000000 0.014205 0 1 0 0
TD13TRACE 1782 133.620000 133.620000 132.000000 0.014593 0 1 0 0
TD13TRACE 1783 133.620000 133.620000 132.000000 0.012976 0 1 0 0
TD13TRACE 1784 133.620000 133.620000 132.000000 0.013625 0 1 0 0
TD13TRACE 1785 133.620000 133.620000 132.000000 0.015259 0 1 0 0
TD13TRACE 1786 133.620000 133.620000 132.000000 0.013032 0 1 0 0
TD13TRACE 1787 133.620000 133.620000 132.000000 0.013536 0 1 0 0
TD13TRACE 1788 133.620000 133.620000 132.000000 0.014718 0 1 0 0
TD13TRACE 1789 133.620000 133.620000 132.000000 0.013710 0 1 0 0
TD13TRACE 1790 133.620000 133.620000 132.000000 0.013358 0 1 0 0
TD13TRACE 1791 133.620000 133.620000 132.000000 0.014589 0 1 0 0
TD13TRACE 1792 133.620000 133.620000 132.000000 0.013299 0 1 0 0
TD13TRACE 1793 133.620000 133.620000 132.000000 0.013701 0 1 0 0
TD13TRACE 1794 133.620000 133.620000 132.000000 0.014578 0 1 0 0
TD13TRACE 1795 133.620000 133.620000 132.000000 0.013538 0 1 0 0
TD13TRACE 1796 133.620000 133.620000 132.000000 0.013990 0 1 0 0
TD13TRACE 1797 133.620000 133.620000 132.000000 0.014569 0 1 0 0
TD13TRACE 1798 133.620000 133.620000 132.000000 0.013286 0 1 0 0
TD13TRACE 1799 133.620000 133.620000 132.000000 0.013363 0 1 0 0
TD13TRACE 1800 133.620000 133.620000 132.000000 0.014341 0 1 0 0
TD13TRACE 1801 133.620000 133.620000 132.000000 0.013441 0 1 0 0
TD13TRACE 1802 133.620000 133.620000 132.000000 0.013940 0 1 0 0
TD13TRACE 1803 133.620000 133.620000 132.000000 0.014161 0 1 0 0
TD13TRACE 1804 133.620000 133.620000 132.000000 0.013665 0 1 0 0
TD13TRACE 1805 133.620000 133.620000 132.000000 0.013864 0 1 0 0
TD13TRACE 1806 133.620000 133.620000 132.000000 0.014654 0 1 0 0
TD13TRACE 1807 133.620000 133.620000 132.000000 0.013215 0 1 0 0
TD13TRACE 1808 133.620000 133.620000 132.000000 0.013765 0 1 0 0
TD13TRACE 1809 133.620000 133.620000 132.000000 0.014529 0 1 0 0
TD13TRACE 1810 133.620000 133.620000 132.000000 0.013753 0 1 0 0
TD13TRACE 1811 133.620000 133.620000 132.000000 0.013560 0 1 0 0
[2026-09-15 06:54:15.767] [info] fps 72.0 | pos (0.50, 132.00, -4.70) | chunks 113 | stream-meshed 104
TD13TRACE 1812 133.620000 133.620000 132.000000 0.014417 0 1 0 0
TD13TRACE 1813 133.620000 133.620000 132.000000 0.013321 0 1 0 0
TD13TRACE 1814 133.620000 133.620000 132.000000 0.013742 0 1 0 0
TD13TRACE 1815 133.620000 133.620000 132.000000 0.014529 0 1 0 0
TD13TRACE 1816 133.620000 133.620000 132.000000 0.013494 0 1 0 0
TD13TRACE 1817 133.620000 133.620000 132.000000 0.013598 0 1 0 0
TD13TRACE 1818 133.620000 133.620000 132.000000 0.014972 0 1 0 0
TD13TRACE 1819 133.620000 133.620000 132.000000 0.012925 0 1 0 0
TD13TRACE 1820 133.620000 133.620000 132.000000 0.013575 0 1 0 0
TD13TRACE 1821 133.620000 133.620000 132.000000 0.015404 0 1 0 0
TD13TRACE 1822 133.620000 133.620000 132.000000 0.013109 0 1 0 0
TD13TRACE 1823 133.620000 133.620000 132.000000 0.013288 0 1 0 0
TD13TRACE 1824 133.620000 133.620000 132.000000 0.015027 0 1 0 0
TD13TRACE 1825 133.620000 133.620000 132.000000 0.012919 0 1 0 0
TD13TRACE 1826 133.620000 133.620000 132.000000 0.013732 0 1 0 0
TD13TRACE 1827 133.620000 133.620000 132.000000 0.014878 0 1 0 0
TD13TRACE 1828 133.620000 133.620000 132.000000 0.013161 0 1 0 0
TD13TRACE 1829 133.620000 133.620000 132.000000 0.013775 0 1 0 0
TD13TRACE 1830 133.620000 133.620000 132.000000 0.014512 0 1 0 0
TD13TRACE 1831 133.620000 133.620000 132.000000 0.013544 0 1 0 0
TD13TRACE 1832 133.620000 133.620000 132.000000 0.013287 0 1 0 0
TD13TRACE 1833 133.620000 133.620000 132.000000 0.014579 0 1 0 0
TD13TRACE 1834 133.620000 133.620000 132.000000 0.013426 0 1 0 0
TD13TRACE 1835 133.620000 133.620000 132.000000 0.014019 0 1 0 0
TD13TRACE 1836 133.620000 133.620000 132.000000 0.014322 0 1 0 0
TD13TRACE 1837 133.620000 133.620000 132.000000 0.013900 0 1 0 0
TD13TRACE 1838 133.620000 133.620000 132.000000 0.013241 0 1 0 0
TD13TRACE 1839 133.620000 133.620000 132.000000 0.014959 0 1 0 0
TD13TRACE 1840 133.620000 133.620000 132.000000 0.012895 0 1 0 0
TD13TRACE 1841 133.620000 133.620000 132.000000 0.013691 0 1 0 0
TD13TRACE 1842 133.620000 133.620000 132.000000 0.014324 0 1 0 0
TD13TRACE 1843 133.620000 133.620000 132.000000 0.013390 0 1 0 0
TD13TRACE 1844 133.620000 133.620000 132.000000 0.014134 0 1 0 0
TD13TRACE 1845 133.620000 133.620000 132.000000 0.014302 0 1 0 0
TD13TRACE 1846 133.620000 133.620000 132.000000 0.013897 0 1 0 0
TD13TRACE 1847 133.620000 133.620000 132.000000 0.013687 0 1 0 0
TD13TRACE 1848 133.620000 133.620000 132.000000 0.014863 0 1 0 0
TD13TRACE 1849 133.620000 133.620000 132.000000 0.013177 0 1 0 0
TD13TRACE 1850 133.620000 133.620000 132.000000 0.013706 0 1 0 0
TD13TRACE 1851 133.620000 133.620000 132.000000 0.014464 0 1 0 0
TD13TRACE 1852 133.620000 133.620000 132.000000 0.013485 0 1 0 0
TD13TRACE 1853 133.620000 133.620000 132.000000 0.013113 0 1 0 0
TD13TRACE 1854 133.620000 133.620000 132.000000 0.015048 0 1 0 0
TD13TRACE 1855 133.620000 133.620000 132.000000 0.013268 0 1 0 0
TD13TRACE 1856 133.620000 133.620000 132.000000 0.013420 0 1 0 0
TD13TRACE 1857 133.620000 133.620000 132.000000 0.015065 0 1 0 0
TD13TRACE 1858 133.620000 133.620000 132.000000 0.012922 0 1 0 0
TD13TRACE 1859 133.620000 133.620000 132.000000 0.014035 0 1 0 0
TD13TRACE 1860 133.620000 133.620000 132.000000 0.014662 0 1 0 0
TD13TRACE 1861 133.620000 133.620000 132.000000 0.013208 0 1 0 0
TD13TRACE 1862 133.620000 133.620000 132.000000 0.014039 0 1 0 0
TD13TRACE 1863 133.620000 133.620000 132.000000 0.014243 0 1 0 0
TD13TRACE 1864 133.620000 133.620000 132.000000 0.013657 0 1 0 0
TD13TRACE 1865 133.620000 133.620000 132.000000 0.013858 0 1 0 0
TD13TRACE 1866 133.620000 133.620000 132.000000 0.014500 0 1 0 0
TD13TRACE 1867 133.620000 133.620000 132.000000 0.013179 0 1 0 0
TD13TRACE 1868 133.620000 133.620000 132.000000 0.013908 0 1 0 0
TD13TRACE 1869 133.620000 133.620000 132.000000 0.013981 0 1 0 0
TD13TRACE 1870 133.620000 133.620000 132.000000 0.013552 0 1 0 0
TD13TRACE 1871 133.620000 133.620000 132.000000 0.014139 0 1 0 0
TD13TRACE 1872 133.620000 133.620000 132.000000 0.014234 0 1 0 0
TD13TRACE 1873 133.620000 133.620000 132.000000 0.013632 0 1 0 0
TD13TRACE 1874 133.620000 133.620000 132.000000 0.013722 0 1 0 0
TD13TRACE 1875 133.620000 133.620000 132.000000 0.014614 0 1 0 0
TD13TRACE 1876 133.620000 133.620000 132.000000 0.013387 0 1 0 0
TD13TRACE 1877 133.620000 133.620000 132.000000 0.013636 0 1 0 0
TD13TRACE 1878 133.620000 133.620000 132.000000 0.013969 0 1 0 0
TD13TRACE 1879 133.620000 133.620000 132.000000 0.013541 0 1 0 0
TD13TRACE 1880 133.620000 133.620000 132.000000 0.014362 0 1 0 0
TD13TRACE 1881 133.620000 133.620000 132.000000 0.014460 0 1 0 0
TD13TRACE 1882 133.620000 133.620000 132.000000 0.013496 0 1 0 0
TD13TRACE 1883 133.620000 133.620000 132.000000 0.013467 0 1 0 0
TD13TRACE 1884 133.620000 133.620000 132.000000 0.014816 0 1 0 0
TD13TRACE 1885 133.620000 133.620000 132.000000 0.013351 0 1 0 0
TD13TRACE 1886 133.620000 133.620000 132.000000 0.013542 0 1 0 0
TD13TRACE 1887 133.620000 133.620000 132.000000 0.014625 0 1 0 0
TD13TRACE 1888 133.620000 133.620000 132.000000 0.013241 0 1 0 0
TD13TRACE 1889 133.620000 133.620000 132.000000 0.013473 0 1 0 0
TD13TRACE 1890 133.620000 133.620000 132.000000 0.015118 0 1 0 0
TD13TRACE 1891 133.620000 133.620000 132.000000 0.013260 0 1 0 0
TD13TRACE 1892 133.620000 133.620000 132.000000 0.013700 0 1 0 0
TD13TRACE 1893 133.620000 133.620000 132.000000 0.014484 0 1 0 0
TD13TRACE 1894 133.620000 133.620000 132.000000 0.013087 0 1 0 0
TD13TRACE 1895 133.620000 133.620000 132.000000 0.013742 0 1 0 0
TD13TRACE 1896 133.620000 133.620000 132.000000 0.014475 0 1 0 0
TD13TRACE 1897 133.620000 133.620000 132.000000 0.013810 0 1 0 0
TD13TRACE 1898 133.620000 133.620000 132.000000 0.013744 0 1 0 0
TD13TRACE 1899 133.620000 133.620000 132.000000 0.014784 0 1 0 0
TD13TRACE 1900 133.620000 133.620000 132.000000 0.012563 0 1 0 0
TD13TRACE 1901 133.620000 133.620000 132.000000 0.014187 0 1 0 0
TD13TRACE 1902 133.620000 133.620000 132.000000 0.014946 0 1 0 0
TD13TRACE 1903 133.620000 133.620000 132.000000 0.013201 0 1 0 0
TD13TRACE 1904 133.620000 133.620000 132.000000 0.013659 0 1 0 0
TD13TRACE 1905 133.620000 133.620000 132.000000 0.014530 0 1 0 0
TD13TRACE 1906 133.620000 133.620000 132.000000 0.013242 0 1 0 0
TD13TRACE 1907 133.620000 133.620000 132.000000 0.013957 0 1 0 0
TD13TRACE 1908 133.620000 133.620000 132.000000 0.014484 0 1 0 0
TD13TRACE 1909 133.620000 133.620000 132.000000 0.013147 0 1 0 0
TD13TRACE 1910 133.620000 133.620000 132.000000 0.013264 0 1 0 0
TD13TRACE 1911 133.620000 133.620000 132.000000 0.014968 0 1 0 0
TD13TRACE 1912 133.620000 133.620000 132.000000 0.013445 0 1 0 0
TD13TRACE 1913 133.620000 133.620000 132.000000 0.013779 0 1 0 0
TD13TRACE 1914 133.620000 133.620000 132.000000 0.014190 0 1 0 0
TD13TRACE 1915 133.620000 133.620000 132.000000 0.013420 0 1 0 0
TD13TRACE 1916 133.620000 133.620000 132.000000 0.013785 0 1 0 0
TD13TRACE 1917 133.620000 133.620000 132.000000 0.015203 0 1 0 0
TD13TRACE 1918 133.620000 133.620000 132.000000 0.013236 0 1 0 0
TD13TRACE 1919 133.620000 133.620000 132.000000 0.013838 0 1 0 0
TD13TRACE 1920 133.620000 133.620000 132.000000 0.014401 0 1 0 0
TD13TRACE 1921 133.620000 133.620000 132.000000 0.013183 0 1 0 0
TD13TRACE 1922 133.620000 133.620000 132.000000 0.013604 0 1 0 0
TD13TRACE 1923 133.620000 133.620000 132.000000 0.014538 0 1 0 0
TD13TRACE 1924 133.620000 133.620000 132.000000 0.013153 0 1 0 0
TD13TRACE 1925 133.620000 133.620000 132.000000 0.013706 0 1 0 0
TD13TRACE 1926 133.620000 133.620000 132.000000 0.014516 0 1 0 0
TD13TRACE 1927 133.620000 133.620000 132.000000 0.013509 0 1 0 0
TD13TRACE 1928 133.620000 133.620000 132.000000 0.013551 0 1 0 0
TD13TRACE 1929 133.620000 133.620000 132.000000 0.014488 0 1 0 0
TD13TRACE 1930 133.620000 133.620000 132.000000 0.013760 0 1 0 0
TD13TRACE 1931 133.620000 133.620000 132.000000 0.013314 0 1 0 0
TD13TRACE 1932 133.620000 133.620000 132.000000 0.014376 0 1 0 0
TD13TRACE 1933 133.620000 133.620000 132.000000 0.013607 0 1 0 0
TD13TRACE 1934 133.620000 133.620000 132.000000 0.013777 0 1 0 0
TD13TRACE 1935 133.620000 133.620000 132.000000 0.014658 0 1 0 0
TD13TRACE 1936 133.620000 133.620000 132.000000 0.013367 0 1 0 0
TD13TRACE 1937 133.620000 133.620000 132.000000 0.013734 0 1 0 0
TD13TRACE 1938 133.620000 133.620000 132.000000 0.014555 0 1 0 0
TD13TRACE 1939 133.620000 133.620000 132.000000 0.013440 0 1 0 0
TD13TRACE 1940 133.620000 133.620000 132.000000 0.013623 0 1 0 0
TD13TRACE 1941 133.620000 133.620000 132.000000 0.014433 0 1 0 0
TD13TRACE 1942 133.620000 133.620000 132.000000 0.013513 0 1 0 0
TD13TRACE 1943 133.620000 133.620000 132.000000 0.013638 0 1 0 0
TD13TRACE 1944 133.620000 133.620000 132.000000 0.014747 0 1 0 0
TD13TRACE 1945 133.620000 133.620000 132.000000 0.013249 0 1 0 0
TD13TRACE 1946 133.620000 133.620000 132.000000 0.013677 0 1 0 0
TD13TRACE 1947 133.620000 133.620000 132.000000 0.014677 0 1 0 0
TD13TRACE 1948 133.620000 133.620000 132.000000 0.013376 0 1 0 0
TD13TRACE 1949 133.620000 133.620000 132.000000 0.013558 0 1 0 0
TD13TRACE 1950 133.620000 133.620000 132.000000 0.014471 0 1 0 0
TD13TRACE 1951 133.620000 133.620000 132.000000 0.013727 0 1 0 0
TD13TRACE 1952 133.620000 133.620000 132.000000 0.013570 0 1 0 0
TD13TRACE 1953 133.620000 133.620000 132.000000 0.014647 0 1 0 0
TD13TRACE 1954 133.620000 133.620000 132.000000 0.013729 0 1 0 0
TD13TRACE 1955 133.620000 133.620000 132.000000 0.013392 0 1 0 0
TD13TRACE 1956 133.620000 133.620000 132.000000 0.014511 0 1 0 0
[2026-09-15 06:54:17.780] [info] fps 72.0 | pos (0.50, 132.00, -4.70) | chunks 113 | stream-meshed 104
TD13TRACE 1957 133.620000 133.620000 132.000000 0.013401 0 1 0 0
TD13TRACE 1958 133.620000 133.620000 132.000000 0.013962 0 1 0 0
TD13TRACE 1959 133.620000 133.620000 132.000000 0.014271 0 1 0 0
TD13TRACE 1960 133.620000 133.620000 132.000000 0.013397 0 1 0 0
TD13TRACE 1961 133.620000 133.620000 132.000000 0.013783 0 1 0 0
TD13TRACE 1962 133.620000 133.620000 132.000000 0.014525 0 1 0 0
TD13TRACE 1963 133.620000 133.620000 132.000000 0.013371 0 1 0 0
TD13TRACE 1964 133.620000 133.620000 132.000000 0.013750 0 1 0 0
TD13TRACE 1965 133.620000 133.620000 132.000000 0.014529 0 1 0 0
TD13TRACE 1966 133.620000 133.620000 132.000000 0.013443 0 1 0 0
TD13TRACE 1967 133.620000 133.620000 132.000000 0.013789 0 1 0 0
TD13TRACE 1968 133.620000 133.620000 132.000000 0.014564 0 1 0 0
TD13TRACE 1969 133.620000 133.620000 132.000000 0.013085 0 1 0 0
TD13TRACE 1970 133.620000 133.620000 132.000000 0.013878 0 1 0 0
TD13TRACE 1971 133.620000 133.620000 132.000000 0.014704 0 1 0 0
TD13TRACE 1972 133.620000 133.620000 132.000000 0.013536 0 1 0 0
TD13TRACE 1973 133.620000 133.620000 132.000000 0.013382 0 1 0 0
TD13TRACE 1974 133.620000 133.620000 132.000000 0.014636 0 1 0 0
TD13TRACE 1975 133.620000 133.620000 132.000000 0.013372 0 1 0 0
TD13TRACE 1976 133.620000 133.620000 132.000000 0.013739 0 1 0 0
TD13TRACE 1977 133.620000 133.620000 132.000000 0.014626 0 1 0 0
TD13TRACE 1978 133.620000 133.620000 132.000000 0.013217 0 1 0 0
TD13TRACE 1979 133.620000 133.620000 132.000000 0.014065 0 1 0 0
TD13TRACE 1980 133.620000 133.620000 132.000000 0.014429 0 1 0 0
TD13TRACE 1981 133.620000 133.620000 132.000000 0.013451 0 1 0 0
TD13TRACE 1982 133.620000 133.620000 132.000000 0.013622 0 1 0 0
TD13TRACE 1983 133.620000 133.620000 132.000000 0.014533 0 1 0 0
TD13TRACE 1984 133.620000 133.620000 132.000000 0.013674 0 1 0 0
TD13TRACE 1985 133.620000 133.620000 132.000000 0.013788 0 1 0 0
TD13TRACE 1986 133.620000 133.620000 132.000000 0.014337 0 1 0 0
TD13TRACE 1987 133.620000 133.620000 132.000000 0.013516 0 1 0 0
TD13TRACE 1988 133.620000 133.620000 132.000000 0.013605 0 1 0 0
TD13TRACE 1989 133.620000 133.620000 132.000000 0.014445 0 1 0 0
TD13TRACE 1990 133.620000 133.620000 132.000000 0.012943 0 1 0 0
TD13TRACE 1991 133.620000 133.620000 132.000000 0.014097 0 1 0 0
TD13TRACE 1992 133.620000 133.620000 132.000000 0.014578 0 1 0 0
TD13TRACE 1993 133.620000 133.620000 132.000000 0.013444 0 1 0 0
TD13TRACE 1994 133.620000 133.620000 132.000000 0.014091 0 1 0 0
TD13TRACE 1995 133.620000 133.620000 132.000000 0.014295 0 1 0 0
TD13TRACE 1996 133.620000 133.620000 132.000000 0.013318 0 1 0 0
TD13TRACE 1997 133.620000 133.620000 132.000000 0.013468 0 1 0 0
TD13TRACE 1998 133.620000 133.620000 132.000000 0.014719 0 1 0 0
TD13TRACE 1999 133.620000 133.620000 132.000000 0.013291 0 1 0 0
TD13TRACE 2000 133.620000 133.620000 132.000000 0.013631 0 1 0 0
TD13TRACE 2001 133.620000 133.620000 132.000000 0.014468 0 1 0 0
TD13TRACE 2002 133.620000 133.620000 132.000000 0.014246 0 1 0 0
TD13TRACE 2003 133.620000 133.620000 132.000000 0.013801 0 1 0 0
TD13TRACE 2004 133.620000 133.620000 132.000000 0.015399 0 1 0 0
TD13TRACE 2005 133.620000 133.620000 132.000000 0.013300 0 1 0 0
TD13TRACE 2006 133.620000 133.620000 132.000000 0.013096 0 1 0 0
TD13TRACE 2007 133.620000 133.620000 132.000000 0.015433 0 1 0 0
TD13TRACE 2008 133.620000 133.620000 132.000000 0.013136 0 1 0 0
TD13TRACE 2009 133.620000 133.620000 132.000000 0.013317 0 1 0 0
TD13TRACE 2010 133.620000 133.620000 132.000000 0.014745 0 1 0 0
TD13TRACE 2011 133.620000 133.620000 132.000000 0.013012 0 1 0 0
TD13TRACE 2012 133.620000 133.620000 132.000000 0.013758 0 1 0 0
TD13TRACE 2013 133.620000 133.620000 132.000000 0.014679 0 1 0 0
TD13TRACE 2014 133.620000 133.620000 132.000000 0.013397 0 1 0 0
TD13TRACE 2015 133.620000 133.620000 132.000000 0.013405 0 1 0 0
TD13TRACE 2016 133.620000 133.620000 132.000000 0.014653 0 1 0 0
TD13TRACE 2017 133.620000 133.620000 132.000000 0.013231 0 1 0 0
TD13TRACE 2018 133.620000 133.620000 132.000000 0.013589 0 1 0 0
TD13TRACE 2019 133.620000 133.620000 132.000000 0.015194 0 1 0 0
TD13TRACE 2020 133.620000 133.620000 132.000000 0.013406 0 1 0 0
TD13TRACE 2021 133.620000 133.620000 132.000000 0.013460 0 1 0 0
TD13TRACE 2022 133.620000 133.620000 132.000000 0.014159 0 1 0 0
TD13TRACE 2023 133.620000 133.620000 132.000000 0.013654 0 1 0 0
TD13TRACE 2024 133.620000 133.620000 132.000000 0.013446 0 1 0 0
TD13TRACE 2025 133.620000 133.620000 132.000000 0.014853 0 1 0 0
TD13TRACE 2026 133.620000 133.620000 132.000000 0.013295 0 1 0 0
TD13TRACE 2027 133.620000 133.620000 132.000000 0.013205 0 1 0 0
TD13TRACE 2028 133.620000 133.620000 132.000000 0.014842 0 1 0 0
TD13TRACE 2029 133.620000 133.620000 132.000000 0.013323 0 1 0 0
TD13TRACE 2030 133.620000 133.620000 132.000000 0.013791 0 1 0 0
TD13TRACE 2031 133.620000 133.620000 132.000000 0.014694 0 1 0 0
TD13TRACE 2032 133.620000 133.620000 132.000000 0.013351 0 1 0 0
TD13TRACE 2033 133.620000 133.620000 132.000000 0.013617 0 1 0 0
TD13TRACE 2034 133.620000 133.620000 132.000000 0.014775 0 1 0 0
TD13TRACE 2035 133.620000 133.620000 132.000000 0.013237 0 1 0 0
TD13TRACE 2036 133.620000 133.620000 132.000000 0.013646 0 1 0 0
TD13TRACE 2037 133.620000 133.620000 132.000000 0.014709 0 1 0 0
TD13TRACE 2038 133.620000 133.620000 132.000000 0.013391 0 1 0 0
TD13TRACE 2039 133.620000 133.620000 132.000000 0.013565 0 1 0 0
TD13TRACE 2040 133.620000 133.620000 132.000000 0.014906 0 1 0 0
TD13TRACE 2041 133.620000 133.620000 132.000000 0.013229 0 1 0 0
TD13TRACE 2042 133.620000 133.620000 132.000000 0.013766 0 1 0 0
TD13TRACE 2043 133.620000 133.620000 132.000000 0.014678 0 1 0 0
TD13TRACE 2044 133.620000 133.620000 132.000000 0.013115 0 1 0 0
TD13TRACE 2045 133.620000 133.620000 132.000000 0.013858 0 1 0 0
TD13TRACE 2046 133.620000 133.620000 132.000000 0.014559 0 1 0 0
TD13TRACE 2047 133.620000 133.620000 132.000000 0.012750 0 1 0 0
TD13TRACE 2048 133.620000 133.620000 132.000000 0.014270 0 1 0 0
TD13TRACE 2049 133.620000 133.620000 132.000000 0.014507 0 1 0 0
TD13TRACE 2050 133.620000 133.620000 132.000000 0.013495 0 1 0 0
TD13TRACE 2051 133.620000 133.620000 132.000000 0.013465 0 1 0 0
TD13TRACE 2052 133.620000 133.620000 132.000000 0.014595 0 1 0 0
TD13TRACE 2053 133.620000 133.620000 132.000000 0.013266 0 1 0 0
TD13TRACE 2054 133.620000 133.620000 132.000000 0.013813 0 1 0 0
TD13TRACE 2055 133.620000 133.620000 132.000000 0.014448 0 1 0 0
TD13TRACE 2056 133.620000 133.620000 132.000000 0.013604 0 1 0 0
TD13TRACE 2057 133.620000 133.620000 132.000000 0.013776 0 1 0 0
TD13TRACE 2058 133.620000 133.620000 132.000000 0.014527 0 1 0 0
TD13TRACE 2059 133.620000 133.620000 132.000000 0.012972 0 1 0 0
TD13TRACE 2060 133.620000 133.620000 132.000000 0.014279 0 1 0 0
TD13TRACE 2061 133.620000 133.620000 132.000000 0.014406 0 1 0 0
TD13TRACE 2062 133.620000 133.620000 132.000000 0.013338 0 1 0 0
TD13TRACE 2063 133.620000 133.620000 132.000000 0.013830 0 1 0 0
TD13TRACE 2064 133.620000 133.620000 132.000000 0.014351 0 1 0 0
TD13TRACE 2065 133.620000 133.620000 132.000000 0.013424 0 1 0 0
TD13TRACE 2066 133.620000 133.620000 132.000000 0.013703 0 1 0 0
TD13TRACE 2067 133.620000 133.620000 132.000000 0.014635 0 1 0 0
TD13TRACE 2068 133.620000 133.620000 132.000000 0.013271 0 1 0 0
TD13TRACE 2069 133.620000 133.620000 132.000000 0.013753 0 1 0 0
TD13TRACE 2070 133.620000 133.620000 132.000000 0.014905 0 1 0 0
TD13TRACE 2071 133.620000 133.620000 132.000000 0.013532 0 1 0 0
TD13TRACE 2072 133.620000 133.620000 132.000000 0.013376 0 1 0 0
TD13TRACE 2073 133.620000 133.620000 132.000000 0.014494 0 1 0 0
TD13TRACE 2074 133.620000 133.620000 132.000000 0.013863 0 1 0 0
TD13TRACE 2075 133.620000 133.620000 132.000000 0.013304 0 1 0 0
TD13TRACE 2076 133.620000 133.620000 132.000000 0.014603 0 1 0 0
TD13TRACE 2077 133.620000 133.620000 132.000000 0.013508 0 1 0 0
TD13TRACE 2078 133.620000 133.620000 132.000000 0.013388 0 1 0 0
TD13TRACE 2079 133.620000 133.620000 132.000000 0.014668 0 1 0 0
TD13TRACE 2080 133.620000 133.620000 132.000000 0.013028 0 1 0 0
TD13TRACE 2081 133.620000 133.620000 132.000000 0.014283 0 1 0 0
TD13TRACE 2082 133.620000 133.620000 132.000000 0.014607 0 1 0 0
TD13TRACE 2083 133.620000 133.620000 132.000000 0.013519 0 1 0 0
TD13TRACE 2084 133.620000 133.620000 132.000000 0.013496 0 1 0 0
TD13TRACE 2085 133.620000 133.620000 132.000000 0.014523 0 1 0 0
TD13TRACE 2086 133.620000 133.620000 132.000000 0.013151 0 1 0 0
TD13TRACE 2087 133.620000 133.620000 132.000000 0.013954 0 1 0 0
TD13TRACE 2088 133.620000 133.620000 132.000000 0.014470 0 1 0 0
TD13TRACE 2089 133.620000 133.620000 132.000000 0.013269 0 1 0 0
TD13TRACE 2090 133.620000 133.620000 132.000000 0.013884 0 1 0 0
TD13TRACE 2091 133.620000 133.620000 132.000000 0.014807 0 1 0 0
TD13TRACE 2092 133.620000 133.620000 132.000000 0.012876 0 1 0 0
TD13TRACE 2093 133.620000 133.620000 132.000000 0.013963 0 1 0 0
TD13TRACE 2094 133.620000 133.620000 132.000000 0.014513 0 1 0 0
TD13TRACE 2095 133.620000 133.620000 132.000000 0.013196 0 1 0 0
TD13TRACE 2096 133.620000 133.620000 132.000000 0.014158 0 1 0 0
TD13TRACE 2097 133.620000 133.620000 132.000000 0.014491 0 1 0 0
TD13TRACE 2098 133.620000 133.620000 132.000000 0.013443 0 1 0 0
TD13TRACE 2099 133.620000 133.620000 132.000000 0.013499 0 1 0 0
TD13TRACE 2100 133.620000 133.620000 132.000000 0.014517 0 1 0 0
[2026-09-15 06:54:19.780] [info] fps 72.0 | pos (0.50, 132.00, -4.70) | chunks 113 | stream-meshed 104
TD13TRACE 2101 133.620000 133.620000 132.000000 0.013856 0 1 0 0
TD13TRACE 2102 133.620000 133.620000 132.000000 0.013463 0 1 0 0
TD13TRACE 2103 133.620000 133.620000 132.000000 0.014223 0 1 0 0
TD13TRACE 2104 133.620000 133.620000 132.000000 0.013629 0 1 0 0
TD13TRACE 2105 133.620000 133.620000 132.000000 0.014002 0 1 0 0
TD13TRACE 2106 133.620000 133.620000 132.000000 0.014768 0 1 0 0
TD13TRACE 2107 133.620000 133.620000 132.000000 0.012594 0 1 0 0
TD13TRACE 2108 133.620000 133.620000 132.000000 0.014206 0 1 0 0
TD13TRACE 2109 133.620000 133.620000 132.000000 0.014626 0 1 0 0
TD13TRACE 2110 133.620000 133.620000 132.000000 0.013089 0 1 0 0
TD13TRACE 2111 133.620000 133.620000 132.000000 0.013790 0 1 0 0
TD13TRACE 2112 133.620000 133.620000 132.000000 0.014354 0 1 0 0
TD13TRACE 2113 133.620000 133.620000 132.000000 0.013406 0 1 0 0
TD13TRACE 2114 133.620000 133.620000 132.000000 0.014029 0 1 0 0
TD13TRACE 2115 133.620000 133.620000 132.000000 0.014680 0 1 0 0
TD13TRACE 2116 133.620000 133.620000 132.000000 0.013096 0 1 0 0
TD13TRACE 2117 133.620000 133.620000 132.000000 0.014012 0 1 0 0
TD13TRACE 2118 133.620000 133.620000 132.000000 0.014617 0 1 0 0
TD13TRACE 2119 133.620000 133.620000 132.000000 0.013148 0 1 0 0
TD13TRACE 2120 133.620000 133.620000 132.000000 0.013969 0 1 0 0
TD13TRACE 2121 133.620000 133.620000 132.000000 0.014477 0 1 0 0
TD13TRACE 2122 133.620000 133.620000 132.000000 0.013084 0 1 0 0
TD13TRACE 2123 133.620000 133.620000 132.000000 0.013710 0 1 0 0
TD13TRACE 2124 133.620000 133.620000 132.000000 0.014652 0 1 0 0
TD13TRACE 2125 133.620000 133.620000 132.000000 0.013136 0 1 0 0
TD13TRACE 2126 133.620000 133.620000 132.000000 0.014421 0 1 0 0
TD13TRACE 2127 133.620000 133.620000 132.000000 0.014369 0 1 0 0
TD13TRACE 2128 133.620000 133.620000 132.000000 0.013344 0 1 0 0
TD13TRACE 2129 133.620000 133.620000 132.000000 0.013221 0 1 0 0
TD13TRACE 2130 133.620000 133.620000 132.000000 0.014792 0 1 0 0
TD13TRACE 2131 133.620000 133.620000 132.000000 0.013133 0 1 0 0
TD13TRACE 2132 133.620000 133.620000 132.000000 0.013912 0 1 0 0
TD13TRACE 2133 133.620000 133.620000 132.000000 0.014760 0 1 0 0
TD13TRACE 2134 133.620000 133.620000 132.000000 0.013262 0 1 0 0
TD13TRACE 2135 133.620000 133.620000 132.000000 0.014395 0 1 0 0
TD13TRACE 2136 133.620000 133.620000 132.000000 0.013722 0 1 0 0
TD13TRACE 2137 133.620000 133.620000 132.000000 0.013023 0 1 0 0
TD13TRACE 2138 133.620000 133.620000 132.000000 0.013997 0 1 0 0
TD13TRACE 2139 133.620000 133.620000 132.000000 0.014429 0 1 0 0
TD13TRACE 2140 133.620000 133.620000 132.000000 0.013920 0 1 0 0
TD13TRACE 2141 133.620000 133.620000 132.000000 0.013401 0 1 0 0
TD13TRACE 2142 133.620000 133.620000 132.000000 0.015001 0 1 0 0
TD13TRACE 2143 133.620000 133.620000 132.000000 0.012852 0 1 0 0
TD13TRACE 2144 133.620000 133.620000 132.000000 0.014189 0 1 0 0
TD13TRACE 2145 133.620000 133.620000 132.000000 0.014437 0 1 0 0
TD13TRACE 2146 133.620000 133.620000 132.000000 0.013535 0 1 0 0
TD13TRACE 2147 133.620000 133.620000 132.000000 0.013569 0 1 0 0
TD13TRACE 2148 133.620000 133.620000 132.000000 0.014501 0 1 0 0
TD13TRACE 2149 133.620000 133.620000 132.000000 0.013350 0 1 0 0
TD13TRACE 2150 133.620000 133.620000 132.000000 0.013776 0 1 0 0
TD13TRACE 2151 133.620000 133.620000 132.000000 0.014747 0 1 0 0
TD13TRACE 2152 133.620000 133.620000 132.000000 0.013270 0 1 0 0
TD13TRACE 2153 133.620000 133.620000 132.000000 0.013703 0 1 0 0
TD13TRACE 2154 133.620000 133.620000 132.000000 0.014364 0 1 0 0
TD13TRACE 2155 133.620000 133.620000 132.000000 0.013453 0 1 0 0
TD13TRACE 2156 133.620000 133.620000 132.000000 0.013574 0 1 0 0
TD13TRACE 2157 133.620000 133.620000 132.000000 0.014564 0 1 0 0
TD13TRACE 2158 133.620000 133.620000 132.000000 0.013281 0 1 0 0
TD13TRACE 2159 133.620000 133.620000 132.000000 0.013469 0 1 0 0
TD13TRACE 2160 133.620000 133.620000 132.000000 0.014790 0 1 0 0
TD13TRACE 2161 133.620000 133.620000 132.000000 0.013675 0 1 0 0
TD13TRACE 2162 133.620000 133.620000 132.000000 0.013873 0 1 0 0
TD13TRACE 2163 133.620000 133.620000 132.000000 0.014845 0 1 0 0
TD13TRACE 2164 133.620000 133.620000 132.000000 0.012775 0 1 0 0
TD13TRACE 2165 133.620000 133.620000 132.000000 0.013930 0 1 0 0
TD13TRACE 2166 133.620000 133.620000 132.000000 0.014030 0 1 0 0
TD13TRACE 2167 133.620000 133.620000 132.000000 0.013659 0 1 0 0
TD13TRACE 2168 133.620000 133.620000 132.000000 0.014066 0 1 0 0
TD13TRACE 2169 133.620000 133.620000 132.000000 0.014503 0 1 0 0
TD13TRACE 2170 133.620000 133.620000 132.000000 0.013319 0 1 0 0
TD13TRACE 2171 133.620000 133.620000 132.000000 0.013807 0 1 0 0
TD13TRACE 2172 133.620000 133.620000 132.000000 0.014354 0 1 0 0
TD13TRACE 2173 133.620000 133.620000 132.000000 0.013318 0 1 0 0
TD13TRACE 2174 133.620000 133.620000 132.000000 0.014037 0 1 0 0
TD13TRACE 2175 133.620000 133.620000 132.000000 0.014485 0 1 0 0
TD13TRACE 2176 133.620000 133.620000 132.000000 0.013317 0 1 0 0
TD13TRACE 2177 133.620000 133.620000 132.000000 0.013565 0 1 0 0
TD13TRACE 2178 133.620000 133.620000 132.000000 0.015092 0 1 0 0
TD13TRACE 2179 133.620000 133.620000 132.000000 0.013015 0 1 0 0
TD13TRACE 2180 133.620000 133.620000 132.000000 0.013213 0 1 0 0
TD13TRACE 2181 133.620000 133.620000 132.000000 0.014719 0 1 0 0
TD13TRACE 2182 133.620000 133.620000 132.000000 0.013812 0 1 0 0
TD13TRACE 2183 133.620000 133.620000 132.000000 0.013942 0 1 0 0
TD13TRACE 2184 133.620000 133.620000 132.000000 0.014629 0 1 0 0
TD13TRACE 2185 133.620000 133.620000 132.000000 0.012852 0 1 0 0
TD13TRACE 2186 133.620000 133.620000 132.000000 0.014178 0 1 0 0
TD13TRACE 2187 133.620000 133.620000 132.000000 0.014796 0 1 0 0
TD13TRACE 2188 133.620000 133.620000 132.000000 0.012937 0 1 0 0
TD13TRACE 2189 133.620000 133.620000 132.000000 0.014346 0 1 0 0
TD13TRACE 2190 133.620000 133.620000 132.000000 0.014070 0 1 0 0
TD13TRACE 2191 133.620000 133.620000 132.000000 0.012905 0 1 0 0
TD13TRACE 2192 133.620000 133.620000 132.000000 0.013629 0 1 0 0
TD13TRACE 2193 133.620000 133.620000 132.000000 0.014885 0 1 0 0
TD13TRACE 2194 133.620000 133.620000 132.000000 0.012908 0 1 0 0
TD13TRACE 2195 133.620000 133.620000 132.000000 0.014055 0 1 0 0
TD13TRACE 2196 133.620000 133.620000 132.000000 0.014529 0 1 0 0
TD13TRACE 2197 133.620000 133.620000 132.000000 0.013278 0 1 0 0
TD13TRACE 2198 133.620000 133.620000 132.000000 0.013762 0 1 0 0
TD13TRACE 2199 133.620000 133.620000 132.000000 0.014932 0 1 0 0
TD13TRACE 2200 133.620000 133.620000 132.000000 0.012981 0 1 0 0
TD13TRACE 2201 133.620000 133.620000 132.000000 0.013417 0 1 0 0
TD13TRACE 2202 133.620000 133.620000 132.000000 0.014701 0 1 0 0
TD13TRACE 2203 133.620000 133.620000 132.000000 0.013297 0 1 0 0
TD13TRACE 2204 133.620000 133.620000 132.000000 0.013875 0 1 0 0
TD13TRACE 2205 133.620000 133.620000 132.000000 0.014417 0 1 0 0
TD13TRACE 2206 133.620000 133.620000 132.000000 0.013265 0 1 0 0
TD13TRACE 2207 133.620000 133.620000 132.000000 0.013641 0 1 0 0
TD13TRACE 2208 133.620000 133.620000 132.000000 0.014413 0 1 0 0
TD13TRACE 2209 133.620000 133.620000 132.000000 0.013523 0 1 0 0
TD13TRACE 2210 133.620000 133.620000 132.000000 0.013764 0 1 0 0
TD13TRACE 2211 133.620000 133.620000 132.000000 0.014879 0 1 0 0
TD13TRACE 2212 133.620000 133.620000 132.000000 0.013535 0 1 0 0
TD13TRACE 2213 133.620000 133.620000 132.000000 0.013722 0 1 0 0
TD13TRACE 2214 133.620000 133.620000 132.000000 0.014572 0 1 0 0
TD13TRACE 2215 133.620000 133.620000 132.000000 0.013289 0 1 0 0
TD13TRACE 2216 133.620000 133.620000 132.000000 0.013693 0 1 0 0
TD13TRACE 2217 133.620000 133.620000 132.000000 0.014663 0 1 0 0
TD13TRACE 2218 133.620000 133.620000 132.000000 0.013204 0 1 0 0
TD13TRACE 2219 133.620000 133.620000 132.000000 0.013845 0 1 0 0
TD13TRACE 2220 133.620000 133.620000 132.000000 0.014559 0 1 0 0
TD13TRACE 2221 133.620000 133.620000 132.000000 0.013297 0 1 0 0
TD13TRACE 2222 133.620000 133.620000 132.000000 0.013770 0 1 0 0
TD13TRACE 2223 133.620000 133.620000 132.000000 0.014685 0 1 0 0
TD13TRACE 2224 133.620000 133.620000 132.000000 0.013158 0 1 0 0
TD13TRACE 2225 133.620000 133.620000 132.000000 0.013986 0 1 0 0
TD13TRACE 2226 133.620000 133.620000 132.000000 0.014223 0 1 0 0
TD13TRACE 2227 133.620000 133.620000 132.000000 0.014024 0 1 0 0
TD13TRACE 2228 133.620000 133.620000 132.000000 0.013811 0 1 0 0
TD13TRACE 2229 133.620000 133.620000 132.000000 0.014604 0 1 0 0
TD13TRACE 2230 133.620000 133.620000 132.000000 0.012623 0 1 0 0
TD13TRACE 2231 133.620000 133.620000 132.000000 0.014356 0 1 0 0
TD13TRACE 2232 133.620000 133.620000 132.000000 0.014661 0 1 0 0
TD13TRACE 2233 133.620000 133.620000 132.000000 0.013021 0 1 0 0
TD13TRACE 2234 133.620000 133.620000 132.000000 0.013478 0 1 0 0
TD13TRACE 2235 133.620000 133.620000 132.000000 0.014982 0 1 0 0
TD13TRACE 2236 133.620000 133.620000 132.000000 0.013166 0 1 0 0
TD13TRACE 2237 133.620000 133.620000 132.000000 0.013268 0 1 0 0
TD13TRACE 2238 133.620000 133.620000 132.000000 0.012696 0 1 0 0
TD13TRACE 2239 133.620000 133.620000 132.000000 0.009155 0 1 0 0
TD13TRACE 2240 133.620000 133.620000 132.000000 0.012898 0 1 0 0
TD13TRACE 2241 133.620000 133.620000 132.000000 0.013982 0 1 0 0
TD13TRACE 2242 133.620000 133.620000 132.000000 0.014861 0 1 0 0
TD13TRACE 2243 133.620000 133.620000 132.000000 0.013528 0 1 0 0
TD13TRACE 2244 133.620000 133.620000 132.000000 0.013627 0 1 0 0
TD13TRACE 2245 133.620000 133.620000 132.000000 0.014751 0 1 0 0
[2026-09-15 06:54:21.786] [info] fps 72.2 | pos (0.50, 132.00, -4.70) | chunks 113 | stream-meshed 104
TD13TRACE 2246 133.620000 133.620000 132.000000 0.012777 0 1 0 0
TD13TRACE 2247 133.620000 133.620000 132.000000 0.013928 0 1 0 0
TD13TRACE 2248 133.620000 133.620000 132.000000 0.014969 0 1 0 0
TD13TRACE 2249 133.620000 133.620000 132.000000 0.013027 0 1 0 0
[2026-09-15 06:54:21.843] [info] autosave: 0 chunk(s) queued for async write, level written (ticks=1997)
TD13TRACE 2250 133.620000 133.620000 132.000000 0.014258 0 1 0 0
TD13TRACE 2251 133.620000 133.620000 132.000000 0.014492 0 1 0 0
TD13TRACE 2252 133.620000 133.620000 132.000000 0.013305 0 1 0 0
TD13TRACE 2253 133.620000 133.620000 132.000000 0.013689 0 1 0 0
TD13TRACE 2254 133.620000 133.620000 132.000000 0.014041 0 1 0 0
TD13TRACE 2255 133.620000 133.620000 132.000000 0.013915 0 1 0 0
TD13TRACE 2256 133.620000 133.620000 132.000000 0.013620 0 1 0 0
TD13TRACE 2257 133.620000 133.620000 132.000000 0.014490 0 1 0 0
TD13TRACE 2258 133.620000 133.620000 132.000000 0.013347 0 1 0 0
TD13TRACE 2259 133.620000 133.620000 132.000000 0.013615 0 1 0 0
TD13TRACE 2260 133.620000 133.620000 132.000000 0.014665 0 1 0 0
TD13TRACE 2261 133.620000 133.620000 132.000000 0.013470 0 1 0 0
TD13TRACE 2262 133.620000 133.620000 132.000000 0.013846 0 1 0 0
TD13TRACE 2263 133.620000 133.620000 132.000000 0.014022 0 1 0 0
TD13TRACE 2264 133.620000 133.620000 132.000000 0.013666 0 1 0 0
TD13TRACE 2265 133.620000 133.620000 132.000000 0.014099 0 1 0 0
TD13TRACE 2266 133.620000 133.620000 132.000000 0.014457 0 1 0 0
TD13TRACE 2267 133.620000 133.620000 132.000000 0.013274 0 1 0 0
TD13TRACE 2268 133.620000 133.620000 132.000000 0.013719 0 1 0 0
TD13TRACE 2269 133.620000 133.620000 132.000000 0.015805 0 1 0 1
TD13TRACE 2270 133.620000 133.620000 132.000000 0.011910 0 1 0 1
TD13TRACE 2271 133.270000 133.619937 132.000000 0.013677 0 1 1 1
TD13TRACE 2272 133.270000 133.598606 132.000000 0.014684 0 1 1 1
TD13TRACE 2273 133.270000 133.559714 132.000000 0.013404 0 1 1 1
TD13TRACE 2274 133.270000 133.515190 132.000000 0.013424 0 1 1 1
TD13TRACE 2275 133.270000 133.466448 132.000000 0.015148 0 1 1 1
TD13TRACE 2276 133.270000 133.428640 132.000000 0.013182 0 1 1 1
TD13TRACE 2277 133.270000 133.395125 132.000000 0.013677 0 1 1 1
TD13TRACE 2278 133.270000 133.365618 132.000000 0.014699 0 1 1 1
TD13TRACE 2279 133.270000 133.344244 132.000000 0.013282 0 1 1 1
TD13TRACE 2280 133.270000 133.326582 132.000000 0.013827 0 1 1 1
TD13TRACE 2281 133.270000 133.312104 132.000000 0.014650 0 1 1 1
TD13TRACE 2282 133.270000 133.302345 132.000000 0.012796 0 1 1 1
TD13TRACE 2283 133.270000 133.294065 132.000000 0.014101 0 1 1 1
TD13TRACE 2284 133.270000 133.287811 132.000000 0.014127 0 1 1 1
TD13TRACE 2285 133.270000 133.283190 132.000000 0.013908 0 1 1 1
TD13TRACE 2286 133.270000 133.279781 132.000000 0.013688 0 1 1 1
TD13TRACE 2287 133.270000 133.277047 132.000000 0.014848 0 1 1 1
TD13TRACE 2288 133.270000 133.275269 132.000000 0.013049 0 1 1 1
TD13TRACE 2289 133.270000 133.273876 132.000000 0.013670 0 1 1 1
TD13TRACE 2290 133.270000 133.272790 132.000000 0.014522 0 1 1 1
TD13TRACE 2291 133.270000 133.272040 132.000000 0.013747 0 1 1 1
TD13TRACE 2292 133.270000 133.271499 132.000000 0.013449 0 1 1 1
TD13TRACE 2293 133.270000 133.271071 132.000000 0.014590 0 1 1 1
TD13TRACE 2294 133.270000 133.270784 132.000000 0.013456 0 1 1 1
TD13TRACE 2295 133.270000 133.270571 132.000000 0.013672 0 1 1 1
TD13TRACE 2296 133.270000 133.270406 132.000000 0.014546 0 1 1 1
TD13TRACE 2297 133.270000 133.270299 132.000000 0.013044 0 1 1 1
TD13TRACE 2298 133.270000 133.270215 132.000000 0.013991 0 1 1 1
TD13TRACE 2299 133.270000 133.270151 132.000000 0.014905 0 1 1 1
TD13TRACE 2300 133.270000 133.270110 132.000000 0.013320 0 1 1 1
TD13TRACE 2301 133.270000 133.270080 132.000000 0.013496 0 1 1 1
TD13TRACE 2302 133.270000 133.270057 132.000000 0.014170 0 1 1 1
TD13TRACE 2303 133.270000 133.270041 132.000000 0.013901 0 1 1 1
TD13TRACE 2304 133.270000 133.270029 132.000000 0.013796 0 1 1 1
TD13TRACE 2305 133.270000 133.270021 132.000000 0.014480 0 1 1 1
TD13TRACE 2306 133.270000 133.270015 132.000000 0.013005 0 1 1 1
TD13TRACE 2307 133.270000 133.270011 132.000000 0.014222 0 1 1 1
TD13TRACE 2308 133.270000 133.270008 132.000000 0.014668 0 1 1 1
TD13TRACE 2309 133.270000 133.270006 132.000000 0.013050 0 1 1 1
TD13TRACE 2310 133.270000 133.270004 132.000000 0.013739 0 1 1 1
TD13TRACE 2311 133.270000 133.270003 132.000000 0.014798 0 1 1 1
TD13TRACE 2312 133.270000 133.270002 132.000000 0.013218 0 1 1 1
TD13TRACE 2313 133.270000 133.270001 132.000000 0.013872 0 1 1 1
TD13TRACE 2314 133.270000 133.270001 132.000000 0.013864 0 1 1 1
TD13TRACE 2315 133.270000 133.270001 132.000000 0.013712 0 1 1 1
TD13TRACE 2316 133.270000 133.270001 132.000000 0.014102 0 1 1 1
TD13TRACE 2317 133.270000 133.270000 132.000000 0.014575 0 1 1 1
TD13TRACE 2318 133.270000 133.270000 132.000000 0.013199 0 1 1 1
TD13TRACE 2319 133.270000 133.270000 132.000000 0.013388 0 1 1 1
TD13TRACE 2320 133.270000 133.270000 132.000000 0.015114 0 1 1 1
TD13TRACE 2321 133.270000 133.270000 132.000000 0.013297 0 1 1 1
TD13TRACE 2322 133.270000 133.270000 132.000000 0.013800 0 1 1 1
TD13TRACE 2323 133.270000 133.270000 132.000000 0.013916 0 1 1 1
TD13TRACE 2324 133.270000 133.270000 132.000000 0.013654 0 1 1 1
TD13TRACE 2325 133.270000 133.270000 132.000000 0.013879 0 1 1 1
TD13TRACE 2326 133.270000 133.270000 132.000000 0.014723 0 1 1 1
TD13TRACE 2327 133.270000 133.270000 132.000000 0.013063 0 1 1 1
TD13TRACE 2328 133.270000 133.270000 132.000000 0.013741 0 1 1 1
TD13TRACE 2329 133.270000 133.270000 132.000000 0.014699 0 1 1 1
TD13TRACE 2330 133.270000 133.270000 132.000000 0.013095 0 1 1 1
TD13TRACE 2331 133.270000 133.270000 132.000000 0.013920 0 1 1 1
TD13TRACE 2332 133.270000 133.270000 132.000000 0.014440 0 1 1 1
TD13TRACE 2333 133.270000 133.270000 132.000000 0.013335 0 1 1 1
TD13TRACE 2334 133.270000 133.270000 132.000000 0.013928 0 1 1 1
TD13TRACE 2335 133.270000 133.270000 132.000000 0.014126 0 1 1 1
TD13TRACE 2336 133.270000 133.270000 132.000000 0.013505 0 1 1 1
TD13TRACE 2337 133.270000 133.270000 132.000000 0.013707 0 1 1 1
TD13TRACE 2338 133.270000 133.270000 132.000000 0.014697 0 1 1 1
TD13TRACE 2339 133.270000 133.270000 132.000000 0.013329 0 1 1 1
TD13TRACE 2340 133.270000 133.270000 132.000000 0.013610 0 1 1 1
TD13TRACE 2341 133.270000 133.270000 132.000000 0.014600 0 1 1 1
TD13TRACE 2342 133.270000 133.270000 132.000000 0.013918 0 1 1 1
TD13TRACE 2343 133.270000 133.270000 132.000000 0.013682 0 1 1 1
TD13TRACE 2344 133.270000 133.270000 132.000000 0.014144 0 1 1 1
TD13TRACE 2345 133.270000 133.270000 132.000000 0.013576 0 1 1 1
TD13TRACE 2346 133.270000 133.270000 132.000000 0.013869 0 1 1 1
TD13TRACE 2347 133.270000 133.270000 132.000000 0.014632 0 1 1 1
TD13TRACE 2348 133.270000 133.270000 132.000000 0.012871 0 1 1 1
TD13TRACE 2349 133.270000 133.270000 132.000000 0.013797 0 1 1 1
TD13TRACE 2350 133.270000 133.270000 132.000000 0.014921 0 1 1 1
TD13TRACE 2351 133.270000 133.270000 132.000000 0.013482 0 1 1 1
TD13TRACE 2352 133.270000 133.270000 132.000000 0.013557 0 1 1 1
TD13TRACE 2353 133.270000 133.270000 132.000000 0.014432 0 1 1 1
TD13TRACE 2354 133.270000 133.270000 132.000000 0.012958 0 1 1 1
TD13TRACE 2355 133.270000 133.270000 132.000000 0.013590 0 1 1 1
TD13TRACE 2356 133.270000 133.270000 132.000000 0.014876 0 1 1 1
TD13TRACE 2357 133.270000 133.270000 132.000000 0.013953 0 1 1 1
TD13TRACE 2358 133.270000 133.270000 132.000000 0.013514 0 1 1 1
TD13TRACE 2359 133.270000 133.270000 132.000000 0.014750 0 1 1 1
TD13TRACE 2360 133.270000 133.270000 132.000000 0.013383 0 1 1 1
TD13TRACE 2361 133.270000 133.270000 132.000000 0.013589 0 1 1 1
TD13TRACE 2362 133.270000 133.270000 132.000000 0.014174 0 1 1 1
TD13TRACE 2363 133.270000 133.270000 132.000000 0.013491 0 1 1 1
TD13TRACE 2364 133.270000 133.270000 132.000000 0.013795 0 1 1 1
TD13TRACE 2365 133.270000 133.270000 132.000000 0.014635 0 1 1 1
TD13TRACE 2366 133.270000 133.270000 132.000000 0.013250 0 1 1 1
TD13TRACE 2367 133.270000 133.270000 132.000000 0.013953 0 1 1 1
TD13TRACE 2368 133.270000 133.270000 132.000000 0.014493 0 1 1 1
TD13TRACE 2369 133.270000 133.270000 132.000000 0.013473 0 1 1 1
TD13TRACE 2370 133.270000 133.270000 132.000000 0.013696 0 1 1 1
TD13TRACE 2371 133.270000 133.270000 132.000000 0.014167 0 1 1 1
TD13TRACE 2372 133.270000 133.270000 132.000000 0.014148 0 1 1 1
TD13TRACE 2373 133.270000 133.270000 132.000000 0.013540 0 1 1 1
TD13TRACE 2374 133.270000 133.270000 132.000000 0.014438 0 1 1 1
TD13TRACE 2375 133.270000 133.270000 132.000000 0.012874 0 1 1 1
TD13TRACE 2376 133.270000 133.270000 132.000000 0.013937 0 1 1 1
TD13TRACE 2377 133.270000 133.270000 132.000000 0.014982 0 1 1 1
TD13TRACE 2378 133.270000 133.270000 132.000000 0.013274 0 1 1 1
TD13TRACE 2379 133.270000 133.270000 132.000000 0.013614 0 1 1 1
TD13TRACE 2380 133.270000 133.270000 132.000000 0.014504 0 1 1 1
TD13TRACE 2381 133.270000 133.270000 132.000000 0.013329 0 1 1 1
TD13TRACE 2382 133.270000 133.270000 132.000000 0.013627 0 1 1 1
TD13TRACE 2383 133.270000 133.270000 132.000000 0.015220 0 1 1 1
TD13TRACE 2384 133.270000 133.270000 132.000000 0.013084 0 1 1 1
TD13TRACE 2385 133.270000 133.270000 132.000000 0.013609 0 1 1 1
TD13TRACE 2386 133.270000 133.270000 132.000000 0.014253 0 1 1 1
TD13TRACE 2387 133.270000 133.270000 132.000000 0.013504 0 1 1 1
TD13TRACE 2388 133.270000 133.270000 132.000000 0.014005 0 1 1 1
TD13TRACE 2389 133.270000 133.270000 132.000000 0.014670 0 1 1 1
[2026-09-15 06:54:23.787] [info] fps 72.0 | pos (0.50, 132.00, -4.70) | chunks 113 | stream-meshed 104
TD13TRACE 2390 133.270000 133.270000 132.000000 0.012820 0 1 1 1
TD13TRACE 2391 133.270000 133.270000 132.000000 0.013706 0 1 1 1
TD13TRACE 2392 133.270000 133.270000 132.000000 0.015189 0 1 1 1
TD13TRACE 2393 133.270000 133.270000 132.000000 0.012684 0 1 1 1
TD13TRACE 2394 133.270000 133.270000 132.000000 0.014330 0 1 1 1
TD13TRACE 2395 133.270000 133.270000 132.000000 0.014502 0 1 1 1
TD13TRACE 2396 133.270000 133.270000 132.000000 0.013383 0 1 1 1
TD13TRACE 2397 133.270000 133.270000 132.000000 0.013562 0 1 1 1
TD13TRACE 2398 133.270000 133.270000 132.000000 0.014490 0 1 1 1
TD13TRACE 2399 133.270000 133.270000 132.000000 0.013301 0 1 1 1
TD13TRACE 2400 133.270000 133.270000 132.000000 0.014269 0 1 1 1
TD13TRACE 2401 133.270000 133.270000 132.000000 0.014170 0 1 1 1
TD13TRACE 2402 133.270000 133.270000 132.000000 0.013332 0 1 1 1
TD13TRACE 2403 133.270000 133.270000 132.000000 0.014008 0 1 1 1
TD13TRACE 2404 133.270000 133.270000 132.000000 0.014476 0 1 1 1
TD13TRACE 2405 133.270000 133.270000 132.000000 0.013315 0 1 1 1
TD13TRACE 2406 133.270000 133.270000 132.000000 0.013677 0 1 1 1
TD13TRACE 2407 133.270000 133.270000 132.000000 0.014382 0 1 1 1
TD13TRACE 2408 133.270000 133.270000 132.000000 0.013265 0 1 1 1
TD13TRACE 2409 133.270000 133.270000 132.000000 0.013795 0 1 1 1
TD13TRACE 2410 133.270000 133.270000 132.000000 0.014586 0 1 1 1
TD13TRACE 2411 133.270000 133.270000 132.000000 0.013343 0 1 1 1
TD13TRACE 2412 133.270000 133.270000 132.000000 0.013750 0 1 1 1
TD13TRACE 2413 133.270000 133.270000 132.000000 0.014701 0 1 1 1
TD13TRACE 2414 133.270000 133.270000 132.000000 0.013190 0 1 1 1
TD13TRACE 2415 133.270000 133.270000 132.000000 0.014024 0 1 1 1
TD13TRACE 2416 133.270000 133.270000 132.000000 0.014463 0 1 1 1
TD13TRACE 2417 133.270000 133.270000 132.000000 0.013663 0 1 1 1
TD13TRACE 2418 133.270000 133.270000 132.000000 0.012823 0 1 1 1
TD13TRACE 2419 133.270000 133.270000 132.000000 0.015812 0 1 1 1
TD13TRACE 2420 133.270000 133.270000 132.000000 0.012804 0 1 1 1
TD13TRACE 2421 133.270000 133.270000 132.000000 0.013674 0 1 1 1
TD13TRACE 2422 133.270000 133.270000 132.000000 0.014736 0 1 1 1
TD13TRACE 2423 133.270000 133.270000 132.000000 0.012702 0 1 1 1
TD13TRACE 2424 133.270000 133.270000 132.000000 0.014183 0 1 1 1
TD13TRACE 2425 133.270000 133.270000 132.000000 0.014719 0 1 1 1
TD13TRACE 2426 133.270000 133.270000 132.000000 0.012891 0 1 1 1
TD13TRACE 2427 133.270000 133.270000 132.000000 0.014139 0 1 1 1
TD13TRACE 2428 133.270000 133.270000 132.000000 0.014591 0 1 1 1
TD13TRACE 2429 133.270000 133.270000 132.000000 0.013310 0 1 1 1
TD13TRACE 2430 133.270000 133.270000 132.000000 0.013734 0 1 1 1
TD13TRACE 2431 133.270000 133.270000 132.000000 0.014257 0 1 1 1
TD13TRACE 2432 133.270000 133.270000 132.000000 0.013829 0 1 1 1
TD13TRACE 2433 133.270000 133.270000 132.000000 0.013609 0 1 1 1
TD13TRACE 2434 133.270000 133.270000 132.000000 0.014432 0 1 1 1
TD13TRACE 2435 133.270000 133.270000 132.000000 0.013035 0 1 1 1
TD13TRACE 2436 133.270000 133.270000 132.000000 0.014037 0 1 1 1
TD13TRACE 2437 133.270000 133.270000 132.000000 0.014657 0 1 1 1
TD13TRACE 2438 133.270000 133.270000 132.000000 0.013272 0 1 1 1
TD13TRACE 2439 133.270000 133.270000 132.000000 0.013799 0 1 1 1
TD13TRACE 2440 133.270000 133.270000 132.000000 0.014562 0 1 1 1
TD13TRACE 2441 133.270000 133.270000 132.000000 0.013269 0 1 1 1
TD13TRACE 2442 133.270000 133.270000 132.000000 0.013718 0 1 1 1
TD13TRACE 2443 133.270000 133.270000 132.000000 0.014888 0 1 1 1
TD13TRACE 2444 133.270000 133.270000 132.000000 0.012839 0 1 1 1
TD13TRACE 2445 133.270000 133.270000 132.000000 0.014235 0 1 1 1
TD13TRACE 2446 133.270000 133.270000 132.000000 0.014665 0 1 1 1
TD13TRACE 2447 133.270000 133.270000 132.000000 0.013291 0 1 1 1
TD13TRACE 2448 133.270000 133.270000 132.000000 0.014054 0 1 1 1
TD13TRACE 2449 133.270000 133.270000 132.000000 0.014694 0 1 1 1
TD13TRACE 2450 133.270000 133.270000 132.000000 0.012655 0 1 1 1
TD13TRACE 2451 133.270000 133.270000 132.000000 0.013961 0 1 1 1
TD13TRACE 2452 133.270000 133.270000 132.000000 0.014823 0 1 1 1
TD13TRACE 2453 133.270000 133.270000 132.000000 0.013302 0 1 1 1
TD13TRACE 2454 133.270000 133.270000 132.000000 0.013401 0 1 1 1
TD13TRACE 2455 133.270000 133.270000 132.000000 0.014609 0 1 1 1
TD13TRACE 2456 133.270000 133.270000 132.000000 0.013449 0 1 1 1
TD13TRACE 2457 133.270000 133.270000 132.000000 0.013624 0 1 1 1
TD13TRACE 2458 133.270000 133.270000 132.000000 0.014500 0 1 1 1
TD13TRACE 2459 133.270000 133.270000 132.000000 0.013435 0 1 1 1
TD13TRACE 2460 133.270000 133.270000 132.000000 0.014293 0 1 1 1
TD13TRACE 2461 133.270000 133.270000 132.000000 0.014263 0 1 1 1
TD13TRACE 2462 133.270000 133.270000 132.000000 0.013596 0 1 1 1
TD13TRACE 2463 133.270000 133.270000 132.000000 0.013466 0 1 1 1
TD13TRACE 2464 133.270000 133.270000 132.000000 0.014628 0 1 1 1
TD13TRACE 2465 133.270000 133.270000 132.000000 0.013296 0 1 1 1
TD13TRACE 2466 133.270000 133.270000 132.000000 0.013560 0 1 1 1
TD13TRACE 2467 133.270000 133.270000 132.000000 0.014937 0 1 1 1
TD13TRACE 2468 133.270000 133.270000 132.000000 0.012624 0 1 1 1
TD13TRACE 2469 133.270000 133.270000 132.000000 0.014318 0 1 1 1
TD13TRACE 2470 133.270000 133.270000 132.000000 0.014599 0 1 1 1
TD13TRACE 2471 133.270000 133.270000 132.000000 0.013471 0 1 1 1
TD13TRACE 2472 133.270000 133.270000 132.000000 0.013005 0 1 1 1
TD13TRACE 2473 133.270000 133.270000 132.000000 0.014858 0 1 1 1
TD13TRACE 2474 133.270000 133.270000 132.000000 0.013556 0 1 1 1
TD13TRACE 2475 133.270000 133.270000 132.000000 0.013943 0 1 1 1
TD13TRACE 2476 133.270000 133.270000 132.000000 0.014323 0 1 1 1
TD13TRACE 2477 133.270000 133.270000 132.000000 0.013173 0 1 1 1
TD13TRACE 2478 133.270000 133.270000 132.000000 0.013855 0 1 1 1
TD13TRACE 2479 133.270000 133.270000 132.000000 0.014497 0 1 1 1
TD13TRACE 2480 133.270000 133.270000 132.000000 0.013249 0 1 1 1
TD13TRACE 2481 133.270000 133.270000 132.000000 0.013749 0 1 1 1
TD13TRACE 2482 133.270000 133.270000 132.000000 0.014643 0 1 1 1
TD13TRACE 2483 133.270000 133.270000 132.000000 0.013274 0 1 1 1
TD13TRACE 2484 133.270000 133.270000 132.000000 0.013603 0 1 1 1
TD13TRACE 2485 133.270000 133.270000 132.000000 0.014776 0 1 1 1
TD13TRACE 2486 133.270000 133.270000 132.000000 0.013364 0 1 1 1
TD13TRACE 2487 133.270000 133.270000 132.000000 0.014042 0 1 1 1
TD13TRACE 2488 133.270000 133.270000 132.000000 0.014527 0 1 1 1
TD13TRACE 2489 133.270000 133.270000 132.000000 0.013455 0 1 1 1
TD13TRACE 2490 133.270000 133.270000 132.000000 0.013654 0 1 1 1
TD13TRACE 2491 133.270000 133.270000 132.000000 0.014673 0 1 1 1
TD13TRACE 2492 133.270000 133.270000 132.000000 0.012823 0 1 1 1
TD13TRACE 2493 133.270000 133.270000 132.000000 0.014267 0 1 1 1
TD13TRACE 2494 133.270000 133.270000 132.000000 0.014785 0 1 1 1
TD13TRACE 2495 133.270000 133.270000 132.000000 0.013401 0 1 1 1
TD13TRACE 2496 133.270000 133.270000 132.000000 0.013463 0 1 1 1
TD13TRACE 2497 133.270000 133.270000 132.000000 0.013985 0 1 1 1
TD13TRACE 2498 133.270000 133.270000 132.000000 0.013607 0 1 1 1
TD13TRACE 2499 133.270000 133.270000 132.000000 0.014099 0 1 1 1
TD13TRACE 2500 133.270000 133.270000 132.000000 0.014540 0 1 1 1
TD13TRACE 2501 133.270000 133.270000 132.000000 0.012770 0 1 1 1
TD13TRACE 2502 133.270000 133.270000 132.000000 0.014293 0 1 1 1
TD13TRACE 2503 133.270000 133.270000 132.000000 0.014527 0 1 1 1
TD13TRACE 2504 133.270000 133.270000 132.000000 0.013326 0 1 1 1
TD13TRACE 2505 133.270000 133.270000 132.000000 0.013550 0 1 1 1
TD13TRACE 2506 133.270000 133.270000 132.000000 0.014646 0 1 1 1
TD13TRACE 2507 133.270000 133.270000 132.000000 0.013225 0 1 1 1
TD13TRACE 2508 133.270000 133.270000 132.000000 0.013714 0 1 1 1
TD13TRACE 2509 133.270000 133.270000 132.000000 0.014828 0 1 1 1
TD13TRACE 2510 133.270000 133.270000 132.000000 0.013349 0 1 1 1
TD13TRACE 2511 133.270000 133.270000 132.000000 0.013836 0 1 1 1
TD13TRACE 2512 133.270000 133.270000 132.000000 0.014530 0 1 1 1
TD13TRACE 2513 133.270000 133.270000 132.000000 0.013586 0 1 1 1
TD13TRACE 2514 133.270000 133.270000 132.000000 0.013471 0 1 1 1
TD13TRACE 2515 133.270000 133.270000 132.000000 0.014787 0 1 1 1
TD13TRACE 2516 133.270000 133.270000 132.000000 0.013087 0 1 1 1
TD13TRACE 2517 133.270000 133.270000 132.000000 0.013937 0 1 1 1
TD13TRACE 2518 133.270000 133.270000 132.000000 0.014425 0 1 1 1
TD13TRACE 2519 133.270000 133.270000 132.000000 0.013458 0 1 1 1
TD13TRACE 2520 133.270000 133.270000 132.000000 0.013703 0 1 1 1
TD13TRACE 2521 133.270000 133.270000 132.000000 0.014490 0 1 1 1
TD13TRACE 2522 133.270000 133.270000 132.000000 0.013404 0 1 1 1
TD13TRACE 2523 133.270000 133.270000 132.000000 0.013226 0 1 1 1
TD13TRACE 2524 133.270000 133.270000 132.000000 0.014906 0 1 1 1
TD13TRACE 2525 133.270000 133.270000 132.000000 0.013016 0 1 1 1
TD13TRACE 2526 133.270000 133.270000 132.000000 0.014259 0 1 1 1
TD13TRACE 2527 133.270000 133.270000 132.000000 0.014691 0 1 1 1
TD13TRACE 2528 133.270000 133.270000 132.000000 0.013286 0 1 1 1
TD13TRACE 2529 133.270000 133.270000 132.000000 0.013535 0 1 1 1
TD13TRACE 2530 133.270000 133.270000 132.000000 0.014482 0 1 1 1
TD13TRACE 2531 133.270000 133.270000 132.000000 0.013463 0 1 1 1
TD13TRACE 2532 133.270000 133.270000 132.000000 0.013695 0 1 1 1
TD13TRACE 2533 133.270000 133.270000 132.000000 0.014598 0 1 1 1
TD13TRACE 2534 133.270000 133.270000 132.000000 0.013327 0 1 1 1
[2026-09-15 06:54:25.800] [info] fps 72.0 | pos (0.50, 132.00, -4.70) | chunks 113 | stream-meshed 104
TD13TRACE 2535 133.270000 133.270000 132.000000 0.013818 0 1 1 1
TD13TRACE 2536 133.270000 133.270000 132.000000 0.014376 0 1 1 1
TD13TRACE 2537 133.270000 133.270000 132.000000 0.013352 0 1 1 1
TD13TRACE 2538 133.270000 133.270000 132.000000 0.014067 0 1 1 1
TD13TRACE 2539 133.270000 133.270000 132.000000 0.014597 0 1 1 1
TD13TRACE 2540 133.270000 133.270000 132.000000 0.013375 0 1 1 1
TD13TRACE 2541 133.270000 133.270000 132.000000 0.013096 0 1 1 1
TD13TRACE 2542 133.270000 133.270000 132.000000 0.014620 0 1 1 1
TD13TRACE 2543 133.270000 133.270000 132.000000 0.014075 0 1 1 1
TD13TRACE 2544 133.270000 133.270000 132.000000 0.013579 0 1 1 1
TD13TRACE 2545 133.270000 133.270000 132.000000 0.014530 0 1 1 1
TD13TRACE 2546 133.270000 133.270000 132.000000 0.013183 0 1 1 1
TD13TRACE 2547 133.270000 133.270000 132.000000 0.013608 0 1 1 1
TD13TRACE 2548 133.270000 133.270000 132.000000 0.014438 0 1 1 1
TD13TRACE 2549 133.270000 133.270000 132.000000 0.013836 0 1 1 1
TD13TRACE 2550 133.270000 133.270000 132.000000 0.013489 0 1 1 1
TD13TRACE 2551 133.270000 133.270000 132.000000 0.014878 0 1 1 1
TD13TRACE 2552 133.270000 133.270000 132.000000 0.013057 0 1 1 1
TD13TRACE 2553 133.270000 133.270000 132.000000 0.013609 0 1 1 1
TD13TRACE 2554 133.270000 133.270000 132.000000 0.014612 0 1 1 1
TD13TRACE 2555 133.270000 133.270000 132.000000 0.013384 0 1 1 1
TD13TRACE 2556 133.270000 133.270000 132.000000 0.013730 0 1 1 1
TD13TRACE 2557 133.620000 133.273702 132.000000 0.015555 0 1 0 0
TD13TRACE 2558 133.620000 133.317602 132.000000 0.019460 0 1 0 0
TD13TRACE 2559 133.620000 133.361682 132.000000 0.013584 0 1 0 0
TD13TRACE 2560 133.620000 133.407020 132.000000 0.013810 0 1 0 0
TD13TRACE 2561 133.620000 133.449809 132.000000 0.014272 0 1 0 0
TD13TRACE 2562 133.620000 133.485735 132.000000 0.013931 0 1 0 0
TD13TRACE 2563 133.620000 133.515644 132.000000 0.013985 0 1 0 0
TD13TRACE 2564 133.620000 133.540127 132.000000 0.014201 0 1 0 0
TD13TRACE 2565 133.620000 133.558373 132.000000 0.013318 0 1 0 0
TD13TRACE 2566 133.620000 133.573364 132.000000 0.013932 0 1 0 0
TD13TRACE 2567 133.620000 133.585280 132.000000 0.014410 0 1 0 0
TD13TRACE 2568 133.620000 133.593509 132.000000 0.012965 0 1 0 0
TD13TRACE 2569 133.620000 133.600272 132.000000 0.013908 0 1 0 0
TD13TRACE 2570 133.620000 133.605567 132.000000 0.014533 0 1 0 0
TD13TRACE 2571 133.620000 133.609201 132.000000 0.013324 0 1 0 0
TD13TRACE 2572 133.620000 133.612033 132.000000 0.013828 0 1 0 0
TD13TRACE 2573 133.620000 133.614262 132.000000 0.014772 0 1 0 0
TD13TRACE 2574 133.620000 133.615714 132.000000 0.013020 0 1 0 0
TD13TRACE 2575 133.620000 133.616869 132.000000 0.013913 0 1 0 0
TD13TRACE 2576 133.620000 133.617745 132.000000 0.014443 0 1 0 0
TD13TRACE 2577 133.620000 133.618332 132.000000 0.013195 0 1 0 0
TD13TRACE 2578 133.620000 133.618787 132.000000 0.013857 0 1 0 0
TD13TRACE 2579 133.620000 133.619135 132.000000 0.014586 0 1 0 0
TD13TRACE 2580 133.620000 133.619366 132.000000 0.013424 0 1 0 0
TD13TRACE 2581 133.620000 133.619540 132.000000 0.013678 0 1 0 0
TD13TRACE 2582 133.620000 133.619673 132.000000 0.014601 0 1 0 0
TD13TRACE 2583 133.620000 133.619761 132.000000 0.013345 0 1 0 0
TD13TRACE 2584 133.620000 133.619828 132.000000 0.013825 0 1 0 0
TD13TRACE 2585 133.620000 133.619878 132.000000 0.014507 0 1 0 0
TD13TRACE 2586 133.620000 133.619911 132.000000 0.013199 0 1 0 0
TD13TRACE 2587 133.620000 133.619936 132.000000 0.013946 0 1 0 0
TD13TRACE 2588 133.620000 133.619955 132.000000 0.014458 0 1 0 0
TD13TRACE 2589 133.620000 133.619967 132.000000 0.013429 0 1 0 0
TD13TRACE 2590 133.620000 133.619976 132.000000 0.014023 0 1 0 0
TD13TRACE 2591 133.620000 133.619983 132.000000 0.014479 0 1 0 0
TD13TRACE 2592 133.620000 133.619988 132.000000 0.013325 0 1 0 0
TD13TRACE 2593 133.620000 133.619991 132.000000 0.013921 0 1 0 0
TD13TRACE 2594 133.620000 133.619994 132.000000 0.014426 0 1 0 0
TD13TRACE 2595 133.620000 133.619996 132.000000 0.012794 0 1 0 0
TD13TRACE 2596 133.620000 133.619997 132.000000 0.013972 0 1 0 0
TD13TRACE 2597 133.620000 133.619998 132.000000 0.014903 0 1 0 0
TD13TRACE 2598 133.620000 133.619998 132.000000 0.013472 0 1 0 0
TD13TRACE 2599 133.620000 133.619999 132.000000 0.013780 0 1 0 0
TD13TRACE 2600 133.620000 133.619999 132.000000 0.014539 0 1 0 0
TD13TRACE 2601 133.620000 133.619999 132.000000 0.013246 0 1 0 0
TD13TRACE 2602 133.620000 133.620000 132.000000 0.013966 0 1 0 0
TD13TRACE 2603 133.620000 133.620000 132.000000 0.014715 0 1 0 0
TD13TRACE 2604 133.620000 133.620000 132.000000 0.012851 0 1 0 0
TD13TRACE 2605 133.620000 133.620000 132.000000 0.014002 0 1 0 0
TD13TRACE 2606 133.620000 133.620000 132.000000 0.014937 0 1 0 0
TD13TRACE 2607 133.620000 133.620000 132.000000 0.013214 0 1 0 0
TD13TRACE 2608 133.620000 133.620000 132.000000 0.013585 0 1 0 0
TD13TRACE 2609 133.620000 133.620000 132.000000 0.014614 0 1 0 0
TD13TRACE 2610 133.620000 133.620000 132.000000 0.012963 0 1 0 0
TD13TRACE 2611 133.620000 133.620000 132.000000 0.013836 0 1 0 0
TD13TRACE 2612 133.620000 133.620000 132.000000 0.015048 0 1 0 0
TD13TRACE 2613 133.620000 133.620000 132.000000 0.013379 0 1 0 0
TD13TRACE 2614 133.620000 133.620000 132.000000 0.013510 0 1 0 0
TD13TRACE 2615 133.620000 133.620000 132.000000 0.014340 0 1 0 0
TD13TRACE 2616 133.620000 133.620000 132.000000 0.013493 0 1 0 0
TD13TRACE 2617 133.620000 133.620000 132.000000 0.013645 0 1 0 0
TD13TRACE 2618 133.620000 133.620000 132.000000 0.014778 0 1 0 0
TD13TRACE 2619 133.620000 133.620000 132.000000 0.013398 0 1 0 0
TD13TRACE 2620 133.620000 133.620000 132.000000 0.013766 0 1 0 0
TD13TRACE 2621 133.620000 133.620000 132.000000 0.014534 0 1 0 0
TD13TRACE 2622 133.620000 133.620000 132.000000 0.013329 0 1 0 0
TD13TRACE 2623 133.620000 133.620000 132.000000 0.013628 0 1 0 0
TD13TRACE 2624 133.620000 133.620000 132.000000 0.014736 0 1 0 0
TD13TRACE 2625 133.620000 133.620000 132.000000 0.012780 0 1 0 0
TD13TRACE 2626 133.620000 133.620000 132.000000 0.014032 0 1 0 0
TD13TRACE 2627 133.620000 133.620000 132.000000 0.014428 0 1 0 0
TD13TRACE 2628 133.620000 133.620000 132.000000 0.013868 0 1 0 0
TD13TRACE 2629 133.620000 133.620000 132.000000 0.013829 0 1 0 0
TD13TRACE 2630 133.620000 133.620000 132.000000 0.014520 0 1 0 0
TD13TRACE 2631 133.620000 133.620000 132.000000 0.012648 0 1 0 0
TD13TRACE 2632 133.620000 133.620000 132.000000 0.014305 0 1 0 0
TD13TRACE 2633 133.620000 133.620000 132.000000 0.014758 0 1 0 0
TD13TRACE 2634 133.620000 133.620000 132.000000 0.013100 0 1 0 0
TD13TRACE 2635 133.620000 133.620000 132.000000 0.013727 0 1 0 0
TD13TRACE 2636 133.620000 133.620000 132.000000 0.014485 0 1 0 0
TD13TRACE 2637 133.620000 133.620000 132.000000 0.013472 0 1 0 0
TD13TRACE 2638 133.620000 133.620000 132.000000 0.013562 0 1 0 0
TD13TRACE 2639 133.620000 133.620000 132.000000 0.014585 0 1 0 0
TD13TRACE 2640 133.620000 133.620000 132.000000 0.013132 0 1 0 0
TD13TRACE 2641 133.620000 133.620000 132.000000 0.014070 0 1 0 0
TD13TRACE 2642 133.620000 133.620000 132.000000 0.014422 0 1 0 0
TD13TRACE 2643 133.620000 133.620000 132.000000 0.013749 0 1 0 0
TD13TRACE 2644 133.620000 133.620000 132.000000 0.013144 0 1 0 0
TD13TRACE 2645 133.620000 133.620000 132.000000 0.014638 0 1 0 0
TD13TRACE 2646 133.620000 133.620000 132.000000 0.013960 0 1 0 0
TD13TRACE 2647 133.620000 133.620000 132.000000 0.013648 0 1 0 0
TD13TRACE 2648 133.620000 133.620000 132.000000 0.014534 0 1 0 0
TD13TRACE 2649 133.620000 133.620000 132.000000 0.012831 0 1 0 0
TD13TRACE 2650 133.620000 133.620000 132.000000 0.014053 0 1 0 0
TD13TRACE 2651 133.620000 133.620000 132.000000 0.014572 0 1 0 0
TD13TRACE 2652 133.620000 133.620000 132.000000 0.013266 0 1 0 0
TD13TRACE 2653 133.620000 133.620000 132.000000 0.013775 0 1 0 0
TD13TRACE 2654 133.620000 133.620000 132.000000 0.014552 0 1 0 0
TD13TRACE 2655 133.620000 133.620000 132.000000 0.013371 0 1 0 0
TD13TRACE 2656 133.620000 133.620000 132.000000 0.013769 0 1 0 0
TD13TRACE 2657 133.620000 133.620000 132.000000 0.014462 0 1 0 0
TD13TRACE 2658 133.620000 133.620000 132.000000 0.013430 0 1 0 0
TD13TRACE 2659 133.620000 133.620000 132.000000 0.013764 0 1 0 0
TD13TRACE 2660 133.620000 133.620000 132.000000 0.014662 0 1 0 0
TD13TRACE 2661 133.620000 133.620000 132.000000 0.013275 0 1 0 0
TD13TRACE 2662 133.620000 133.620000 132.000000 0.013990 0 1 0 0
TD13TRACE 2663 133.620000 133.620000 132.000000 0.014690 0 1 0 0
TD13TRACE 2664 133.620000 133.620000 132.000000 0.013215 0 1 0 0
TD13TRACE 2665 133.620000 133.620000 132.000000 0.013732 0 1 0 0
TD13TRACE 2666 133.620000 133.620000 132.000000 0.014582 0 1 0 0
TD13TRACE 2667 133.620000 133.620000 132.000000 0.013551 0 1 0 0
TD13TRACE 2668 133.620000 133.620000 132.000000 0.013129 0 1 0 0
TD13TRACE 2669 133.620000 133.620000 132.000000 0.014626 0 1 0 0
TD13TRACE 2670 133.620000 133.620000 132.000000 0.013595 0 1 0 0
TD13TRACE 2671 133.620000 133.620000 132.000000 0.013725 0 1 0 0
TD13TRACE 2672 133.620000 133.620000 132.000000 0.014767 0 1 0 0
TD13TRACE 2673 133.620000 133.620000 132.000000 0.012784 0 1 0 0
TD13TRACE 2674 133.620000 133.620000 132.000000 0.013687 0 1 0 0
TD13TRACE 2675 133.620000 133.620000 132.000000 0.015229 0 1 0 0
TD13TRACE 2676 133.620000 133.620000 132.000000 0.012743 0 1 0 0
TD13TRACE 2677 133.620000 133.620000 132.000000 0.014074 0 1 0 0
TD13TRACE 2678 133.620000 133.620000 132.000000 0.014835 0 1 0 0
[2026-09-15 06:54:27.807] [info] fps 71.7 | pos (0.50, 132.00, -4.70) | chunks 113 | stream-meshed 104
TD13TRACE 2679 133.620000 133.620000 132.000000 0.012798 0 1 0 0
TD13TRACE 2680 133.620000 133.620000 132.000000 0.014048 0 1 0 0
TD13TRACE 2681 133.620000 133.620000 132.000000 0.014676 0 1 0 0
TD13TRACE 2682 133.620000 133.620000 132.000000 0.013397 0 1 0 0
TD13TRACE 2683 133.620000 133.620000 132.000000 0.013581 0 1 0 0
TD13TRACE 2684 133.620000 133.620000 132.000000 0.014472 0 1 0 0
TD13TRACE 2685 133.620000 133.620000 132.000000 0.013344 0 1 0 0
TD13TRACE 2686 133.620000 133.620000 132.000000 0.013646 0 1 0 0
TD13TRACE 2687 133.620000 133.620000 132.000000 0.014489 0 1 0 0
TD13TRACE 2688 133.620000 133.620000 132.000000 0.013465 0 1 0 0
TD13TRACE 2689 133.620000 133.620000 132.000000 0.014012 0 1 0 0
TD13TRACE 2690 133.620000 133.620000 132.000000 0.014572 0 1 0 0
TD13TRACE 2691 133.620000 133.620000 132.000000 0.013220 0 1 0 0
TD13TRACE 2692 133.620000 133.620000 132.000000 0.013226 0 1 0 0
TD13TRACE 2693 133.620000 133.620000 132.000000 0.014601 0 1 0 0
TD13TRACE 2694 133.620000 133.620000 132.000000 0.013874 0 1 0 0
TD13TRACE 2695 133.620000 133.620000 132.000000 0.013853 0 1 0 0
TD13TRACE 2696 133.620000 133.620000 132.000000 0.014525 0 1 0 0
TD13TRACE 2697 133.620000 133.620000 132.000000 0.013091 0 1 0 0
TD13TRACE 2698 133.620000 133.620000 132.000000 0.013907 0 1 0 0
TD13TRACE 2699 133.620000 133.620000 132.000000 0.014539 0 1 0 0
TD13TRACE 2700 133.620000 133.620000 132.000000 0.013430 0 1 0 0
TD13TRACE 2701 133.620000 133.620000 132.000000 0.013612 0 1 0 0
TD13TRACE 2702 133.620000 133.620000 132.000000 0.014846 0 1 0 0
TD13TRACE 2703 133.620000 133.620000 132.000000 0.013152 0 1 0 0
TD13TRACE 2704 133.620000 133.620000 132.000000 0.013722 0 1 0 0
TD13TRACE 2705 133.620000 133.620000 132.000000 0.014822 0 1 0 0
TD13TRACE 2706 133.620000 133.620000 132.000000 0.013851 0 1 0 0
TD13TRACE 2707 133.620000 133.620000 132.000000 0.012769 0 1 0 0
TD13TRACE 2708 133.620000 133.620000 132.000000 0.014553 0 1 0 0
TD13TRACE 2709 133.620000 133.620000 132.000000 0.014158 0 1 0 0
TD13TRACE 2710 133.620000 133.620000 132.000000 0.013388 0 1 0 0
TD13TRACE 2711 133.620000 133.620000 132.000000 0.014471 0 1 0 0
TD13TRACE 2712 133.620000 133.620000 132.000000 0.013173 0 1 0 0
TD13TRACE 2713 133.620000 133.620000 132.000000 0.013779 0 1 0 0
TD13TRACE 2714 133.620000 133.620000 132.000000 0.014775 0 1 0 0
TD13TRACE 2715 133.620000 133.620000 132.000000 0.013076 0 1 0 0
TD13TRACE 2716 133.620000 133.620000 132.000000 0.013995 0 1 0 0
TD13TRACE 2717 133.620000 133.620000 132.000000 0.014588 0 1 0 0
TD13TRACE 2718 133.620000 133.620000 132.000000 0.012946 0 1 0 0
TD13TRACE 2719 133.620000 133.620000 132.000000 0.013680 0 1 0 0
TD13TRACE 2720 133.620000 133.620000 132.000000 0.014449 0 1 0 0
TD13TRACE 2721 133.620000 133.620000 132.000000 0.013368 0 1 0 0
TD13TRACE 2722 133.620000 133.620000 132.000000 0.013919 0 1 0 0
TD13TRACE 2723 133.620000 133.620000 132.000000 0.014954 0 1 0 0
TD13TRACE 2724 133.620000 133.620000 132.000000 0.013357 0 1 0 0
TD13TRACE 2725 133.620000 133.620000 132.000000 0.013540 0 1 0 0
TD13TRACE 2726 133.620000 133.620000 132.000000 0.014339 0 1 0 0
TD13TRACE 2727 133.620000 133.620000 132.000000 0.013355 0 1 0 0
TD13TRACE 2728 133.620000 133.620000 132.000000 0.013792 0 1 0 0
TD13TRACE 2729 133.620000 133.620000 132.000000 0.014734 0 1 0 0
TD13TRACE 2730 133.620000 133.620000 132.000000 0.013301 0 1 0 0
TD13TRACE 2731 133.620000 133.620000 132.000000 0.014006 0 1 0 0
TD13TRACE 2732 133.620000 133.620000 132.000000 0.014315 0 1 0 0
TD13TRACE 2733 133.620000 133.620000 132.000000 0.013434 0 1 0 0
TD13TRACE 2734 133.620000 133.620000 132.000000 0.013362 0 1 0 0
TD13TRACE 2735 133.620000 133.620000 132.000000 0.014712 0 1 0 0
TD13TRACE 2736 133.620000 133.620000 132.000000 0.013211 0 1 0 0
TD13TRACE 2737 133.620000 133.620000 132.000000 0.014071 0 1 0 0
TD13TRACE 2738 133.620000 133.620000 132.000000 0.014837 0 1 0 0
TD13TRACE 2739 133.620000 133.620000 132.000000 0.013035 0 1 0 0
TD13TRACE 2740 133.620000 133.620000 132.000000 0.013515 0 1 0 0
TD13TRACE 2741 133.620000 133.620000 132.000000 0.014882 0 1 0 0
TD13TRACE 2742 133.620000 133.620000 132.000000 0.013027 0 1 0 0
TD13TRACE 2743 133.620000 133.620000 132.000000 0.013821 0 1 0 0
TD13TRACE 2744 133.620000 133.620000 132.000000 0.015280 0 1 0 0
TD13TRACE 2745 133.620000 133.620000 132.000000 0.012966 0 1 0 0
TD13TRACE 2746 133.620000 133.620000 132.000000 0.013671 0 1 0 0
TD13TRACE 2747 133.620000 133.620000 132.000000 0.014813 0 1 0 0
TD13TRACE 2748 133.620000 133.620000 132.000000 0.013022 0 1 0 0
TD13TRACE 2749 133.620000 133.620000 132.000000 0.013663 0 1 0 0
TD13TRACE 2750 133.620000 133.620000 132.000000 0.015274 0 1 0 0
TD13TRACE 2751 133.620000 133.620000 132.000000 0.012678 0 1 0 0
TD13TRACE 2752 133.620000 133.620000 132.000000 0.013793 0 1 0 0
TD13TRACE 2753 133.620000 133.620000 132.000000 0.014711 0 1 0 0
TD13TRACE 2754 133.620000 133.620000 132.000000 0.012981 0 1 0 0
TD13TRACE 2755 133.620000 133.620000 132.000000 0.013956 0 1 0 0
TD13TRACE 2756 133.620000 133.620000 132.000000 0.014542 0 1 0 0
TD13TRACE 2757 133.620000 133.620000 132.000000 0.013104 0 1 0 0
TD13TRACE 2758 133.620000 133.620000 132.000000 0.014097 0 1 0 0
TD13TRACE 2759 133.620000 133.620000 132.000000 0.015341 0 1 0 0
TD13TRACE 2760 133.620000 133.620000 132.000000 0.012881 0 1 0 0
TD13TRACE 2761 133.620000 133.620000 132.000000 0.013609 0 1 0 0
TD13TRACE 2762 133.620000 133.620000 132.000000 0.014754 0 1 0 0
TD13TRACE 2763 133.620000 133.620000 132.000000 0.013415 0 1 0 0
TD13TRACE 2764 133.620000 133.620000 132.000000 0.013605 0 1 0 0
TD13TRACE 2765 133.620000 133.620000 132.000000 0.014509 0 1 0 0
TD13TRACE 2766 133.620000 133.620000 132.000000 0.013222 0 1 0 0
TD13TRACE 2767 133.620000 133.620000 132.000000 0.013450 0 1 0 0
TD13TRACE 2768 133.620000 133.620000 132.000000 0.014626 0 1 0 0
TD13TRACE 2769 133.620000 133.620000 132.000000 0.013321 0 1 0 0
TD13TRACE 2770 133.620000 133.620000 132.000000 0.013945 0 1 0 0
TD13TRACE 2771 133.620000 133.620000 132.000000 0.014956 0 1 0 0
TD13TRACE 2772 133.620000 133.620000 132.000000 0.013440 0 1 0 0
TD13TRACE 2773 133.620000 133.620000 132.000000 0.013386 0 1 0 0
TD13TRACE 2774 133.620000 133.620000 132.000000 0.014172 0 1 0 0
TD13TRACE 2775 133.620000 133.620000 132.000000 0.013370 0 1 0 0
TD13TRACE 2776 133.620000 133.620000 132.000000 0.013870 0 1 0 0
TD13TRACE 2777 133.620000 133.620000 132.000000 0.014501 0 1 0 0
TD13TRACE 2778 133.620000 133.620000 132.000000 0.013134 0 1 0 0
TD13TRACE 2779 133.620000 133.620000 132.000000 0.014114 0 1 0 0
TD13TRACE 2780 133.620000 133.620000 132.000000 0.014561 0 1 0 0
TD13TRACE 2781 133.620000 133.620000 132.000000 0.013578 0 1 0 0
TD13TRACE 2782 133.620000 133.620000 132.000000 0.013765 0 1 0 0
TD13TRACE 2783 133.620000 133.620000 132.000000 0.014270 0 1 0 0
TD13TRACE 2784 133.620000 133.620000 132.000000 0.013622 0 1 0 0
TD13TRACE 2785 133.620000 133.620000 132.000000 0.013629 0 1 0 0
TD13TRACE 2786 133.620000 133.620000 132.000000 0.014591 0 1 0 0
TD13TRACE 2787 133.620000 133.620000 132.000000 0.013182 0 1 0 0
TD13TRACE 2788 133.620000 133.620000 132.000000 0.013592 0 1 0 0
TD13TRACE 2789 133.620000 133.620000 132.000000 0.014668 0 1 0 0
TD13TRACE 2790 133.620000 133.620000 132.000000 0.013209 0 1 0 0
TD13TRACE 2791 133.620000 133.620000 132.000000 0.013767 0 1 0 0
TD13TRACE 2792 133.620000 133.620000 132.000000 0.014962 0 1 0 0
TD13TRACE 2793 133.620000 133.620000 132.000000 0.012944 0 1 0 0
TD13TRACE 2794 133.620000 133.620000 132.000000 0.014106 0 1 0 0
TD13TRACE 2795 133.620000 133.620000 132.000000 0.014496 0 1 0 0
TD13TRACE 2796 133.620000 133.620000 132.000000 0.013321 0 1 0 0
TD13TRACE 2797 133.620000 133.620000 132.000000 0.013484 0 1 0 0
TD13TRACE 2798 133.620000 133.620000 132.000000 0.014752 0 1 0 0
TD13TRACE 2799 133.620000 133.620000 132.000000 0.013503 0 1 0 0
TD13TRACE 2800 133.620000 133.620000 132.000000 0.013985 0 1 0 0
TD13TRACE 2801 133.620000 133.620000 132.000000 0.014135 0 1 0 0
TD13TRACE 2802 133.620000 133.620000 132.000000 0.013511 0 1 0 0
TD13TRACE 2803 133.620000 133.620000 132.000000 0.013516 0 1 0 0
TD13TRACE 2804 133.620000 133.620000 132.000000 0.014569 0 1 0 0
TD13TRACE 2805 133.620000 133.620000 132.000000 0.013452 0 1 0 0
TD13TRACE 2806 133.620000 133.620000 132.000000 0.013690 0 1 0 0
TD13TRACE 2807 133.620000 133.620000 132.000000 0.014612 0 1 0 0
TD13TRACE 2808 133.620000 133.620000 132.000000 0.013763 0 1 0 0
TD13TRACE 2809 133.620000 133.620000 132.000000 0.013583 0 1 0 0
TD13TRACE 2810 133.620000 133.620000 132.000000 0.014541 0 1 0 0
TD13TRACE 2811 133.620000 133.620000 132.000000 0.013170 0 1 0 0
TD13TRACE 2812 133.620000 133.620000 132.000000 0.013980 0 1 0 0
TD13TRACE 2813 133.620000 133.620000 132.000000 0.014297 0 1 0 0
TD13TRACE 2814 133.620000 133.620000 132.000000 0.013208 0 1 0 0
TD13TRACE 2815 133.620000 133.620000 132.000000 0.013849 0 1 0 0
TD13TRACE 2816 133.620000 133.620000 132.000000 0.014767 0 1 0 0
TD13TRACE 2817 133.620000 133.620000 132.000000 0.013066 0 1 0 0
TD13TRACE 2818 133.620000 133.620000 132.000000 0.014192 0 1 0 0
TD13TRACE 2819 133.620000 133.620000 132.000000 0.014529 0 1 0 0
TD13TRACE 2820 133.620000 133.620000 132.000000 0.012949 0 1 0 0
TD13TRACE 2821 133.620000 133.620000 132.000000 0.014184 0 1 0 0
TD13TRACE 2822 133.620000 133.620000 132.000000 0.014371 0 1 0 0
TD13TRACE 2823 133.620000 133.620000 132.000000 0.012931 0 1 0 0
[2026-09-15 06:54:29.821] [info] fps 72.1 | pos (0.50, 132.00, -4.70) | chunks 113 | stream-meshed 104
TD13TRACE 2824 133.620000 133.620000 132.000000 0.014413 0 1 0 0
TD13TRACE 2825 133.620000 133.620000 132.000000 0.014594 0 1 0 0
TD13TRACE 2826 133.620000 133.620000 132.000000 0.013054 0 1 0 0
TD13TRACE 2827 133.620000 133.620000 132.000000 0.014140 0 1 0 0
TD13TRACE 2828 133.620000 133.620000 132.000000 0.014479 0 1 0 0
TD13TRACE 2829 133.620000 133.620000 132.000000 0.013091 0 1 0 0
TD13TRACE 2830 133.620000 133.620000 132.000000 0.013482 0 1 0 0
TD13TRACE 2831 133.620000 133.620000 132.000000 0.014458 0 1 0 0
TD13TRACE 2832 133.620000 133.620000 132.000000 0.013798 0 1 0 0
TD13TRACE 2833 133.620000 133.620000 132.000000 0.013561 0 1 0 0
TD13TRACE 2834 133.620000 133.620000 132.000000 0.014696 0 1 0 0
TD13TRACE 2835 133.620000 133.620000 132.000000 0.013198 0 1 0 0
TD13TRACE 2836 133.620000 133.620000 132.000000 0.013740 0 1 0 0
TD13TRACE 2837 133.620000 133.620000 132.000000 0.014697 0 1 0 0
TD13TRACE 2838 133.620000 133.620000 132.000000 0.013120 0 1 0 0
TD13TRACE 2839 133.620000 133.620000 132.000000 0.014064 0 1 0 0
TD13TRACE 2840 133.620000 133.620000 132.000000 0.014742 0 1 0 0
TD13TRACE 2841 133.620000 133.620000 132.000000 0.013448 0 1 0 0
TD13TRACE 2842 133.620000 133.620000 132.000000 0.013709 0 1 0 0
TD13TRACE 2843 133.620000 133.620000 132.000000 0.014283 0 1 0 0
TD13TRACE 2844 133.620000 133.620000 132.000000 0.013425 0 1 0 0
TD13TRACE 2845 133.620000 133.620000 132.000000 0.013711 0 1 0 0
TD13TRACE 2846 133.620000 133.620000 132.000000 0.014640 0 1 0 0
TD13TRACE 2847 133.620000 133.620000 132.000000 0.013353 0 1 0 0
TD13TRACE 2848 133.620000 133.620000 132.000000 0.013650 0 1 0 0
TD13TRACE 2849 133.620000 133.620000 132.000000 0.015007 0 1 0 0
TD13TRACE 2850 133.620000 133.620000 132.000000 0.013249 0 1 0 0
TD13TRACE 2851 133.620000 133.620000 132.000000 0.013685 0 1 0 0
TD13TRACE 2852 133.620000 133.620000 132.000000 0.014193 0 1 0 0
TD13TRACE 2853 133.620000 133.620000 132.000000 0.013781 0 1 0 0
TD13TRACE 2854 133.620000 133.620000 132.000000 0.013984 0 1 0 0
TD13TRACE 2855 133.620000 133.620000 132.000000 0.014651 0 1 0 0
TD13TRACE 2856 133.620000 133.620000 132.000000 0.012956 0 1 0 0
TD13TRACE 2857 133.620000 133.620000 132.000000 0.013592 0 1 0 0
TD13TRACE 2858 133.620000 133.620000 132.000000 0.014788 0 1 0 0
TD13TRACE 2859 133.620000 133.620000 132.000000 0.013333 0 1 0 0
TD13TRACE 2860 133.620000 133.620000 132.000000 0.013487 0 1 0 0
TD13TRACE 2861 133.620000 133.620000 132.000000 0.014851 0 1 0 0
TD13TRACE 2862 133.620000 133.620000 132.000000 0.012845 0 1 0 0
TD13TRACE 2863 133.620000 133.620000 132.000000 0.013827 0 1 0 0
TD13TRACE 2864 133.620000 133.620000 132.000000 0.014815 0 1 0 0
TD13TRACE 2865 133.620000 133.620000 132.000000 0.013409 0 1 0 0
TD13TRACE 2866 133.620000 133.620000 132.000000 0.013957 0 1 0 0
TD13TRACE 2867 133.620000 133.620000 132.000000 0.014694 0 1 0 0
TD13TRACE 2868 133.620000 133.620000 132.000000 0.013155 0 1 0 0
TD13TRACE 2869 133.620000 133.620000 132.000000 0.013574 0 1 0 0
TD13TRACE 2870 133.620000 133.620000 132.000000 0.014587 0 1 0 0
TD13TRACE 2871 133.620000 133.620000 132.000000 0.013148 0 1 0 0
TD13TRACE 2872 133.620000 133.620000 132.000000 0.013796 0 1 0 0
TD13TRACE 2873 133.620000 133.620000 132.000000 0.014732 0 1 0 0
TD13TRACE 2874 133.620000 133.620000 132.000000 0.013461 0 1 0 0
TD13TRACE 2875 133.620000 133.620000 132.000000 0.013797 0 1 0 0
TD13TRACE 2876 133.620000 133.620000 132.000000 0.014280 0 1 0 0
TD13TRACE 2877 133.620000 133.620000 132.000000 0.013287 0 1 0 0
TD13TRACE 2878 133.620000 133.620000 132.000000 0.013642 0 1 0 0
TD13TRACE 2879 133.620000 133.620000 132.000000 0.014660 0 1 0 0
TD13TRACE 2880 133.620000 133.620000 132.000000 0.013671 0 1 0 0
TD13TRACE 2881 133.620000 133.620000 132.000000 0.013779 0 1 0 0
TD13TRACE 2882 133.620000 133.620000 132.000000 0.014647 0 1 0 0
TD13TRACE 2883 133.620000 133.620000 132.000000 0.013210 0 1 0 0
TD13TRACE 2884 133.620000 133.620000 132.000000 0.013857 0 1 0 0
TD13TRACE 2885 133.620000 133.620000 132.000000 0.014462 0 1 0 0
TD13TRACE 2886 133.620000 133.620000 132.000000 0.013194 0 1 0 0
TD13TRACE 2887 133.620000 133.620000 132.000000 0.013638 0 1 0 0
TD13TRACE 2888 133.620000 133.620000 132.000000 0.014754 0 1 0 0
TD13TRACE 2889 133.620000 133.620000 132.000000 0.013260 0 1 0 0
TD13TRACE 2890 133.620000 133.620000 132.000000 0.013520 0 1 0 0
TD13TRACE 2891 133.620000 133.620000 132.000000 0.014557 0 1 0 0
TD13TRACE 2892 133.620000 133.620000 132.000000 0.013417 0 1 0 0
TD13TRACE 2893 133.620000 133.620000 132.000000 0.014212 0 1 0 0
TD13TRACE 2894 133.620000 133.620000 132.000000 0.014068 0 1 0 0
TD13TRACE 2895 133.620000 133.620000 132.000000 0.013415 0 1 0 0
TD13TRACE 2896 133.620000 133.620000 132.000000 0.013754 0 1 0 0
TD13TRACE 2897 133.620000 133.620000 132.000000 0.014529 0 1 0 0
TD13TRACE 2898 133.620000 133.620000 132.000000 0.012822 0 1 0 0
TD13TRACE 2899 133.620000 133.620000 132.000000 0.013865 0 1 0 0
TD13TRACE 2900 133.620000 133.620000 132.000000 0.014818 0 1 0 0
TD13TRACE 2901 133.620000 133.620000 132.000000 0.013300 0 1 0 0
TD13TRACE 2902 133.620000 133.620000 132.000000 0.013882 0 1 0 0
TD13TRACE 2903 133.620000 133.620000 132.000000 0.014432 0 1 0 0
TD13TRACE 2904 133.620000 133.620000 132.000000 0.013498 0 1 0 0
TD13TRACE 2905 133.620000 133.620000 132.000000 0.013480 0 1 0 0
TD13TRACE 2906 133.620000 133.620000 132.000000 0.014495 0 1 0 0
TD13TRACE 2907 133.620000 133.620000 132.000000 0.013357 0 1 0 0
TD13TRACE 2908 133.620000 133.620000 132.000000 0.013804 0 1 0 0
TD13TRACE 2909 133.620000 133.620000 132.000000 0.014337 0 1 0 0
TD13TRACE 2910 133.620000 133.620000 132.000000 0.013890 0 1 0 0
TD13TRACE 2911 133.620000 133.620000 132.000000 0.013556 0 1 0 0
TD13TRACE 2912 133.620000 133.620000 132.000000 0.014823 0 1 0 0
TD13TRACE 2913 133.620000 133.620000 132.000000 0.013062 0 1 0 0
TD13TRACE 2914 133.620000 133.620000 132.000000 0.013922 0 1 0 0
TD13TRACE 2915 133.620000 133.620000 132.000000 0.014666 0 1 0 0
TD13TRACE 2916 133.620000 133.620000 132.000000 0.013392 0 1 0 0
TD13TRACE 2917 133.620000 133.620000 132.000000 0.013642 0 1 0 0
TD13TRACE 2918 133.620000 133.620000 132.000000 0.015103 0 1 0 0
TD13TRACE 2919 133.620000 133.620000 132.000000 0.013353 0 1 0 0
TD13TRACE 2920 133.620000 133.620000 132.000000 0.013390 0 1 0 0
TD13TRACE 2921 133.620000 133.620000 132.000000 0.014558 0 1 0 0
TD13TRACE 2922 133.620000 133.620000 132.000000 0.013382 0 1 0 0
TD13TRACE 2923 133.620000 133.620000 132.000000 0.013710 0 1 0 0
TD13TRACE 2924 133.620000 133.620000 132.000000 0.014779 0 1 0 0
TD13TRACE 2925 133.620000 133.620000 132.000000 0.013426 0 1 0 0
TD13TRACE 2926 133.620000 133.620000 132.000000 0.013682 0 1 0 0
TD13TRACE 2927 133.620000 133.620000 132.000000 0.014724 0 1 0 0
TD13TRACE 2928 133.620000 133.620000 132.000000 0.013142 0 1 0 0
TD13TRACE 2929 133.620000 133.620000 132.000000 0.013109 0 1 0 0
TD13TRACE 2930 133.620000 133.620000 132.000000 0.014888 0 1 0 0
TD13TRACE 2931 133.620000 133.620000 132.000000 0.013148 0 1 0 0
TD13TRACE 2932 133.620000 133.620000 132.000000 0.014164 0 1 0 0
TD13TRACE 2933 133.620000 133.620000 132.000000 0.014640 0 1 0 0
TD13TRACE 2934 133.620000 133.620000 132.000000 0.013243 0 1 0 0
TD13TRACE 2935 133.620000 133.620000 132.000000 0.013686 0 1 0 0
TD13TRACE 2936 133.620000 133.620000 132.000000 0.014772 0 1 0 0
TD13TRACE 2937 133.620000 133.620000 132.000000 0.013002 0 1 0 0
TD13TRACE 2938 133.620000 133.620000 132.000000 0.014201 0 1 0 0
TD13TRACE 2939 133.620000 133.620000 132.000000 0.014688 0 1 0 0
TD13TRACE 2940 133.620000 133.620000 132.000000 0.013296 0 1 0 0
TD13TRACE 2941 133.620000 133.620000 132.000000 0.013781 0 1 0 0
TD13TRACE 2942 133.620000 133.620000 132.000000 0.014574 0 1 0 0
TD13TRACE 2943 133.620000 133.620000 132.000000 0.013311 0 1 0 0
TD13TRACE 2944 133.620000 133.620000 132.000000 0.013661 0 1 0 0
TD13TRACE 2945 133.620000 133.620000 132.000000 0.014672 0 1 0 0
TD13TRACE 2946 133.620000 133.620000 132.000000 0.013349 0 1 0 0
TD13TRACE 2947 133.620000 133.620000 132.000000 0.013437 0 1 0 0
TD13TRACE 2948 133.620000 133.620000 132.000000 0.014318 0 1 0 0
TD13TRACE 2949 133.620000 133.620000 132.000000 0.013878 0 1 0 0
TD13TRACE 2950 133.620000 133.620000 132.000000 0.013765 0 1 0 0
TD13TRACE 2951 133.620000 133.620000 132.000000 0.014545 0 1 0 0
TD13TRACE 2952 133.620000 133.620000 132.000000 0.013090 0 1 0 0
TD13TRACE 2953 133.620000 133.620000 132.000000 0.013747 0 1 0 0
TD13TRACE 2954 133.620000 133.620000 132.000000 0.014925 0 1 0 0
TD13TRACE 2955 133.620000 133.620000 132.000000 0.013003 0 1 0 0
TD13TRACE 2956 133.620000 133.620000 132.000000 0.013744 0 1 0 0
TD13TRACE 2957 133.620000 133.620000 132.000000 0.014885 0 1 0 0
TD13TRACE 2958 133.620000 133.620000 132.000000 0.013245 0 1 0 0
TD13TRACE 2959 133.620000 133.620000 132.000000 0.013352 0 1 0 0
TD13TRACE 2960 133.620000 133.620000 132.000000 0.014738 0 1 0 0
TD13TRACE 2961 133.620000 133.620000 132.000000 0.013340 0 1 0 0
TD13TRACE 2962 133.620000 133.620000 132.000000 0.013748 0 1 0 0
TD13TRACE 2963 133.620000 133.620000 132.000000 0.014427 0 1 0 0
TD13TRACE 2964 133.620000 133.620000 132.000000 0.013783 0 1 0 0
TD13TRACE 2965 133.620000 133.620000 132.000000 0.013702 0 1 0 0
TD13TRACE 2966 133.620000 133.620000 132.000000 0.014795 0 1 0 0
TD13TRACE 2967 133.620000 133.620000 132.000000 0.013189 0 1 0 0
[2026-09-15 06:54:31.821] [info] fps 72.0 | pos (0.50, 132.00, -4.70) | chunks 113 | stream-meshed 104
TD13TRACE 2968 133.620000 133.620000 132.000000 0.013671 0 1 0 0
TD13TRACE 2969 133.620000 133.620000 132.000000 0.014452 0 1 0 0
TD13TRACE 2970 133.620000 133.620000 132.000000 0.013398 0 1 0 0
TD13TRACE 2971 133.620000 133.620000 132.000000 0.013209 0 1 0 0
[2026-09-15 06:54:31.878] [info] autosave: 0 chunk(s) queued for async write, level written (ticks=2197)
TD13TRACE 2972 133.620000 133.620000 132.000000 0.015501 0 1 0 0
TD13TRACE 2973 133.620000 133.620000 132.000000 0.013268 0 1 0 0
TD13TRACE 2974 133.620000 133.620000 132.000000 0.013747 0 1 0 0
TD13TRACE 2975 133.620000 133.620000 132.000000 0.014313 0 1 0 0
TD13TRACE 2976 133.620000 133.620000 132.000000 0.013017 0 1 0 0
TD13TRACE 2977 133.620000 133.620000 132.000000 0.013908 0 1 0 0
TD13TRACE 2978 133.620000 133.620000 132.000000 0.014712 0 1 0 0
TD13TRACE 2979 133.620000 133.620000 132.000000 0.013316 0 1 0 0
TD13TRACE 2980 133.620000 133.620000 132.000000 0.013810 0 1 0 0
TD13TRACE 2981 133.620000 133.620000 132.000000 0.014433 0 1 0 0
TD13TRACE 2982 133.620000 133.620000 132.000000 0.013249 0 1 0 0
TD13TRACE 2983 133.620000 133.620000 132.000000 0.013697 0 1 0 0
TD13TRACE 2984 133.620000 133.620000 132.000000 0.014792 0 1 0 0
TD13TRACE 2985 133.620000 133.620000 132.000000 0.013425 0 1 0 0
TD13TRACE 2986 133.620000 133.620000 132.000000 0.013655 0 1 0 0
TD13TRACE 2987 133.620000 133.620000 132.000000 0.014707 0 1 0 0
TD13TRACE 2988 133.620000 133.620000 132.000000 0.013127 0 1 0 0
TD13TRACE 2989 133.620000 133.620000 132.000000 0.013674 0 1 0 0
TD13TRACE 2990 133.620000 133.620000 132.000000 0.014885 0 1 0 0
TD13TRACE 2991 133.620000 133.620000 132.000000 0.013063 0 1 0 0
TD13TRACE 2992 133.620000 133.620000 132.000000 0.013601 0 1 0 0
TD13TRACE 2993 133.620000 133.620000 132.000000 0.014764 0 1 0 0
TD13TRACE 2994 133.620000 133.620000 132.000000 0.013228 0 1 0 0
TD13TRACE 2995 133.620000 133.620000 132.000000 0.013679 0 1 0 0
TD13TRACE 2996 133.620000 133.620000 132.000000 0.014518 0 1 0 0
TD13TRACE 2997 133.620000 133.620000 132.000000 0.013392 0 1 0 0
TD13TRACE 2998 133.620000 133.620000 132.000000 0.014120 0 1 0 0
TD13TRACE 2999 133.620000 133.620000 132.000000 0.014944 0 1 0 0
TD13TRACE 3000 133.620000 133.620000 132.000000 0.012599 0 1 0 0
TD13TRACE 3001 133.620000 133.620000 132.000000 0.014043 0 1 0 0
TD13TRACE 3002 133.620000 133.620000 132.000000 0.014768 0 1 0 0
TD13TRACE 3003 133.620000 133.620000 132.000000 0.013451 0 1 0 0
TD13TRACE 3004 133.620000 133.620000 132.000000 0.013436 0 1 0 0
TD13TRACE 3005 133.620000 133.620000 132.000000 0.014598 0 1 0 0
TD13TRACE 3006 133.620000 133.620000 132.000000 0.013304 0 1 0 0
TD13TRACE 3007 133.620000 133.620000 132.000000 0.013549 0 1 0 0
TD13TRACE 3008 133.620000 133.620000 132.000000 0.014616 0 1 0 0
TD13TRACE 3009 133.620000 133.620000 132.000000 0.013314 0 1 0 0
TD13TRACE 3010 133.620000 133.620000 132.000000 0.013932 0 1 0 0
TD13TRACE 3011 133.620000 133.620000 132.000000 0.014535 0 1 0 0
TD13TRACE 3012 133.620000 133.620000 132.000000 0.013029 0 1 0 0
TD13TRACE 3013 133.620000 133.620000 132.000000 0.013993 0 1 0 0
TD13TRACE 3014 133.620000 133.620000 132.000000 0.014696 0 1 0 0
TD13TRACE 3015 133.620000 133.620000 132.000000 0.013324 0 1 0 0
TD13TRACE 3016 133.620000 133.620000 132.000000 0.013827 0 1 0 0
TD13TRACE 3017 133.620000 133.620000 132.000000 0.013988 0 1 0 0
TD13TRACE 3018 133.620000 133.620000 132.000000 0.013949 0 1 0 0
TD13TRACE 3019 133.620000 133.620000 132.000000 0.013883 0 1 0 0
TD13TRACE 3020 133.620000 133.620000 132.000000 0.014446 0 1 0 0
TD13TRACE 3021 133.620000 133.620000 132.000000 0.013091 0 1 0 0
TD13TRACE 3022 133.620000 133.620000 132.000000 0.013910 0 1 0 0
TD13TRACE 3023 133.620000 133.620000 132.000000 0.014808 0 1 0 0
TD13TRACE 3024 133.620000 133.620000 132.000000 0.013305 0 1 0 0
TD13TRACE 3025 133.620000 133.620000 132.000000 0.013354 0 1 0 0
TD13TRACE 3026 133.620000 133.620000 132.000000 0.014458 0 1 0 0
TD13TRACE 3027 133.620000 133.620000 132.000000 0.013571 0 1 0 0
TD13TRACE 3028 133.620000 133.620000 132.000000 0.013673 0 1 0 0
TD13TRACE 3029 133.620000 133.620000 132.000000 0.015043 0 1 0 0
TD13TRACE 3030 133.620000 133.620000 132.000000 0.012538 0 1 0 0
TD13TRACE 3031 133.620000 133.620000 132.000000 0.014129 0 1 0 0
TD13TRACE 3032 133.620000 133.620000 132.000000 0.014489 0 1 0 0
TD13TRACE 3033 133.620000 133.620000 132.000000 0.013669 0 1 0 0
TD13TRACE 3034 133.620000 133.620000 132.000000 0.013132 0 1 0 0
TD13TRACE 3035 133.620000 133.620000 132.000000 0.014594 0 1 0 0
TD13TRACE 3036 133.620000 133.620000 132.000000 0.014069 0 1 0 0
TD13TRACE 3037 133.620000 133.620000 132.000000 0.013589 0 1 0 0
TD13TRACE 3038 133.620000 133.620000 132.000000 0.014536 0 1 0 0
TD13TRACE 3039 133.620000 133.620000 132.000000 0.012836 0 1 0 0
TD13TRACE 3040 133.620000 133.620000 132.000000 0.014299 0 1 0 0
TD13TRACE 3041 133.620000 133.620000 132.000000 0.014536 0 1 0 0
TD13TRACE 3042 133.620000 133.620000 132.000000 0.013322 0 1 0 0
TD13TRACE 3043 133.620000 133.620000 132.000000 0.013715 0 1 0 0
TD13TRACE 3044 133.620000 133.620000 132.000000 0.014547 0 1 0 0
TD13TRACE 3045 133.620000 133.620000 132.000000 0.013181 0 1 0 0
TD13TRACE 3046 133.620000 133.620000 132.000000 0.013727 0 1 0 0
TD13TRACE 3047 133.620000 133.620000 132.000000 0.014824 0 1 0 0
TD13TRACE 3048 133.620000 133.620000 132.000000 0.013387 0 1 0 0
TD13TRACE 3049 133.620000 133.620000 132.000000 0.013700 0 1 0 0
TD13TRACE 3050 133.620000 133.620000 132.000000 0.014809 0 1 0 0
TD13TRACE 3051 133.620000 133.620000 132.000000 0.013196 0 1 0 0
TD13TRACE 3052 133.620000 133.620000 132.000000 0.013277 0 1 0 0
TD13TRACE 3053 133.620000 133.620000 132.000000 0.015216 0 1 0 0
TD13TRACE 3054 133.620000 133.620000 132.000000 0.013578 0 1 0 0
TD13TRACE 3055 133.620000 133.620000 132.000000 0.013555 0 1 0 0
TD13TRACE 3056 133.620000 133.620000 132.000000 0.014745 0 1 0 0
TD13TRACE 3057 133.620000 133.620000 132.000000 0.012885 0 1 0 0
TD13TRACE 3058 133.620000 133.620000 132.000000 0.013603 0 1 0 0
TD13TRACE 3059 133.620000 133.620000 132.000000 0.014938 0 1 0 0
TD13TRACE 3060 133.620000 133.620000 132.000000 0.013295 0 1 0 0
TD13TRACE 3061 133.620000 133.620000 132.000000 0.013619 0 1 0 0
TD13TRACE 3062 133.620000 133.620000 132.000000 0.014617 0 1 0 0
TD13TRACE 3063 133.620000 133.620000 132.000000 0.013434 0 1 0 0
TD13TRACE 3064 133.620000 133.620000 132.000000 0.013990 0 1 0 0
TD13TRACE 3065 133.620000 133.620000 132.000000 0.014251 0 1 0 0
TD13TRACE 3066 133.620000 133.620000 132.000000 0.013235 0 1 0 0
TD13TRACE 3067 133.620000 133.620000 132.000000 0.013587 0 1 0 0
TD13TRACE 3068 133.620000 133.620000 132.000000 0.014954 0 1 0 0
TD13TRACE 3069 133.620000 133.620000 132.000000 0.013263 0 1 0 0
TD13TRACE 3070 133.620000 133.620000 132.000000 0.013546 0 1 0 0
TD13TRACE 3071 133.620000 133.620000 132.000000 0.015166 0 1 0 0
TD13TRACE 3072 133.620000 133.620000 132.000000 0.012650 0 1 0 0
TD13TRACE 3073 133.620000 133.620000 132.000000 0.013557 0 1 0 0
TD13TRACE 3074 133.620000 133.620000 132.000000 0.014629 0 1 0 0
TD13TRACE 3075 133.620000 133.620000 132.000000 0.013499 0 1 0 0
TD13TRACE 3076 133.620000 133.620000 132.000000 0.014066 0 1 0 0
TD13TRACE 3077 133.620000 133.620000 132.000000 0.014538 0 1 0 0
TD13TRACE 3078 133.620000 133.620000 132.000000 0.013327 0 1 0 0
TD13TRACE 3079 133.620000 133.620000 132.000000 0.013786 0 1 0 0
TD13TRACE 3080 133.620000 133.620000 132.000000 0.014592 0 1 0 0
TD13TRACE 3081 133.620000 133.620000 132.000000 0.013020 0 1 0 0
TD13TRACE 3082 133.620000 133.620000 132.000000 0.013875 0 1 0 0
TD13TRACE 3083 133.620000 133.620000 132.000000 0.014681 0 1 0 0
TD13TRACE 3084 133.620000 133.620000 132.000000 0.013328 0 1 0 0
TD13TRACE 3085 133.620000 133.620000 132.000000 0.013694 0 1 0 0
TD13TRACE 3086 133.620000 133.620000 132.000000 0.014652 0 1 0 0
TD13TRACE 3087 133.620000 133.620000 132.000000 0.013380 0 1 0 0
TD13TRACE 3088 133.620000 133.620000 132.000000 0.013626 0 1 0 0
TD13TRACE 3089 133.620000 133.620000 132.000000 0.014647 0 1 0 0
TD13TRACE 3090 133.620000 133.620000 132.000000 0.013493 0 1 0 0
TD13TRACE 3091 133.620000 133.620000 132.000000 0.013006 0 1 0 0
TD13TRACE 3092 133.620000 133.620000 132.000000 0.014817 0 1 0 0
TD13TRACE 3093 133.620000 133.620000 132.000000 0.013400 0 1 0 0
TD13TRACE 3094 133.620000 133.620000 132.000000 0.013792 0 1 0 0
TD13TRACE 3095 133.620000 133.620000 132.000000 0.014663 0 1 0 0
TD13TRACE 3096 133.620000 133.620000 132.000000 0.013525 0 1 0 0
TD13TRACE 3097 133.620000 133.620000 132.000000 0.013740 0 1 0 0
TD13TRACE 3098 133.620000 133.620000 132.000000 0.014155 0 1 0 0
TD13TRACE 3099 133.620000 133.620000 132.000000 0.013510 0 1 0 0
TD13TRACE 3100 133.620000 133.620000 132.000000 0.013918 0 1 0 0
TD13TRACE 3101 133.620000 133.620000 132.000000 0.014593 0 1 0 0
TD13TRACE 3102 133.620000 133.620000 132.000000 0.013640 0 1 0 0
TD13TRACE 3103 133.620000 133.620000 132.000000 0.013194 0 1 0 0
TD13TRACE 3104 133.620000 133.620000 132.000000 0.014764 0 1 0 0
TD13TRACE 3105 133.620000 133.620000 132.000000 0.013578 0 1 0 0
TD13TRACE 3106 133.620000 133.620000 132.000000 0.013316 0 1 0 0
TD13TRACE 3107 133.620000 133.620000 132.000000 0.014654 0 1 0 0
TD13TRACE 3108 133.620000 133.620000 132.000000 0.013668 0 1 0 0
TD13TRACE 3109 133.620000 133.620000 132.000000 0.013201 0 1 0 0
TD13TRACE 3110 133.620000 133.620000 132.000000 0.015104 0 1 0 0
TD13TRACE 3111 133.620000 133.620000 132.000000 0.013442 0 1 0 0
[2026-09-15 06:54:33.821] [info] fps 72.0 | pos (0.50, 132.00, -4.70) | chunks 113 | stream-meshed 104
TD13TRACE 3112 133.620000 133.620000 132.000000 0.013630 0 1 0 0
TD13TRACE 3113 133.620000 133.620000 132.000000 0.014736 0 1 0 0
TD13TRACE 3114 133.620000 133.620000 132.000000 0.013238 0 1 0 0
TD13TRACE 3115 133.620000 133.620000 132.000000 0.013253 0 1 0 0
TD13TRACE 3116 133.620000 133.620000 132.000000 0.014403 0 1 0 0
TD13TRACE 3117 133.620000 133.620000 132.000000 0.013595 0 1 0 0
TD13TRACE 3118 133.620000 133.620000 132.000000 0.014221 0 1 0 0
TD13TRACE 3119 133.620000 133.620000 132.000000 0.014451 0 1 0 0
TD13TRACE 3120 133.620000 133.620000 132.000000 0.013413 0 1 0 0
TD13TRACE 3121 133.620000 133.620000 132.000000 0.013696 0 1 0 0
TD13TRACE 3122 133.620000 133.620000 132.000000 0.014400 0 1 0 0
TD13TRACE 3123 133.620000 133.620000 132.000000 0.013225 0 1 0 0
TD13TRACE 3124 133.620000 133.620000 132.000000 0.013878 0 1 0 0
TD13TRACE 3125 133.620000 133.620000 132.000000 0.014427 0 1 0 0
TD13TRACE 3126 133.620000 133.620000 132.000000 0.013403 0 1 0 0
TD13TRACE 3127 133.620000 133.620000 132.000000 0.013968 0 1 0 0
TD13TRACE 3128 133.620000 133.620000 132.000000 0.014683 0 1 0 0
TD13TRACE 3129 133.620000 133.620000 132.000000 0.013025 0 1 0 0
TD13TRACE 3130 133.620000 133.620000 132.000000 0.013732 0 1 0 0
TD13TRACE 3131 133.620000 133.620000 132.000000 0.015034 0 1 0 0
TD13TRACE 3132 133.620000 133.620000 132.000000 0.013252 0 1 0 0
TD13TRACE 3133 133.620000 133.620000 132.000000 0.013605 0 1 0 0
TD13TRACE 3134 133.620000 133.620000 132.000000 0.014690 0 1 0 0
TD13TRACE 3135 133.620000 133.620000 132.000000 0.013361 0 1 0 0
TD13TRACE 3136 133.620000 133.620000 132.000000 0.013612 0 1 0 0
TD13TRACE 3137 133.620000 133.620000 132.000000 0.014645 0 1 0 0
TD13TRACE 3138 133.620000 133.620000 132.000000 0.012658 0 1 0 0
TD13TRACE 3139 133.620000 133.620000 132.000000 0.014090 0 1 0 0
TD13TRACE 3140 133.620000 133.620000 132.000000 0.014927 0 1 0 0
TD13TRACE 3141 133.620000 133.620000 132.000000 0.013374 0 1 0 0
TD13TRACE 3142 133.620000 133.620000 132.000000 0.013361 0 1 0 0
TD13TRACE 3143 133.620000 133.620000 132.000000 0.015362 0 1 0 0
TD13TRACE 3144 133.620000 133.620000 132.000000 0.013055 0 1 0 0
TD13TRACE 3145 133.620000 133.620000 132.000000 0.013518 0 1 0 0
TD13TRACE 3146 133.620000 133.620000 132.000000 0.014526 0 1 0 0
TD13TRACE 3147 133.620000 133.620000 132.000000 0.013385 0 1 0 0
TD13TRACE 3148 133.620000 133.620000 132.000000 0.013507 0 1 0 0
TD13TRACE 3149 133.620000 133.620000 132.000000 0.014437 0 1 0 0
TD13TRACE 3150 133.620000 133.620000 132.000000 0.013586 0 1 0 0
TD13TRACE 3151 133.620000 133.620000 132.000000 0.013598 0 1 0 0
TD13TRACE 3152 133.620000 133.620000 132.000000 0.014624 0 1 0 0
TD13TRACE 3153 133.620000 133.620000 132.000000 0.013134 0 1 0 0
TD13TRACE 3154 133.620000 133.620000 132.000000 0.013599 0 1 0 0
TD13TRACE 3155 133.620000 133.620000 132.000000 0.014773 0 1 0 0
TD13TRACE 3156 133.620000 133.620000 132.000000 0.013420 0 1 0 0
TD13TRACE 3157 133.620000 133.620000 132.000000 0.013617 0 1 0 0
TD13TRACE 3158 133.620000 133.620000 132.000000 0.014443 0 1 0 0
TD13TRACE 3159 133.620000 133.620000 132.000000 0.013393 0 1 0 0
TD13TRACE 3160 133.620000 133.620000 132.000000 0.013985 0 1 0 0
TD13TRACE 3161 133.620000 133.620000 132.000000 0.014468 0 1 0 0
TD13TRACE 3162 133.620000 133.620000 132.000000 0.013138 0 1 0 0
TD13TRACE 3163 133.620000 133.620000 132.000000 0.013856 0 1 0 0
TD13TRACE 3164 133.620000 133.620000 132.000000 0.014368 0 1 0 0
TD13TRACE 3165 133.620000 133.620000 132.000000 0.013467 0 1 0 0
TD13TRACE 3166 133.620000 133.620000 132.000000 0.013890 0 1 0 0
TD13TRACE 3167 133.620000 133.620000 132.000000 0.014712 0 1 0 0
TD13TRACE 3168 133.620000 133.620000 132.000000 0.013383 0 1 0 0
TD13TRACE 3169 133.620000 133.620000 132.000000 0.013738 0 1 0 0
TD13TRACE 3170 133.620000 133.620000 132.000000 0.014621 0 1 0 0
TD13TRACE 3171 133.620000 133.620000 132.000000 0.013338 0 1 0 0
TD13TRACE 3172 133.620000 133.620000 132.000000 0.013651 0 1 0 0
TD13TRACE 3173 133.620000 133.620000 132.000000 0.014722 0 1 0 0
TD13TRACE 3174 133.620000 133.620000 132.000000 0.013391 0 1 0 0
TD13TRACE 3175 133.620000 133.620000 132.000000 0.013767 0 1 0 0
TD13TRACE 3176 133.620000 133.620000 132.000000 0.014494 0 1 0 0
TD13TRACE 3177 133.620000 133.620000 132.000000 0.013392 0 1 0 0
TD13TRACE 3178 133.620000 133.620000 132.000000 0.013613 0 1 0 0
TD13TRACE 3179 133.620000 133.620000 132.000000 0.014660 0 1 0 0
TD13TRACE 3180 133.620000 133.620000 132.000000 0.013362 0 1 0 0
TD13TRACE 3181 133.620000 133.620000 132.000000 0.013635 0 1 0 0
TD13TRACE 3182 133.620000 133.620000 132.000000 0.015079 0 1 0 0
TD13TRACE 3183 133.620000 133.620000 132.000000 0.013211 0 1 0 0
TD13TRACE 3184 133.620000 133.620000 132.000000 0.013735 0 1 0 0
TD13TRACE 3185 133.620000 133.620000 132.000000 0.014442 0 1 0 0
TD13TRACE 3186 133.620000 133.620000 132.000000 0.013195 0 1 0 0
TD13TRACE 3187 133.620000 133.620000 132.000000 0.013720 0 1 0 0
TD13TRACE 3188 133.620000 133.620000 132.000000 0.014699 0 1 0 0
TD13TRACE 3189 133.620000 133.620000 132.000000 0.013267 0 1 0 0
TD13TRACE 3190 133.620000 133.620000 132.000000 0.014004 0 1 0 0
TD13TRACE 3191 133.620000 133.620000 132.000000 0.014387 0 1 0 0
TD13TRACE 3192 133.620000 133.620000 132.000000 0.013512 0 1 0 0
TD13TRACE 3193 133.620000 133.620000 132.000000 0.013751 0 1 0 0
TD13TRACE 3194 133.620000 133.620000 132.000000 0.014540 0 1 0 0
TD13TRACE 3195 133.620000 133.620000 132.000000 0.013574 0 1 0 0
TD13TRACE 3196 133.620000 133.620000 132.000000 0.013526 0 1 0 0
TD13TRACE 3197 133.620000 133.620000 132.000000 0.014139 0 1 0 0
TD13TRACE 3198 133.620000 133.620000 132.000000 0.013555 0 1 0 0
TD13TRACE 3199 133.620000 133.620000 132.000000 0.014071 0 1 0 0
TD13TRACE 3200 133.620000 133.620000 132.000000 0.014466 0 1 0 0
TD13TRACE 3201 133.620000 133.620000 132.000000 0.013521 0 1 0 0
TD13TRACE 3202 133.620000 133.620000 132.000000 0.013603 0 1 0 0
TD13TRACE 3203 133.620000 133.620000 132.000000 0.014466 0 1 0 0
TD13TRACE 3204 133.620000 133.620000 132.000000 0.013406 0 1 0 0
TD13TRACE 3205 133.620000 133.620000 132.000000 0.013605 0 1 0 0
TD13TRACE 3206 133.620000 133.620000 132.000000 0.014449 0 1 0 0
TD13TRACE 3207 133.620000 133.620000 132.000000 0.013357 0 1 0 0
TD13TRACE 3208 133.620000 133.620000 132.000000 0.013803 0 1 0 0
TD13TRACE 3209 133.620000 133.620000 132.000000 0.014842 0 1 0 0
TD13TRACE 3210 133.620000 133.620000 132.000000 0.013001 0 1 0 0
TD13TRACE 3211 133.620000 133.620000 132.000000 0.013978 0 1 0 0
TD13TRACE 3212 133.620000 133.620000 132.000000 0.014590 0 1 0 0
TD13TRACE 3213 133.620000 133.620000 132.000000 0.012873 0 1 0 0
TD13TRACE 3214 133.620000 133.620000 132.000000 0.014060 0 1 0 0
TD13TRACE 3215 133.620000 133.620000 132.000000 0.014368 0 1 0 0
TD13TRACE 3216 133.620000 133.620000 132.000000 0.014028 0 1 0 0
TD13TRACE 3217 133.620000 133.620000 132.000000 0.013455 0 1 0 0
TD13TRACE 3218 133.620000 133.620000 132.000000 0.014654 0 1 0 0
TD13TRACE 3219 133.620000 133.620000 132.000000 0.013401 0 1 0 0
TD13TRACE 3220 133.620000 133.620000 132.000000 0.013195 0 1 0 0
TD13TRACE 3221 133.620000 133.620000 132.000000 0.015024 0 1 0 0
TD13TRACE 3222 133.620000 133.620000 132.000000 0.013157 0 1 0 0
TD13TRACE 3223 133.620000 133.620000 132.000000 0.013687 0 1 0 0
TD13TRACE 3224 133.620000 133.620000 132.000000 0.014232 0 1 0 0
TD13TRACE 3225 133.620000 133.620000 132.000000 0.013787 0 1 0 0
TD13TRACE 3226 133.620000 133.620000 132.000000 0.014002 0 1 0 0
TD13TRACE 3227 133.620000 133.620000 132.000000 0.014307 0 1 0 0
TD13TRACE 3228 133.620000 133.620000 132.000000 0.013525 0 1 0 0
TD13TRACE 3229 133.620000 133.620000 132.000000 0.013515 0 1 0 0
TD13TRACE 3230 133.620000 133.620000 132.000000 0.014755 0 1 0 0
TD13TRACE 3231 133.620000 133.620000 132.000000 0.013262 0 1 0 0
TD13TRACE 3232 133.620000 133.620000 132.000000 0.013784 0 1 0 0
TD13TRACE 3233 133.620000 133.620000 132.000000 0.014092 0 1 0 0
TD13TRACE 3234 133.620000 133.620000 132.000000 0.014121 0 1 0 0
TD13TRACE 3235 133.620000 133.620000 132.000000 0.013663 0 1 0 0
TD13TRACE 3236 133.620000 133.620000 132.000000 0.014467 0 1 0 0
TD13TRACE 3237 133.620000 133.620000 132.000000 0.013042 0 1 0 0
TD13TRACE 3238 133.620000 133.620000 132.000000 0.013858 0 1 0 0
TD13TRACE 3239 133.620000 133.620000 132.000000 0.014493 0 1 0 0
TD13TRACE 3240 133.620000 133.620000 132.000000 0.013341 0 1 0 0
TD13TRACE 3241 133.620000 133.620000 132.000000 0.013737 0 1 0 0
TD13TRACE 3242 133.620000 133.620000 132.000000 0.014579 0 1 0 0
TD13TRACE 3243 133.620000 133.620000 132.000000 0.013334 0 1 0 0
TD13TRACE 3244 133.620000 133.620000 132.000000 0.013772 0 1 0 0
TD13TRACE 3245 133.620000 133.620000 132.000000 0.014800 0 1 0 0
TD13TRACE 3246 133.620000 133.620000 132.000000 0.012976 0 1 0 0
TD13TRACE 3247 133.620000 133.620000 132.000000 0.013972 0 1 0 0
TD13TRACE 3248 133.620000 133.620000 132.000000 0.014519 0 1 0 0
TD13TRACE 3249 133.620000 133.620000 132.000000 0.013298 0 1 0 0
TD13TRACE 3250 133.620000 133.620000 132.000000 0.013764 0 1 0 0
TD13TRACE 3251 133.620000 133.620000 132.000000 0.014582 0 1 0 0
TD13TRACE 3252 133.620000 133.620000 132.000000 0.013738 0 1 0 0
TD13TRACE 3253 133.620000 133.620000 132.000000 0.013650 0 1 0 0
TD13TRACE 3254 133.620000 133.620000 132.000000 0.014363 0 1 0 0
TD13TRACE 3255 133.620000 133.620000 132.000000 0.013068 0 1 0 0
TD13TRACE 3256 133.620000 133.620000 132.000000 0.013789 0 1 0 0
[2026-09-15 06:54:35.836] [info] fps 72.0 | pos (0.50, 132.00, -4.70) | chunks 113 | stream-meshed 104
TD13TRACE 3257 133.620000 133.620000 132.000000 0.015026 0 1 0 0
TD13TRACE 3258 133.620000 133.620000 132.000000 0.013207 0 1 0 0
TD13TRACE 3259 133.620000 133.620000 132.000000 0.013536 0 1 0 0
TD13TRACE 3260 133.620000 133.620000 132.000000 0.014663 0 1 0 0
TD13TRACE 3261 133.620000 133.620000 132.000000 0.013401 0 1 0 0
TD13TRACE 3262 133.620000 133.620000 132.000000 0.013735 0 1 0 0
TD13TRACE 3263 133.620000 133.620000 132.000000 0.014621 0 1 0 0
TD13TRACE 3264 133.620000 133.620000 132.000000 0.012963 0 1 0 0
TD13TRACE 3265 133.620000 133.620000 132.000000 0.013893 0 1 0 0
TD13TRACE 3266 133.620000 133.620000 132.000000 0.014926 0 1 0 0
TD13TRACE 3267 133.620000 133.620000 132.000000 0.013192 0 1 0 0
TD13TRACE 3268 133.620000 133.620000 132.000000 0.013942 0 1 0 0
TD13TRACE 3269 133.620000 133.620000 132.000000 0.014596 0 1 0 0
TD13TRACE 3270 133.620000 133.620000 132.000000 0.013046 0 1 0 0
TD13TRACE 3271 133.620000 133.620000 132.000000 0.013440 0 1 0 0
TD13TRACE 3272 133.620000 133.620000 132.000000 0.014747 0 1 0 0
TD13TRACE 3273 133.620000 133.620000 132.000000 0.013852 0 1 0 0
TD13TRACE 3274 133.620000 133.620000 132.000000 0.013710 0 1 0 0
TD13TRACE 3275 133.620000 133.620000 132.000000 0.014545 0 1 0 0
TD13TRACE 3276 133.620000 133.620000 132.000000 0.012806 0 1 0 0
TD13TRACE 3277 133.620000 133.620000 132.000000 0.013911 0 1 0 0
TD13TRACE 3278 133.620000 133.620000 132.000000 0.014927 0 1 0 0
TD13TRACE 3279 133.620000 133.620000 132.000000 0.013362 0 1 0 0
TD13TRACE 3280 133.620000 133.620000 132.000000 0.013516 0 1 0 0
TD13TRACE 3281 133.620000 133.620000 132.000000 0.014510 0 1 0 0
TD13TRACE 3282 133.620000 133.620000 132.000000 0.013120 0 1 0 0
TD13TRACE 3283 133.620000 133.620000 132.000000 0.013998 0 1 0 0
TD13TRACE 3284 133.620000 133.620000 132.000000 0.014773 0 1 0 0
TD13TRACE 3285 133.620000 133.620000 132.000000 0.013411 0 1 0 0
TD13TRACE 3286 133.620000 133.620000 132.000000 0.013464 0 1 0 0
TD13TRACE 3287 133.620000 133.620000 132.000000 0.015254 0 1 0 0
TD13TRACE 3288 133.620000 133.620000 132.000000 0.012854 0 1 0 0
TD13TRACE 3289 133.620000 133.620000 132.000000 0.013503 0 1 0 0
TD13TRACE 3290 133.620000 133.620000 132.000000 0.015285 0 1 0 0
TD13TRACE 3291 133.620000 133.620000 132.000000 0.012786 0 1 0 0
TD13TRACE 3292 133.620000 133.620000 132.000000 0.013422 0 1 0 0
TD13TRACE 3293 133.620000 133.620000 132.000000 0.015064 0 1 0 0
TD13TRACE 3294 133.620000 133.620000 132.000000 0.013866 0 1 0 0
TD13TRACE 3295 133.620000 133.620000 132.000000 0.013248 0 1 0 0
TD13TRACE 3296 133.620000 133.620000 132.000000 0.014605 0 1 0 0
TD13TRACE 3297 133.620000 133.620000 132.000000 0.012909 0 1 0 0
TD13TRACE 3298 133.620000 133.620000 132.000000 0.013942 0 1 0 0
TD13TRACE 3299 133.620000 133.620000 132.000000 0.014620 0 1 0 0
TD13TRACE 3300 133.620000 133.620000 132.000000 0.013617 0 1 0 0
TD13TRACE 3301 133.620000 133.620000 132.000000 0.014024 0 1 0 0
TD13TRACE 3302 133.620000 133.620000 132.000000 0.013941 0 1 0 0
TD13TRACE 3303 133.620000 133.620000 132.000000 0.013281 0 1 0 0
TD13TRACE 3304 133.620000 133.620000 132.000000 0.013940 0 1 0 0
TD13TRACE 3305 133.620000 133.620000 132.000000 0.014362 0 1 0 0
TD13TRACE 3306 133.620000 133.620000 132.000000 0.013102 0 1 0 0
TD13TRACE 3307 133.620000 133.620000 132.000000 0.014298 0 1 0 0
TD13TRACE 3308 133.620000 133.620000 132.000000 0.014696 0 1 0 0
TD13TRACE 3309 133.620000 133.620000 132.000000 0.012990 0 1 0 0
TD13TRACE 3310 133.620000 133.620000 132.000000 0.013658 0 1 0 0
TD13TRACE 3311 133.620000 133.620000 132.000000 0.014602 0 1 0 0
TD13TRACE 3312 133.620000 133.620000 132.000000 0.013568 0 1 0 0
TD13TRACE 3313 133.620000 133.620000 132.000000 0.013786 0 1 0 0
TD13TRACE 3314 133.620000 133.620000 132.000000 0.014717 0 1 0 0
TD13TRACE 3315 133.620000 133.620000 132.000000 0.013065 0 1 0 0
TD13TRACE 3316 133.620000 133.620000 132.000000 0.013773 0 1 0 0
TD13TRACE 3317 133.620000 133.620000 132.000000 0.014444 0 1 0 0
TD13TRACE 3318 133.620000 133.620000 132.000000 0.013338 0 1 0 0
TD13TRACE 3319 133.620000 133.620000 132.000000 0.013814 0 1 0 0
TD13TRACE 3320 133.620000 133.620000 132.000000 0.015017 0 1 0 0
TD13TRACE 3321 133.620000 133.620000 132.000000 0.013018 0 1 0 0
TD13TRACE 3322 133.620000 133.620000 132.000000 0.013555 0 1 0 0
TD13TRACE 3323 133.620000 133.620000 132.000000 0.014419 0 1 0 0
TD13TRACE 3324 133.620000 133.620000 132.000000 0.013096 0 1 0 0
TD13TRACE 3325 133.620000 133.620000 132.000000 0.013893 0 1 0 0
TD13TRACE 3326 133.620000 133.620000 132.000000 0.014820 0 1 0 0
TD13TRACE 3327 133.620000 133.620000 132.000000 0.013069 0 1 0 0
TD13TRACE 3328 133.620000 133.620000 132.000000 0.013794 0 1 0 0
TD13TRACE 3329 133.620000 133.620000 132.000000 0.014452 0 1 0 0
TD13TRACE 3330 133.620000 133.620000 132.000000 0.013290 0 1 0 0
TD13TRACE 3331 133.620000 133.620000 132.000000 0.013891 0 1 0 0
TD13TRACE 3332 133.620000 133.620000 132.000000 0.014738 0 1 0 0
TD13TRACE 3333 133.620000 133.620000 132.000000 0.013096 0 1 0 0
TD13TRACE 3334 133.620000 133.620000 132.000000 0.013946 0 1 0 0
TD13TRACE 3335 133.620000 133.620000 132.000000 0.014587 0 1 0 0
TD13TRACE 3336 133.620000 133.620000 132.000000 0.013074 0 1 0 0
TD13TRACE 3337 133.620000 133.620000 132.000000 0.013852 0 1 0 0
TD13TRACE 3338 133.620000 133.620000 132.000000 0.015000 0 1 0 0
TD13TRACE 3339 133.620000 133.620000 132.000000 0.013032 0 1 0 0
TD13TRACE 3340 133.620000 133.620000 132.000000 0.013864 0 1 0 0
TD13TRACE 3341 133.620000 133.620000 132.000000 0.014592 0 1 0 0
TD13TRACE 3342 133.620000 133.620000 132.000000 0.013200 0 1 0 0
TD13TRACE 3343 133.620000 133.620000 132.000000 0.013803 0 1 0 0
TD13TRACE 3344 133.620000 133.620000 132.000000 0.014586 0 1 0 0
TD13TRACE 3345 133.620000 133.620000 132.000000 0.013332 0 1 0 0
TD13TRACE 3346 133.620000 133.620000 132.000000 0.013741 0 1 0 0
TD13TRACE 3347 133.620000 133.620000 132.000000 0.014527 0 1 0 0
TD13TRACE 3348 133.620000 133.620000 132.000000 0.013243 0 1 0 0
TD13TRACE 3349 133.620000 133.620000 132.000000 0.013520 0 1 0 0
TD13TRACE 3350 133.620000 133.620000 132.000000 0.014983 0 1 0 0
TD13TRACE 3351 133.620000 133.620000 132.000000 0.012979 0 1 0 0
TD13TRACE 3352 133.620000 133.620000 132.000000 0.013775 0 1 0 0
TD13TRACE 3353 133.620000 133.620000 132.000000 0.014844 0 1 0 0
TD13TRACE 3354 133.620000 133.620000 132.000000 0.012938 0 1 0 0
TD13TRACE 3355 133.620000 133.620000 132.000000 0.014459 0 1 0 0
TD13TRACE 3356 133.620000 133.620000 132.000000 0.014174 0 1 0 0
TD13TRACE 3357 133.620000 133.620000 132.000000 0.013492 0 1 0 0
TD13TRACE 3358 133.620000 133.620000 132.000000 0.014098 0 1 0 0
TD13TRACE 3359 133.620000 133.620000 132.000000 0.014406 0 1 0 0
TD13TRACE 3360 133.620000 133.620000 132.000000 0.013186 0 1 0 0
TD13TRACE 3361 133.620000 133.620000 132.000000 0.013961 0 1 0 0
TD13TRACE 3362 133.620000 133.620000 132.000000 0.015066 0 1 0 0
TD13TRACE 3363 133.620000 133.620000 132.000000 0.012995 0 1 0 0
TD13TRACE 3364 133.620000 133.620000 132.000000 0.013685 0 1 0 0
TD13TRACE 3365 133.620000 133.620000 132.000000 0.014398 0 1 0 0
TD13TRACE 3366 133.620000 133.620000 132.000000 0.013558 0 1 0 0
TD13TRACE 3367 133.620000 133.620000 132.000000 0.013663 0 1 0 0
TD13TRACE 3368 133.620000 133.620000 132.000000 0.014722 0 1 0 0
TD13TRACE 3369 133.620000 133.620000 132.000000 0.012884 0 1 0 0
TD13TRACE 3370 133.620000 133.620000 132.000000 0.013972 0 1 0 0
TD13TRACE 3371 133.620000 133.620000 132.000000 0.014282 0 1 0 0
TD13TRACE 3372 133.620000 133.620000 132.000000 0.013664 0 1 0 0
TD13TRACE 3373 133.620000 133.620000 132.000000 0.013745 0 1 0 0
TD13TRACE 3374 133.620000 133.620000 132.000000 0.014714 0 1 0 0
TD13TRACE 3375 133.620000 133.620000 132.000000 0.013753 0 1 0 0
TD13TRACE 3376 133.620000 133.620000 132.000000 0.013792 0 1 0 0
TD13TRACE 3377 133.620000 133.620000 132.000000 0.014130 0 1 0 0
TD13TRACE 3378 133.620000 133.620000 132.000000 0.013419 0 1 0 0
TD13TRACE 3379 133.620000 133.620000 132.000000 0.013884 0 1 0 0
TD13TRACE 3380 133.620000 133.620000 132.000000 0.014107 0 1 0 0
TD13TRACE 3381 133.620000 133.620000 132.000000 0.013193 0 1 0 0
TD13TRACE 3382 133.620000 133.620000 132.000000 0.013874 0 1 0 0
TD13TRACE 3383 133.620000 133.620000 132.000000 0.014810 0 1 0 0
TD13TRACE 3384 133.620000 133.620000 132.000000 0.012710 0 1 0 0
TD13TRACE 3385 133.620000 133.620000 132.000000 0.013957 0 1 0 0
TD13TRACE 3386 133.620000 133.620000 132.000000 0.014486 0 1 0 0
TD13TRACE 3387 133.620000 133.620000 132.000000 0.013509 0 1 0 0
TD13TRACE 3388 133.620000 133.620000 132.000000 0.013670 0 1 0 0
TD13TRACE 3389 133.620000 133.620000 132.000000 0.014757 0 1 0 0
TD13TRACE 3390 133.620000 133.620000 132.000000 0.012932 0 1 0 0
TD13TRACE 3391 133.620000 133.620000 132.000000 0.013837 0 1 0 0
TD13TRACE 3392 133.620000 133.620000 132.000000 0.014622 0 1 0 0
TD13TRACE 3393 133.620000 133.620000 132.000000 0.013264 0 1 0 0
TD13TRACE 3394 133.620000 133.620000 132.000000 0.013643 0 1 0 0
TD13TRACE 3395 133.620000 133.620000 132.000000 0.014683 0 1 0 0
TD13TRACE 3396 133.620000 133.620000 132.000000 0.013978 0 1 0 0
TD13TRACE 3397 133.620000 133.620000 132.000000 0.013392 0 1 0 0
TD13TRACE 3398 133.620000 133.620000 132.000000 0.014986 0 1 0 0
TD13TRACE 3399 133.620000 133.620000 132.000000 0.013137 0 1 0 0
TD13TRACE 3400 133.620000 133.620000 132.000000 0.013634 0 1 0 0
[2026-09-15 06:54:37.836] [info] fps 72.0 | pos (0.50, 132.00, -4.70) | chunks 113 | stream-meshed 104
TD13TRACE 3401 133.620000 133.620000 132.000000 0.014660 0 1 0 0
TD13TRACE 3402 133.620000 133.620000 132.000000 0.013346 0 1 0 0
TD13TRACE 3403 133.620000 133.620000 132.000000 0.013724 0 1 0 0
TD13TRACE 3404 133.620000 133.620000 132.000000 0.014689 0 1 0 0
TD13TRACE 3405 133.620000 133.620000 132.000000 0.013207 0 1 0 0
TD13TRACE 3406 133.620000 133.620000 132.000000 0.013781 0 1 0 0
TD13TRACE 3407 133.620000 133.620000 132.000000 0.014663 0 1 0 0
TD13TRACE 3408 133.620000 133.620000 132.000000 0.013143 0 1 0 0
TD13TRACE 3409 133.620000 133.620000 132.000000 0.013783 0 1 0 0
TD13TRACE 3410 133.620000 133.620000 132.000000 0.014383 0 1 0 0
TD13TRACE 3411 133.620000 133.620000 132.000000 0.013761 0 1 0 0
TD13TRACE 3412 133.620000 133.620000 132.000000 0.013852 0 1 0 0
TD13TRACE 3413 133.620000 133.620000 132.000000 0.014103 0 1 0 0
TD13TRACE 3414 133.620000 133.620000 132.000000 0.013601 0 1 0 0
TD13TRACE 3415 133.620000 133.620000 132.000000 0.013797 0 1 0 0
TD13TRACE 3416 133.620000 133.620000 132.000000 0.014551 0 1 0 0
TD13TRACE 3417 133.620000 133.620000 132.000000 0.013023 0 1 0 0
TD13TRACE 3418 133.620000 133.620000 132.000000 0.013853 0 1 0 0
TD13TRACE 3419 133.620000 133.620000 132.000000 0.015127 0 1 0 0
TD13TRACE 3420 133.620000 133.620000 132.000000 0.013018 0 1 0 0
TD13TRACE 3421 133.620000 133.620000 132.000000 0.013700 0 1 0 0
TD13TRACE 3422 133.620000 133.620000 132.000000 0.014510 0 1 0 0
TD13TRACE 3423 133.620000 133.620000 132.000000 0.013445 0 1 0 0
TD13TRACE 3424 133.620000 133.620000 132.000000 0.013640 0 1 0 0
TD13TRACE 3425 133.620000 133.620000 132.000000 0.014786 0 1 0 0
TD13TRACE 3426 133.620000 133.620000 132.000000 0.013220 0 1 0 0
TD13TRACE 3427 133.620000 133.620000 132.000000 0.014023 0 1 0 0
TD13TRACE 3428 133.620000 133.620000 132.000000 0.014589 0 1 0 0
TD13TRACE 3429 133.620000 133.620000 132.000000 0.012981 0 1 0 0
TD13TRACE 3430 133.620000 133.620000 132.000000 0.013812 0 1 0 0
TD13TRACE 3431 133.620000 133.620000 132.000000 0.014338 0 1 0 0
TD13TRACE 3432 133.620000 133.620000 132.000000 0.013447 0 1 0 0
TD13TRACE 3433 133.620000 133.620000 132.000000 0.013928 0 1 0 0
TD13TRACE 3434 133.620000 133.620000 132.000000 0.014768 0 1 0 0
TD13TRACE 3435 133.620000 133.620000 132.000000 0.012812 0 1 0 0
TD13TRACE 3436 133.620000 133.620000 132.000000 0.014299 0 1 0 0
TD13TRACE 3437 133.620000 133.620000 132.000000 0.014441 0 1 0 0
TD13TRACE 3438 133.620000 133.620000 132.000000 0.012953 0 1 0 0
TD13TRACE 3439 133.620000 133.620000 132.000000 0.014532 0 1 0 0
TD13TRACE 3440 133.620000 133.620000 132.000000 0.014417 0 1 0 0
TD13TRACE 3441 133.620000 133.620000 132.000000 0.013011 0 1 0 0
TD13TRACE 3442 133.620000 133.620000 132.000000 0.013966 0 1 0 0
TD13TRACE 3443 133.620000 133.620000 132.000000 0.014091 0 1 0 0
TD13TRACE 3444 133.620000 133.620000 132.000000 0.013517 0 1 0 0
TD13TRACE 3445 133.620000 133.620000 132.000000 0.014198 0 1 0 0
TD13TRACE 3446 133.620000 133.620000 132.000000 0.014455 0 1 0 0
TD13TRACE 3447 133.620000 133.620000 132.000000 0.012960 0 1 0 0
TD13TRACE 3448 133.620000 133.620000 132.000000 0.014021 0 1 0 0
TD13TRACE 3449 133.620000 133.620000 132.000000 0.014354 0 1 0 0
TD13TRACE 3450 133.620000 133.620000 132.000000 0.013363 0 1 0 0
TD13TRACE 3451 133.620000 133.620000 132.000000 0.013846 0 1 0 0
TD13TRACE 3452 133.620000 133.620000 132.000000 0.014514 0 1 0 0
TD13TRACE 3453 133.620000 133.620000 132.000000 0.013360 0 1 0 0
TD13TRACE 3454 133.620000 133.620000 132.000000 0.013927 0 1 0 0
TD13TRACE 3455 133.620000 133.620000 132.000000 0.014181 0 1 0 0
TD13TRACE 3456 133.620000 133.620000 132.000000 0.013566 0 1 0 0
TD13TRACE 3457 133.620000 133.620000 132.000000 0.013905 0 1 0 0
TD13TRACE 3458 133.620000 133.620000 132.000000 0.014450 0 1 0 0
TD13TRACE 3459 133.620000 133.620000 132.000000 0.012868 0 1 0 0
TD13TRACE 3460 133.620000 133.620000 132.000000 0.013648 0 1 0 0
TD13TRACE 3461 133.620000 133.620000 132.000000 0.015106 0 1 0 0
TD13TRACE 3462 133.620000 133.620000 132.000000 0.013019 0 1 0 0
TD13TRACE 3463 133.620000 133.620000 132.000000 0.014231 0 1 0 0
TD13TRACE 3464 133.620000 133.620000 132.000000 0.014552 0 1 0 0
TD13TRACE 3465 133.620000 133.620000 132.000000 0.013287 0 1 0 0
TD13TRACE 3466 133.620000 133.620000 132.000000 0.013797 0 1 0 0
TD13TRACE 3467 133.620000 133.620000 132.000000 0.014389 0 1 0 0
TD13TRACE 3468 133.620000 133.620000 132.000000 0.013417 0 1 0 0
TD13TRACE 3469 133.620000 133.620000 132.000000 0.013803 0 1 0 0
TD13TRACE 3470 133.620000 133.620000 132.000000 0.014438 0 1 0 0
TD13TRACE 3471 133.620000 133.620000 132.000000 0.013934 0 1 0 0
TD13TRACE 3472 133.620000 133.620000 132.000000 0.013469 0 1 0 0
TD13TRACE 3473 133.620000 133.620000 132.000000 0.014512 0 1 0 0
TD13TRACE 3474 133.620000 133.620000 132.000000 0.013273 0 1 0 0
TD13TRACE 3475 133.620000 133.620000 132.000000 0.013763 0 1 0 0
TD13TRACE 3476 133.620000 133.620000 132.000000 0.014453 0 1 0 0
TD13TRACE 3477 133.620000 133.620000 132.000000 0.013223 0 1 0 0
TD13TRACE 3478 133.620000 133.620000 132.000000 0.014049 0 1 0 0
TD13TRACE 3479 133.620000 133.620000 132.000000 0.014474 0 1 0 0
TD13TRACE 3480 133.620000 133.620000 132.000000 0.013497 0 1 0 0
TD13TRACE 3481 133.620000 133.620000 132.000000 0.013666 0 1 0 0
TD13TRACE 3482 133.620000 133.620000 132.000000 0.014025 0 1 0 0
TD13TRACE 3483 133.620000 133.620000 132.000000 0.013478 0 1 0 0
TD13TRACE 3484 133.620000 133.620000 132.000000 0.014288 0 1 0 0
TD13TRACE 3485 133.620000 133.620000 132.000000 0.014627 0 1 0 0
TD13TRACE 3486 133.620000 133.620000 132.000000 0.012759 0 1 0 0
TD13TRACE 3487 133.620000 133.620000 132.000000 0.014034 0 1 0 0
TD13TRACE 3488 133.620000 133.620000 132.000000 0.014817 0 1 0 0
TD13TRACE 3489 133.620000 133.620000 132.000000 0.013203 0 1 0 0
TD13TRACE 3490 133.620000 133.620000 132.000000 0.013785 0 1 0 0
TD13TRACE 3491 133.620000 133.620000 132.000000 0.014417 0 1 0 0
TD13TRACE 3492 133.620000 133.620000 132.000000 0.013266 0 1 0 0
TD13TRACE 3493 133.620000 133.620000 132.000000 0.013841 0 1 0 0
TD13TRACE 3494 133.620000 133.620000 132.000000 0.014470 0 1 0 0
TD13TRACE 3495 133.620000 133.620000 132.000000 0.013357 0 1 0 0
TD13TRACE 3496 133.620000 133.620000 132.000000 0.013692 0 1 0 0
TD13TRACE 3497 133.620000 133.620000 132.000000 0.014726 0 1 0 0
TD13TRACE 3498 133.620000 133.620000 132.000000 0.013309 0 1 0 0
TD13TRACE 3499 133.620000 133.620000 132.000000 0.014176 0 1 0 0
TD13TRACE 3500 133.620000 133.620000 132.000000 0.014703 0 1 0 0
TD13TRACE 3501 133.620000 133.620000 132.000000 0.013191 0 1 0 0
TD13TRACE 3502 133.620000 133.620000 132.000000 0.013221 0 1 0 0
TD13TRACE 3503 133.620000 133.620000 132.000000 0.015256 0 1 0 0
TD13TRACE 3504 133.620000 133.620000 132.000000 0.012974 0 1 0 0
TD13TRACE 3505 133.620000 133.620000 132.000000 0.013565 0 1 0 0
TD13TRACE 3506 133.620000 133.620000 132.000000 0.014838 0 1 0 0
TD13TRACE 3507 133.620000 133.620000 132.000000 0.013220 0 1 0 0
TD13TRACE 3508 133.620000 133.620000 132.000000 0.013650 0 1 0 0
TD13TRACE 3509 133.620000 133.620000 132.000000 0.014724 0 1 0 0
TD13TRACE 3510 133.620000 133.620000 132.000000 0.012823 0 1 0 0
TD13TRACE 3511 133.620000 133.620000 132.000000 0.014015 0 1 0 0
TD13TRACE 3512 133.620000 133.620000 132.000000 0.014556 0 1 0 0
TD13TRACE 3513 133.620000 133.620000 132.000000 0.012922 0 1 0 0
TD13TRACE 3514 133.620000 133.620000 132.000000 0.014261 0 1 0 0
TD13TRACE 3515 133.620000 133.620000 132.000000 0.014458 0 1 0 0
TD13TRACE 3516 133.620000 133.620000 132.000000 0.013896 0 1 0 0
TD13TRACE 3517 133.620000 133.620000 132.000000 0.013616 0 1 0 0
TD13TRACE 3518 133.620000 133.620000 132.000000 0.014337 0 1 0 0
TD13TRACE 3519 133.620000 133.620000 132.000000 0.013255 0 1 0 0
TD13TRACE 3520 133.620000 133.620000 132.000000 0.013989 0 1 0 0
TD13TRACE 3521 133.620000 133.620000 132.000000 0.014553 0 1 0 0
TD13TRACE 3522 133.620000 133.620000 132.000000 0.013283 0 1 0 0
TD13TRACE 3523 133.620000 133.620000 132.000000 0.013517 0 1 0 0
TD13TRACE 3524 133.620000 133.620000 132.000000 0.014162 0 1 0 0
TD13TRACE 3525 133.620000 133.620000 132.000000 0.014217 0 1 0 0
TD13TRACE 3526 133.620000 133.620000 132.000000 0.013308 0 1 0 0
TD13TRACE 3527 133.620000 133.620000 132.000000 0.014675 0 1 0 0
TD13TRACE 3528 133.620000 133.620000 132.000000 0.013531 0 1 0 0
TD13TRACE 3529 133.620000 133.620000 132.000000 0.013613 0 1 0 0
TD13TRACE 3530 133.620000 133.620000 132.000000 0.014672 0 1 0 0
TD13TRACE 3531 133.620000 133.620000 132.000000 0.013192 0 1 0 0
TD13TRACE 3532 133.620000 133.620000 132.000000 0.013572 0 1 0 0
TD13TRACE 3533 133.620000 133.620000 132.000000 0.014674 0 1 0 0
TD13TRACE 3534 133.620000 133.620000 132.000000 0.013564 0 1 0 0
TD13TRACE 3535 133.620000 133.620000 132.000000 0.013532 0 1 0 0
TD13TRACE 3536 133.620000 133.620000 132.000000 0.014650 0 1 0 0
TD13TRACE 3537 133.620000 133.620000 132.000000 0.013119 0 1 0 0
TD13TRACE 3538 133.620000 133.620000 132.000000 0.013812 0 1 0 0
TD13TRACE 3539 133.620000 133.620000 132.000000 0.014526 0 1 0 0
TD13TRACE 3540 133.620000 133.620000 132.000000 0.013893 0 1 0 0
TD13TRACE 3541 133.620000 133.620000 132.000000 0.013641 0 1 0 0
TD13TRACE 3542 133.620000 133.620000 132.000000 0.014443 0 1 0 0
TD13TRACE 3543 133.620000 133.620000 132.000000 0.013382 0 1 0 0
TD13TRACE 3544 133.620000 133.620000 132.000000 0.013467 0 1 0 0
TD13TRACE 3545 133.620000 133.620000 132.000000 0.014676 0 1 0 0
[2026-09-15 06:54:39.849] [info] fps 72.0 | pos (0.50, 132.00, -4.70) | chunks 113 | stream-meshed 104
TD13TRACE 3546 133.620000 133.620000 132.000000 0.013651 0 1 0 0
TD13TRACE 3547 133.620000 133.620000 132.000000 0.013214 0 1 0 0
TD13TRACE 3548 133.620000 133.620000 132.000000 0.014730 0 1 0 0
TD13TRACE 3549 133.620000 133.620000 132.000000 0.013600 0 1 0 0
TD13TRACE 3550 133.620000 133.620000 132.000000 0.013899 0 1 0 0
TD13TRACE 3551 133.620000 133.620000 132.000000 0.014109 0 1 0 0
TD13TRACE 3552 133.620000 133.620000 132.000000 0.013045 0 1 0 0
TD13TRACE 3553 133.620000 133.620000 132.000000 0.014196 0 1 0 0
TD13TRACE 3554 133.620000 133.620000 132.000000 0.014560 0 1 0 0
TD13TRACE 3555 133.620000 133.620000 132.000000 0.013565 0 1 0 0
TD13TRACE 3556 133.620000 133.620000 132.000000 0.013731 0 1 0 0
TD13TRACE 3557 133.620000 133.620000 132.000000 0.014601 0 1 0 0
TD13TRACE 3558 133.620000 133.620000 132.000000 0.012869 0 1 0 0
TD13TRACE 3559 133.620000 133.620000 132.000000 0.013950 0 1 0 0
TD13TRACE 3560 133.620000 133.620000 132.000000 0.014965 0 1 0 0
TD13TRACE 3561 133.620000 133.620000 132.000000 0.013213 0 1 0 0
TD13TRACE 3562 133.620000 133.620000 132.000000 0.013827 0 1 0 0
TD13TRACE 3563 133.620000 133.620000 132.000000 0.014332 0 1 0 0
TD13TRACE 3564 133.620000 133.620000 132.000000 0.013275 0 1 0 0
TD13TRACE 3565 133.620000 133.620000 132.000000 0.013896 0 1 0 0
TD13TRACE 3566 133.620000 133.620000 132.000000 0.014417 0 1 0 0
TD13TRACE 3567 133.620000 133.620000 132.000000 0.013534 0 1 0 0
TD13TRACE 3568 133.620000 133.620000 132.000000 0.013640 0 1 0 0
TD13TRACE 3569 133.620000 133.620000 132.000000 0.014655 0 1 0 0
TD13TRACE 3570 133.620000 133.620000 132.000000 0.012990 0 1 0 0
TD13TRACE 3571 133.620000 133.620000 132.000000 0.014016 0 1 0 0
TD13TRACE 3572 133.620000 133.620000 132.000000 0.014053 0 1 0 0
TD13TRACE 3573 133.620000 133.620000 132.000000 0.014185 0 1 0 0
TD13TRACE 3574 133.620000 133.620000 132.000000 0.013740 0 1 0 0
TD13TRACE 3575 133.620000 133.620000 132.000000 0.014965 0 1 0 0
TD13TRACE 3576 133.620000 133.620000 132.000000 0.012644 0 1 0 0
TD13TRACE 3577 133.620000 133.620000 132.000000 0.013429 0 1 0 0
TD13TRACE 3578 133.620000 133.620000 132.000000 0.014463 0 1 0 0
TD13TRACE 3579 133.620000 133.620000 132.000000 0.013169 0 1 0 0
TD13TRACE 3580 133.620000 133.620000 132.000000 0.016707 0 1 0 0
TD13TRACE 3581 133.620000 133.620000 132.000000 0.015051 0 1 0 0
TD13TRACE 3582 133.620000 133.620000 132.000000 0.003391 0 1 0 0
TD13TRACE 3583 133.620000 133.620000 132.000000 0.013982 0 1 0 0
TD13TRACE 3584 133.620000 133.620000 132.000000 0.013381 0 1 0 0
TD13TRACE 3585 133.620000 133.620000 132.000000 0.013703 0 1 0 0
TD13TRACE 3586 133.620000 133.620000 132.000000 0.014432 0 1 0 0
TD13TRACE 3587 133.620000 133.620000 132.000000 0.013497 0 1 0 0
TD13TRACE 3588 133.620000 133.620000 132.000000 0.013963 0 1 0 0
TD13TRACE 3589 133.620000 133.620000 132.000000 0.014582 0 1 0 0
TD13TRACE 3590 133.620000 133.620000 132.000000 0.013184 0 1 0 0
TD13TRACE 3591 133.620000 133.620000 132.000000 0.013838 0 1 0 0
TD13TRACE 3592 133.620000 133.620000 132.000000 0.014677 0 1 0 0
TD13TRACE 3593 133.620000 133.620000 132.000000 0.013180 0 1 0 0
TD13TRACE 3594 133.620000 133.620000 132.000000 0.013849 0 1 0 0
TD13TRACE 3595 133.620000 133.620000 132.000000 0.014629 0 1 0 0
TD13TRACE 3596 133.620000 133.620000 132.000000 0.013083 0 1 0 0
TD13TRACE 3597 133.620000 133.620000 132.000000 0.013987 0 1 0 0
TD13TRACE 3598 133.620000 133.620000 132.000000 0.014605 0 1 0 0
TD13TRACE 3599 133.620000 133.620000 132.000000 0.013356 0 1 0 0
TD13TRACE 3600 133.620000 133.620000 132.000000 0.013744 0 1 0 0
TD13TRACE 3601 133.620000 133.620000 132.000000 0.014520 0 1 0 0
TD13TRACE 3602 133.620000 133.620000 132.000000 0.013517 0 1 0 0
TD13TRACE 3603 133.620000 133.620000 132.000000 0.013851 0 1 0 0
TD13TRACE 3604 133.620000 133.620000 132.000000 0.014613 0 1 0 0
TD13TRACE 3605 133.620000 133.620000 132.000000 0.013496 0 1 0 0
TD13TRACE 3606 133.620000 133.620000 132.000000 0.013517 0 1 0 0
TD13TRACE 3607 133.620000 133.620000 132.000000 0.014223 0 1 0 0
TD13TRACE 3608 133.620000 133.620000 132.000000 0.014033 0 1 0 0
TD13TRACE 3609 133.620000 133.620000 132.000000 0.013673 0 1 0 0
TD13TRACE 3610 133.620000 133.620000 132.000000 0.014473 0 1 0 0
TD13TRACE 3611 133.620000 133.620000 132.000000 0.013573 0 1 0 0
TD13TRACE 3612 133.620000 133.620000 132.000000 0.013473 0 1 0 0
TD13TRACE 3613 133.620000 133.620000 132.000000 0.014465 0 1 0 0
TD13TRACE 3614 133.633903 133.620004 132.013903 0.023249 0 1 0 0
TD13TRACE 3615 133.640371 133.620013 132.020371 0.000780 0 1 0 0
TD13TRACE 3616 133.666640 133.620153 132.046640 0.003148 0 1 0 0
TD13TRACE 3617 133.785005 133.625612 132.165005 0.014109 0 1 0 0
TD13TRACE 3618 133.896785 133.642522 132.276785 0.013324 0 1 0 0
TD13TRACE 3619 134.012341 133.674617 132.392341 0.013774 0 1 0 0
TD13TRACE 3620 134.116708 133.725417 132.496708 0.014825 0 1 0 0
TD13TRACE 3621 134.204632 133.782079 132.584632 0.013211 0 1 0 0
TD13TRACE 3622 134.296946 133.850119 132.676946 0.013871 0 1 0 0
TD13TRACE 3623 134.390156 133.930672 132.770156 0.014949 0 1 0 0
TD13TRACE 3624 134.452212 134.001759 132.832212 0.012522 0 1 0 0
TD13TRACE 3625 134.522951 134.084351 132.902951 0.014343 0 1 0 0
TD13TRACE 3626 134.592869 134.165119 132.972869 0.014108 0 1 0 0
TD13TRACE 3627 134.648118 134.243557 133.028118 0.013932 0 1 0 0
TD13TRACE 3628 134.693279 134.318320 133.073279 0.013772 0 1 0 0
TD13TRACE 3629 134.739002 134.389666 133.119002 0.013893 0 1 0 0
TD13TRACE 3630 134.784589 134.456475 133.164589 0.013851 0 1 0 0
TD13TRACE 3631 134.808553 134.519704 133.188553 0.014044 0 1 0 0
TD13TRACE 3632 134.832654 134.579339 133.212654 0.014562 0 1 0 0
TD13TRACE 3633 134.854274 134.627488 133.234274 0.013083 0 1 0 0
TD13TRACE 3634 134.869468 134.672740 133.249468 0.013697 0 1 0 0
TD13TRACE 3635 134.870350 134.715056 133.250350 0.014643 0 1 0 0
TD13TRACE 3636 134.871163 134.747995 133.251163 0.013550 0 1 0 0
TD13TRACE 3637 134.871981 134.775271 133.251981 0.013623 0 1 0 0
TD13TRACE 3638 134.855599 134.798745 133.235599 0.014771 0 1 0 0
TD13TRACE 3639 134.835656 134.813942 133.215656 0.013293 0 1 0 0
TD13TRACE 3640 134.814958 134.823548 133.194958 0.013780 0 1 0 0
TD13TRACE 3641 134.789500 134.827398 133.169500 0.014518 0 1 0 0
TD13TRACE 3642 134.749576 134.825523 133.129576 0.013169 0 1 0 0
TD13TRACE 3643 134.709102 134.817893 133.089102 0.013304 0 1 0 0
TD13TRACE 3644 134.664266 134.802818 133.044266 0.014735 0 1 0 0
TD13TRACE 3645 134.611446 134.782910 132.991446 0.013825 0 1 0 0
TD13TRACE 3646 134.549560 134.757569 132.929560 0.013651 0 1 0 0
TD13TRACE 3647 134.484081 134.724221 132.864081 0.014441 0 1 0 0
TD13TRACE 3648 134.424304 134.688212 132.804304 0.013193 0 1 0 0
TD13TRACE 3649 134.340365 134.643347 132.720365 0.014391 0 1 0 0
TD13TRACE 3650 134.254771 134.592746 132.634771 0.014213 0 1 0 0
TD13TRACE 3651 134.175600 134.540124 132.555600 0.013190 0 1 0 0
TD13TRACE 3652 134.084951 134.478185 132.464951 0.014138 0 1 0 0
TD13TRACE 3653 133.977000 134.408769 132.357000 0.014498 0 1 0 0
TD13TRACE 3654 133.880471 134.341398 132.260471 0.012925 0 1 0 0
TD13TRACE 3655 133.776483 134.263210 132.156483 0.013926 0 1 0 0
TD13TRACE 3656 133.716643 134.174118 132.096643 0.014936 0 1 0 0
TD13TRACE 3657 133.684867 134.095872 132.064867 0.013156 0 1 0 0
TD13TRACE 3658 133.651370 134.017884 132.031370 0.013870 0 1 0 0
TD13TRACE 3659 133.620000 133.946673 132.000000 0.013771 0 1 0 0
TD13TRACE 3660 133.620000 133.881101 132.000000 0.014124 0 1 0 0
TD13TRACE 3661 133.620000 133.826538 132.000000 0.013694 0 1 0 0
TD13TRACE 3662 133.620000 133.778434 132.000000 0.014640 0 1 0 0
TD13TRACE 3663 133.620000 133.743628 132.000000 0.013130 0 1 0 0
TD13TRACE 3664 133.620000 133.714576 132.000000 0.013730 0 1 0 0
TD13TRACE 3665 133.620000 133.690701 132.000000 0.014507 0 1 0 0
TD13TRACE 3666 133.620000 133.673703 132.000000 0.013407 0 1 0 0
TD13TRACE 3667 133.620000 133.660102 132.000000 0.013976 0 1 0 0
TD13TRACE 3668 133.620000 133.649492 132.000000 0.014468 0 1 0 0
TD13TRACE 3669 133.620000 133.642136 132.000000 0.013322 0 1 0 0
TD13TRACE 3670 133.620000 133.636595 132.000000 0.013224 0 1 0 0
TD13TRACE 3671 133.620000 133.631983 132.000000 0.014788 0 1 0 0
TD13TRACE 3672 133.620000 133.628784 132.000000 0.013966 0 1 0 0
TD13TRACE 3673 133.620000 133.626460 132.000000 0.013705 0 1 0 0
TD13TRACE 3674 133.620000 133.624686 132.000000 0.014207 0 1 0 0
TD13TRACE 3675 133.620000 133.623469 132.000000 0.013230 0 1 0 0
TD13TRACE 3676 133.620000 133.622539 132.000000 0.013636 0 1 0 0
TD13TRACE 3677 133.620000 133.621803 132.000000 0.014884 0 1 0 0
TD13TRACE 3678 133.620000 133.621324 132.000000 0.013338 0 1 0 0
TD13TRACE 3679 133.620000 133.620963 132.000000 0.013688 0 1 0 0
TD13TRACE 3680 133.620000 133.620687 132.000000 0.014456 0 1 0 0
TD13TRACE 3681 133.620000 133.620503 132.000000 0.013326 0 1 0 0
TD13TRACE 3682 133.620000 133.620364 132.000000 0.013702 0 1 0 0
TD13TRACE 3683 133.620000 133.620256 132.000000 0.014895 0 1 0 0
TD13TRACE 3684 133.620000 133.620187 132.000000 0.013274 0 1 0 0
TD13TRACE 3685 133.620000 133.620134 132.000000 0.013949 0 1 0 0
TD13TRACE 3686 133.620000 133.620095 132.000000 0.014727 0 1 0 0
TD13TRACE 3687 133.620000 133.620069 132.000000 0.013031 0 1 0 0
TD13TRACE 3688 133.620000 133.620050 132.000000 0.013803 0 1 0 0
TD13TRACE 3689 133.620000 133.620035 132.000000 0.014642 0 1 0 0
TD13TRACE 3690 133.620000 133.620026 132.000000 0.013124 0 1 0 0
TD13TRACE 3691 133.620000 133.620018 132.000000 0.013625 0 1 0 0
[2026-09-15 06:54:41.856] [info] fps 72.8 | pos (0.50, 132.00, -4.70) | chunks 113 | stream-meshed 104
TD13TRACE 3692 133.620000 133.620013 132.000000 0.014553 0 1 0 0
TD13TRACE 3693 133.620000 133.620009 132.000000 0.013776 0 1 0 0
TD13TRACE 3694 133.620000 133.620007 132.000000 0.013546 0 1 0 0
TD13TRACE 3695 133.620000 133.620005 132.000000 0.014574 0 1 0 0
[2026-09-15 06:54:41.912] [info] autosave: 0 chunk(s) queued for async write, level written (ticks=2397)
TD13TRACE 3696 133.620000 133.620003 132.000000 0.013944 0 1 0 0
TD13TRACE 3697 133.620000 133.620002 132.000000 0.013673 0 1 0 0
TD13TRACE 3698 133.620000 133.620002 132.000000 0.013543 0 1 0 0
TD13TRACE 3699 133.620000 133.620001 132.000000 0.013461 0 1 0 0
TD13TRACE 3700 133.620000 133.620001 132.000000 0.013445 0 1 0 0
TD13TRACE 3701 133.620000 133.620001 132.000000 0.015082 0 1 0 0
TD13TRACE 3702 133.620000 133.620000 132.000000 0.013619 0 1 0 0
TD13TRACE 3703 133.620000 133.620000 132.000000 0.013696 0 1 0 0
TD13TRACE 3704 133.620000 133.620000 132.000000 0.014342 0 1 0 0
TD13TRACE 3705 133.620000 133.620000 132.000000 0.013547 0 1 0 0
TD13TRACE 3706 133.620000 133.620000 132.000000 0.013437 0 1 0 0
TD13TRACE 3707 133.620000 133.620000 132.000000 0.014021 0 1 0 0
TD13TRACE 3708 133.620000 133.620000 132.000000 0.013651 0 1 0 0
TD13TRACE 3709 133.620000 133.620000 132.000000 0.013957 0 1 0 0
TD13TRACE 3710 133.620000 133.620000 132.000000 0.014566 0 1 0 0
TD13TRACE 3711 133.620000 133.620000 132.000000 0.013246 0 1 0 0
TD13TRACE 3712 133.620000 133.620000 132.000000 0.013972 0 1 0 0
TD13TRACE 3713 133.620000 133.620000 132.000000 0.014520 0 1 0 0
TD13TRACE 3714 133.620000 133.620000 132.000000 0.013236 0 1 0 0
TD13TRACE 3715 133.620000 133.620000 132.000000 0.013859 0 1 0 0
TD13TRACE 3716 133.620000 133.620000 132.000000 0.014355 0 1 0 0
TD13TRACE 3717 133.620000 133.620000 132.000000 0.013413 0 1 0 0
TD13TRACE 3718 133.620000 133.620000 132.000000 0.013658 0 1 0 0
TD13TRACE 3719 133.620000 133.620000 132.000000 0.014814 0 1 0 0
TD13TRACE 3720 133.620000 133.620000 132.000000 0.013176 0 1 0 0
TD13TRACE 3721 133.620000 133.620000 132.000000 0.013873 0 1 0 0
TD13TRACE 3722 133.620000 133.620000 132.000000 0.014679 0 1 0 0
TD13TRACE 3723 133.620000 133.620000 132.000000 0.013020 0 1 0 0
TD13TRACE 3724 133.620000 133.620000 132.000000 0.013937 0 1 0 0
TD13TRACE 3725 133.620000 133.620000 132.000000 0.014513 0 1 0 0
TD13TRACE 3726 133.620000 133.620000 132.000000 0.013256 0 1 0 0
TD13TRACE 3727 133.620000 133.620000 132.000000 0.014371 0 1 0 0
TD13TRACE 3728 133.620000 133.620000 132.000000 0.014249 0 1 0 0
TD13TRACE 3729 133.620000 133.620000 132.000000 0.013430 0 1 0 0
TD13TRACE 3730 133.620000 133.620000 132.000000 0.013541 0 1 0 0
TD13TRACE 3731 133.620000 133.620000 132.000000 0.014349 0 1 0 0
TD13TRACE 3732 133.620000 133.620000 132.000000 0.013507 0 1 0 0
TD13TRACE 3733 133.620000 133.620000 132.000000 0.014052 0 1 0 0
TD13TRACE 3734 133.620000 133.620000 132.000000 0.014317 0 1 0 0
TD13TRACE 3735 133.620000 133.620000 132.000000 0.013200 0 1 0 0
TD13TRACE 3736 133.620000 133.620000 132.000000 0.014189 0 1 0 0
TD13TRACE 3737 133.620000 133.620000 132.000000 0.014067 0 1 0 0
TD13TRACE 3738 133.620000 133.620000 132.000000 0.014056 0 1 0 0
TD13TRACE 3739 133.620000 133.620000 132.000000 0.013691 0 1 0 0
TD13TRACE 3740 133.620000 133.620000 132.000000 0.014409 0 1 0 0
TD13TRACE 3741 133.620000 133.620000 132.000000 0.013432 0 1 0 0
TD13TRACE 3742 133.620000 133.620000 132.000000 0.013266 0 1 0 0
TD13TRACE 3743 133.620000 133.620000 132.000000 0.015069 0 1 0 0
TD13TRACE 3744 133.620000 133.620000 132.000000 0.013351 0 1 0 0
TD13TRACE 3745 133.620000 133.620000 132.000000 0.013797 0 1 0 0
TD13TRACE 3746 133.620000 133.620000 132.000000 0.014301 0 1 0 0
TD13TRACE 3747 133.620000 133.620000 132.000000 0.013245 0 1 0 0
TD13TRACE 3748 133.620000 133.620000 132.000000 0.013874 0 1 0 0
TD13TRACE 3749 133.620000 133.620000 132.000000 0.014962 0 1 0 0
TD13TRACE 3750 133.620000 133.620000 132.000000 0.012887 0 1 0 0
TD13TRACE 3751 133.620000 133.620000 132.000000 0.013887 0 1 0 0
TD13TRACE 3752 133.620000 133.620000 132.000000 0.014593 0 1 0 0
TD13TRACE 3753 133.620000 133.620000 132.000000 0.013623 0 1 0 0
TD13TRACE 3754 133.620000 133.620000 132.000000 0.013741 0 1 0 0
TD13TRACE 3755 133.620000 133.620000 132.000000 0.014475 0 1 0 0
TD13TRACE 3756 133.620000 133.620000 132.000000 0.012775 0 1 0 0
TD13TRACE 3757 133.620000 133.620000 132.000000 0.014091 0 1 0 0
TD13TRACE 3758 133.620000 133.620000 132.000000 0.014246 0 1 0 0
TD13TRACE 3759 133.620000 133.620000 132.000000 0.014077 0 1 0 0
TD13TRACE 3760 133.620000 133.620000 132.000000 0.013378 0 1 0 0
TD13TRACE 3761 133.620000 133.620000 132.000000 0.014770 0 1 0 0
TD13TRACE 3762 133.620000 133.620000 132.000000 0.012759 0 1 0 0
TD13TRACE 3763 133.620000 133.620000 132.000000 0.013817 0 1 0 0
TD13TRACE 3764 133.620000 133.620000 132.000000 0.015083 0 1 0 0
TD13TRACE 3765 133.620000 133.620000 132.000000 0.013280 0 1 0 0
TD13TRACE 3766 133.620000 133.620000 132.000000 0.013412 0 1 0 0
TD13TRACE 3767 133.620000 133.620000 132.000000 0.014946 0 1 0 0
TD13TRACE 3768 133.620000 133.620000 132.000000 0.013281 0 1 0 0
TD13TRACE 3769 133.620000 133.620000 132.000000 0.013517 0 1 0 0
TD13TRACE 3770 133.620000 133.620000 132.000000 0.014814 0 1 0 0
TD13TRACE 3771 133.620000 133.620000 132.000000 0.013236 0 1 0 0
TD13TRACE 3772 133.620000 133.620000 132.000000 0.013752 0 1 0 0
TD13TRACE 3773 133.620000 133.620000 132.000000 0.014597 0 1 0 0
TD13TRACE 3774 133.620000 133.620000 132.000000 0.013381 0 1 0 0
TD13TRACE 3775 133.620000 133.620000 132.000000 0.013693 0 1 0 0
TD13TRACE 3776 133.620000 133.620000 132.000000 0.014566 0 1 0 0
TD13TRACE 3777 133.620000 133.620000 132.000000 0.012926 0 1 0 0
TD13TRACE 3778 133.620000 133.620000 132.000000 0.014033 0 1 0 0
TD13TRACE 3779 133.620000 133.620000 132.000000 0.014376 0 1 0 0
TD13TRACE 3780 133.620000 133.620000 132.000000 0.013446 0 1 0 0
TD13TRACE 3781 133.620000 133.620000 132.000000 0.014054 0 1 0 0
TD13TRACE 3782 133.620000 133.620000 132.000000 0.014535 0 1 0 0
TD13TRACE 3783 133.620000 133.620000 132.000000 0.013157 0 1 0 0
TD13TRACE 3784 133.620000 133.620000 132.000000 0.013332 0 1 0 0
TD13TRACE 3785 133.620000 133.620000 132.000000 0.015013 0 1 0 0
TD13TRACE 3786 133.620000 133.620000 132.000000 0.013423 0 1 0 0
TD13TRACE 3787 133.620000 133.620000 132.000000 0.013800 0 1 0 0
TD13TRACE 3788 133.620000 133.620000 132.000000 0.014669 0 1 0 0
TD13TRACE 3789 133.620000 133.620000 132.000000 0.013455 0 1 0 0
TD13TRACE 3790 133.620000 133.620000 132.000000 0.013778 0 1 0 0
TD13TRACE 3791 133.620000 133.620000 132.000000 0.014462 0 1 0 0
TD13TRACE 3792 133.620000 133.620000 132.000000 0.013420 0 1 0 0
TD13TRACE 3793 133.620000 133.620000 132.000000 0.013591 0 1 0 0
TD13TRACE 3794 133.620000 133.620000 132.000000 0.014575 0 1 0 0
TD13TRACE 3795 133.620000 133.620000 132.000000 0.013534 0 1 0 0
TD13TRACE 3796 133.620000 133.620000 132.000000 0.013174 0 1 0 0
TD13TRACE 3797 133.620000 133.620000 132.000000 0.015151 0 1 0 0
TD13TRACE 3798 133.620000 133.620000 132.000000 0.013188 0 1 0 0
TD13TRACE 3799 133.620000 133.620000 132.000000 0.013653 0 1 0 0
TD13TRACE 3800 133.620000 133.620000 132.000000 0.014569 0 1 0 0
TD13TRACE 3801 133.620000 133.620000 132.000000 0.013323 0 1 0 0
TD13TRACE 3802 133.620000 133.620000 132.000000 0.013819 0 1 0 0
TD13TRACE 3803 133.620000 133.620000 132.000000 0.014476 0 1 0 0
TD13TRACE 3804 133.620000 133.620000 132.000000 0.013489 0 1 0 0
TD13TRACE 3805 133.620000 133.620000 132.000000 0.013893 0 1 0 0
TD13TRACE 3806 133.620000 133.620000 132.000000 0.014604 0 1 0 0
TD13TRACE 3807 133.620000 133.620000 132.000000 0.013360 0 1 0 0
TD13TRACE 3808 133.620000 133.620000 132.000000 0.013249 0 1 0 0
TD13TRACE 3809 133.620000 133.620000 132.000000 0.014528 0 1 0 0
TD13TRACE 3810 133.620000 133.620000 132.000000 0.013975 0 1 0 0
TD13TRACE 3811 133.620000 133.620000 132.000000 0.013497 0 1 0 0
TD13TRACE 3812 133.620000 133.620000 132.000000 0.014903 0 1 0 0
TD13TRACE 3813 133.620000 133.620000 132.000000 0.012780 0 1 0 0
TD13TRACE 3814 133.620000 133.620000 132.000000 0.014170 0 1 0 0
TD13TRACE 3815 133.620000 133.620000 132.000000 0.014041 0 1 0 0
TD13TRACE 3816 133.620000 133.620000 132.000000 0.013871 0 1 0 0
TD13TRACE 3817 133.620000 133.620000 132.000000 0.013806 0 1 0 0
TD13TRACE 3818 133.620000 133.620000 132.000000 0.014589 0 1 0 0
TD13TRACE 3819 133.620000 133.620000 132.000000 0.013102 0 1 0 0
TD13TRACE 3820 133.620000 133.620000 132.000000 0.013644 0 1 0 0
TD13TRACE 3821 133.620000 133.620000 132.000000 0.015159 0 1 0 0
TD13TRACE 3822 133.620000 133.620000 132.000000 0.013083 0 1 0 0
TD13TRACE 3823 133.620000 133.620000 132.000000 0.013173 0 1 0 0
TD13TRACE 3824 133.620000 133.620000 132.000000 0.014634 0 1 0 0
TD13TRACE 3825 133.620000 133.620000 132.000000 0.013533 0 1 0 0
TD13TRACE 3826 133.620000 133.620000 132.000000 0.013923 0 1 0 0
TD13TRACE 3827 133.620000 133.620000 132.000000 0.014995 0 1 0 0
TD13TRACE 3828 133.620000 133.620000 132.000000 0.013019 0 1 0 0
TD13TRACE 3829 133.620000 133.620000 132.000000 0.013521 0 1 0 0
TD13TRACE 3830 133.620000 133.620000 132.000000 0.014609 0 1 0 0
TD13TRACE 3831 133.620000 133.620000 132.000000 0.013193 0 1 0 0
TD13TRACE 3832 133.620000 133.620000 132.000000 0.014112 0 1 0 0
TD13TRACE 3833 133.620000 133.620000 132.000000 0.014514 0 1 0 0
TD13TRACE 3834 133.620000 133.620000 132.000000 0.013306 0 1 0 0
TD13TRACE 3835 133.620000 133.620000 132.000000 0.013582 0 1 0 0
[2026-09-15 06:54:43.857] [info] fps 72.0 | pos (0.50, 132.00, -4.70) | chunks 113 | stream-meshed 104
TD13TRACE 3836 133.620000 133.620000 132.000000 0.015191 0 1 0 0
TD13TRACE 3837 133.620000 133.620000 132.000000 0.012713 0 1 0 0
TD13TRACE 3838 133.620000 133.620000 132.000000 0.013730 0 1 0 0
TD13TRACE 3839 133.620000 133.620000 132.000000 0.014561 0 1 0 0
TD13TRACE 3840 133.620000 133.620000 132.000000 0.013920 0 1 0 0
TD13TRACE 3841 133.620000 133.620000 132.000000 0.013683 0 1 0 0
TD13TRACE 3842 133.620000 133.620000 132.000000 0.014004 0 1 0 0
TD13TRACE 3843 133.620000 133.620000 132.000000 0.013421 0 1 0 0
TD13TRACE 3844 133.620000 133.620000 132.000000 0.013772 0 1 0 0
TD13TRACE 3845 133.620000 133.620000 132.000000 0.014624 0 1 0 0
TD13TRACE 3846 133.620000 133.620000 132.000000 0.013417 0 1 0 0
TD13TRACE 3847 133.620000 133.620000 132.000000 0.013847 0 1 0 0
TD13TRACE 3848 133.620000 133.620000 132.000000 0.014069 0 1 0 0
TD13TRACE 3849 133.620000 133.620000 132.000000 0.013524 0 1 0 0
TD13TRACE 3850 133.620000 133.620000 132.000000 0.014121 0 1 0 0
TD13TRACE 3851 133.620000 133.620000 132.000000 0.014483 0 1 0 0
TD13TRACE 3852 133.620000 133.620000 132.000000 0.013053 0 1 0 0
TD13TRACE 3853 133.620000 133.620000 132.000000 0.014219 0 1 0 0
TD13TRACE 3854 133.620000 133.620000 132.000000 0.014741 0 1 0 0
TD13TRACE 3855 133.620000 133.620000 132.000000 0.013274 0 1 0 0
TD13TRACE 3856 133.620000 133.620000 132.000000 0.013338 0 1 0 0
TD13TRACE 3857 133.620000 133.620000 132.000000 0.014583 0 1 0 0
TD13TRACE 3858 133.620000 133.620000 132.000000 0.013236 0 1 0 0
TD13TRACE 3859 133.620000 133.620000 132.000000 0.013579 0 1 0 0
TD13TRACE 3860 133.620000 133.620000 132.000000 0.015236 0 1 0 0
TD13TRACE 3861 133.620000 133.620000 132.000000 0.013164 0 1 0 0
TD13TRACE 3862 133.620000 133.620000 132.000000 0.013753 0 1 0 0
TD13TRACE 3863 133.620000 133.620000 132.000000 0.014565 0 1 0 0
TD13TRACE 3864 133.620000 133.620000 132.000000 0.013486 0 1 0 0
TD13TRACE 3865 133.620000 133.620000 132.000000 0.013405 0 1 0 0
TD13TRACE 3866 133.620000 133.620000 132.000000 0.014084 0 1 0 0
TD13TRACE 3867 133.620000 133.620000 132.000000 0.014010 0 1 0 0
TD13TRACE 3868 133.620000 133.620000 132.000000 0.013769 0 1 0 0
TD13TRACE 3869 133.620000 133.620000 132.000000 0.014444 0 1 0 0
TD13TRACE 3870 133.620000 133.620000 132.000000 0.013226 0 1 0 0
TD13TRACE 3871 133.620000 133.620000 132.000000 0.013693 0 1 0 0
TD13TRACE 3872 133.620000 133.620000 132.000000 0.014519 0 1 0 0
TD13TRACE 3873 133.620000 133.620000 132.000000 0.013438 0 1 0 0
TD13TRACE 3874 133.620000 133.620000 132.000000 0.013666 0 1 0 0
TD13TRACE 3875 133.620000 133.620000 132.000000 0.014404 0 1 0 0
TD13TRACE 3876 133.620000 133.620000 132.000000 0.013584 0 1 0 0
TD13TRACE 3877 133.620000 133.620000 132.000000 0.013950 0 1 0 0
TD13TRACE 3878 133.620000 133.620000 132.000000 0.014544 0 1 0 0
TD13TRACE 3879 133.620000 133.620000 132.000000 0.013475 0 1 0 0
TD13TRACE 3880 133.620000 133.620000 132.000000 0.013745 0 1 0 0
TD13TRACE 3881 133.620000 133.620000 132.000000 0.014026 0 1 0 0
TD13TRACE 3882 133.620000 133.620000 132.000000 0.013580 0 1 0 0
TD13TRACE 3883 133.620000 133.620000 132.000000 0.013872 0 1 0 0
TD13TRACE 3884 133.620000 133.620000 132.000000 0.014930 0 1 0 0
TD13TRACE 3885 133.620000 133.620000 132.000000 0.012642 0 1 0 0
TD13TRACE 3886 133.620000 133.620000 132.000000 0.013930 0 1 0 0
TD13TRACE 3887 133.620000 133.620000 132.000000 0.015002 0 1 0 0
TD13TRACE 3888 133.620000 133.620000 132.000000 0.013485 0 1 0 0
TD13TRACE 3889 133.620000 133.620000 132.000000 0.013386 0 1 0 0
TD13TRACE 3890 133.620000 133.620000 132.000000 0.014624 0 1 0 0
TD13TRACE 3891 133.620000 133.620000 132.000000 0.013329 0 1 0 0
TD13TRACE 3892 133.620000 133.620000 132.000000 0.013633 0 1 0 0
TD13TRACE 3893 133.620000 133.620000 132.000000 0.014455 0 1 0 0
TD13TRACE 3894 133.620000 133.620000 132.000000 0.013583 0 1 0 0
TD13TRACE 3895 133.620000 133.620000 132.000000 0.013547 0 1 0 0
TD13TRACE 3896 133.620000 133.620000 132.000000 0.014677 0 1 0 0
TD13TRACE 3897 133.620000 133.620000 132.000000 0.013259 0 1 0 0
TD13TRACE 3898 133.620000 133.620000 132.000000 0.014208 0 1 0 0
TD13TRACE 3899 133.620000 133.620000 132.000000 0.014280 0 1 0 0
TD13TRACE 3900 133.620000 133.620000 132.000000 0.013441 0 1 0 0
TD13TRACE 3901 133.620000 133.620000 132.000000 0.013686 0 1 0 0
TD13TRACE 3902 133.620000 133.620000 132.000000 0.014597 0 1 0 0
TD13TRACE 3903 133.620000 133.620000 132.000000 0.013392 0 1 0 0
TD13TRACE 3904 133.620000 133.620000 132.000000 0.013555 0 1 0 0
TD13TRACE 3905 133.620000 133.620000 132.000000 0.014580 0 1 0 0
TD13TRACE 3906 133.620000 133.620000 132.000000 0.013528 0 1 0 0
TD13TRACE 3907 133.620000 133.620000 132.000000 0.013565 0 1 0 0
TD13TRACE 3908 133.620000 133.620000 132.000000 0.014405 0 1 0 0
TD13TRACE 3909 133.620000 133.620000 132.000000 0.013754 0 1 0 0
TD13TRACE 3910 133.620000 133.620000 132.000000 0.013504 0 1 0 0
TD13TRACE 3911 133.620000 133.620000 132.000000 0.014594 0 1 0 0
TD13TRACE 3912 133.620000 133.620000 132.000000 0.013408 0 1 0 0
TD13TRACE 3913 133.620000 133.620000 132.000000 0.013439 0 1 0 0
TD13TRACE 3914 133.620000 133.620000 132.000000 0.014742 0 1 0 0
TD13TRACE 3915 133.620000 133.620000 132.000000 0.013331 0 1 0 0
TD13TRACE 3916 133.620000 133.620000 132.000000 0.013621 0 1 0 0
TD13TRACE 3917 133.620000 133.620000 132.000000 0.014745 0 1 0 0
TD13TRACE 3918 133.620000 133.620000 132.000000 0.012887 0 1 0 0
TD13TRACE 3919 133.620000 133.620000 132.000000 0.013626 0 1 0 0
TD13TRACE 3920 133.620000 133.620000 132.000000 0.014587 0 1 0 0
TD13TRACE 3921 133.620000 133.620000 132.000000 0.013668 0 1 0 0
TD13TRACE 3922 133.620000 133.620000 132.000000 0.013683 0 1 0 0
TD13TRACE 3923 133.620000 133.620000 132.000000 0.014583 0 1 0 0
TD13TRACE 3924 133.620000 133.620000 132.000000 0.013540 0 1 0 0
TD13TRACE 3925 133.620000 133.620000 132.000000 0.013530 0 1 0 0
TD13TRACE 3926 133.620000 133.620000 132.000000 0.014551 0 1 0 0
TD13TRACE 3927 133.620000 133.620000 132.000000 0.013356 0 1 0 0
TD13TRACE 3928 133.620000 133.620000 132.000000 0.013786 0 1 0 0
TD13TRACE 3929 133.620000 133.620000 132.000000 0.014570 0 1 0 0
TD13TRACE 3930 133.620000 133.620000 132.000000 0.013426 0 1 0 0
TD13TRACE 3931 133.620000 133.620000 132.000000 0.013726 0 1 0 0
TD13TRACE 3932 133.620000 133.620000 132.000000 0.014468 0 1 0 0
TD13TRACE 3933 133.620000 133.620000 132.000000 0.013799 0 1 0 0
TD13TRACE 3934 133.620000 133.620000 132.000000 0.013534 0 1 0 0
TD13TRACE 3935 133.620000 133.620000 132.000000 0.014137 0 1 0 0
TD13TRACE 3936 133.620000 133.620000 132.000000 0.013341 0 1 0 0
TD13TRACE 3937 133.620000 133.620000 132.000000 0.013792 0 1 0 0
TD13TRACE 3938 133.620000 133.620000 132.000000 0.014446 0 1 0 0
TD13TRACE 3939 133.620000 133.620000 132.000000 0.013235 0 1 0 0
TD13TRACE 3940 133.620000 133.620000 132.000000 0.013863 0 1 0 0
TD13TRACE 3941 133.620000 133.620000 132.000000 0.014992 0 1 0 0
TD13TRACE 3942 133.620000 133.620000 132.000000 0.013393 0 1 0 0
TD13TRACE 3943 133.620000 133.620000 132.000000 0.013386 0 1 0 0
TD13TRACE 3944 133.620000 133.620000 132.000000 0.015183 0 1 0 0
TD13TRACE 3945 133.620000 133.620000 132.000000 0.012949 0 1 0 0
TD13TRACE 3946 133.620000 133.620000 132.000000 0.013792 0 1 0 0
TD13TRACE 3947 133.620000 133.620000 132.000000 0.014563 0 1 0 0
TD13TRACE 3948 133.620000 133.620000 132.000000 0.013653 0 1 0 0
TD13TRACE 3949 133.620000 133.620000 132.000000 0.013129 0 1 0 0
TD13TRACE 3950 133.620000 133.620000 132.000000 0.014535 0 1 0 0
TD13TRACE 3951 133.620000 133.620000 132.000000 0.013828 0 1 0 0
TD13TRACE 3952 133.620000 133.620000 132.000000 0.013768 0 1 0 0
TD13TRACE 3953 133.620000 133.620000 132.000000 0.014667 0 1 0 0
TD13TRACE 3954 133.620000 133.620000 132.000000 0.013405 0 1 0 0
TD13TRACE 3955 133.620000 133.620000 132.000000 0.013165 0 1 0 0
TD13TRACE 3956 133.620000 133.620000 132.000000 0.015059 0 1 0 0
TD13TRACE 3957 133.620000 133.620000 132.000000 0.013066 0 1 0 0
TD13TRACE 3958 133.620000 133.620000 132.000000 0.013718 0 1 0 0
TD13TRACE 3959 133.620000 133.620000 132.000000 0.014519 0 1 0 0
TD13TRACE 3960 133.620000 133.620000 132.000000 0.013307 0 1 0 0
TD13TRACE 3961 133.620000 133.620000 132.000000 0.013636 0 1 0 0
TD13TRACE 3962 133.620000 133.620000 132.000000 0.015038 0 1 0 0
TD13TRACE 3963 133.620000 133.620000 132.000000 0.013340 0 1 0 0
TD13TRACE 3964 133.620000 133.620000 132.000000 0.013708 0 1 0 0
TD13TRACE 3965 133.620000 133.620000 132.000000 0.014644 0 1 0 0
TD13TRACE 3966 133.620000 133.620000 132.000000 0.013469 0 1 0 0
TD13TRACE 3967 133.620000 133.620000 132.000000 0.013388 0 1 0 0
TD13TRACE 3968 133.620000 133.620000 132.000000 0.015321 0 1 0 0
TD13TRACE 3969 133.620000 133.620000 132.000000 0.012804 0 1 0 0
TD13TRACE 3970 133.620000 133.620000 132.000000 0.013723 0 1 0 0
TD13TRACE 3971 133.620000 133.620000 132.000000 0.014588 0 1 0 0
TD13TRACE 3972 133.620000 133.620000 132.000000 0.013270 0 1 0 0
TD13TRACE 3973 133.620000 133.620000 132.000000 0.014052 0 1 0 0
TD13TRACE 3974 133.620000 133.620000 132.000000 0.014538 0 1 0 0
TD13TRACE 3975 133.620000 133.620000 132.000000 0.013166 0 1 0 0
TD13TRACE 3976 133.620000 133.620000 132.000000 0.013755 0 1 0 0
TD13TRACE 3977 133.620000 133.620000 132.000000 0.014545 0 1 0 0
TD13TRACE 3978 133.620000 133.620000 132.000000 0.013276 0 1 0 0
TD13TRACE 3979 133.620000 133.620000 132.000000 0.013713 0 1 0 0
TD13TRACE 3980 133.620000 133.620000 132.000000 0.014742 0 1 0 0
[2026-09-15 06:54:45.869] [info] fps 72.0 | pos (0.50, 132.00, -4.70) | chunks 113 | stream-meshed 104
TD13TRACE 3981 133.620000 133.620000 132.000000 0.013440 0 1 0 0
TD13TRACE 3982 133.620000 133.620000 132.000000 0.013904 0 1 0 0
TD13TRACE 3983 133.620000 133.620000 132.000000 0.014697 0 1 0 0
TD13TRACE 3984 133.620000 133.620000 132.000000 0.013084 0 1 0 0
TD13TRACE 3985 133.620000 133.620000 132.000000 0.013129 0 1 0 0
TD13TRACE 3986 133.620000 133.620000 132.000000 0.015307 0 1 0 0
TD13TRACE 3987 133.620000 133.620000 132.000000 0.012844 0 1 0 0
TD13TRACE 3988 133.620000 133.620000 132.000000 0.014335 0 1 0 0
TD13TRACE 3989 133.620000 133.620000 132.000000 0.014472 0 1 0 0
TD13TRACE 3990 133.620000 133.620000 132.000000 0.013322 0 1 0 0
TD13TRACE 3991 133.620000 133.620000 132.000000 0.013441 0 1 0 0
TD13TRACE 3992 133.620000 133.620000 132.000000 0.014659 0 1 0 0
TD13TRACE 3993 133.620000 133.620000 132.000000 0.013349 0 1 0 0
TD13TRACE 3994 133.620000 133.620000 132.000000 0.013703 0 1 0 0
TD13TRACE 3995 133.620000 133.620000 132.000000 0.014364 0 1 0 0
TD13TRACE 3996 133.620000 133.620000 132.000000 0.013665 0 1 0 0
TD13TRACE 3997 133.620000 133.620000 132.000000 0.013928 0 1 0 0
TD13TRACE 3998 133.620000 133.620000 132.000000 0.014457 0 1 0 0
TD13TRACE 3999 133.620000 133.620000 132.000000 0.013636 0 1 0 0
TD13TRACE 4000 133.620000 133.620000 132.000000 0.013056 0 1 0 0
TD13TRACE 4001 133.620000 133.620000 132.000000 0.015056 0 1 0 0
TD13TRACE 4002 133.620000 133.620000 132.000000 0.013428 0 1 0 0
TD13TRACE 4003 133.620000 133.620000 132.000000 0.013124 0 1 0 0
TD13TRACE 4004 133.620000 133.620000 132.000000 0.015220 0 1 0 0
TD13TRACE 4005 133.620000 133.620000 132.000000 0.013279 0 1 0 0
TD13TRACE 4006 133.620000 133.620000 132.000000 0.013477 0 1 0 0
TD13TRACE 4007 133.620000 133.620000 132.000000 0.014730 0 1 0 0
TD13TRACE 4008 133.620000 133.620000 132.000000 0.013602 0 1 0 0
TD13TRACE 4009 133.620000 133.620000 132.000000 0.013465 0 1 0 0
TD13TRACE 4010 133.620000 133.620000 132.000000 0.014413 0 1 0 0
TD13TRACE 4011 133.620000 133.620000 132.000000 0.013427 0 1 0 0
TD13TRACE 4012 133.620000 133.620000 132.000000 0.013572 0 1 0 0
TD13TRACE 4013 133.620000 133.620000 132.000000 0.014443 0 1 0 0
TD13TRACE 4014 133.620000 133.620000 132.000000 0.013649 0 1 0 0
TD13TRACE 4015 133.620000 133.620000 132.000000 0.013563 0 1 0 0
TD13TRACE 4016 133.620000 133.620000 132.000000 0.014335 0 1 0 0
TD13TRACE 4017 133.620000 133.620000 132.000000 0.013827 0 1 0 0
TD13TRACE 4018 133.620000 133.620000 132.000000 0.014037 0 1 0 0
TD13TRACE 4019 133.620000 133.620000 132.000000 0.014538 0 1 0 0
TD13TRACE 4020 133.620000 133.620000 132.000000 0.013429 0 1 0 0
TD13TRACE 4021 133.620000 133.620000 132.000000 0.013019 0 1 0 0
TD13TRACE 4022 133.620000 133.620000 132.000000 0.014965 0 1 0 0
TD13TRACE 4023 133.620000 133.620000 132.000000 0.013346 0 1 0 0
TD13TRACE 4024 133.620000 133.620000 132.000000 0.013843 0 1 0 0
TD13TRACE 4025 133.620000 133.620000 132.000000 0.014200 0 1 0 0
TD13TRACE 4026 133.620000 133.620000 132.000000 0.014088 0 1 0 0
TD13TRACE 4027 133.620000 133.620000 132.000000 0.013520 0 1 0 0
TD13TRACE 4028 133.620000 133.620000 132.000000 0.014563 0 1 0 0
TD13TRACE 4029 133.620000 133.620000 132.000000 0.013169 0 1 0 0
TD13TRACE 4030 133.620000 133.620000 132.000000 0.013617 0 1 0 0
TD13TRACE 4031 133.620000 133.620000 132.000000 0.014727 0 1 0 0
TD13TRACE 4032 133.620000 133.620000 132.000000 0.013377 0 1 0 0
TD13TRACE 4033 133.620000 133.620000 132.000000 0.013552 0 1 0 0
TD13TRACE 4034 133.620000 133.620000 132.000000 0.014540 0 1 0 0
TD13TRACE 4035 133.620000 133.620000 132.000000 0.013479 0 1 0 0
TD13TRACE 4036 133.620000 133.620000 132.000000 0.014064 0 1 0 0
TD13TRACE 4037 133.620000 133.620000 132.000000 0.014540 0 1 0 0
TD13TRACE 4038 133.620000 133.620000 132.000000 0.013162 0 1 0 0
TD13TRACE 4039 133.620000 133.620000 132.000000 0.013492 0 1 0 0
TD13TRACE 4040 133.620000 133.620000 132.000000 0.014886 0 1 0 0
TD13TRACE 4041 133.620000 133.620000 132.000000 0.013076 0 1 0 0
TD13TRACE 4042 133.620000 133.620000 132.000000 0.013771 0 1 0 0
TD13TRACE 4043 133.620000 133.620000 132.000000 0.014660 0 1 0 0
TD13TRACE 4044 133.620000 133.620000 132.000000 0.013446 0 1 0 0
TD13TRACE 4045 133.620000 133.620000 132.000000 0.014135 0 1 0 0
TD13TRACE 4046 133.620000 133.620000 132.000000 0.014622 0 1 0 0
TD13TRACE 4047 133.620000 133.620000 132.000000 0.013289 0 1 0 0
TD13TRACE 4048 133.620000 133.620000 132.000000 0.013369 0 1 0 0
TD13TRACE 4049 133.620000 133.620000 132.000000 0.014443 0 1 0 0
TD13TRACE 4050 133.620000 133.620000 132.000000 0.013417 0 1 0 0
TD13TRACE 4051 133.620000 133.620000 132.000000 0.013975 0 1 0 0
TD13TRACE 4052 133.620000 133.620000 132.000000 0.014273 0 1 0 0
TD13TRACE 4053 133.620000 133.620000 132.000000 0.013504 0 1 0 0
TD13TRACE 4054 133.620000 133.620000 132.000000 0.013491 0 1 0 0
TD13TRACE 4055 133.620000 133.620000 132.000000 0.014616 0 1 0 0
TD13TRACE 4056 133.620000 133.620000 132.000000 0.013432 0 1 0 0
TD13TRACE 4057 133.620000 133.620000 132.000000 0.013792 0 1 0 0
TD13TRACE 4058 133.620000 133.620000 132.000000 0.014860 0 1 0 0
TD13TRACE 4059 133.620000 133.620000 132.000000 0.013270 0 1 0 0
TD13TRACE 4060 133.620000 133.620000 132.000000 0.013278 0 1 0 0
TD13TRACE 4061 133.620000 133.620000 132.000000 0.015296 0 1 0 0
TD13TRACE 4062 133.620000 133.620000 132.000000 0.013241 0 1 0 0
TD13TRACE 4063 133.620000 133.620000 132.000000 0.013630 0 1 0 0
TD13TRACE 4064 133.620000 133.620000 132.000000 0.014303 0 1 0 0
TD13TRACE 4065 133.620000 133.620000 132.000000 0.013436 0 1 0 0
TD13TRACE 4066 133.620000 133.620000 132.000000 0.013722 0 1 0 0
TD13TRACE 4067 133.620000 133.620000 132.000000 0.014586 0 1 0 0
TD13TRACE 4068 133.620000 133.620000 132.000000 0.013321 0 1 0 0
TD13TRACE 4069 133.620000 133.620000 132.000000 0.013663 0 1 0 0
TD13TRACE 4070 133.620000 133.620000 132.000000 0.014750 0 1 0 0
TD13TRACE 4071 133.620000 133.620000 132.000000 0.013283 0 1 0 0
TD13TRACE 4072 133.620000 133.620000 132.000000 0.013769 0 1 0 0
TD13TRACE 4073 133.620000 133.620000 132.000000 0.014058 0 1 0 0
TD13TRACE 4074 133.620000 133.620000 132.000000 0.013948 0 1 0 0
TD13TRACE 4075 133.620000 133.620000 132.000000 0.013456 0 1 0 0
TD13TRACE 4076 133.620000 133.620000 132.000000 0.014894 0 1 0 0
TD13TRACE 4077 133.620000 133.620000 132.000000 0.012686 0 1 0 0
TD13TRACE 4078 133.620000 133.620000 132.000000 0.014263 0 1 0 0
TD13TRACE 4079 133.620000 133.620000 132.000000 0.014651 0 1 0 0
TD13TRACE 4080 133.620000 133.620000 132.000000 0.013739 0 1 0 0
TD13TRACE 4081 133.620000 133.620000 132.000000 0.013056 0 1 0 0
TD13TRACE 4082 133.620000 133.620000 132.000000 0.014876 0 1 0 0
TD13TRACE 4083 133.620000 133.620000 132.000000 0.013551 0 1 0 0
TD13TRACE 4084 133.620000 133.620000 132.000000 0.013750 0 1 0 0
TD13TRACE 4085 133.620000 133.620000 132.000000 0.014697 0 1 0 0
TD13TRACE 4086 133.620000 133.620000 132.000000 0.013368 0 1 0 0
TD13TRACE 4087 133.620000 133.620000 132.000000 0.013738 0 1 0 0
TD13TRACE 4088 133.620000 133.620000 132.000000 0.014587 0 1 0 0
TD13TRACE 4089 133.620000 133.620000 132.000000 0.013087 0 1 0 0
TD13TRACE 4090 133.620000 133.620000 132.000000 0.013027 0 1 0 0
TD13TRACE 4091 133.620000 133.620000 132.000000 0.014823 0 1 0 0
TD13TRACE 4092 133.620000 133.620000 132.000000 0.013851 0 1 0 0
TD13TRACE 4093 133.620000 133.620000 132.000000 0.013567 0 1 0 0
TD13TRACE 4094 133.620000 133.620000 132.000000 0.014564 0 1 0 0
TD13TRACE 4095 133.620000 133.620000 132.000000 0.013251 0 1 0 0
TD13TRACE 4096 133.620000 133.620000 132.000000 0.013611 0 1 0 0
TD13TRACE 4097 133.620000 133.620000 132.000000 0.014973 0 1 0 0
TD13TRACE 4098 133.620000 133.620000 132.000000 0.013286 0 1 0 0
TD13TRACE 4099 133.620000 133.620000 132.000000 0.013761 0 1 0 0
TD13TRACE 4100 133.620000 133.620000 132.000000 0.014062 0 1 0 0
TD13TRACE 4101 133.620000 133.620000 132.000000 0.013836 0 1 0 0
TD13TRACE 4102 133.620000 133.620000 132.000000 0.013634 0 1 0 0
TD13TRACE 4103 133.620000 133.620000 132.000000 0.014599 0 1 0 0
TD13TRACE 4104 133.620000 133.620000 132.000000 0.012800 0 1 0 0
TD13TRACE 4105 133.620000 133.620000 132.000000 0.014089 0 1 0 0
TD13TRACE 4106 133.620000 133.620000 132.000000 0.014931 0 1 0 0
TD13TRACE 4107 133.620000 133.620000 132.000000 0.013111 0 1 0 0
TD13TRACE 4108 133.620000 133.620000 132.000000 0.013651 0 1 0 0
TD13TRACE 4109 133.620000 133.620000 132.000000 0.014876 0 1 0 0
TD13TRACE 4110 133.620000 133.620000 132.000000 0.013318 0 1 0 0
TD13TRACE 4111 133.620000 133.620000 132.000000 0.013528 0 1 0 0
TD13TRACE 4112 133.620000 133.620000 132.000000 0.014551 0 1 0 0
TD13TRACE 4113 133.620000 133.620000 132.000000 0.013303 0 1 0 0
TD13TRACE 4114 133.620000 133.620000 132.000000 0.013793 0 1 0 0
TD13TRACE 4115 133.620000 133.620000 132.000000 0.014811 0 1 0 0
TD13TRACE 4116 133.620000 133.620000 132.000000 0.013354 0 1 0 0
TD13TRACE 4117 133.620000 133.620000 132.000000 0.013730 0 1 0 0
TD13TRACE 4118 133.620000 133.620000 132.000000 0.014595 0 1 0 0
TD13TRACE 4119 133.620000 133.620000 132.000000 0.013410 0 1 0 0
TD13TRACE 4120 133.620000 133.620000 132.000000 0.013344 0 1 0 0
TD13TRACE 4121 133.620000 133.620000 132.000000 0.014363 0 1 0 0
TD13TRACE 4122 133.620000 133.620000 132.000000 0.013991 0 1 0 0
TD13TRACE 4123 133.620000 133.620000 132.000000 0.013648 0 1 0 0
TD13TRACE 4124 133.620000 133.620000 132.000000 0.014659 0 1 0 0
[2026-09-15 06:54:47.870] [info] fps 72.0 | pos (0.50, 132.00, -4.70) | chunks 113 | stream-meshed 104
TD13TRACE 4125 133.620000 133.620000 132.000000 0.013356 0 1 0 0
TD13TRACE 4126 133.620000 133.620000 132.000000 0.013499 0 1 0 0
TD13TRACE 4127 133.620000 133.620000 132.000000 0.014724 0 1 0 0
TD13TRACE 4128 133.620000 133.620000 132.000000 0.013141 0 1 0 0
TD13TRACE 4129 133.620000 133.620000 132.000000 0.013872 0 1 0 0
TD13TRACE 4130 133.620000 133.620000 132.000000 0.014520 0 1 0 0
TD13TRACE 4131 133.620000 133.620000 132.000000 0.013223 0 1 0 0
TD13TRACE 4132 133.620000 133.620000 132.000000 0.013739 0 1 0 0
TD13TRACE 4133 133.620000 133.620000 132.000000 0.014828 0 1 0 0
TD13TRACE 4134 133.620000 133.620000 132.000000 0.013084 0 1 0 0
TD13TRACE 4135 133.620000 133.620000 132.000000 0.014010 0 1 0 0
TD13TRACE 4136 133.620000 133.620000 132.000000 0.014611 0 1 0 0
TD13TRACE 4137 133.620000 133.620000 132.000000 0.013264 0 1 0 0
TD13TRACE 4138 133.620000 133.620000 132.000000 0.013631 0 1 0 0
TD13TRACE 4139 133.620000 133.620000 132.000000 0.014688 0 1 0 0
TD13TRACE 4140 133.620000 133.620000 132.000000 0.013153 0 1 0 0
TD13TRACE 4141 133.620000 133.620000 132.000000 0.013645 0 1 0 0
TD13TRACE 4142 133.620000 133.620000 132.000000 0.014496 0 1 0 0
TD13TRACE 4143 133.620000 133.620000 132.000000 0.013471 0 1 0 0
TD13TRACE 4144 133.620000 133.620000 132.000000 0.013643 0 1 0 0
TD13TRACE 4145 133.620000 133.620000 132.000000 0.014759 0 1 0 0
TD13TRACE 4146 133.620000 133.620000 132.000000 0.013345 0 1 0 0
TD13TRACE 4147 133.620000 133.620000 132.000000 0.013365 0 1 0 0
TD13TRACE 4148 133.620000 133.620000 132.000000 0.014787 0 1 0 0
TD13TRACE 4149 133.620000 133.620000 132.000000 0.013352 0 1 0 0
TD13TRACE 4150 133.620000 133.620000 132.000000 0.013749 0 1 0 0
TD13TRACE 4151 133.620000 133.620000 132.000000 0.014528 0 1 0 0
TD13TRACE 4152 133.620000 133.620000 132.000000 0.013969 0 1 0 0
TD13TRACE 4153 133.620000 133.620000 132.000000 0.013290 0 1 0 0
TD13TRACE 4154 133.620000 133.620000 132.000000 0.014613 0 1 0 0
TD13TRACE 4155 133.620000 133.620000 132.000000 0.013277 0 1 0 0
TD13TRACE 4156 133.620000 133.620000 132.000000 0.013704 0 1 0 0
TD13TRACE 4157 133.620000 133.620000 132.000000 0.014805 0 1 0 0
TD13TRACE 4158 133.620000 133.620000 132.000000 0.013094 0 1 0 0
TD13TRACE 4159 133.620000 133.620000 132.000000 0.013622 0 1 0 0
TD13TRACE 4160 133.620000 133.620000 132.000000 0.014982 0 1 0 0
TD13TRACE 4161 133.620000 133.620000 132.000000 0.013527 0 1 0 0
TD13TRACE 4162 133.620000 133.620000 132.000000 0.013340 0 1 0 0
TD13TRACE 4163 133.620000 133.620000 132.000000 0.014262 0 1 0 0
TD13TRACE 4164 133.620000 133.620000 132.000000 0.013441 0 1 0 0
TD13TRACE 4165 133.620000 133.620000 132.000000 0.013671 0 1 0 0
TD13TRACE 4166 133.620000 133.620000 132.000000 0.014800 0 1 0 0
TD13TRACE 4167 133.620000 133.620000 132.000000 0.013531 0 1 0 0
TD13TRACE 4168 133.620000 133.620000 132.000000 0.013706 0 1 0 0
TD13TRACE 4169 133.620000 133.620000 132.000000 0.014422 0 1 0 0
TD13TRACE 4170 133.620000 133.620000 132.000000 0.013149 0 1 0 0
TD13TRACE 4171 133.620000 133.620000 132.000000 0.013934 0 1 0 0
TD13TRACE 4172 133.620000 133.620000 132.000000 0.014694 0 1 0 0
TD13TRACE 4173 133.620000 133.620000 132.000000 0.013226 0 1 0 0
TD13TRACE 4174 133.620000 133.620000 132.000000 0.013820 0 1 0 0
TD13TRACE 4175 133.620000 133.620000 132.000000 0.014787 0 1 0 0
TD13TRACE 4176 133.620000 133.620000 132.000000 0.013346 0 1 0 0
TD13TRACE 4177 133.620000 133.620000 132.000000 0.013588 0 1 0 0
TD13TRACE 4178 133.620000 133.620000 132.000000 0.014844 0 1 0 0
TD13TRACE 4179 133.620000 133.620000 132.000000 0.013272 0 1 0 0
TD13TRACE 4180 133.620000 133.620000 132.000000 0.013616 0 1 0 0
TD13TRACE 4181 133.620000 133.620000 132.000000 0.014286 0 1 0 0
TD13TRACE 4182 133.620000 133.620000 132.000000 0.013237 0 1 0 0
TD13TRACE 4183 133.620000 133.620000 132.000000 0.013862 0 1 0 0
TD13TRACE 4184 133.620000 133.620000 132.000000 0.014693 0 1 0 0
TD13TRACE 4185 133.620000 133.620000 132.000000 0.013468 0 1 0 0
TD13TRACE 4186 133.620000 133.620000 132.000000 0.013912 0 1 0 0
TD13TRACE 4187 133.620000 133.620000 132.000000 0.014314 0 1 0 0
TD13TRACE 4188 133.620000 133.620000 132.000000 0.013125 0 1 0 0
TD13TRACE 4189 133.620000 133.620000 132.000000 0.013672 0 1 0 0
TD13TRACE 4190 133.620000 133.620000 132.000000 0.014460 0 1 0 0
TD13TRACE 4191 133.620000 133.620000 132.000000 0.013528 0 1 0 0
TD13TRACE 4192 133.620000 133.620000 132.000000 0.014088 0 1 0 0
TD13TRACE 4193 133.620000 133.620000 132.000000 0.014134 0 1 0 0
TD13TRACE 4194 133.620000 133.620000 132.000000 0.013542 0 1 0 0
TD13TRACE 4195 133.620000 133.620000 132.000000 0.013648 0 1 0 0
TD13TRACE 4196 133.620000 133.620000 132.000000 0.014607 0 1 0 0
TD13TRACE 4197 133.620000 133.620000 132.000000 0.013287 0 1 0 0
TD13TRACE 4198 133.620000 133.620000 132.000000 0.013693 0 1 0 0
TD13TRACE 4199 133.620000 133.620000 132.000000 0.014940 0 1 0 0
TD13TRACE 4200 133.620000 133.620000 132.000000 0.013000 0 1 0 0
TD13TRACE 4201 133.620000 133.620000 132.000000 0.013838 0 1 0 0
TD13TRACE 4202 133.620000 133.620000 132.000000 0.015108 0 1 0 0
TD13TRACE 4203 133.620000 133.620000 132.000000 0.013010 0 1 0 0
TD13TRACE 4204 133.620000 133.620000 132.000000 0.013589 0 1 0 0
TD13TRACE 4205 133.620000 133.620000 132.000000 0.014448 0 1 0 0
TD13TRACE 4206 133.620000 133.620000 132.000000 0.013265 0 1 0 0
TD13TRACE 4207 133.620000 133.620000 132.000000 0.014085 0 1 0 0
TD13TRACE 4208 133.620000 133.620000 132.000000 0.014730 0 1 0 0
TD13TRACE 4209 133.620000 133.620000 132.000000 0.013143 0 1 0 0
TD13TRACE 4210 133.620000 133.620000 132.000000 0.013623 0 1 0 0
TD13TRACE 4211 133.620000 133.620000 132.000000 0.014652 0 1 0 0
TD13TRACE 4212 133.620000 133.620000 132.000000 0.013059 0 1 0 0
TD13TRACE 4213 133.620000 133.620000 132.000000 0.013776 0 1 0 0
TD13TRACE 4214 133.620000 133.620000 132.000000 0.015306 0 1 0 0
TD13TRACE 4215 133.620000 133.620000 132.000000 0.012979 0 1 0 0
TD13TRACE 4216 133.620000 133.620000 132.000000 0.013676 0 1 0 0
TD13TRACE 4217 133.620000 133.620000 132.000000 0.014764 0 1 0 0
TD13TRACE 4218 133.620000 133.620000 132.000000 0.013063 0 1 0 0
TD13TRACE 4219 133.620000 133.620000 132.000000 0.013584 0 1 0 0
TD13TRACE 4220 133.620000 133.620000 132.000000 0.014951 0 1 0 0
TD13TRACE 4221 133.620000 133.620000 132.000000 0.012875 0 1 0 0
TD13TRACE 4222 133.620000 133.620000 132.000000 0.013879 0 1 0 0
TD13TRACE 4223 133.620000 133.620000 132.000000 0.015165 0 1 0 0
TD13TRACE 4224 133.620000 133.620000 132.000000 0.012963 0 1 0 0
TD13TRACE 4225 133.620000 133.620000 132.000000 0.013713 0 1 0 0
TD13TRACE 4226 133.620000 133.620000 132.000000 0.014342 0 1 0 0
TD13TRACE 4227 133.620000 133.620000 132.000000 0.013187 0 1 0 0
TD13TRACE 4228 133.620000 133.620000 132.000000 0.014066 0 1 0 0
TD13TRACE 4229 133.620000 133.620000 132.000000 0.014845 0 1 0 0
TD13TRACE 4230 133.620000 133.620000 132.000000 0.013124 0 1 0 0
TD13TRACE 4231 133.620000 133.620000 132.000000 0.013659 0 1 0 0
TD13TRACE 4232 133.620000 133.620000 132.000000 0.014719 0 1 0 0
TD13TRACE 4233 133.620000 133.620000 132.000000 0.013345 0 1 0 0
TD13TRACE 4234 133.620000 133.620000 132.000000 0.013845 0 1 0 0
TD13TRACE 4235 133.620000 133.620000 132.000000 0.014465 0 1 0 0
TD13TRACE 4236 133.620000 133.620000 132.000000 0.013465 0 1 0 0
TD13TRACE 4237 133.620000 133.620000 132.000000 0.013588 0 1 0 0
TD13TRACE 4238 133.620000 133.620000 132.000000 0.014597 0 1 0 0
TD13TRACE 4239 133.620000 133.620000 132.000000 0.013300 0 1 0 0
TD13TRACE 4240 133.620000 133.620000 132.000000 0.013715 0 1 0 0
TD13TRACE 4241 133.620000 133.620000 132.000000 0.014484 0 1 0 0
TD13TRACE 4242 133.620000 133.620000 132.000000 0.013617 0 1 0 0
TD13TRACE 4243 133.620000 133.620000 132.000000 0.013840 0 1 0 0
TD13TRACE 4244 133.620000 133.620000 132.000000 0.014692 0 1 0 0
TD13TRACE 4245 133.620000 133.620000 132.000000 0.013030 0 1 0 0
TD13TRACE 4246 133.620000 133.620000 132.000000 0.013623 0 1 0 0
TD13TRACE 4247 133.620000 133.620000 132.000000 0.014516 0 1 0 0
TD13TRACE 4248 133.620000 133.620000 132.000000 0.013783 0 1 0 0
TD13TRACE 4249 133.620000 133.620000 132.000000 0.013742 0 1 0 0
TD13TRACE 4250 133.620000 133.620000 132.000000 0.014645 0 1 0 0
TD13TRACE 4251 133.620000 133.620000 132.000000 0.012993 0 1 0 0
TD13TRACE 4252 133.620000 133.620000 132.000000 0.013713 0 1 0 0
TD13TRACE 4253 133.620000 133.620000 132.000000 0.014618 0 1 0 0
TD13TRACE 4254 133.620000 133.620000 132.000000 0.013451 0 1 0 0
TD13TRACE 4255 133.620000 133.620000 132.000000 0.013746 0 1 0 0
TD13TRACE 4256 133.620000 133.620000 132.000000 0.014917 0 1 0 0
TD13TRACE 4257 133.620000 133.620000 132.000000 0.013317 0 1 0 0
TD13TRACE 4258 133.620000 133.620000 132.000000 0.013867 0 1 0 0
TD13TRACE 4259 133.620000 133.620000 132.000000 0.014538 0 1 0 0
TD13TRACE 4260 133.620000 133.620000 132.000000 0.013054 0 1 0 0
TD13TRACE 4261 133.620000 133.620000 132.000000 0.013657 0 1 0 0
TD13TRACE 4262 133.620000 133.620000 132.000000 0.014697 0 1 0 0
TD13TRACE 4263 133.620000 133.620000 132.000000 0.013349 0 1 0 0
TD13TRACE 4264 133.620000 133.620000 132.000000 0.013593 0 1 0 0
TD13TRACE 4265 133.620000 133.620000 132.000000 0.014557 0 1 0 0
TD13TRACE 4266 133.620000 133.620000 132.000000 0.013326 0 1 0 0
TD13TRACE 4267 133.620000 133.620000 132.000000 0.013636 0 1 0 0
TD13TRACE 4268 133.620000 133.620000 132.000000 0.014593 0 1 0 0
TD13TRACE 4269 133.620000 133.620000 132.000000 0.013298 0 1 0 0
[2026-09-15 06:54:49.883] [info] fps 72.0 | pos (0.50, 132.00, -4.70) | chunks 113 | stream-meshed 104
TD13TRACE 4270 133.620000 133.620000 132.000000 0.014045 0 1 0 0
TD13TRACE 4271 133.620000 133.620000 132.000000 0.014458 0 1 0 0
TD13TRACE 4272 133.620000 133.620000 132.000000 0.013258 0 1 0 0
TD13TRACE 4273 133.620000 133.620000 132.000000 0.013572 0 1 0 0
TD13TRACE 4274 133.620000 133.620000 132.000000 0.015018 0 1 0 0
TD13TRACE 4275 133.620000 133.620000 132.000000 0.013448 0 1 0 0
TD13TRACE 4276 133.620000 133.620000 132.000000 0.013457 0 1 0 0
TD13TRACE 4277 133.620000 133.620000 132.000000 0.014638 0 1 0 0
TD13TRACE 4278 133.620000 133.620000 132.000000 0.013431 0 1 0 0
TD13TRACE 4279 133.620000 133.620000 132.000000 0.013488 0 1 0 0
TD13TRACE 4280 133.620000 133.620000 132.000000 0.014727 0 1 0 0
TD13TRACE 4281 133.620000 133.620000 132.000000 0.013141 0 1 0 0
TD13TRACE 4282 133.620000 133.620000 132.000000 0.013982 0 1 0 0
TD13TRACE 4283 133.620000 133.620000 132.000000 0.014891 0 1 0 0
TD13TRACE 4284 133.620000 133.620000 132.000000 0.013081 0 1 0 0
TD13TRACE 4285 133.620000 133.620000 132.000000 0.013942 0 1 0 0
TD13TRACE 4286 133.620000 133.620000 132.000000 0.014277 0 1 0 0
TD13TRACE 4287 133.620000 133.620000 132.000000 0.013327 0 1 0 0
TD13TRACE 4288 133.620000 133.620000 132.000000 0.013599 0 1 0 0
TD13TRACE 4289 133.620000 133.620000 132.000000 0.014885 0 1 0 0
TD13TRACE 4290 133.620000 133.620000 132.000000 0.013105 0 1 0 0
TD13TRACE 4291 133.620000 133.620000 132.000000 0.013831 0 1 0 0
TD13TRACE 4292 133.620000 133.620000 132.000000 0.014911 0 1 0 0
TD13TRACE 4293 133.620000 133.620000 132.000000 0.013352 0 1 0 0
TD13TRACE 4294 133.620000 133.620000 132.000000 0.013343 0 1 0 0
TD13TRACE 4295 133.620000 133.620000 132.000000 0.014765 0 1 0 0
TD13TRACE 4296 133.620000 133.620000 132.000000 0.012758 0 1 0 0
TD13TRACE 4297 133.620000 133.620000 132.000000 0.014470 0 1 0 0
TD13TRACE 4298 133.620000 133.620000 132.000000 0.014165 0 1 0 0
TD13TRACE 4299 133.620000 133.620000 132.000000 0.013569 0 1 0 0
TD13TRACE 4300 133.620000 133.620000 132.000000 0.013430 0 1 0 0
TD13TRACE 4301 133.620000 133.620000 132.000000 0.014895 0 1 0 0
TD13TRACE 4302 133.620000 133.620000 132.000000 0.013267 0 1 0 0
TD13TRACE 4303 133.620000 133.620000 132.000000 0.013491 0 1 0 0
TD13TRACE 4304 133.620000 133.620000 132.000000 0.014819 0 1 0 0
TD13TRACE 4305 133.620000 133.620000 132.000000 0.013245 0 1 0 0
TD13TRACE 4306 133.620000 133.620000 132.000000 0.013777 0 1 0 0
TD13TRACE 4307 133.620000 133.620000 132.000000 0.014316 0 1 0 0
TD13TRACE 4308 133.620000 133.620000 132.000000 0.013485 0 1 0 0
TD13TRACE 4309 133.620000 133.620000 132.000000 0.013729 0 1 0 0
TD13TRACE 4310 133.620000 133.620000 132.000000 0.014651 0 1 0 0
TD13TRACE 4311 133.620000 133.620000 132.000000 0.013231 0 1 0 0
TD13TRACE 4312 133.620000 133.620000 132.000000 0.013768 0 1 0 0
TD13TRACE 4313 133.620000 133.620000 132.000000 0.014898 0 1 0 0
TD13TRACE 4314 133.620000 133.620000 132.000000 0.013311 0 1 0 0
TD13TRACE 4315 133.620000 133.620000 132.000000 0.013543 0 1 0 0
TD13TRACE 4316 133.620000 133.620000 132.000000 0.014516 0 1 0 0
TD13TRACE 4317 133.620000 133.620000 132.000000 0.013422 0 1 0 0
TD13TRACE 4318 133.620000 133.620000 132.000000 0.013642 0 1 0 0
TD13TRACE 4319 133.620000 133.620000 132.000000 0.014432 0 1 0 0
TD13TRACE 4320 133.620000 133.620000 132.000000 0.013535 0 1 0 0
TD13TRACE 4321 133.620000 133.620000 132.000000 0.013668 0 1 0 0
TD13TRACE 4322 133.620000 133.620000 132.000000 0.014447 0 1 0 0
TD13TRACE 4323 133.620000 133.620000 132.000000 0.013708 0 1 0 0
TD13TRACE 4324 133.620000 133.620000 132.000000 0.013829 0 1 0 0
TD13TRACE 4325 133.620000 133.620000 132.000000 0.014473 0 1 0 0
TD13TRACE 4326 133.620000 133.620000 132.000000 0.013201 0 1 0 0
TD13TRACE 4327 133.620000 133.620000 132.000000 0.013932 0 1 0 0
TD13TRACE 4328 133.620000 133.620000 132.000000 0.014538 0 1 0 0
TD13TRACE 4329 133.620000 133.620000 132.000000 0.013324 0 1 0 0
TD13TRACE 4330 133.620000 133.620000 132.000000 0.013690 0 1 0 0
TD13TRACE 4331 133.620000 133.620000 132.000000 0.014719 0 1 0 0
TD13TRACE 4332 133.620000 133.620000 132.000000 0.013085 0 1 0 0
TD13TRACE 4333 133.620000 133.620000 132.000000 0.013655 0 1 0 0
TD13TRACE 4334 133.620000 133.620000 132.000000 0.014710 0 1 0 0
TD13TRACE 4335 133.620000 133.620000 132.000000 0.013390 0 1 0 0
TD13TRACE 4336 133.620000 133.620000 132.000000 0.013755 0 1 0 0
TD13TRACE 4337 133.620000 133.620000 132.000000 0.014098 0 1 0 0
TD13TRACE 4338 133.620000 133.620000 132.000000 0.013893 0 1 0 0
TD13TRACE 4339 133.620000 133.620000 132.000000 0.013876 0 1 0 0
TD13TRACE 4340 133.620000 133.620000 132.000000 0.014333 0 1 0 0
TD13TRACE 4341 133.620000 133.620000 132.000000 0.013635 0 1 0 0
TD13TRACE 4342 133.620000 133.620000 132.000000 0.013634 0 1 0 0
TD13TRACE 4343 133.620000 133.620000 132.000000 0.014845 0 1 0 0
TD13TRACE 4344 133.620000 133.620000 132.000000 0.012875 0 1 0 0
TD13TRACE 4345 133.620000 133.620000 132.000000 0.013811 0 1 0 0
TD13TRACE 4346 133.620000 133.620000 132.000000 0.014560 0 1 0 0
TD13TRACE 4347 133.620000 133.620000 132.000000 0.013199 0 1 0 0
TD13TRACE 4348 133.620000 133.620000 132.000000 0.013783 0 1 0 0
TD13TRACE 4349 133.620000 133.620000 132.000000 0.014715 0 1 0 0
TD13TRACE 4350 133.620000 133.620000 132.000000 0.013355 0 1 0 0
TD13TRACE 4351 133.620000 133.620000 132.000000 0.013931 0 1 0 0
TD13TRACE 4352 133.620000 133.620000 132.000000 0.014522 0 1 0 0
TD13TRACE 4353 133.620000 133.620000 132.000000 0.013125 0 1 0 0
TD13TRACE 4354 133.620000 133.620000 132.000000 0.013822 0 1 0 0
TD13TRACE 4355 133.620000 133.620000 132.000000 0.015077 0 1 0 0
TD13TRACE 4356 133.620000 133.620000 132.000000 0.012956 0 1 0 0
TD13TRACE 4357 133.620000 133.620000 132.000000 0.013643 0 1 0 0
TD13TRACE 4358 133.620000 133.620000 132.000000 0.014589 0 1 0 0
TD13TRACE 4359 133.620000 133.620000 132.000000 0.013012 0 1 0 0
TD13TRACE 4360 133.620000 133.620000 132.000000 0.013847 0 1 0 0
TD13TRACE 4361 133.620000 133.620000 132.000000 0.015272 0 1 0 0
TD13TRACE 4362 133.620000 133.620000 132.000000 0.013137 0 1 0 0
TD13TRACE 4363 133.620000 133.620000 132.000000 0.013490 0 1 0 0
TD13TRACE 4364 133.620000 133.620000 132.000000 0.014609 0 1 0 0
TD13TRACE 4365 133.620000 133.620000 132.000000 0.013015 0 1 0 0
TD13TRACE 4366 133.620000 133.620000 132.000000 0.013672 0 1 0 0
TD13TRACE 4367 133.620000 133.620000 132.000000 0.014852 0 1 0 0
TD13TRACE 4368 133.620000 133.620000 132.000000 0.012891 0 1 0 0
TD13TRACE 4369 133.620000 133.620000 132.000000 0.014325 0 1 0 0
TD13TRACE 4370 133.620000 133.620000 132.000000 0.014737 0 1 0 0
TD13TRACE 4371 133.620000 133.620000 132.000000 0.013370 0 1 0 0
TD13TRACE 4372 133.620000 133.620000 132.000000 0.013964 0 1 0 0
TD13TRACE 4373 133.620000 133.620000 132.000000 0.014772 0 1 0 0
TD13TRACE 4374 133.620000 133.620000 132.000000 0.012715 0 1 0 0
TD13TRACE 4375 133.620000 133.620000 132.000000 0.013570 0 1 0 0
TD13TRACE 4376 133.620000 133.620000 132.000000 0.014610 0 1 0 0
TD13TRACE 4377 133.620000 133.620000 132.000000 0.013252 0 1 0 0
TD13TRACE 4378 133.620000 133.620000 132.000000 0.013763 0 1 0 0
TD13TRACE 4379 133.620000 133.620000 132.000000 0.015103 0 1 0 0
TD13TRACE 4380 133.620000 133.620000 132.000000 0.013003 0 1 0 0
TD13TRACE 4381 133.620000 133.620000 132.000000 0.013725 0 1 0 0
TD13TRACE 4382 133.620000 133.620000 132.000000 0.014657 0 1 0 0
TD13TRACE 4383 133.620000 133.620000 132.000000 0.013347 0 1 0 0
TD13TRACE 4384 133.620000 133.620000 132.000000 0.013631 0 1 0 0
TD13TRACE 4385 133.620000 133.620000 132.000000 0.014610 0 1 0 0
TD13TRACE 4386 133.620000 133.620000 132.000000 0.013395 0 1 0 0
TD13TRACE 4387 133.620000 133.620000 132.000000 0.013933 0 1 0 0
TD13TRACE 4388 133.620000 133.620000 132.000000 0.014874 0 1 0 0
TD13TRACE 4389 133.620000 133.620000 132.000000 0.013111 0 1 0 0
TD13TRACE 4390 133.620000 133.620000 132.000000 0.013293 0 1 0 0
TD13TRACE 4391 133.620000 133.620000 132.000000 0.014636 0 1 0 0
TD13TRACE 4392 133.620000 133.620000 132.000000 0.013431 0 1 0 0
TD13TRACE 4393 133.620000 133.620000 132.000000 0.013596 0 1 0 0
TD13TRACE 4394 133.620000 133.620000 132.000000 0.015144 0 1 0 0
TD13TRACE 4395 133.620000 133.620000 132.000000 0.013140 0 1 0 0
TD13TRACE 4396 133.620000 133.620000 132.000000 0.013499 0 1 0 0
TD13TRACE 4397 133.620000 133.620000 132.000000 0.015039 0 1 0 0
TD13TRACE 4398 133.620000 133.620000 132.000000 0.013256 0 1 0 0
TD13TRACE 4399 133.620000 133.620000 132.000000 0.013277 0 1 0 0
TD13TRACE 4400 133.620000 133.620000 132.000000 0.014841 0 1 0 0
TD13TRACE 4401 133.620000 133.620000 132.000000 0.013526 0 1 0 0
TD13TRACE 4402 133.620000 133.620000 132.000000 0.013902 0 1 0 0
TD13TRACE 4403 133.620000 133.620000 132.000000 0.014188 0 1 0 0
TD13TRACE 4404 133.620000 133.620000 132.000000 0.013297 0 1 0 0
TD13TRACE 4405 133.620000 133.620000 132.000000 0.013977 0 1 0 0
TD13TRACE 4406 133.620000 133.620000 132.000000 0.014393 0 1 0 0
TD13TRACE 4407 133.620000 133.620000 132.000000 0.013694 0 1 0 0
TD13TRACE 4408 133.620000 133.620000 132.000000 0.013736 0 1 0 0
TD13TRACE 4409 133.620000 133.620000 132.000000 0.014298 0 1 0 0
TD13TRACE 4410 133.620000 133.620000 132.000000 0.013562 0 1 0 0
TD13TRACE 4411 133.620000 133.620000 132.000000 0.013437 0 1 0 0
TD13TRACE 4412 133.620000 133.620000 132.000000 0.014916 0 1 0 0
TD13TRACE 4413 133.620000 133.620000 132.000000 0.013086 0 1 0 0
[2026-09-15 06:54:51.883] [info] fps 72.0 | pos (0.50, 132.00, -4.70) | chunks 113 | stream-meshed 104
TD13TRACE 4414 133.620000 133.620000 132.000000 0.014066 0 1 0 0
TD13TRACE 4415 133.620000 133.620000 132.000000 0.014024 0 1 0 0
TD13TRACE 4416 133.620000 133.620000 132.000000 0.013502 0 1 0 0
TD13TRACE 4417 133.620000 133.620000 132.000000 0.014284 0 1 0 0
[2026-09-15 06:54:51.940] [info] autosave: 0 chunk(s) queued for async write, level written (ticks=2597)
TD13TRACE 4418 133.620000 133.620000 132.000000 0.014940 0 1 0 0
TD13TRACE 4419 133.620000 133.620000 132.000000 0.012574 0 1 0 0
TD13TRACE 4420 133.620000 133.620000 132.000000 0.013682 0 1 0 0
TD13TRACE 4421 133.620000 133.620000 132.000000 0.014603 0 1 0 0
TD13TRACE 4422 133.620000 133.620000 132.000000 0.013303 0 1 0 0
TD13TRACE 4423 133.620000 133.620000 132.000000 0.013723 0 1 0 0
TD13TRACE 4424 133.620000 133.620000 132.000000 0.014452 0 1 0 0
TD13TRACE 4425 133.620000 133.620000 132.000000 0.013777 0 1 0 0
TD13TRACE 4426 133.620000 133.620000 132.000000 0.013115 0 1 0 0
TD13TRACE 4427 133.620000 133.620000 132.000000 0.015416 0 1 0 0
TD13TRACE 4428 133.620000 133.620000 132.000000 0.012660 0 1 0 0
TD13TRACE 4429 133.620000 133.620000 132.000000 0.013813 0 1 0 0
TD13TRACE 4430 133.620000 133.620000 132.000000 0.014640 0 1 0 0
TD13TRACE 4431 133.620000 133.620000 132.000000 0.013489 0 1 0 0
TD13TRACE 4432 133.620000 133.620000 132.000000 0.013642 0 1 0 0
TD13TRACE 4433 133.620000 133.620000 132.000000 0.014702 0 1 0 0
TD13TRACE 4434 133.620000 133.620000 132.000000 0.013144 0 1 0 0
TD13TRACE 4435 133.620000 133.620000 132.000000 0.013994 0 1 0 0
TD13TRACE 4436 133.620000 133.620000 132.000000 0.014795 0 1 0 0
TD13TRACE 4437 133.620000 133.620000 132.000000 0.012985 0 1 0 0
TD13TRACE 4438 133.620000 133.620000 132.000000 0.013662 0 1 0 0
TD13TRACE 4439 133.620000 133.620000 132.000000 0.014707 0 1 0 0
TD13TRACE 4440 133.620000 133.620000 132.000000 0.013750 0 1 0 0
TD13TRACE 4441 133.620000 133.620000 132.000000 0.013315 0 1 0 0
TD13TRACE 4442 133.620000 133.620000 132.000000 0.014273 0 1 0 0
TD13TRACE 4443 133.620000 133.620000 132.000000 0.013538 0 1 0 0
TD13TRACE 4444 133.620000 133.620000 132.000000 0.013965 0 1 0 0
TD13TRACE 4445 133.620000 133.620000 132.000000 0.014754 0 1 0 0
TD13TRACE 4446 133.620000 133.620000 132.000000 0.013344 0 1 0 0
TD13TRACE 4447 133.620000 133.620000 132.000000 0.013592 0 1 0 0
TD13TRACE 4448 133.620000 133.620000 132.000000 0.014367 0 1 0 0
TD13TRACE 4449 133.620000 133.620000 132.000000 0.013287 0 1 0 0
TD13TRACE 4450 133.620000 133.620000 132.000000 0.013933 0 1 0 0
TD13TRACE 4451 133.620000 133.620000 132.000000 0.014424 0 1 0 0
TD13TRACE 4452 133.620000 133.620000 132.000000 0.013251 0 1 0 0
TD13TRACE 4453 133.620000 133.620000 132.000000 0.013927 0 1 0 0
TD13TRACE 4454 133.620000 133.620000 132.000000 0.014350 0 1 0 0
TD13TRACE 4455 133.620000 133.620000 132.000000 0.013965 0 1 0 0
TD13TRACE 4456 133.620000 133.620000 132.000000 0.013477 0 1 0 0
TD13TRACE 4457 133.620000 133.620000 132.000000 0.014674 0 1 0 0
TD13TRACE 4458 133.620000 133.620000 132.000000 0.012901 0 1 0 0
TD13TRACE 4459 133.620000 133.620000 132.000000 0.013927 0 1 0 0
TD13TRACE 4460 133.620000 133.620000 132.000000 0.014610 0 1 0 0
TD13TRACE 4461 133.620000 133.620000 132.000000 0.013465 0 1 0 0
TD13TRACE 4462 133.620000 133.620000 132.000000 0.013787 0 1 0 0
TD13TRACE 4463 133.620000 133.620000 132.000000 0.014586 0 1 0 0
TD13TRACE 4464 133.620000 133.620000 132.000000 0.013516 0 1 0 0
TD13TRACE 4465 133.620000 133.620000 132.000000 0.013613 0 1 0 0
TD13TRACE 4466 133.620000 133.620000 132.000000 0.014623 0 1 0 0
TD13TRACE 4467 133.620000 133.620000 132.000000 0.013232 0 1 0 0
TD13TRACE 4468 133.620000 133.620000 132.000000 0.013769 0 1 0 0
TD13TRACE 4469 133.620000 133.620000 132.000000 0.015012 0 1 0 0
TD13TRACE 4470 133.620000 133.620000 132.000000 0.012930 0 1 0 0
TD13TRACE 4471 133.620000 133.620000 132.000000 0.013398 0 1 0 0
TD13TRACE 4472 133.620000 133.620000 132.000000 0.014987 0 1 0 0
TD13TRACE 4473 133.620000 133.620000 132.000000 0.012983 0 1 0 0
TD13TRACE 4474 133.620000 133.620000 132.000000 0.013808 0 1 0 0
TD13TRACE 4475 133.620000 133.620000 132.000000 0.014772 0 1 0 0
TD13TRACE 4476 133.620000 133.620000 132.000000 0.013439 0 1 0 0
TD13TRACE 4477 133.620000 133.620000 132.000000 0.013548 0 1 0 0
TD13TRACE 4478 133.620000 133.620000 132.000000 0.014377 0 1 0 0
TD13TRACE 4479 133.620000 133.620000 132.000000 0.013427 0 1 0 0
TD13TRACE 4480 133.620000 133.620000 132.000000 0.013712 0 1 0 0
TD13TRACE 4481 133.620000 133.620000 132.000000 0.014526 0 1 0 0
TD13TRACE 4482 133.620000 133.620000 132.000000 0.013606 0 1 0 0
TD13TRACE 4483 133.620000 133.620000 132.000000 0.013615 0 1 0 0
TD13TRACE 4484 133.620000 133.620000 132.000000 0.014614 0 1 0 0
TD13TRACE 4485 133.620000 133.620000 132.000000 0.013562 0 1 0 0
TD13TRACE 4486 133.620000 133.620000 132.000000 0.013473 0 1 0 0
TD13TRACE 4487 133.620000 133.620000 132.000000 0.014790 0 1 0 0
TD13TRACE 4488 133.620000 133.620000 132.000000 0.012973 0 1 0 0
TD13TRACE 4489 133.620000 133.620000 132.000000 0.013576 0 1 0 0
TD13TRACE 4490 133.620000 133.620000 132.000000 0.014998 0 1 0 0
TD13TRACE 4491 133.620000 133.620000 132.000000 0.013086 0 1 0 0
TD13TRACE 4492 133.620000 133.620000 132.000000 0.013914 0 1 0 0
TD13TRACE 4493 133.620000 133.620000 132.000000 0.014078 0 1 0 0
TD13TRACE 4494 133.620000 133.620000 132.000000 0.014074 0 1 0 0
TD13TRACE 4495 133.620000 133.620000 132.000000 0.013473 0 1 0 0
TD13TRACE 4496 133.620000 133.620000 132.000000 0.014547 0 1 0 0
TD13TRACE 4497 133.620000 133.620000 132.000000 0.013245 0 1 0 0
TD13TRACE 4498 133.620000 133.620000 132.000000 0.013870 0 1 0 0
TD13TRACE 4499 133.620000 133.620000 132.000000 0.014387 0 1 0 0
TD13TRACE 4500 133.620000 133.620000 132.000000 0.013834 0 1 0 0
TD13TRACE 4501 133.620000 133.620000 132.000000 0.013424 0 1 0 0
TD13TRACE 4502 133.620000 133.620000 132.000000 0.014391 0 1 0 0
TD13TRACE 4503 133.620000 133.620000 132.000000 0.013689 0 1 0 0
TD13TRACE 4504 133.620000 133.620000 132.000000 0.013619 0 1 0 0
TD13TRACE 4505 133.620000 133.620000 132.000000 0.014423 0 1 0 0
TD13TRACE 4506 133.620000 133.620000 132.000000 0.013420 0 1 0 0
TD13TRACE 4507 133.620000 133.620000 132.000000 0.014422 0 1 0 0
TD13TRACE 4508 133.620000 133.620000 132.000000 0.014692 0 1 0 0
TD13TRACE 4509 133.620000 133.620000 132.000000 0.012611 0 1 0 0
TD13TRACE 4510 133.620000 133.620000 132.000000 0.013747 0 1 0 0
TD13TRACE 4511 133.620000 133.620000 132.000000 0.014509 0 1 0 0
TD13TRACE 4512 133.620000 133.620000 132.000000 0.013644 0 1 0 0
TD13TRACE 4513 133.620000 133.620000 132.000000 0.013477 0 1 0 0
TD13TRACE 4514 133.620000 133.620000 132.000000 0.014620 0 1 0 0
TD13TRACE 4515 133.620000 133.620000 132.000000 0.013833 0 1 0 0
TD13TRACE 4516 133.620000 133.620000 132.000000 0.013396 0 1 0 0
TD13TRACE 4517 133.620000 133.620000 132.000000 0.014713 0 1 0 0
TD13TRACE 4518 133.620000 133.620000 132.000000 0.013139 0 1 0 0
TD13TRACE 4519 133.620000 133.620000 132.000000 0.013483 0 1 0 0
TD13TRACE 4520 133.620000 133.620000 132.000000 0.014847 0 1 0 0
TD13TRACE 4521 133.620000 133.620000 132.000000 0.013314 0 1 0 0
TD13TRACE 4522 133.620000 133.620000 132.000000 0.014209 0 1 0 0
TD13TRACE 4523 133.620000 133.620000 132.000000 0.013939 0 1 0 0
TD13TRACE 4524 133.620000 133.620000 132.000000 0.013575 0 1 0 0
TD13TRACE 4525 133.620000 133.620000 132.000000 0.013650 0 1 0 0
TD13TRACE 4526 133.620000 133.620000 132.000000 0.014791 0 1 0 0
TD13TRACE 4527 133.620000 133.620000 132.000000 0.013566 0 1 0 0
TD13TRACE 4528 133.620000 133.620000 132.000000 0.013640 0 1 0 0
TD13TRACE 4529 133.620000 133.620000 132.000000 0.014372 0 1 0 0
TD13TRACE 4530 133.620000 133.620000 132.000000 0.013340 0 1 0 0
TD13TRACE 4531 133.620000 133.620000 132.000000 0.013491 0 1 0 0
TD13TRACE 4532 133.620000 133.620000 132.000000 0.015132 0 1 0 0
TD13TRACE 4533 133.620000 133.620000 132.000000 0.013260 0 1 0 0
TD13TRACE 4534 133.620000 133.620000 132.000000 0.013519 0 1 0 0
TD13TRACE 4535 133.620000 133.620000 132.000000 0.014733 0 1 0 0
TD13TRACE 4536 133.620000 133.620000 132.000000 0.013194 0 1 0 0
TD13TRACE 4537 133.620000 133.620000 132.000000 0.013733 0 1 0 0
TD13TRACE 4538 133.620000 133.620000 132.000000 0.014489 0 1 0 0
TD13TRACE 4539 133.620000 133.620000 132.000000 0.013346 0 1 0 0
TD13TRACE 4540 133.620000 133.620000 132.000000 0.013927 0 1 0 0
TD13TRACE 4541 133.620000 133.620000 132.000000 0.014896 0 1 0 0
TD13TRACE 4542 133.620000 133.620000 132.000000 0.013081 0 1 0 0
TD13TRACE 4543 133.620000 133.620000 132.000000 0.013163 0 1 0 0
TD13TRACE 4544 133.620000 133.620000 132.000000 0.014891 0 1 0 0
TD13TRACE 4545 133.620000 133.620000 132.000000 0.013114 0 1 0 0
TD13TRACE 4546 133.620000 133.620000 132.000000 0.013873 0 1 0 0
TD13TRACE 4547 133.620000 133.620000 132.000000 0.014922 0 1 0 0
TD13TRACE 4548 133.620000 133.620000 132.000000 0.013092 0 1 0 0
TD13TRACE 4549 133.620000 133.620000 132.000000 0.013731 0 1 0 0
TD13TRACE 4550 133.620000 133.620000 132.000000 0.014623 0 1 0 0
TD13TRACE 4551 133.620000 133.620000 132.000000 0.013073 0 1 0 0
TD13TRACE 4552 133.620000 133.620000 132.000000 0.013854 0 1 0 0
TD13TRACE 4553 133.620000 133.620000 132.000000 0.014627 0 1 0 0
TD13TRACE 4554 133.620000 133.620000 132.000000 0.013389 0 1 0 0
TD13TRACE 4555 133.620000 133.620000 132.000000 0.013974 0 1 0 0
TD13TRACE 4556 133.620000 133.620000 132.000000 0.014635 0 1 0 0
TD13TRACE 4557 133.620000 133.620000 132.000000 0.013384 0 1 0 0
[2026-09-15 06:54:53.883] [info] fps 72.0 | pos (0.50, 132.00, -4.70) | chunks 113 | stream-meshed 104
TD13TRACE 4558 133.620000 133.620000 132.000000 0.013384 0 1 0 0
TD13TRACE 4559 133.620000 133.620000 132.000000 0.014630 0 1 0 0
TD13TRACE 4560 133.620000 133.620000 132.000000 0.013265 0 1 0 0
TD13TRACE 4561 133.620000 133.620000 132.000000 0.013874 0 1 0 0
TD13TRACE 4562 133.620000 133.620000 132.000000 0.014487 0 1 0 0
TD13TRACE 4563 133.620000 133.620000 132.000000 0.013537 0 1 0 0
TD13TRACE 4564 133.620000 133.620000 132.000000 0.013588 0 1 0 0
TD13TRACE 4565 133.620000 133.620000 132.000000 0.014676 0 1 0 0
TD13TRACE 4566 133.620000 133.620000 132.000000 0.013220 0 1 0 0
TD13TRACE 4567 133.620000 133.620000 132.000000 0.013566 0 1 0 0
TD13TRACE 4568 133.620000 133.620000 132.000000 0.015145 0 1 0 0
TD13TRACE 4569 133.620000 133.620000 132.000000 0.013258 0 1 0 0
TD13TRACE 4570 133.620000 133.620000 132.000000 0.013707 0 1 0 0
TD13TRACE 4571 133.620000 133.620000 132.000000 0.014467 0 1 0 0
TD13TRACE 4572 133.620000 133.620000 132.000000 0.013333 0 1 0 0
TD13TRACE 4573 133.620000 133.620000 132.000000 0.013784 0 1 0 0
TD13TRACE 4574 133.620000 133.620000 132.000000 0.014564 0 1 0 0
TD13TRACE 4575 133.620000 133.620000 132.000000 0.013371 0 1 0 0
TD13TRACE 4576 133.620000 133.620000 132.000000 0.013888 0 1 0 0
TD13TRACE 4577 133.620000 133.620000 132.000000 0.014250 0 1 0 0
TD13TRACE 4578 133.620000 133.620000 132.000000 0.013391 0 1 0 0
TD13TRACE 4579 133.620000 133.620000 132.000000 0.013632 0 1 0 0
TD13TRACE 4580 133.620000 133.620000 132.000000 0.014844 0 1 0 0
TD13TRACE 4581 133.620000 133.620000 132.000000 0.013469 0 1 0 0
TD13TRACE 4582 133.620000 133.620000 132.000000 0.013393 0 1 0 0
TD13TRACE 4583 133.620000 133.620000 132.000000 0.014848 0 1 0 0
TD13TRACE 4584 133.620000 133.620000 132.000000 0.013360 0 1 0 0
TD13TRACE 4585 133.620000 133.620000 132.000000 0.013454 0 1 0 0
TD13TRACE 4586 133.620000 133.620000 132.000000 0.014626 0 1 0 0
TD13TRACE 4587 133.620000 133.620000 132.000000 0.013609 0 1 0 0
TD13TRACE 4588 133.620000 133.620000 132.000000 0.013397 0 1 0 0
TD13TRACE 4589 133.620000 133.620000 132.000000 0.014911 0 1 0 0
TD13TRACE 4590 133.620000 133.620000 132.000000 0.013194 0 1 0 0
TD13TRACE 4591 133.620000 133.620000 132.000000 0.013700 0 1 0 0
TD13TRACE 4592 133.620000 133.620000 132.000000 0.014469 0 1 0 0
TD13TRACE 4593 133.620000 133.620000 132.000000 0.013242 0 1 0 0
TD13TRACE 4594 133.620000 133.620000 132.000000 0.013990 0 1 0 0
TD13TRACE 4595 133.620000 133.620000 132.000000 0.014297 0 1 0 0
TD13TRACE 4596 133.620000 133.620000 132.000000 0.013733 0 1 0 0
TD13TRACE 4597 133.620000 133.620000 132.000000 0.013519 0 1 0 0
TD13TRACE 4598 133.620000 133.620000 132.000000 0.015091 0 1 0 0
TD13TRACE 4599 133.620000 133.620000 132.000000 0.013244 0 1 0 0
TD13TRACE 4600 133.620000 133.620000 132.000000 0.013391 0 1 0 0
TD13TRACE 4601 133.620000 133.620000 132.000000 0.014696 0 1 0 0
TD13TRACE 4602 133.620000 133.620000 132.000000 0.013326 0 1 0 0
TD13TRACE 4603 133.620000 133.620000 132.000000 0.013600 0 1 0 0
TD13TRACE 4604 133.620000 133.620000 132.000000 0.014824 0 1 0 0
TD13TRACE 4605 133.620000 133.620000 132.000000 0.013488 0 1 0 0
TD13TRACE 4606 133.620000 133.620000 132.000000 0.013611 0 1 0 0
TD13TRACE 4607 133.620000 133.620000 132.000000 0.014898 0 1 0 0
TD13TRACE 4608 133.620000 133.620000 132.000000 0.012977 0 1 0 0
TD13TRACE 4609 133.620000 133.620000 132.000000 0.013809 0 1 0 0
TD13TRACE 4610 133.620000 133.620000 132.000000 0.014728 0 1 0 0
TD13TRACE 4611 133.620000 133.620000 132.000000 0.013370 0 1 0 0
TD13TRACE 4612 133.620000 133.620000 132.000000 0.013545 0 1 0 0
TD13TRACE 4613 133.620000 133.620000 132.000000 0.014463 0 1 0 0
TD13TRACE 4614 133.620000 133.620000 132.000000 0.012998 0 1 0 0
TD13TRACE 4615 133.620000 133.620000 132.000000 0.013901 0 1 0 0
TD13TRACE 4616 133.620000 133.620000 132.000000 0.014586 0 1 0 0
TD13TRACE 4617 133.620000 133.620000 132.000000 0.013333 0 1 0 0
TD13TRACE 4618 133.620000 133.620000 132.000000 0.013756 0 1 0 0
TD13TRACE 4619 133.620000 133.620000 132.000000 0.014783 0 1 0 0
TD13TRACE 4620 133.620000 133.620000 132.000000 0.013244 0 1 0 0
TD13TRACE 4621 133.620000 133.620000 132.000000 0.014094 0 1 0 0
TD13TRACE 4622 133.620000 133.620000 132.000000 0.014352 0 1 0 0
TD13TRACE 4623 133.620000 133.620000 132.000000 0.013568 0 1 0 0
TD13TRACE 4624 133.620000 133.620000 132.000000 0.013510 0 1 0 0
TD13TRACE 4625 133.620000 133.620000 132.000000 0.014411 0 1 0 0
TD13TRACE 4626 133.620000 133.620000 132.000000 0.013517 0 1 0 0
TD13TRACE 4627 133.620000 133.620000 132.000000 0.013438 0 1 0 0
TD13TRACE 4628 133.620000 133.620000 132.000000 0.014647 0 1 0 0
TD13TRACE 4629 133.620000 133.620000 132.000000 0.013908 0 1 0 0
TD13TRACE 4630 133.620000 133.620000 132.000000 0.013595 0 1 0 0
TD13TRACE 4631 133.620000 133.620000 132.000000 0.014073 0 1 0 0
TD13TRACE 4632 133.620000 133.620000 132.000000 0.013519 0 1 0 0
TD13TRACE 4633 133.620000 133.620000 132.000000 0.013730 0 1 0 0
TD13TRACE 4634 133.620000 133.620000 132.000000 0.014446 0 1 0 0
TD13TRACE 4635 133.620000 133.620000 132.000000 0.013491 0 1 0 0
TD13TRACE 4636 133.620000 133.620000 132.000000 0.014221 0 1 0 0
TD13TRACE 4637 133.620000 133.620000 132.000000 0.014224 0 1 0 0
TD13TRACE 4638 133.620000 133.620000 132.000000 0.013473 0 1 0 0
TD13TRACE 4639 133.620000 133.620000 132.000000 0.013350 0 1 0 0
TD13TRACE 4640 133.620000 133.620000 132.000000 0.014637 0 1 0 0
TD13TRACE 4641 133.620000 133.620000 132.000000 0.013367 0 1 0 0
TD13TRACE 4642 133.620000 133.620000 132.000000 0.013763 0 1 0 0
TD13TRACE 4643 133.620000 133.620000 132.000000 0.014913 0 1 0 0
TD13TRACE 4644 133.620000 133.620000 132.000000 0.013482 0 1 0 0
TD13TRACE 4645 133.620000 133.620000 132.000000 0.013802 0 1 0 0
TD13TRACE 4646 133.620000 133.620000 132.000000 0.014511 0 1 0 0
TD13TRACE 4647 133.620000 133.620000 132.000000 0.013457 0 1 0 0
TD13TRACE 4648 133.620000 133.620000 132.000000 0.013206 0 1 0 0
TD13TRACE 4649 133.620000 133.620000 132.000000 0.014871 0 1 0 0
TD13TRACE 4650 133.620000 133.620000 132.000000 0.013187 0 1 0 0
TD13TRACE 4651 133.620000 133.620000 132.000000 0.013499 0 1 0 0
TD13TRACE 4652 133.620000 133.620000 132.000000 0.014779 0 1 0 0
TD13TRACE 4653 133.620000 133.620000 132.000000 0.013127 0 1 0 0
TD13TRACE 4654 133.620000 133.620000 132.000000 0.013639 0 1 0 0
TD13TRACE 4655 133.620000 133.620000 132.000000 0.014776 0 1 0 0
TD13TRACE 4656 133.620000 133.620000 132.000000 0.013436 0 1 0 0
TD13TRACE 4657 133.620000 133.620000 132.000000 0.013797 0 1 0 0
TD13TRACE 4658 133.620000 133.620000 132.000000 0.014683 0 1 0 0
TD13TRACE 4659 133.620000 133.620000 132.000000 0.013238 0 1 0 0
TD13TRACE 4660 133.620000 133.620000 132.000000 0.013835 0 1 0 0
TD13TRACE 4661 133.620000 133.620000 132.000000 0.014708 0 1 0 0
TD13TRACE 4662 133.620000 133.620000 132.000000 0.013043 0 1 0 0
TD13TRACE 4663 133.620000 133.620000 132.000000 0.013948 0 1 0 0
TD13TRACE 4664 133.620000 133.620000 132.000000 0.014578 0 1 0 0
TD13TRACE 4665 133.620000 133.620000 132.000000 0.013162 0 1 0 0
TD13TRACE 4666 133.620000 133.620000 132.000000 0.013439 0 1 0 0
TD13TRACE 4667 133.620000 133.620000 132.000000 0.014787 0 1 0 0
TD13TRACE 4668 133.620000 133.620000 132.000000 0.013417 0 1 0 0
TD13TRACE 4669 133.620000 133.620000 132.000000 0.013767 0 1 0 0
TD13TRACE 4670 133.620000 133.620000 132.000000 0.014498 0 1 0 0
TD13TRACE 4671 133.620000 133.620000 132.000000 0.013587 0 1 0 0
TD13TRACE 4672 133.620000 133.620000 132.000000 0.013299 0 1 0 0
TD13TRACE 4673 133.620000 133.620000 132.000000 0.014498 0 1 0 0
TD13TRACE 4674 133.620000 133.620000 132.000000 0.013962 0 1 0 0
TD13TRACE 4675 133.620000 133.620000 132.000000 0.013493 0 1 0 0
TD13TRACE 4676 133.620000 133.620000 132.000000 0.014788 0 1 0 0
TD13TRACE 4677 133.620000 133.620000 132.000000 0.013407 0 1 0 0
TD13TRACE 4678 133.620000 133.620000 132.000000 0.013398 0 1 0 0
TD13TRACE 4679 133.620000 133.620000 132.000000 0.014673 0 1 0 0
TD13TRACE 4680 133.620000 133.620000 132.000000 0.013276 0 1 0 0
TD13TRACE 4681 133.620000 133.620000 132.000000 0.014079 0 1 0 0
TD13TRACE 4682 133.620000 133.620000 132.000000 0.014602 0 1 0 0
TD13TRACE 4683 133.620000 133.620000 132.000000 0.013148 0 1 0 0
TD13TRACE 4684 133.620000 133.620000 132.000000 0.014000 0 1 0 0
TD13TRACE 4685 133.620000 133.620000 132.000000 0.014166 0 1 0 0
TD13TRACE 4686 133.620000 133.620000 132.000000 0.013272 0 1 0 0
TD13TRACE 4687 133.620000 133.620000 132.000000 0.013540 0 1 0 0
TD13TRACE 4688 133.620000 133.620000 132.000000 0.014969 0 1 0 0
TD13TRACE 4689 133.620000 133.620000 132.000000 0.013425 0 1 0 0
TD13TRACE 4690 133.620000 133.620000 132.000000 0.013807 0 1 0 0
TD13TRACE 4691 133.620000 133.620000 132.000000 0.014565 0 1 0 0
TD13TRACE 4692 133.620000 133.620000 132.000000 0.013578 0 1 0 0
TD13TRACE 4693 133.620000 133.620000 132.000000 0.013488 0 1 0 0
TD13TRACE 4694 133.620000 133.620000 132.000000 0.014625 0 1 0 0
TD13TRACE 4695 133.620000 133.620000 132.000000 0.013174 0 1 0 0
TD13TRACE 4696 133.620000 133.620000 132.000000 0.014056 0 1 0 0
TD13TRACE 4697 133.620000 133.620000 132.000000 0.014472 0 1 0 0
TD13TRACE 4698 133.620000 133.620000 132.000000 0.013132 0 1 0 0
TD13TRACE 4699 133.620000 133.620000 132.000000 0.013735 0 1 0 0
TD13TRACE 4700 133.620000 133.620000 132.000000 0.014394 0 1 0 0
TD13TRACE 4701 133.620000 133.620000 132.000000 0.013694 0 1 0 0
TD13TRACE 4702 133.620000 133.620000 132.000000 0.013606 0 1 0 0
[2026-09-15 06:54:55.897] [info] fps 72.0 | pos (0.50, 132.00, -4.70) | chunks 113 | stream-meshed 104
TD13TRACE 4703 133.620000 133.620000 132.000000 0.014414 0 1 0 0
TD13TRACE 4704 133.620000 133.620000 132.000000 0.013406 0 1 0 0
TD13TRACE 4705 133.620000 133.620000 132.000000 0.013872 0 1 0 0
TD13TRACE 4706 133.620000 133.620000 132.000000 0.014665 0 1 0 0
TD13TRACE 4707 133.620000 133.620000 132.000000 0.013117 0 1 0 0
TD13TRACE 4708 133.620000 133.620000 132.000000 0.014071 0 1 0 0
TD13TRACE 4709 133.620000 133.620000 132.000000 0.014593 0 1 0 0
TD13TRACE 4710 133.620000 133.620000 132.000000 0.013350 0 1 0 0
TD13TRACE 4711 133.620000 133.620000 132.000000 0.013417 0 1 0 0
TD13TRACE 4712 133.620000 133.620000 132.000000 0.014924 0 1 0 0
TD13TRACE 4713 133.620000 133.620000 132.000000 0.012903 0 1 0 0
TD13TRACE 4714 133.620000 133.620000 132.000000 0.014144 0 1 0 0
TD13TRACE 4715 133.620000 133.620000 132.000000 0.014459 0 1 0 0
TD13TRACE 4716 133.620000 133.620000 132.000000 0.013405 0 1 0 0
TD13TRACE 4717 133.620000 133.620000 132.000000 0.013777 0 1 0 0
TD13TRACE 4718 133.620000 133.620000 132.000000 0.014460 0 1 0 0
TD13TRACE 4719 133.620000 133.620000 132.000000 0.013198 0 1 0 0
TD13TRACE 4720 133.620000 133.620000 132.000000 0.013666 0 1 0 0
TD13TRACE 4721 133.620000 133.620000 132.000000 0.014671 0 1 0 0
TD13TRACE 4722 133.620000 133.620000 132.000000 0.013584 0 1 0 0
TD13TRACE 4723 133.620000 133.620000 132.000000 0.013661 0 1 0 0
TD13TRACE 4724 133.620000 133.620000 132.000000 0.014561 0 1 0 0
TD13TRACE 4725 133.620000 133.620000 132.000000 0.013277 0 1 0 0
TD13TRACE 4726 133.620000 133.620000 132.000000 0.013534 0 1 0 0
TD13TRACE 4727 133.620000 133.620000 132.000000 0.014657 0 1 0 0
TD13TRACE 4728 133.620000 133.620000 132.000000 0.013337 0 1 0 0
TD13TRACE 4729 133.620000 133.620000 132.000000 0.013931 0 1 0 0
TD13TRACE 4730 133.620000 133.620000 132.000000 0.014383 0 1 0 0
TD13TRACE 4731 133.620000 133.620000 132.000000 0.013366 0 1 0 0
TD13TRACE 4732 133.620000 133.620000 132.000000 0.013644 0 1 0 0
TD13TRACE 4733 133.620000 133.620000 132.000000 0.014976 0 1 0 0
TD13TRACE 4734 133.620000 133.620000 132.000000 0.012985 0 1 0 0
TD13TRACE 4735 133.620000 133.620000 132.000000 0.013710 0 1 0 0
TD13TRACE 4736 133.620000 133.620000 132.000000 0.014760 0 1 0 0
TD13TRACE 4737 133.620000 133.620000 132.000000 0.013583 0 1 0 0
TD13TRACE 4738 133.620000 133.620000 132.000000 0.013518 0 1 0 0
TD13TRACE 4739 133.620000 133.620000 132.000000 0.014364 0 1 0 0
TD13TRACE 4740 133.620000 133.620000 132.000000 0.013496 0 1 0 0
TD13TRACE 4741 133.620000 133.620000 132.000000 0.013562 0 1 0 0
TD13TRACE 4742 133.620000 133.620000 132.000000 0.014928 0 1 0 0
TD13TRACE 4743 133.620000 133.620000 132.000000 0.013176 0 1 0 0
TD13TRACE 4744 133.620000 133.620000 132.000000 0.013833 0 1 0 0
TD13TRACE 4745 133.620000 133.620000 132.000000 0.015083 0 1 0 0
TD13TRACE 4746 133.620000 133.620000 132.000000 0.012772 0 1 0 0
TD13TRACE 4747 133.620000 133.620000 132.000000 0.013755 0 1 0 0
TD13TRACE 4748 133.620000 133.620000 132.000000 0.014388 0 1 0 0
TD13TRACE 4749 133.620000 133.620000 132.000000 0.013471 0 1 0 0
TD13TRACE 4750 133.620000 133.620000 132.000000 0.014028 0 1 0 0
TD13TRACE 4751 133.620000 133.620000 132.000000 0.014766 0 1 0 0
TD13TRACE 4752 133.620000 133.620000 132.000000 0.012924 0 1 0 0
TD13TRACE 4753 133.620000 133.620000 132.000000 0.013732 0 1 0 0
TD13TRACE 4754 133.620000 133.620000 132.000000 0.014660 0 1 0 0
TD13TRACE 4755 133.620000 133.620000 132.000000 0.013088 0 1 0 0
TD13TRACE 4756 133.620000 133.620000 132.000000 0.014103 0 1 0 0
TD13TRACE 4757 133.620000 133.620000 132.000000 0.014533 0 1 0 0
TD13TRACE 4758 133.620000 133.620000 132.000000 0.013182 0 1 0 0
TD13TRACE 4759 133.620000 133.620000 132.000000 0.013742 0 1 0 0
TD13TRACE 4760 133.620000 133.620000 132.000000 0.014281 0 1 0 0
TD13TRACE 4761 133.620000 133.620000 132.000000 0.013552 0 1 0 0
TD13TRACE 4762 133.620000 133.620000 132.000000 0.014156 0 1 0 0
TD13TRACE 4763 133.620000 133.620000 132.000000 0.014421 0 1 0 0
TD13TRACE 4764 133.620000 133.620000 132.000000 0.013078 0 1 0 0
TD13TRACE 4765 133.620000 133.620000 132.000000 0.013930 0 1 0 0
TD13TRACE 4766 133.620000 133.620000 132.000000 0.014389 0 1 0 0
TD13TRACE 4767 133.620000 133.620000 132.000000 0.013459 0 1 0 0
TD13TRACE 4768 133.620000 133.620000 132.000000 0.013714 0 1 0 0
TD13TRACE 4769 133.620000 133.620000 132.000000 0.014494 0 1 0 0
TD13TRACE 4770 133.620000 133.620000 132.000000 0.013574 0 1 0 0
TD13TRACE 4771 133.620000 133.620000 132.000000 0.013885 0 1 0 0
TD13TRACE 4772 133.620000 133.620000 132.000000 0.014389 0 1 0 0
TD13TRACE 4773 133.620000 133.620000 132.000000 0.013270 0 1 0 0
TD13TRACE 4774 133.620000 133.620000 132.000000 0.013464 0 1 0 0
TD13TRACE 4775 133.620000 133.620000 132.000000 0.014797 0 1 0 0
TD13TRACE 4776 133.620000 133.620000 132.000000 0.013705 0 1 0 0
TD13TRACE 4777 133.620000 133.620000 132.000000 0.013820 0 1 0 0
TD13TRACE 4778 133.620000 133.620000 132.000000 0.014375 0 1 0 0
TD13TRACE 4779 133.620000 133.620000 132.000000 0.013466 0 1 0 0
TD13TRACE 4780 133.620000 133.620000 132.000000 0.013725 0 1 0 0
TD13TRACE 4781 133.620000 133.620000 132.000000 0.014024 0 1 0 0
TD13TRACE 4782 133.620000 133.620000 132.000000 0.013847 0 1 0 0
TD13TRACE 4783 133.620000 133.620000 132.000000 0.013414 0 1 0 0
TD13TRACE 4784 133.620000 133.620000 132.000000 0.014755 0 1 0 0
TD13TRACE 4785 133.620000 133.620000 132.000000 0.013674 0 1 0 0
TD13TRACE 4786 133.620000 133.620000 132.000000 0.013376 0 1 0 0
TD13TRACE 4787 133.620000 133.620000 132.000000 0.014724 0 1 0 0
TD13TRACE 4788 133.620000 133.620000 132.000000 0.013622 0 1 0 0
TD13TRACE 4789 133.620000 133.620000 132.000000 0.013524 0 1 0 0
TD13TRACE 4790 133.620000 133.620000 132.000000 0.014629 0 1 0 0
TD13TRACE 4791 133.620000 133.620000 132.000000 0.013386 0 1 0 0
TD13TRACE 4792 133.620000 133.620000 132.000000 0.013423 0 1 0 0
TD13TRACE 4793 133.620000 133.620000 132.000000 0.015360 0 1 0 0
TD13TRACE 4794 133.620000 133.620000 132.000000 0.012988 0 1 0 0
TD13TRACE 4795 133.620000 133.620000 132.000000 0.013664 0 1 0 0
TD13TRACE 4796 133.620000 133.620000 132.000000 0.014819 0 1 0 0
TD13TRACE 4797 133.620000 133.620000 132.000000 0.012974 0 1 0 0
TD13TRACE 4798 133.620000 133.620000 132.000000 0.013489 0 1 0 0
TD13TRACE 4799 133.620000 133.620000 132.000000 0.014818 0 1 0 0
TD13TRACE 4800 133.620000 133.620000 132.000000 0.013361 0 1 0 0
TD13TRACE 4801 133.620000 133.620000 132.000000 0.013593 0 1 0 0
TD13TRACE 4802 133.620000 133.620000 132.000000 0.014581 0 1 0 0
TD13TRACE 4803 133.620000 133.620000 132.000000 0.013586 0 1 0 0
TD13TRACE 4804 133.620000 133.620000 132.000000 0.013352 0 1 0 0
TD13TRACE 4805 133.620000 133.620000 132.000000 0.014800 0 1 0 0
TD13TRACE 4806 133.620000 133.620000 132.000000 0.013330 0 1 0 0
TD13TRACE 4807 133.620000 133.620000 132.000000 0.013692 0 1 0 0
TD13TRACE 4808 133.620000 133.620000 132.000000 0.014892 0 1 0 0
TD13TRACE 4809 133.620000 133.620000 132.000000 0.013251 0 1 0 0
TD13TRACE 4810 133.620000 133.620000 132.000000 0.013769 0 1 0 0
TD13TRACE 4811 133.620000 133.620000 132.000000 0.014780 0 1 0 0
TD13TRACE 4812 133.620000 133.620000 132.000000 0.012956 0 1 0 0
TD13TRACE 4813 133.620000 133.620000 132.000000 0.014075 0 1 0 0
TD13TRACE 4814 133.620000 133.620000 132.000000 0.014421 0 1 0 0
TD13TRACE 4815 133.620000 133.620000 132.000000 0.013852 0 1 0 0
TD13TRACE 4816 133.620000 133.620000 132.000000 0.013195 0 1 0 0
TD13TRACE 4817 133.620000 133.620000 132.000000 0.014278 0 1 0 0
TD13TRACE 4818 133.620000 133.620000 132.000000 0.013566 0 1 0 0
TD13TRACE 4819 133.620000 133.620000 132.000000 0.014094 0 1 0 0
TD13TRACE 4820 133.620000 133.620000 132.000000 0.014587 0 1 0 0
TD13TRACE 4821 133.620000 133.620000 132.000000 0.012584 0 1 0 0
TD13TRACE 4822 133.620000 133.620000 132.000000 0.014038 0 1 0 0
TD13TRACE 4823 133.620000 133.620000 132.000000 0.014698 0 1 0 0
TD13TRACE 4824 133.620000 133.620000 132.000000 0.013024 0 1 0 0
TD13TRACE 4825 133.620000 133.620000 132.000000 0.013856 0 1 0 0
TD13TRACE 4826 133.620000 133.620000 132.000000 0.014654 0 1 0 0
TD13TRACE 4827 133.620000 133.620000 132.000000 0.013494 0 1 0 0
TD13TRACE 4828 133.620000 133.620000 132.000000 0.013676 0 1 0 0
TD13TRACE 4829 133.620000 133.620000 132.000000 0.014103 0 1 0 0
TD13TRACE 4830 133.620000 133.620000 132.000000 0.013889 0 1 0 0
TD13TRACE 4831 133.620000 133.620000 132.000000 0.013392 0 1 0 0
TD13TRACE 4832 133.620000 133.620000 132.000000 0.014517 0 1 0 0
TD13TRACE 4833 133.620000 133.620000 132.000000 0.013541 0 1 0 0
TD13TRACE 4834 133.620000 133.620000 132.000000 0.013604 0 1 0 0
TD13TRACE 4835 133.620000 133.620000 132.000000 0.014546 0 1 0 0
TD13TRACE 4836 133.620000 133.620000 132.000000 0.013840 0 1 0 0
TD13TRACE 4837 133.620000 133.620000 132.000000 0.013552 0 1 0 0
TD13TRACE 4838 133.620000 133.620000 132.000000 0.014541 0 1 0 0
TD13TRACE 4839 133.620000 133.620000 132.000000 0.013639 0 1 0 0
TD13TRACE 4840 133.620000 133.620000 132.000000 0.013172 0 1 0 0
TD13TRACE 4841 133.620000 133.620000 132.000000 0.015069 0 1 0 0
TD13TRACE 4842 133.620000 133.620000 132.000000 0.013059 0 1 0 0
TD13TRACE 4843 133.620000 133.620000 132.000000 0.013519 0 1 0 0
TD13TRACE 4844 133.620000 133.620000 132.000000 0.015027 0 1 0 0
TD13TRACE 4845 133.620000 133.620000 132.000000 0.013019 0 1 0 0
TD13TRACE 4846 133.620000 133.620000 132.000000 0.013931 0 1 0 0
[2026-09-15 06:54:57.897] [info] fps 72.0 | pos (0.50, 132.00, -4.70) | chunks 113 | stream-meshed 104
TD13TRACE 4847 133.620000 133.620000 132.000000 0.014704 0 1 0 0
TD13TRACE 4848 133.620000 133.620000 132.000000 0.013094 0 1 0 0
TD13TRACE 4849 133.620000 133.620000 132.000000 0.013597 0 1 0 0
TD13TRACE 4850 133.620000 133.620000 132.000000 0.014839 0 1 0 0
TD13TRACE 4851 133.620000 133.620000 132.000000 0.013595 0 1 0 0
TD13TRACE 4852 133.620000 133.620000 132.000000 0.013576 0 1 0 0
TD13TRACE 4853 133.620000 133.620000 132.000000 0.014982 0 1 0 0
TD13TRACE 4854 133.620000 133.620000 132.000000 0.012701 0 1 0 0
TD13TRACE 4855 133.620000 133.620000 132.000000 0.013450 0 1 0 0
TD13TRACE 4856 133.620000 133.620000 132.000000 0.014961 0 1 0 0
TD13TRACE 4857 133.620000 133.620000 132.000000 0.013651 0 1 0 0
TD13TRACE 4858 133.620000 133.620000 132.000000 0.013421 0 1 0 0
TD13TRACE 4859 133.620000 133.620000 132.000000 0.014706 0 1 0 0
TD13TRACE 4860 133.620000 133.620000 132.000000 0.013586 0 1 0 0
TD13TRACE 4861 133.620000 133.620000 132.000000 0.013809 0 1 0 0
TD13TRACE 4862 133.620000 133.620000 132.000000 0.014558 0 1 0 0
TD13TRACE 4863 133.620000 133.620000 132.000000 0.012945 0 1 0 0
TD13TRACE 4864 133.620000 133.620000 132.000000 0.014029 0 1 0 0
TD13TRACE 4865 133.620000 133.620000 132.000000 0.014346 0 1 0 0
TD13TRACE 4866 133.620000 133.620000 132.000000 0.013560 0 1 0 0
TD13TRACE 4867 133.620000 133.620000 132.000000 0.013369 0 1 0 0
TD13TRACE 4868 133.620000 133.620000 132.000000 0.014567 0 1 0 0
TD13TRACE 4869 133.620000 133.620000 132.000000 0.013288 0 1 0 0
TD13TRACE 4870 133.620000 133.620000 132.000000 0.013980 0 1 0 0
TD13TRACE 4871 133.620000 133.620000 132.000000 0.014749 0 1 0 0
TD13TRACE 4872 133.620000 133.620000 132.000000 0.013008 0 1 0 0
TD13TRACE 4873 133.620000 133.620000 132.000000 0.014245 0 1 0 0
TD13TRACE 4874 133.620000 133.620000 132.000000 0.014214 0 1 0 0
TD13TRACE 4875 133.620000 133.620000 132.000000 0.013605 0 1 0 0
TD13TRACE 4876 133.620000 133.620000 132.000000 0.013633 0 1 0 0
TD13TRACE 4877 133.620000 133.620000 132.000000 0.014717 0 1 0 0
TD13TRACE 4878 133.620000 133.620000 132.000000 0.013123 0 1 0 0
TD13TRACE 4879 133.620000 133.620000 132.000000 0.013845 0 1 0 0
TD13TRACE 4880 133.620000 133.620000 132.000000 0.014976 0 1 0 0
TD13TRACE 4881 133.620000 133.620000 132.000000 0.012806 0 1 0 0
TD13TRACE 4882 133.620000 133.620000 132.000000 0.013785 0 1 0 0
TD13TRACE 4883 133.620000 133.620000 132.000000 0.014522 0 1 0 0
TD13TRACE 4884 133.620000 133.620000 132.000000 0.013207 0 1 0 0
TD13TRACE 4885 133.620000 133.620000 132.000000 0.013671 0 1 0 0
TD13TRACE 4886 133.620000 133.620000 132.000000 0.014746 0 1 0 0
TD13TRACE 4887 133.620000 133.620000 132.000000 0.013233 0 1 0 0
TD13TRACE 4888 133.620000 133.620000 132.000000 0.013786 0 1 0 0
TD13TRACE 4889 133.620000 133.620000 132.000000 0.014382 0 1 0 0
TD13TRACE 4890 133.620000 133.620000 132.000000 0.013645 0 1 0 0
TD13TRACE 4891 133.620000 133.620000 132.000000 0.013539 0 1 0 0
TD13TRACE 4892 133.620000 133.620000 132.000000 0.014532 0 1 0 0
TD13TRACE 4893 133.620000 133.620000 132.000000 0.013400 0 1 0 0
TD13TRACE 4894 133.620000 133.620000 132.000000 0.013508 0 1 0 0
TD13TRACE 4895 133.620000 133.620000 132.000000 0.014438 0 1 0 0
TD13TRACE 4896 133.620000 133.620000 132.000000 0.013859 0 1 0 0
TD13TRACE 4897 133.620000 133.620000 132.000000 0.013785 0 1 0 0
TD13TRACE 4898 133.620000 133.620000 132.000000 0.014700 0 1 0 0
TD13TRACE 4899 133.620000 133.620000 132.000000 0.013192 0 1 0 0
TD13TRACE 4900 133.620000 133.620000 132.000000 0.014180 0 1 0 0
TD13TRACE 4901 133.620000 133.620000 132.000000 0.014400 0 1 0 0
TD13TRACE 4902 133.620000 133.620000 132.000000 0.013250 0 1 0 0
TD13TRACE 4903 133.620000 133.620000 132.000000 0.013776 0 1 0 0
TD13TRACE 4904 133.620000 133.620000 132.000000 0.014457 0 1 0 0
TD13TRACE 4905 133.620000 133.620000 132.000000 0.013255 0 1 0 0
TD13TRACE 4906 133.620000 133.620000 132.000000 0.013612 0 1 0 0
TD13TRACE 4907 133.620000 133.620000 132.000000 0.014734 0 1 0 0
TD13TRACE 4908 133.620000 133.620000 132.000000 0.013480 0 1 0 0
TD13TRACE 4909 133.620000 133.620000 132.000000 0.013597 0 1 0 0
TD13TRACE 4910 133.620000 133.620000 132.000000 0.014531 0 1 0 0
TD13TRACE 4911 133.620000 133.620000 132.000000 0.013312 0 1 0 0
TD13TRACE 4912 133.620000 133.620000 132.000000 0.013519 0 1 0 0
TD13TRACE 4913 133.620000 133.620000 132.000000 0.015159 0 1 0 0
TD13TRACE 4914 133.620000 133.620000 132.000000 0.013236 0 1 0 0
TD13TRACE 4915 133.620000 133.620000 132.000000 0.013420 0 1 0 0
TD13TRACE 4916 133.620000 133.620000 132.000000 0.014827 0 1 0 0
TD13TRACE 4917 133.620000 133.620000 132.000000 0.013086 0 1 0 0
TD13TRACE 4918 133.620000 133.620000 132.000000 0.013917 0 1 0 0
TD13TRACE 4919 133.620000 133.620000 132.000000 0.014732 0 1 0 0
TD13TRACE 4920 133.620000 133.620000 132.000000 0.013246 0 1 0 0
TD13TRACE 4921 133.620000 133.620000 132.000000 0.014042 0 1 0 0
TD13TRACE 4922 133.620000 133.620000 132.000000 0.014443 0 1 0 0
TD13TRACE 4923 133.620000 133.620000 132.000000 0.013411 0 1 0 0
TD13TRACE 4924 133.620000 133.620000 132.000000 0.013718 0 1 0 0
TD13TRACE 4925 133.620000 133.620000 132.000000 0.013939 0 1 0 0
TD13TRACE 4926 133.620000 133.620000 132.000000 0.013790 0 1 0 0
TD13TRACE 4927 133.620000 133.620000 132.000000 0.013662 0 1 0 0
TD13TRACE 4928 133.620000 133.620000 132.000000 0.014682 0 1 0 0
TD13TRACE 4929 133.620000 133.620000 132.000000 0.013116 0 1 0 0
TD13TRACE 4930 133.620000 133.620000 132.000000 0.013975 0 1 0 0
TD13TRACE 4931 133.620000 133.620000 132.000000 0.015083 0 1 0 0
TD13TRACE 4932 133.620000 133.620000 132.000000 0.012821 0 1 0 0
TD13TRACE 4933 133.620000 133.620000 132.000000 0.013643 0 1 0 0
TD13TRACE 4934 133.620000 133.620000 132.000000 0.014502 0 1 0 0
TD13TRACE 4935 133.620000 133.620000 132.000000 0.013199 0 1 0 0
TD13TRACE 4936 133.620000 133.620000 132.000000 0.013943 0 1 0 0
TD13TRACE 4937 133.620000 133.620000 132.000000 0.014856 0 1 0 0
TD13TRACE 4938 133.620000 133.620000 132.000000 0.013126 0 1 0 0
TD13TRACE 4939 133.620000 133.620000 132.000000 0.013530 0 1 0 0
TD13TRACE 4940 133.620000 133.620000 132.000000 0.015040 0 1 0 0
TD13TRACE 4941 133.620000 133.620000 132.000000 0.012890 0 1 0 0
TD13TRACE 4942 133.620000 133.620000 132.000000 0.013949 0 1 0 0
TD13TRACE 4943 133.620000 133.620000 132.000000 0.014744 0 1 0 0
TD13TRACE 4944 133.620000 133.620000 132.000000 0.013311 0 1 0 0
TD13TRACE 4945 133.620000 133.620000 132.000000 0.013562 0 1 0 0
TD13TRACE 4946 133.620000 133.620000 132.000000 0.014410 0 1 0 0
TD13TRACE 4947 133.620000 133.620000 132.000000 0.013714 0 1 0 0
TD13TRACE 4948 133.620000 133.620000 132.000000 0.013446 0 1 0 0
TD13TRACE 4949 133.620000 133.620000 132.000000 0.014869 0 1 0 0
TD13TRACE 4950 133.620000 133.620000 132.000000 0.013295 0 1 0 0
TD13TRACE 4951 133.620000 133.620000 132.000000 0.013850 0 1 0 0
TD13TRACE 4952 133.620000 133.620000 132.000000 0.014522 0 1 0 0
TD13TRACE 4953 133.620000 133.620000 132.000000 0.013292 0 1 0 0
TD13TRACE 4954 133.620000 133.620000 132.000000 0.013537 0 1 0 0
TD13TRACE 4955 133.620000 133.620000 132.000000 0.014089 0 1 0 0
TD13TRACE 4956 133.620000 133.620000 132.000000 0.014263 0 1 0 0
TD13TRACE 4957 133.620000 133.620000 132.000000 0.013674 0 1 0 0
TD13TRACE 4958 133.620000 133.620000 132.000000 0.014440 0 1 0 0
TD13TRACE 4959 133.620000 133.620000 132.000000 0.013148 0 1 0 0
TD13TRACE 4960 133.620000 133.620000 132.000000 0.013648 0 1 0 0
TD13TRACE 4961 133.620000 133.620000 132.000000 0.014586 0 1 0 0
TD13TRACE 4962 133.620000 133.620000 132.000000 0.013576 0 1 0 0
TD13TRACE 4963 133.620000 133.620000 132.000000 0.013498 0 1 0 0
TD13TRACE 4964 133.620000 133.620000 132.000000 0.014633 0 1 0 0
TD13TRACE 4965 133.620000 133.620000 132.000000 0.013435 0 1 0 0
TD13TRACE 4966 133.620000 133.620000 132.000000 0.013673 0 1 0 0
TD13TRACE 4967 133.620000 133.620000 132.000000 0.014843 0 1 0 0
TD13TRACE 4968 133.620000 133.620000 132.000000 0.013285 0 1 0 0
TD13TRACE 4969 133.620000 133.620000 132.000000 0.013608 0 1 0 0
TD13TRACE 4970 133.620000 133.620000 132.000000 0.014493 0 1 0 0
TD13TRACE 4971 133.620000 133.620000 132.000000 0.013333 0 1 0 0
TD13TRACE 4972 133.620000 133.620000 132.000000 0.013714 0 1 0 0
TD13TRACE 4973 133.620000 133.620000 132.000000 0.014706 0 1 0 0
TD13TRACE 4974 133.620000 133.620000 132.000000 0.013222 0 1 0 0
TD13TRACE 4975 133.620000 133.620000 132.000000 0.013799 0 1 0 0
TD13TRACE 4976 133.620000 133.620000 132.000000 0.014524 0 1 0 0
TD13TRACE 4977 133.620000 133.620000 132.000000 0.013332 0 1 0 0
TD13TRACE 4978 133.620000 133.620000 132.000000 0.013546 0 1 0 0
TD13TRACE 4979 133.620000 133.620000 132.000000 0.014984 0 1 0 0
TD13TRACE 4980 133.620000 133.620000 132.000000 0.013340 0 1 0 0
TD13TRACE 4981 133.620000 133.620000 132.000000 0.013606 0 1 0 0
TD13TRACE 4982 133.620000 133.620000 132.000000 0.014929 0 1 0 0
TD13TRACE 4983 133.620000 133.620000 132.000000 0.013064 0 1 0 0
TD13TRACE 4984 133.620000 133.620000 132.000000 0.013670 0 1 0 0
TD13TRACE 4985 133.620000 133.620000 132.000000 0.014908 0 1 0 0
TD13TRACE 4986 133.620000 133.620000 132.000000 0.013223 0 1 0 0
TD13TRACE 4987 133.620000 133.620000 132.000000 0.013705 0 1 0 0
TD13TRACE 4988 133.620000 133.620000 132.000000 0.014752 0 1 0 0
TD13TRACE 4989 133.620000 133.620000 132.000000 0.013365 0 1 0 0
TD13TRACE 4990 133.620000 133.620000 132.000000 0.013508 0 1 0 0
TD13TRACE 4991 133.620000 133.620000 132.000000 0.014594 0 1 0 0
[2026-09-15 06:54:59.911] [info] fps 72.0 | pos (0.50, 132.00, -4.70) | chunks 113 | stream-meshed 104
TD13TRACE 4992 133.620000 133.620000 132.000000 0.013588 0 1 0 0
TD13TRACE 4993 133.620000 133.620000 132.000000 0.013293 0 1 0 0
TD13TRACE 4994 133.620000 133.620000 132.000000 0.015160 0 1 0 0
TD13TRACE 4995 133.620000 133.620000 132.000000 0.013093 0 1 0 0
TD13TRACE 4996 133.620000 133.620000 132.000000 0.013532 0 1 0 0
TD13TRACE 4997 133.620000 133.620000 132.000000 0.014772 0 1 0 0
TD13TRACE 4998 133.620000 133.620000 132.000000 0.013122 0 1 0 0
TD13TRACE 4999 133.620000 133.620000 132.000000 0.014081 0 1 0 0
TD13TRACE 5000 133.620000 133.620000 132.000000 0.014675 0 1 0 0
TD13TRACE 5001 133.620000 133.620000 132.000000 0.012788 0 1 0 0
TD13TRACE 5002 133.620000 133.620000 132.000000 0.013880 0 1 0 0
TD13TRACE 5003 133.620000 133.620000 132.000000 0.014807 0 1 0 0
TD13TRACE 5004 133.620000 133.620000 132.000000 0.013432 0 1 0 0
TD13TRACE 5005 133.620000 133.620000 132.000000 0.013564 0 1 0 0
TD13TRACE 5006 133.620000 133.620000 132.000000 0.014623 0 1 0 0
TD13TRACE 5007 133.620000 133.620000 132.000000 0.013339 0 1 0 0
TD13TRACE 5008 133.620000 133.620000 132.000000 0.013464 0 1 0 0
TD13TRACE 5009 133.620000 133.620000 132.000000 0.014790 0 1 0 0
TD13TRACE 5010 133.620000 133.620000 132.000000 0.013395 0 1 0 0
TD13TRACE 5011 133.620000 133.620000 132.000000 0.013713 0 1 0 0
TD13TRACE 5012 133.620000 133.620000 132.000000 0.014517 0 1 0 0
TD13TRACE 5013 133.620000 133.620000 132.000000 0.013407 0 1 0 0
TD13TRACE 5014 133.620000 133.620000 132.000000 0.013801 0 1 0 0
TD13TRACE 5015 133.620000 133.620000 132.000000 0.014700 0 1 0 0
TD13TRACE 5016 133.620000 133.620000 132.000000 0.013073 0 1 0 0
TD13TRACE 5017 133.620000 133.620000 132.000000 0.013632 0 1 0 0
TD13TRACE 5018 133.620000 133.620000 132.000000 0.015279 0 1 0 0
TD13TRACE 5019 133.620000 133.620000 132.000000 0.012888 0 1 0 0
TD13TRACE 5020 133.620000 133.620000 132.000000 0.013658 0 1 0 0
TD13TRACE 5021 133.620000 133.620000 132.000000 0.014943 0 1 0 0
TD13TRACE 5022 133.620000 133.620000 132.000000 0.012984 0 1 0 0
TD13TRACE 5023 133.620000 133.620000 132.000000 0.013909 0 1 0 0
TD13TRACE 5024 133.620000 133.620000 132.000000 0.014474 0 1 0 0
TD13TRACE 5025 133.620000 133.620000 132.000000 0.013479 0 1 0 0
TD13TRACE 5026 133.620000 133.620000 132.000000 0.013749 0 1 0 0
TD13TRACE 5027 133.620000 133.620000 132.000000 0.014497 0 1 0 0
TD13TRACE 5028 133.620000 133.620000 132.000000 0.013169 0 1 0 0
TD13TRACE 5029 133.620000 133.620000 132.000000 0.013600 0 1 0 0
TD13TRACE 5030 133.620000 133.620000 132.000000 0.014666 0 1 0 0
TD13TRACE 5031 133.620000 133.620000 132.000000 0.013721 0 1 0 0
TD13TRACE 5032 133.620000 133.620000 132.000000 0.013823 0 1 0 0
TD13TRACE 5033 133.620000 133.620000 132.000000 0.014534 0 1 0 0
TD13TRACE 5034 133.620000 133.620000 132.000000 0.013133 0 1 0 0
TD13TRACE 5035 133.620000 133.620000 132.000000 0.013523 0 1 0 0
TD13TRACE 5036 133.620000 133.620000 132.000000 0.014759 0 1 0 0
TD13TRACE 5037 133.620000 133.620000 132.000000 0.013259 0 1 0 0
TD13TRACE 5038 133.620000 133.620000 132.000000 0.013980 0 1 0 0
TD13TRACE 5039 133.620000 133.620000 132.000000 0.014590 0 1 0 0
TD13TRACE 5040 133.620000 133.620000 132.000000 0.013149 0 1 0 0
TD13TRACE 5041 133.620000 133.620000 132.000000 0.013896 0 1 0 0
TD13TRACE 5042 133.620000 133.620000 132.000000 0.014692 0 1 0 0
TD13TRACE 5043 133.620000 133.620000 132.000000 0.013248 0 1 0 0
TD13TRACE 5044 133.620000 133.620000 132.000000 0.013889 0 1 0 0
TD13TRACE 5045 133.620000 133.620000 132.000000 0.014620 0 1 0 0
TD13TRACE 5046 133.620000 133.620000 132.000000 0.013078 0 1 0 0
TD13TRACE 5047 133.620000 133.620000 132.000000 0.013478 0 1 0 0
TD13TRACE 5048 133.620000 133.620000 132.000000 0.014972 0 1 0 0
TD13TRACE 5049 133.620000 133.620000 132.000000 0.013257 0 1 0 0
TD13TRACE 5050 133.620000 133.620000 132.000000 0.013524 0 1 0 0
TD13TRACE 5051 133.620000 133.620000 132.000000 0.015065 0 1 0 0
TD13TRACE 5052 133.620000 133.620000 132.000000 0.013123 0 1 0 0
TD13TRACE 5053 133.620000 133.620000 132.000000 0.013521 0 1 0 0
TD13TRACE 5054 133.620000 133.620000 132.000000 0.014591 0 1 0 0
TD13TRACE 5055 133.620000 133.620000 132.000000 0.013357 0 1 0 0
TD13TRACE 5056 133.620000 133.620000 132.000000 0.013773 0 1 0 0
TD13TRACE 5057 133.620000 133.620000 132.000000 0.014666 0 1 0 0
TD13TRACE 5058 133.620000 133.620000 132.000000 0.013077 0 1 0 0
TD13TRACE 5059 133.620000 133.620000 132.000000 0.013874 0 1 0 0
TD13TRACE 5060 133.620000 133.620000 132.000000 0.014626 0 1 0 0
TD13TRACE 5061 133.620000 133.620000 132.000000 0.013206 0 1 0 0
TD13TRACE 5062 133.620000 133.620000 132.000000 0.013770 0 1 0 0
TD13TRACE 5063 133.620000 133.620000 132.000000 0.014578 0 1 0 0
TD13TRACE 5064 133.620000 133.620000 132.000000 0.013445 0 1 0 0
TD13TRACE 5065 133.620000 133.620000 132.000000 0.013926 0 1 0 0
TD13TRACE 5066 133.620000 133.620000 132.000000 0.014725 0 1 0 0
TD13TRACE 5067 133.620000 133.620000 132.000000 0.013046 0 1 0 0
TD13TRACE 5068 133.620000 133.620000 132.000000 0.013680 0 1 0 0
TD13TRACE 5069 133.620000 133.620000 132.000000 0.014733 0 1 0 0
TD13TRACE 5070 133.620000 133.620000 132.000000 0.013541 0 1 0 0
TD13TRACE 5071 133.620000 133.620000 132.000000 0.013654 0 1 0 0
TD13TRACE 5072 133.620000 133.620000 132.000000 0.014272 0 1 0 0
TD13TRACE 5073 133.620000 133.620000 132.000000 0.013559 0 1 0 0
TD13TRACE 5074 133.620000 133.620000 132.000000 0.013686 0 1 0 0
TD13TRACE 5075 133.620000 133.620000 132.000000 0.014698 0 1 0 0
TD13TRACE 5076 133.620000 133.620000 132.000000 0.013355 0 1 0 0
TD13TRACE 5077 133.620000 133.620000 132.000000 0.013288 0 1 0 0
TD13TRACE 5078 133.620000 133.620000 132.000000 0.014862 0 1 0 0
TD13TRACE 5079 133.620000 133.620000 132.000000 0.013250 0 1 0 0
TD13TRACE 5080 133.620000 133.620000 132.000000 0.014110 0 1 0 0
TD13TRACE 5081 133.620000 133.620000 132.000000 0.014294 0 1 0 0
TD13TRACE 5082 133.620000 133.620000 132.000000 0.013142 0 1 0 0
TD13TRACE 5083 133.620000 133.620000 132.000000 0.013708 0 1 0 0
TD13TRACE 5084 133.620000 133.620000 132.000000 0.014853 0 1 0 0
TD13TRACE 5085 133.620000 133.620000 132.000000 0.012961 0 1 0 0
TD13TRACE 5086 133.620000 133.620000 132.000000 0.014215 0 1 0 0
TD13TRACE 5087 133.620000 133.620000 132.000000 0.014284 0 1 0 0
TD13TRACE 5088 133.620000 133.620000 132.000000 0.013487 0 1 0 0
TD13TRACE 5089 133.620000 133.620000 132.000000 0.013651 0 1 0 0
TD13TRACE 5090 133.620000 133.620000 132.000000 0.014933 0 1 0 0
TD13TRACE 5091 133.620000 133.620000 132.000000 0.013314 0 1 0 0
TD13TRACE 5092 133.620000 133.620000 132.000000 0.013409 0 1 0 0
TD13TRACE 5093 133.620000 133.620000 132.000000 0.014865 0 1 0 0
TD13TRACE 5094 133.620000 133.620000 132.000000 0.013421 0 1 0 0
TD13TRACE 5095 133.620000 133.620000 132.000000 0.013414 0 1 0 0
TD13TRACE 5096 133.620000 133.620000 132.000000 0.014636 0 1 0 0
TD13TRACE 5097 133.620000 133.620000 132.000000 0.012874 0 1 0 0
TD13TRACE 5098 133.620000 133.620000 132.000000 0.014244 0 1 0 0
TD13TRACE 5099 133.620000 133.620000 132.000000 0.014103 0 1 0 0
TD13TRACE 5100 133.620000 133.620000 132.000000 0.014215 0 1 0 0
TD13TRACE 5101 133.620000 133.620000 132.000000 0.013599 0 1 0 0
TD13TRACE 5102 133.620000 133.620000 132.000000 0.014563 0 1 0 0
TD13TRACE 5103 133.620000 133.620000 132.000000 0.013124 0 1 0 0
TD13TRACE 5104 133.620000 133.620000 132.000000 0.013879 0 1 0 0
TD13TRACE 5105 133.620000 133.620000 132.000000 0.014682 0 1 0 0
TD13TRACE 5106 133.620000 133.620000 132.000000 0.013604 0 1 0 0
TD13TRACE 5107 133.620000 133.620000 132.000000 0.013196 0 1 0 0
TD13TRACE 5108 133.620000 133.620000 132.000000 0.014746 0 1 0 0
TD13TRACE 5109 133.620000 133.620000 132.000000 0.013235 0 1 0 0
TD13TRACE 5110 133.620000 133.620000 132.000000 0.013731 0 1 0 0
TD13TRACE 5111 133.620000 133.620000 132.000000 0.014556 0 1 0 0
TD13TRACE 5112 133.620000 133.620000 132.000000 0.013495 0 1 0 0
TD13TRACE 5113 133.620000 133.620000 132.000000 0.013906 0 1 0 0
TD13TRACE 5114 133.620000 133.620000 132.000000 0.014643 0 1 0 0
TD13TRACE 5115 133.620000 133.620000 132.000000 0.013086 0 1 0 0
TD13TRACE 5116 133.620000 133.620000 132.000000 0.013528 0 1 0 0
TD13TRACE 5117 133.620000 133.620000 132.000000 0.014933 0 1 0 0
TD13TRACE 5118 133.620000 133.620000 132.000000 0.013509 0 1 0 0
TD13TRACE 5119 133.620000 133.620000 132.000000 0.013551 0 1 0 0
TD13TRACE 5120 133.620000 133.620000 132.000000 0.014139 0 1 0 0
TD13TRACE 5121 133.620000 133.620000 132.000000 0.013636 0 1 0 0
TD13TRACE 5122 133.620000 133.620000 132.000000 0.013881 0 1 0 0
TD13TRACE 5123 133.620000 133.620000 132.000000 0.014750 0 1 0 0
TD13TRACE 5124 133.620000 133.620000 132.000000 0.013031 0 1 0 0
TD13TRACE 5125 133.620000 133.620000 132.000000 0.013631 0 1 0 0
TD13TRACE 5126 133.620000 133.620000 132.000000 0.014681 0 1 0 0
TD13TRACE 5127 133.620000 133.620000 132.000000 0.013623 0 1 0 0
TD13TRACE 5128 133.620000 133.620000 132.000000 0.013769 0 1 0 0
TD13TRACE 5129 133.620000 133.620000 132.000000 0.014661 0 1 0 0
TD13TRACE 5130 133.620000 133.620000 132.000000 0.013219 0 1 0 0
TD13TRACE 5131 133.620000 133.620000 132.000000 0.013827 0 1 0 0
TD13TRACE 5132 133.620000 133.620000 132.000000 0.014638 0 1 0 0
TD13TRACE 5133 133.620000 133.620000 132.000000 0.013372 0 1 0 0
TD13TRACE 5134 133.620000 133.620000 132.000000 0.013089 0 1 0 0
TD13TRACE 5135 133.620000 133.620000 132.000000 0.015378 0 1 0 0
[2026-09-15 06:55:01.911] [info] fps 72.0 | pos (0.50, 132.00, -4.70) | chunks 113 | stream-meshed 104
TD13TRACE 5136 133.620000 133.620000 132.000000 0.013141 0 1 0 0
TD13TRACE 5137 133.620000 133.620000 132.000000 0.013505 0 1 0 0
TD13TRACE 5138 133.620000 133.620000 132.000000 0.014521 0 1 0 0
[2026-09-15 06:55:01.953] [info] autosave: 0 chunk(s) queued for async write, level written (ticks=2797)
TD13TRACE 5139 133.620000 133.620000 132.000000 0.014283 0 1 0 0
TD13TRACE 5140 133.620000 133.620000 132.000000 0.012691 0 1 0 0
TD13TRACE 5141 133.620000 133.620000 132.000000 0.014770 0 1 0 0
TD13TRACE 5142 133.620000 133.620000 132.000000 0.013313 0 1 0 0
TD13TRACE 5143 133.620000 133.620000 132.000000 0.013745 0 1 0 0
TD13TRACE 5144 133.620000 133.620000 132.000000 0.014694 0 1 0 0
TD13TRACE 5145 133.620000 133.620000 132.000000 0.013192 0 1 0 0
TD13TRACE 5146 133.620000 133.620000 132.000000 0.013977 0 1 0 0
TD13TRACE 5147 133.620000 133.620000 132.000000 0.014656 0 1 0 0
TD13TRACE 5148 133.620000 133.620000 132.000000 0.013269 0 1 0 0
TD13TRACE 5149 133.620000 133.620000 132.000000 0.013218 0 1 0 0
TD13TRACE 5150 133.620000 133.620000 132.000000 0.014481 0 1 0 0
TD13TRACE 5151 133.620000 133.620000 132.000000 0.014130 0 1 0 0
TD13TRACE 5152 133.620000 133.620000 132.000000 0.013591 0 1 0 0
TD13TRACE 5153 133.620000 133.620000 132.000000 0.014557 0 1 0 0
TD13TRACE 5154 133.620000 133.620000 132.000000 0.013091 0 1 0 0
TD13TRACE 5155 133.620000 133.620000 132.000000 0.013555 0 1 0 0
TD13TRACE 5156 133.620000 133.620000 132.000000 0.015219 0 1 0 0
TD13TRACE 5157 133.620000 133.620000 132.000000 0.013398 0 1 0 0
TD13TRACE 5158 133.620000 133.620000 132.000000 0.013244 0 1 0 0
TD13TRACE 5159 133.620000 133.620000 132.000000 0.014940 0 1 0 0
TD13TRACE 5160 133.620000 133.620000 132.000000 0.013272 0 1 0 0
TD13TRACE 5161 133.620000 133.620000 132.000000 0.013824 0 1 0 0
TD13TRACE 5162 133.620000 133.620000 132.000000 0.014534 0 1 0 0
TD13TRACE 5163 133.620000 133.620000 132.000000 0.012821 0 1 0 0
TD13TRACE 5164 133.620000 133.620000 132.000000 0.014208 0 1 0 0
TD13TRACE 5165 133.620000 133.620000 132.000000 0.014687 0 1 0 0
TD13TRACE 5166 133.620000 133.620000 132.000000 0.013264 0 1 0 0
TD13TRACE 5167 133.620000 133.620000 132.000000 0.013486 0 1 0 0
TD13TRACE 5168 133.620000 133.620000 132.000000 0.014602 0 1 0 0
TD13TRACE 5169 133.620000 133.620000 132.000000 0.013305 0 1 0 0
TD13TRACE 5170 133.620000 133.620000 132.000000 0.013599 0 1 0 0
TD13TRACE 5171 133.620000 133.620000 132.000000 0.014744 0 1 0 0
TD13TRACE 5172 133.620000 133.620000 132.000000 0.013053 0 1 0 0
TD13TRACE 5173 133.620000 133.620000 132.000000 0.014089 0 1 0 0
TD13TRACE 5174 133.620000 133.620000 132.000000 0.013908 0 1 0 0
TD13TRACE 5175 133.620000 133.620000 132.000000 0.013896 0 1 0 0
TD13TRACE 5176 133.620000 133.620000 132.000000 0.013868 0 1 0 0
TD13TRACE 5177 133.620000 133.620000 132.000000 0.014131 0 1 0 0
TD13TRACE 5178 133.620000 133.620000 132.000000 0.013900 0 1 0 0
TD13TRACE 5179 133.620000 133.620000 132.000000 0.013879 0 1 0 0
TD13TRACE 5180 133.620000 133.620000 132.000000 0.014488 0 1 0 0
TD13TRACE 5181 133.620000 133.620000 132.000000 0.012758 0 1 0 0
TD13TRACE 5182 133.620000 133.620000 132.000000 0.013987 0 1 0 0
TD13TRACE 5183 133.620000 133.620000 132.000000 0.014919 0 1 0 0
TD13TRACE 5184 133.620000 133.620000 132.000000 0.013347 0 1 0 0
TD13TRACE 5185 133.620000 133.620000 132.000000 0.013506 0 1 0 0
TD13TRACE 5186 133.620000 133.620000 132.000000 0.014677 0 1 0 0
TD13TRACE 5187 133.620000 133.620000 132.000000 0.013168 0 1 0 0
TD13TRACE 5188 133.620000 133.620000 132.000000 0.013662 0 1 0 0
TD13TRACE 5189 133.620000 133.620000 132.000000 0.014749 0 1 0 0
TD13TRACE 5190 133.620000 133.620000 132.000000 0.013284 0 1 0 0
TD13TRACE 5191 133.620000 133.620000 132.000000 0.014084 0 1 0 0
TD13TRACE 5192 133.620000 133.620000 132.000000 0.014211 0 1 0 0
TD13TRACE 5193 133.620000 133.620000 132.000000 0.013312 0 1 0 0
TD13TRACE 5194 133.620000 133.620000 132.000000 0.014158 0 1 0 0
TD13TRACE 5195 133.620000 133.620000 132.000000 0.014776 0 1 0 0
TD13TRACE 5196 133.620000 133.620000 132.000000 0.013037 0 1 0 0
TD13TRACE 5197 133.620000 133.620000 132.000000 0.013838 0 1 0 0
TD13TRACE 5198 133.620000 133.620000 132.000000 0.014700 0 1 0 0
TD13TRACE 5199 133.620000 133.620000 132.000000 0.013241 0 1 0 0
TD13TRACE 5200 133.620000 133.620000 132.000000 0.013718 0 1 0 0
TD13TRACE 5201 133.620000 133.620000 132.000000 0.014476 0 1 0 0
TD13TRACE 5202 133.620000 133.620000 132.000000 0.013191 0 1 0 0
TD13TRACE 5203 133.620000 133.620000 132.000000 0.013789 0 1 0 0
TD13TRACE 5204 133.620000 133.620000 132.000000 0.014274 0 1 0 0
TD13TRACE 5205 133.620000 133.620000 132.000000 0.013450 0 1 0 0
TD13TRACE 5206 133.620000 133.620000 132.000000 0.013771 0 1 0 0
TD13TRACE 5207 133.620000 133.620000 132.000000 0.014620 0 1 0 0
TD13TRACE 5208 133.620000 133.620000 132.000000 0.013214 0 1 0 0
TD13TRACE 5209 133.620000 133.620000 132.000000 0.013827 0 1 0 0
TD13TRACE 5210 133.620000 133.620000 132.000000 0.014173 0 1 0 0
TD13TRACE 5211 133.620000 133.620000 132.000000 0.013397 0 1 0 0
TD13TRACE 5212 133.620000 133.620000 132.000000 0.014295 0 1 0 0
TD13TRACE 5213 133.620000 133.620000 132.000000 0.015085 0 1 0 0
TD13TRACE 5214 133.620000 133.620000 132.000000 0.013057 0 1 0 0
TD13TRACE 5215 133.620000 133.620000 132.000000 0.013301 0 1 0 0
TD13TRACE 5216 133.620000 133.620000 132.000000 0.014939 0 1 0 0
TD13TRACE 5217 133.620000 133.620000 132.000000 0.012832 0 1 0 0
TD13TRACE 5218 133.620000 133.620000 132.000000 0.013784 0 1 0 0
TD13TRACE 5219 133.620000 133.620000 132.000000 0.014892 0 1 0 0
TD13TRACE 5220 133.620000 133.620000 132.000000 0.013122 0 1 0 0
TD13TRACE 5221 133.620000 133.620000 132.000000 0.013512 0 1 0 0
TD13TRACE 5222 133.620000 133.620000 132.000000 0.014620 0 1 0 0
TD13TRACE 5223 133.620000 133.620000 132.000000 0.013776 0 1 0 0
TD13TRACE 5224 133.620000 133.620000 132.000000 0.013468 0 1 0 0
TD13TRACE 5225 133.620000 133.620000 132.000000 0.015219 0 1 0 0
TD13TRACE 5226 133.620000 133.620000 132.000000 0.012822 0 1 0 0
TD13TRACE 5227 133.620000 133.620000 132.000000 0.013242 0 1 0 0
TD13TRACE 5228 133.620000 133.620000 132.000000 0.014926 0 1 0 0
TD13TRACE 5229 133.620000 133.620000 132.000000 0.013169 0 1 0 0
TD13TRACE 5230 133.620000 133.620000 132.000000 0.013619 0 1 0 0
TD13TRACE 5231 133.620000 133.620000 132.000000 0.014669 0 1 0 0
TD13TRACE 5232 133.620000 133.620000 132.000000 0.013351 0 1 0 0
TD13TRACE 5233 133.620000 133.620000 132.000000 0.013786 0 1 0 0
TD13TRACE 5234 133.620000 133.620000 132.000000 0.014283 0 1 0 0
TD13TRACE 5235 133.620000 133.620000 132.000000 0.013700 0 1 0 0
TD13TRACE 5236 133.620000 133.620000 132.000000 0.013578 0 1 0 0
TD13TRACE 5237 133.620000 133.620000 132.000000 0.009033 0 1 0 0
TD13TRACE 5238 133.620000 133.620000 132.000000 0.011788 0 1 0 0
TD13TRACE 5239 133.620000 133.620000 132.000000 0.014665 0 1 0 0
TD13TRACE 5240 133.620000 133.620000 132.000000 0.013269 0 1 0 0
TD13TRACE 5241 133.620000 133.620000 132.000000 0.013764 0 1 0 0
TD13TRACE 5242 133.620000 133.620000 132.000000 0.014440 0 1 0 0
TD13TRACE 5243 133.620000 133.620000 132.000000 0.013380 0 1 0 0
TD13TRACE 5244 133.620000 133.620000 132.000000 0.013897 0 1 0 0
TD13TRACE 5245 133.620000 133.620000 132.000000 0.014736 0 1 0 0
TD13TRACE 5246 133.620000 133.620000 132.000000 0.013516 0 1 0 0
TD13TRACE 5247 133.620000 133.620000 132.000000 0.013479 0 1 0 0
TD13TRACE 5248 133.620000 133.620000 132.000000 0.014745 0 1 0 0
TD13TRACE 5249 133.620000 133.620000 132.000000 0.013174 0 1 0 0
TD13TRACE 5250 133.620000 133.620000 132.000000 0.013793 0 1 0 0
TD13TRACE 5251 133.620000 133.620000 132.000000 0.014877 0 1 0 0
TD13TRACE 5252 133.620000 133.620000 132.000000 0.013198 0 1 0 0
TD13TRACE 5253 133.620000 133.620000 132.000000 0.013733 0 1 0 0
TD13TRACE 5254 133.620000 133.620000 132.000000 0.014664 0 1 0 0
TD13TRACE 5255 133.620000 133.620000 132.000000 0.013199 0 1 0 0
TD13TRACE 5256 133.620000 133.620000 132.000000 0.013793 0 1 0 0
TD13TRACE 5257 133.620000 133.620000 132.000000 0.014676 0 1 0 0
TD13TRACE 5258 133.620000 133.620000 132.000000 0.013176 0 1 0 0
TD13TRACE 5259 133.620000 133.620000 132.000000 0.013816 0 1 0 0
TD13TRACE 5260 133.620000 133.620000 132.000000 0.014924 0 1 0 0
TD13TRACE 5261 133.620000 133.620000 132.000000 0.013299 0 1 0 0
TD13TRACE 5262 133.620000 133.620000 132.000000 0.013403 0 1 0 0
TD13TRACE 5263 133.620000 133.620000 132.000000 0.014452 0 1 0 0
TD13TRACE 5264 133.620000 133.620000 132.000000 0.013999 0 1 0 0
TD13TRACE 5265 133.620000 133.620000 132.000000 0.013980 0 1 0 0
TD13TRACE 5266 133.620000 133.620000 132.000000 0.014903 0 1 0 0
TD13TRACE 5267 133.620000 133.620000 132.000000 0.012637 0 1 0 0
TD13TRACE 5268 133.620000 133.620000 132.000000 0.013785 0 1 0 0
2026-09-15 06:55:03.795 opencraft[11202:1983842] error messaging the mach port for IMKCFRunLoopWakeUpReliable
TD13TRACE 5269 133.620000 133.620000 132.000000 0.059267 1 1 0 0
TD13TRACE 5270 133.620000 133.620000 132.000000 0.003120 1 1 0 0
TD13TRACE 5271 133.620000 133.620000 132.000000 0.015988 1 1 0 0
TD13TRACE 5272 133.620000 133.620000 132.000000 0.004178 1 1 0 0
TD13TRACE 5273 133.620000 133.620000 132.000000 0.014653 1 1 0 0
TD13TRACE 5274 133.620000 133.620000 132.000000 0.013651 1 1 0 0
TD13TRACE 5275 133.620000 133.620000 132.000000 0.013835 1 1 0 0
TD13TRACE 5276 133.620000 133.620000 132.000000 0.014124 1 1 0 0
TD13TRACE 5277 133.620000 133.620000 132.000000 0.013641 1 1 0 0
TD13TRACE 5278 133.620000 133.620000 132.000000 0.014007 1 1 0 0
[2026-09-15 06:55:03.918] [info] fps 71.3 | pos (0.50, 132.00, -4.70) | chunks 113 | stream-meshed 104
TD13TRACE 5279 133.620000 133.620000 132.000000 0.014320 1 1 0 0
TD13TRACE 5280 133.620000 133.620000 132.000000 0.013662 1 1 0 0
TD13TRACE 5281 133.620000 133.620000 132.000000 0.013644 1 1 0 0
TD13TRACE 5282 133.620000 133.620000 132.000000 0.014229 1 1 0 0
TD13TRACE 5283 133.620000 133.620000 132.000000 0.014053 1 1 0 0
TD13TRACE 5284 133.620000 133.620000 132.000000 0.013545 1 1 0 0
TD13TRACE 5285 133.620000 133.620000 132.000000 0.014709 1 1 0 0
TD13TRACE 5286 133.620000 133.620000 132.000000 0.013037 1 1 0 0
TD13TRACE 5287 133.620000 133.620000 132.000000 0.013651 1 1 0 0
TD13TRACE 5288 133.620000 133.620000 132.000000 0.014872 1 1 0 0
TD13TRACE 5289 133.620000 133.620000 132.000000 0.013048 1 1 0 0
TD13TRACE 5290 133.620000 133.620000 132.000000 0.014043 1 1 0 0
TD13TRACE 5291 133.620000 133.620000 132.000000 0.014777 1 1 0 0
TD13TRACE 5292 133.620000 133.620000 132.000000 0.013324 1 1 0 0
TD13TRACE 5293 133.620000 133.620000 132.000000 0.013418 1 1 0 0
TD13TRACE 5294 133.620000 133.620000 132.000000 0.014965 1 1 0 0
TD13TRACE 5295 133.620000 133.620000 132.000000 0.013341 1 1 0 0
TD13TRACE 5296 133.620000 133.620000 132.000000 0.013189 1 1 0 0
TD13TRACE 5297 133.620000 133.620000 132.000000 0.014441 1 1 0 0
TD13TRACE 5298 133.620000 133.620000 132.000000 0.013691 1 1 0 0
TD13TRACE 5299 133.620000 133.620000 132.000000 0.013784 1 1 0 0
TD13TRACE 5300 133.620000 133.620000 132.000000 0.014883 1 1 0 0
TD13TRACE 5301 133.620000 133.620000 132.000000 0.012850 1 1 0 0
TD13TRACE 5302 133.620000 133.620000 132.000000 0.013615 1 1 0 0
TD13TRACE 5303 133.620000 133.620000 132.000000 0.014982 1 1 0 0
TD13TRACE 5304 133.620000 133.620000 132.000000 0.013755 1 1 0 0
TD13TRACE 5305 133.620000 133.620000 132.000000 0.012938 1 1 0 0
TD13TRACE 5306 133.620000 133.620000 132.000000 0.015246 1 1 0 0
TD13TRACE 5307 133.620000 133.620000 132.000000 0.013111 1 1 0 0
TD13TRACE 5308 133.620000 133.620000 132.000000 0.013705 1 1 0 0
TD13TRACE 5309 133.620000 133.620000 132.000000 0.014686 1 1 0 0
TD13TRACE 5310 133.620000 133.620000 132.000000 0.013353 1 1 0 0
TD13TRACE 5311 133.620000 133.620000 132.000000 0.013653 1 1 0 0
TD13TRACE 5312 133.620000 133.620000 132.000000 0.014011 1 1 0 0
TD13TRACE 5313 133.620000 133.620000 132.000000 0.013567 1 1 0 0
TD13TRACE 5314 133.620000 133.620000 132.000000 0.014302 1 1 0 0
TD13TRACE 5315 133.620000 133.620000 132.000000 0.014577 1 1 0 0
TD13TRACE 5316 133.620000 133.620000 132.000000 0.013269 1 1 0 0
TD13TRACE 5317 133.620000 133.620000 132.000000 0.013383 1 1 0 0
TD13TRACE 5318 133.620000 133.620000 132.000000 0.014293 1 1 0 0
TD13TRACE 5319 133.620000 133.620000 132.000000 0.013756 1 1 0 0
TD13TRACE 5320 133.620000 133.620000 132.000000 0.013708 1 1 0 0
TD13TRACE 5321 133.620000 133.620000 132.000000 0.014715 1 1 0 0
TD13TRACE 5322 133.620000 133.620000 132.000000 0.013110 1 1 0 0
TD13TRACE 5323 133.620000 133.620000 132.000000 0.013707 1 1 0 0
TD13TRACE 5324 133.620000 133.620000 132.000000 0.015050 1 1 0 0
TD13TRACE 5325 133.620000 133.620000 132.000000 0.013160 1 1 0 0
TD13TRACE 5326 133.620000 133.620000 132.000000 0.013358 1 1 0 0
TD13TRACE 5327 133.620000 133.620000 132.000000 0.014940 1 1 0 0
TD13TRACE 5328 133.620000 133.620000 132.000000 0.013347 1 1 0 0
TD13TRACE 5329 133.620000 133.620000 132.000000 0.013141 1 1 0 0
TD13TRACE 5330 133.620000 133.620000 132.000000 0.014547 1 1 0 0
TD13TRACE 5331 133.620000 133.620000 132.000000 0.014171 1 1 0 0
TD13TRACE 5332 133.620000 133.620000 132.000000 0.013507 1 1 0 0
TD13TRACE 5333 133.620000 133.620000 132.000000 0.014475 1 1 0 0
TD13TRACE 5334 133.620000 133.620000 132.000000 0.012725 1 1 0 0
TD13TRACE 5335 133.620000 133.620000 132.000000 0.014475 1 1 0 0
TD13TRACE 5336 133.620000 133.620000 132.000000 0.014751 1 1 0 0
TD13TRACE 5337 133.620000 133.620000 132.000000 0.013353 1 1 0 0
TD13TRACE 5338 133.620000 133.620000 132.000000 0.013300 1 1 0 0
TD13TRACE 5339 133.620000 133.620000 132.000000 0.014890 1 1 0 0
TD13TRACE 5340 133.620000 133.620000 132.000000 0.013143 1 1 0 0
TD13TRACE 5341 133.620000 133.620000 132.000000 0.013756 1 1 0 0
TD13TRACE 5342 133.620000 133.620000 132.000000 0.014649 1 1 0 0
TD13TRACE 5343 133.620000 133.620000 132.000000 0.013360 1 1 0 0
TD13TRACE 5344 133.620000 133.620000 132.000000 0.014093 1 1 0 0
TD13TRACE 5345 133.620000 133.620000 132.000000 0.014153 1 1 0 0
TD13TRACE 5346 133.620000 133.620000 132.000000 0.013724 1 1 0 0
TD13TRACE 5347 133.620000 133.620000 132.000000 0.013361 1 1 0 0
TD13TRACE 5348 133.620000 133.620000 132.000000 0.014621 1 1 0 0
TD13TRACE 5349 133.620000 133.620000 132.000000 0.013376 1 1 0 0
TD13TRACE 5350 133.620000 133.620000 132.000000 0.013259 1 1 0 0
TD13TRACE 5351 133.620000 133.620000 132.000000 0.014714 1 1 0 0
TD13TRACE 5352 133.620000 133.620000 132.000000 0.014021 1 1 0 0
TD13TRACE 5353 133.620000 133.620000 132.000000 0.013566 1 1 0 0
TD13TRACE 5354 133.620000 133.620000 132.000000 0.014654 1 1 0 0
TD13TRACE 5355 133.620000 133.620000 132.000000 0.012783 1 1 0 0
TD13TRACE 5356 133.620000 133.620000 132.000000 0.013852 1 1 0 0
TD13TRACE 5357 133.620000 133.620000 132.000000 0.015007 1 1 0 0
TD13TRACE 5358 133.620000 133.620000 132.000000 0.013362 1 1 0 0
TD13TRACE 5359 133.620000 133.620000 132.000000 0.012943 1 1 0 0
TD13TRACE 5360 133.620000 133.620000 132.000000 0.015199 1 1 0 0
TD13TRACE 5361 133.620000 133.620000 132.000000 0.013200 1 1 0 0
TD13TRACE 5362 133.620000 133.620000 132.000000 0.013673 1 1 0 0
TD13TRACE 5363 133.620000 133.620000 132.000000 0.014787 1 1 0 0
TD13TRACE 5364 133.620000 133.620000 132.000000 0.013233 1 1 0 0
TD13TRACE 5365 133.620000 133.620000 132.000000 0.014023 1 1 0 0
TD13TRACE 5366 133.620000 133.620000 132.000000 0.014658 1 1 0 0
TD13TRACE 5367 133.620000 133.620000 132.000000 0.013143 1 1 0 0
TD13TRACE 5368 133.620000 133.620000 132.000000 0.013778 1 1 0 0
TD13TRACE 5369 133.620000 133.620000 132.000000 0.014621 1 1 0 0
TD13TRACE 5370 133.620000 133.620000 132.000000 0.013298 1 1 0 0
TD13TRACE 5371 133.620000 133.620000 132.000000 0.013730 1 1 0 0
TD13TRACE 5372 133.620000 133.620000 132.000000 0.014543 1 1 0 0
TD13TRACE 5373 133.620000 133.620000 132.000000 0.013252 1 1 0 0
TD13TRACE 5374 133.620000 133.620000 132.000000 0.013903 1 1 0 0
TD13TRACE 5375 133.620000 133.620000 132.000000 0.015199 1 1 0 0
TD13TRACE 5376 133.620000 133.620000 132.000000 0.012206 1 1 0 0
TD13TRACE 5377 133.620000 133.620000 132.000000 0.013693 1 1 0 0
TD13TRACE 5378 133.620000 133.620000 132.000000 0.014674 1 1 0 0
TD13TRACE 5379 133.620000 133.620000 132.000000 0.013333 1 1 0 0
TD13TRACE 5380 133.620000 133.620000 132.000000 0.013648 1 1 0 0
TD13TRACE 5381 133.620000 133.620000 132.000000 0.014574 1 1 0 0
TD13TRACE 5382 133.620000 133.620000 132.000000 0.013534 1 1 0 0
TD13TRACE 5383 133.620000 133.620000 132.000000 0.014266 1 1 0 0
TD13TRACE 5384 133.620000 133.620000 132.000000 0.014225 1 1 0 0
TD13TRACE 5385 133.620000 133.620000 132.000000 0.013475 1 1 0 0
TD13TRACE 5386 133.620000 133.620000 132.000000 0.014081 1 1 0 0
TD13TRACE 5387 133.620000 133.620000 132.000000 0.014446 1 1 0 0
TD13TRACE 5388 133.620000 133.620000 132.000000 0.012751 1 1 0 0
TD13TRACE 5389 133.620000 133.620000 132.000000 0.013958 1 1 0 0
TD13TRACE 5390 133.620000 133.620000 132.000000 0.014366 1 1 0 0
TD13TRACE 5391 133.620000 133.620000 132.000000 0.014004 1 1 0 0
TD13TRACE 5392 133.620000 133.620000 132.000000 0.013592 1 1 0 0
TD13TRACE 5393 133.620000 133.620000 132.000000 0.014633 1 1 0 0
TD13TRACE 5394 133.620000 133.620000 132.000000 0.012773 1 1 0 0
TD13TRACE 5395 133.620000 133.620000 132.000000 0.013754 1 1 0 0
TD13TRACE 5396 133.620000 133.620000 132.000000 0.014763 1 1 0 0
TD13TRACE 5397 133.620000 133.620000 132.000000 0.013440 1 1 0 0
TD13TRACE 5398 133.620000 133.620000 132.000000 0.013850 1 1 0 0
TD13TRACE 5399 133.620000 133.620000 132.000000 0.014211 1 1 0 0
TD13TRACE 5400 133.620000 133.620000 132.000000 0.013581 1 1 0 0
TD13TRACE 5401 133.620000 133.620000 132.000000 0.014064 1 1 0 0
TD13TRACE 5402 133.620000 133.620000 132.000000 0.014529 1 1 0 0
TD13TRACE 5403 133.620000 133.620000 132.000000 0.013321 1 1 0 0
TD13TRACE 5404 133.620000 133.620000 132.000000 0.013779 1 1 0 0
TD13TRACE 5405 133.620000 133.620000 132.000000 0.014421 1 1 0 0
TD13TRACE 5406 133.620000 133.620000 132.000000 0.012822 1 1 0 0
TD13TRACE 5407 133.620000 133.620000 132.000000 0.014147 1 1 0 0
TD13TRACE 5408 133.620000 133.620000 132.000000 0.014141 1 1 0 0
TD13TRACE 5409 133.620000 133.620000 132.000000 0.014206 1 1 0 0
TD13TRACE 5410 133.620000 133.620000 132.000000 0.013537 1 1 0 0
TD13TRACE 5411 133.620000 133.620000 132.000000 0.014646 1 1 0 0
TD13TRACE 5412 133.620000 133.620000 132.000000 0.013043 1 1 0 0
TD13TRACE 5413 133.620000 133.620000 132.000000 0.013954 1 1 0 0
TD13TRACE 5414 133.620000 133.620000 132.000000 0.014496 1 1 0 0
TD13TRACE 5415 133.620000 133.620000 132.000000 0.013503 1 1 0 0
TD13TRACE 5416 133.620000 133.620000 132.000000 0.013629 1 1 0 0
TD13TRACE 5417 133.620000 133.620000 132.000000 0.014407 1 1 0 0
TD13TRACE 5418 133.620000 133.620000 132.000000 0.013667 1 1 0 0
TD13TRACE 5419 133.620000 133.620000 132.000000 0.013528 1 1 0 0
TD13TRACE 5420 133.620000 133.620000 132.000000 0.014479 1 1 0 0
TD13TRACE 5421 133.620000 133.620000 132.000000 0.013343 1 1 0 0
TD13TRACE 5422 133.620000 133.620000 132.000000 0.013760 1 1 0 0
[2026-09-15 06:55:05.918] [info] fps 72.0 | pos (0.50, 132.00, -4.70) | chunks 113 | stream-meshed 104
TD13TRACE 5423 133.620000 133.620000 132.000000 0.014933 1 1 0 0
TD13TRACE 5424 133.620000 133.620000 132.000000 0.012945 1 1 0 0
TD13TRACE 5425 133.620000 133.620000 132.000000 0.013790 1 1 0 0
TD13TRACE 5426 133.620000 133.620000 132.000000 0.014208 1 1 0 0
TD13TRACE 5427 133.620000 133.620000 132.000000 0.014033 1 1 0 0
TD13TRACE 5428 133.620000 133.620000 132.000000 0.013591 1 1 0 0
TD13TRACE 5429 133.620000 133.620000 132.000000 0.014606 1 1 0 0
TD13TRACE 5430 133.620000 133.620000 132.000000 0.012844 1 1 0 0
TD13TRACE 5431 133.620000 133.620000 132.000000 0.013960 1 1 0 0
TD13TRACE 5432 133.620000 133.620000 132.000000 0.014936 1 1 0 0
TD13TRACE 5433 133.620000 133.620000 132.000000 0.013334 1 1 0 0
TD13TRACE 5434 133.620000 133.620000 132.000000 0.013654 1 1 0 0
TD13TRACE 5435 133.620000 133.620000 132.000000 0.014553 1 1 0 0
TD13TRACE 5436 133.620000 133.620000 132.000000 0.013133 1 1 0 0
TD13TRACE 5437 133.620000 133.620000 132.000000 0.013580 1 1 0 0
TD13TRACE 5438 133.620000 133.620000 132.000000 0.015016 1 1 0 0
TD13TRACE 5439 133.620000 133.620000 132.000000 0.013069 1 1 0 0
TD13TRACE 5440 133.620000 133.620000 132.000000 0.014037 1 1 0 0
TD13TRACE 5441 133.620000 133.620000 132.000000 0.014547 1 1 0 0
TD13TRACE 5442 133.620000 133.620000 132.000000 0.013390 1 1 0 0
TD13TRACE 5443 133.620000 133.620000 132.000000 0.013193 1 1 0 0
TD13TRACE 5444 133.620000 133.620000 132.000000 0.014679 1 1 0 0
TD13TRACE 5445 133.620000 133.620000 132.000000 0.013877 1 1 0 0
TD13TRACE 5446 133.620000 133.620000 132.000000 0.014175 1 1 0 0
TD13TRACE 5447 133.620000 133.620000 132.000000 0.013953 1 1 0 0
TD13TRACE 5448 133.620000 133.620000 132.000000 0.012929 1 1 0 0
TD13TRACE 5449 133.620000 133.620000 132.000000 0.013834 1 1 0 0
TD13TRACE 5450 133.620000 133.620000 132.000000 0.014753 1 1 0 0
TD13TRACE 5451 133.620000 133.620000 132.000000 0.013089 1 1 0 0
TD13TRACE 5452 133.620000 133.620000 132.000000 0.013685 1 1 0 0
TD13TRACE 5453 133.620000 133.620000 132.000000 0.014931 1 1 0 0
TD13TRACE 5454 133.620000 133.620000 132.000000 0.013465 1 1 0 0
TD13TRACE 5455 133.620000 133.620000 132.000000 0.013904 1 1 0 0
TD13TRACE 5456 133.620000 133.620000 132.000000 0.014538 1 1 0 0
TD13TRACE 5457 133.620000 133.620000 132.000000 0.012920 1 1 0 0
TD13TRACE 5458 133.620000 133.620000 132.000000 0.013749 1 1 0 0
TD13TRACE 5459 133.620000 133.620000 132.000000 0.015069 1 1 0 0
TD13TRACE 5460 133.620000 133.620000 132.000000 0.013271 1 1 0 0
TD13TRACE 5461 133.620000 133.620000 132.000000 0.013452 1 1 0 0
TD13TRACE 5462 133.620000 133.620000 132.000000 0.014752 1 1 0 0
TD13TRACE 5463 133.620000 133.620000 132.000000 0.013229 1 1 0 0
TD13TRACE 5464 133.620000 133.620000 132.000000 0.014006 1 1 0 0
TD13TRACE 5465 133.620000 133.620000 132.000000 0.014530 1 1 0 0
TD13TRACE 5466 133.620000 133.620000 132.000000 0.013241 1 1 0 0
TD13TRACE 5467 133.620000 133.620000 132.000000 0.013373 1 1 0 0
TD13TRACE 5468 133.620000 133.620000 132.000000 0.014991 1 1 0 0
TD13TRACE 5469 133.620000 133.620000 132.000000 0.012887 1 1 0 0
TD13TRACE 5470 133.620000 133.620000 132.000000 0.014177 1 1 0 0
TD13TRACE 5471 133.620000 133.620000 132.000000 0.014660 1 1 0 0
TD13TRACE 5472 133.620000 133.620000 132.000000 0.013288 1 1 0 0
TD13TRACE 5473 133.620000 133.620000 132.000000 0.013548 1 1 0 0
TD13TRACE 5474 133.620000 133.620000 132.000000 0.014818 1 1 0 0
TD13TRACE 5475 133.620000 133.620000 132.000000 0.013023 1 1 0 0
TD13TRACE 5476 133.620000 133.620000 132.000000 0.013691 1 1 0 0
TD13TRACE 5477 133.620000 133.620000 132.000000 0.014827 1 1 0 0
TD13TRACE 5478 133.620000 133.620000 132.000000 0.013238 1 1 0 0
TD13TRACE 5479 133.620000 133.620000 132.000000 0.013620 1 1 0 0
TD13TRACE 5480 133.620000 133.620000 132.000000 0.014550 1 1 0 0
TD13TRACE 5481 133.620000 133.620000 132.000000 0.013426 1 1 0 0
TD13TRACE 5482 133.620000 133.620000 132.000000 0.013703 1 1 0 0
TD13TRACE 5483 133.620000 133.620000 132.000000 0.015237 1 1 0 0
TD13TRACE 5484 133.620000 133.620000 132.000000 0.013050 1 1 0 0
TD13TRACE 5485 133.620000 133.620000 132.000000 0.013569 1 1 0 0
TD13TRACE 5486 133.620000 133.620000 132.000000 0.014991 1 1 0 0
TD13TRACE 5487 133.620000 133.620000 132.000000 0.012582 1 1 0 0
TD13TRACE 5488 133.620000 133.620000 132.000000 0.013718 1 1 0 0
TD13TRACE 5489 133.620000 133.620000 132.000000 0.015198 1 1 0 0
TD13TRACE 5490 133.620000 133.620000 132.000000 0.013024 1 1 0 0
TD13TRACE 5491 133.620000 133.620000 132.000000 0.014034 1 1 0 0
TD13TRACE 5492 133.620000 133.620000 132.000000 0.014490 1 1 0 0
TD13TRACE 5493 133.620000 133.620000 132.000000 0.013257 1 1 0 0
TD13TRACE 5494 133.620000 133.620000 132.000000 0.013757 1 1 0 0
TD13TRACE 5495 133.620000 133.620000 132.000000 0.014592 1 1 0 0
TD13TRACE 5496 133.620000 133.620000 132.000000 0.013064 1 1 0 0
TD13TRACE 5497 133.620000 133.620000 132.000000 0.014094 1 1 0 0
TD13TRACE 5498 133.620000 133.620000 132.000000 0.014526 1 1 0 0
TD13TRACE 5499 133.620000 133.620000 132.000000 0.013401 1 1 0 0
TD13TRACE 5500 133.620000 133.620000 132.000000 0.013451 1 1 0 0
TD13TRACE 5501 133.620000 133.620000 132.000000 0.014582 1 1 0 0
TD13TRACE 5502 133.620000 133.620000 132.000000 0.013908 1 1 0 0
TD13TRACE 5503 133.620000 133.620000 132.000000 0.013431 1 1 0 0
TD13TRACE 5504 133.620000 133.620000 132.000000 0.014723 1 1 0 0
TD13TRACE 5505 133.620000 133.620000 132.000000 0.012850 1 1 0 0
TD13TRACE 5506 133.620000 133.620000 132.000000 0.013800 1 1 0 0
TD13TRACE 5507 133.620000 133.620000 132.000000 0.014827 1 1 0 0
TD13TRACE 5508 133.620000 133.620000 132.000000 0.013401 1 1 0 0
TD13TRACE 5509 133.620000 133.620000 132.000000 0.013230 1 1 0 0
TD13TRACE 5510 133.620000 133.620000 132.000000 0.014862 1 1 0 0
TD13TRACE 5511 133.620000 133.620000 132.000000 0.013921 1 1 0 0
TD13TRACE 5512 133.620000 133.620000 132.000000 0.013702 1 1 0 0
TD13TRACE 5513 133.620000 133.620000 132.000000 0.014635 1 1 0 0
TD13TRACE 5514 133.620000 133.620000 132.000000 0.013037 1 1 0 0
TD13TRACE 5515 133.620000 133.620000 132.000000 0.013339 1 1 0 0
TD13TRACE 5516 133.620000 133.620000 132.000000 0.014972 1 1 0 0
TD13TRACE 5517 133.620000 133.620000 132.000000 0.013775 1 1 0 0
TD13TRACE 5518 133.620000 133.620000 132.000000 0.013461 1 1 0 0
TD13TRACE 5519 133.620000 133.620000 132.000000 0.014500 1 1 0 0
TD13TRACE 5520 133.620000 133.620000 132.000000 0.013203 1 1 0 0
TD13TRACE 5521 133.620000 133.620000 132.000000 0.013380 1 1 0 0
TD13TRACE 5522 133.620000 133.620000 132.000000 0.014798 1 1 0 0
TD13TRACE 5523 133.620000 133.620000 132.000000 0.013224 1 1 0 0
TD13TRACE 5524 133.620000 133.620000 132.000000 0.013536 1 1 0 0
TD13TRACE 5525 133.620000 133.620000 132.000000 0.014745 1 1 0 0
TD13TRACE 5526 133.620000 133.620000 132.000000 0.013691 1 1 0 0
TD13TRACE 5527 133.620000 133.620000 132.000000 0.013582 1 1 0 0
TD13TRACE 5528 133.620000 133.620000 132.000000 0.014603 1 1 0 0
TD13TRACE 5529 133.620000 133.620000 132.000000 0.013123 1 1 0 0
TD13TRACE 5530 133.620000 133.620000 132.000000 0.014056 1 1 0 0
TD13TRACE 5531 133.620000 133.620000 132.000000 0.014504 1 1 0 0
TD13TRACE 5532 133.620000 133.620000 132.000000 0.012904 1 1 0 0
TD13TRACE 5533 133.620000 133.620000 132.000000 0.014233 1 1 0 0
TD13TRACE 5534 133.620000 133.620000 132.000000 0.013874 1 1 0 0
TD13TRACE 5535 133.620000 133.620000 132.000000 0.014108 1 1 0 0
TD13TRACE 5536 133.620000 133.620000 132.000000 0.013716 1 1 0 0
TD13TRACE 5537 133.620000 133.620000 132.000000 0.014850 1 1 0 0
TD13TRACE 5538 133.620000 133.620000 132.000000 0.012859 1 1 0 0
TD13TRACE 5539 133.620000 133.620000 132.000000 0.013784 1 1 0 0
TD13TRACE 5540 133.620000 133.620000 132.000000 0.014252 1 1 0 0
TD13TRACE 5541 133.620000 133.620000 132.000000 0.013149 1 1 0 0
TD13TRACE 5542 133.620000 133.620000 132.000000 0.014374 1 1 0 0
TD13TRACE 5543 133.620000 133.620000 132.000000 0.014236 1 1 0 0
TD13TRACE 5544 133.620000 133.620000 132.000000 0.013381 1 1 0 0
TD13TRACE 5545 133.620000 133.620000 132.000000 0.014228 1 1 0 0
TD13TRACE 5546 133.620000 133.620000 132.000000 0.014543 1 1 0 0
TD13TRACE 5547 133.620000 133.620000 132.000000 0.013076 1 1 0 0
TD13TRACE 5548 133.620000 133.620000 132.000000 0.013865 1 1 0 0
TD13TRACE 5549 133.620000 133.620000 132.000000 0.014606 1 1 0 0
TD13TRACE 5550 133.620000 133.620000 132.000000 0.013379 1 1 0 0
TD13TRACE 5551 133.620000 133.620000 132.000000 0.013800 1 1 0 0
TD13TRACE 5552 133.620000 133.620000 132.000000 0.014037 1 1 0 0
TD13TRACE 5553 133.620000 133.620000 132.000000 0.014013 1 1 0 0
TD13TRACE 5554 133.620000 133.620000 132.000000 0.013462 1 1 0 0
TD13TRACE 5555 133.620000 133.620000 132.000000 0.014670 1 1 0 0
TD13TRACE 5556 133.620000 133.620000 132.000000 0.012893 1 1 0 0
TD13TRACE 5557 133.620000 133.620000 132.000000 0.013920 1 1 0 0
TD13TRACE 5558 133.620000 133.620000 132.000000 0.014968 1 1 0 0
TD13TRACE 5559 133.620000 133.620000 132.000000 0.013305 1 1 0 0
TD13TRACE 5560 133.620000 133.620000 132.000000 0.013283 1 1 0 0
TD13TRACE 5561 133.620000 133.620000 132.000000 0.015039 1 1 0 0
TD13TRACE 5562 133.620000 133.620000 132.000000 0.013338 1 1 0 0
TD13TRACE 5563 133.620000 133.620000 132.000000 0.013657 1 1 0 0
TD13TRACE 5564 133.620000 133.620000 132.000000 0.014063 1 1 0 0
TD13TRACE 5565 133.620000 133.620000 132.000000 0.013933 1 1 0 0
TD13TRACE 5566 133.620000 133.620000 132.000000 0.013691 1 1 0 0
[2026-09-15 06:55:07.918] [info] fps 72.0 | pos (0.50, 132.00, -4.70) | chunks 113 | stream-meshed 104
TD13TRACE 5567 133.620000 133.620000 132.000000 0.014636 1 1 0 0
TD13TRACE 5568 133.620000 133.620000 132.000000 0.013057 1 1 0 0
TD13TRACE 5569 133.620000 133.620000 132.000000 0.014071 1 1 0 0
TD13TRACE 5570 133.620000 133.620000 132.000000 0.014523 1 1 0 0
TD13TRACE 5571 133.620000 133.620000 132.000000 0.012636 1 1 0 0
TD13TRACE 5572 133.620000 133.620000 132.000000 0.014039 1 1 0 0
TD13TRACE 5573 133.620000 133.620000 132.000000 0.014918 1 1 0 0
TD13TRACE 5574 133.620000 133.620000 132.000000 0.012557 1 1 0 0
TD13TRACE 5575 133.620000 133.620000 132.000000 0.014363 1 1 0 0
TD13TRACE 5576 133.620000 133.620000 132.000000 0.014621 1 1 0 0
TD13TRACE 5577 133.620000 133.620000 132.000000 0.013585 1 1 0 0
TD13TRACE 5578 133.620000 133.620000 132.000000 0.013200 1 1 0 0
TD13TRACE 5579 133.620000 133.620000 132.000000 0.014869 1 1 0 0
TD13TRACE 5580 133.620000 133.620000 132.000000 0.013417 1 1 0 0
TD13TRACE 5581 133.620000 133.620000 132.000000 0.013860 1 1 0 0
TD13TRACE 5582 133.620000 133.620000 132.000000 0.014084 1 1 0 0
TD13TRACE 5583 133.620000 133.620000 132.000000 0.013518 1 1 0 0
TD13TRACE 5584 133.620000 133.620000 132.000000 0.014090 1 1 0 0
TD13TRACE 5585 133.620000 133.620000 132.000000 0.014163 1 1 0 0
TD13TRACE 5586 133.620000 133.620000 132.000000 0.013481 1 1 0 0
TD13TRACE 5587 133.620000 133.620000 132.000000 0.013910 1 1 0 0
TD13TRACE 5588 133.620000 133.620000 132.000000 0.014606 1 1 0 0
TD13TRACE 5589 133.620000 133.620000 132.000000 0.013204 1 1 0 0
TD13TRACE 5590 133.620000 133.620000 132.000000 0.013720 1 1 0 0
TD13TRACE 5591 133.620000 133.620000 132.000000 0.014807 1 1 0 0
TD13TRACE 5592 133.620000 133.620000 132.000000 0.013068 1 1 0 0
TD13TRACE 5593 133.620000 133.620000 132.000000 0.013611 1 1 0 0
TD13TRACE 5594 133.620000 133.620000 132.000000 0.014287 1 1 0 0
TD13TRACE 5595 133.620000 133.620000 132.000000 0.013686 1 1 0 0
TD13TRACE 5596 133.620000 133.620000 132.000000 0.013429 1 1 0 0
TD13TRACE 5597 133.620000 133.620000 132.000000 0.014906 1 1 0 0
TD13TRACE 5598 133.620000 133.620000 132.000000 0.013147 1 1 0 0
TD13TRACE 5599 133.620000 133.620000 132.000000 0.014191 1 1 0 0
TD13TRACE 5600 133.620000 133.620000 132.000000 0.014584 1 1 0 0
TD13TRACE 5601 133.620000 133.620000 132.000000 0.012990 1 1 0 0
TD13TRACE 5602 133.620000 133.620000 132.000000 0.014103 1 1 0 0
TD13TRACE 5603 133.620000 133.620000 132.000000 0.014415 1 1 0 0
TD13TRACE 5604 133.620000 133.620000 132.000000 0.013356 1 1 0 0
TD13TRACE 5605 133.620000 133.620000 132.000000 0.013690 1 1 0 0
TD13TRACE 5606 133.620000 133.620000 132.000000 0.014524 1 1 0 0
TD13TRACE 5607 133.620000 133.620000 132.000000 0.013379 1 1 0 0
TD13TRACE 5608 133.620000 133.620000 132.000000 0.014067 1 1 0 0
TD13TRACE 5609 133.620000 133.620000 132.000000 0.014737 1 1 0 0
TD13TRACE 5610 133.620000 133.620000 132.000000 0.013195 1 1 0 0
TD13TRACE 5611 133.620000 133.620000 132.000000 0.013739 1 1 0 0
TD13TRACE 5612 133.620000 133.620000 132.000000 0.014080 1 1 0 0
TD13TRACE 5613 133.620000 133.620000 132.000000 0.014064 1 1 0 0
TD13TRACE 5614 133.620000 133.620000 132.000000 0.013404 1 1 0 0
TD13TRACE 5615 133.620000 133.620000 132.000000 0.014784 1 1 0 0
TD13TRACE 5616 133.620000 133.620000 132.000000 0.012596 1 1 0 0
TD13TRACE 5617 133.620000 133.620000 132.000000 0.013881 1 1 0 0
TD13TRACE 5618 133.620000 133.620000 132.000000 0.014912 1 1 0 0
TD13TRACE 5619 133.620000 133.620000 132.000000 0.013315 1 1 0 0
TD13TRACE 5620 133.620000 133.620000 132.000000 0.013771 1 1 0 0
TD13TRACE 5621 133.620000 133.620000 132.000000 0.014502 1 1 0 0
TD13TRACE 5622 133.620000 133.620000 132.000000 0.013388 1 1 0 0
TD13TRACE 5623 133.620000 133.620000 132.000000 0.013658 1 1 0 0
TD13TRACE 5624 133.620000 133.620000 132.000000 0.014579 1 1 0 0
TD13TRACE 5625 133.620000 133.620000 132.000000 0.014057 1 1 0 0
TD13TRACE 5626 133.620000 133.620000 132.000000 0.013373 1 1 0 0
TD13TRACE 5627 133.620000 133.620000 132.000000 0.014892 1 1 0 0
TD13TRACE 5628 133.620000 133.620000 132.000000 0.013106 1 1 0 0
TD13TRACE 5629 133.620000 133.620000 132.000000 0.013821 1 1 0 0
TD13TRACE 5630 133.620000 133.620000 132.000000 0.014711 1 1 0 0
TD13TRACE 5631 133.620000 133.620000 132.000000 0.012862 1 1 0 0
TD13TRACE 5632 133.620000 133.620000 132.000000 0.014044 1 1 0 0
TD13TRACE 5633 133.620000 133.620000 132.000000 0.014671 1 1 0 0
TD13TRACE 5634 133.620000 133.620000 132.000000 0.012675 1 1 0 0
TD13TRACE 5635 133.620000 133.620000 132.000000 0.014309 1 1 0 0
TD13TRACE 5636 133.620000 133.620000 132.000000 0.014478 1 1 0 0
TD13TRACE 5637 133.620000 133.620000 132.000000 0.013173 1 1 0 0
TD13TRACE 5638 133.620000 133.620000 132.000000 0.013389 1 1 0 0
TD13TRACE 5639 133.620000 133.620000 132.000000 0.015061 1 1 0 0
TD13TRACE 5640 133.620000 133.620000 132.000000 0.013353 1 1 0 0
TD13TRACE 5641 133.620000 133.620000 132.000000 0.013633 1 1 0 0
TD13TRACE 5642 133.620000 133.620000 132.000000 0.014576 1 1 0 0
TD13TRACE 5643 133.620000 133.620000 132.000000 0.013314 1 1 0 0
TD13TRACE 5644 133.620000 133.620000 132.000000 0.013716 1 1 0 0
TD13TRACE 5645 133.620000 133.620000 132.000000 0.015027 1 1 0 0
TD13TRACE 5646 133.620000 133.620000 132.000000 0.013189 1 1 0 0
TD13TRACE 5647 133.620000 133.620000 132.000000 0.013487 1 1 0 0
TD13TRACE 5648 133.620000 133.620000 132.000000 0.014816 1 1 0 0
TD13TRACE 5649 133.620000 133.620000 132.000000 0.013358 1 1 0 0
TD13TRACE 5650 133.620000 133.620000 132.000000 0.013755 1 1 0 0
TD13TRACE 5651 133.620000 133.620000 132.000000 0.014610 1 1 0 0
TD13TRACE 5652 133.620000 133.620000 132.000000 0.013401 1 1 0 0
TD13TRACE 5653 133.620000 133.620000 132.000000 0.013514 1 1 0 0
TD13TRACE 5654 133.620000 133.620000 132.000000 0.014586 1 1 0 0
TD13TRACE 5655 133.620000 133.620000 132.000000 0.012832 1 1 0 0
TD13TRACE 5656 133.620000 133.620000 132.000000 0.013689 1 1 0 0
TD13TRACE 5657 133.620000 133.620000 132.000000 0.014718 1 1 0 0
TD13TRACE 5658 133.620000 133.620000 132.000000 0.013752 1 1 0 0
TD13TRACE 5659 133.620000 133.620000 132.000000 0.013922 1 1 0 0
TD13TRACE 5660 133.620000 133.620000 132.000000 0.013805 1 1 0 0
TD13TRACE 5661 133.620000 133.620000 132.000000 0.013872 1 1 0 0
TD13TRACE 5662 133.620000 133.620000 132.000000 0.013930 1 1 0 0
TD13TRACE 5663 133.620000 133.620000 132.000000 0.014404 1 1 0 0
TD13TRACE 5664 133.620000 133.620000 132.000000 0.013601 1 1 0 0
TD13TRACE 5665 133.620000 133.620000 132.000000 0.013220 1 1 0 0
TD13TRACE 5666 133.620000 133.620000 132.000000 0.014705 1 1 0 0
TD13TRACE 5667 133.620000 133.620000 132.000000 0.013394 1 1 0 0
TD13TRACE 5668 133.620000 133.620000 132.000000 0.013663 1 1 0 0
TD13TRACE 5669 133.620000 133.620000 132.000000 0.014710 1 1 0 0
TD13TRACE 5670 133.620000 133.620000 132.000000 0.013350 1 1 0 0
TD13TRACE 5671 133.620000 133.620000 132.000000 0.013964 1 1 0 0
TD13TRACE 5672 133.620000 133.620000 132.000000 0.014610 1 1 0 0
TD13TRACE 5673 133.620000 133.620000 132.000000 0.012991 1 1 0 0
TD13TRACE 5674 133.620000 133.620000 132.000000 0.013997 1 1 0 0
TD13TRACE 5675 133.620000 133.620000 132.000000 0.014594 1 1 0 0
TD13TRACE 5676 133.620000 133.620000 132.000000 0.012906 1 1 0 0
TD13TRACE 5677 133.620000 133.620000 132.000000 0.013696 1 1 0 0
TD13TRACE 5678 133.620000 133.620000 132.000000 0.014830 1 1 0 0
TD13TRACE 5679 133.620000 133.620000 132.000000 0.013119 1 1 0 0
TD13TRACE 5680 133.620000 133.620000 132.000000 0.014068 1 1 0 0
TD13TRACE 5681 133.620000 133.620000 132.000000 0.014724 1 1 0 0
TD13TRACE 5682 133.620000 133.620000 132.000000 0.013044 1 1 0 0
TD13TRACE 5683 133.620000 133.620000 132.000000 0.013808 1 1 0 0
TD13TRACE 5684 133.620000 133.620000 132.000000 0.014756 1 1 0 0
TD13TRACE 5685 133.620000 133.620000 132.000000 0.013099 1 1 0 0
TD13TRACE 5686 133.620000 133.620000 132.000000 0.013788 1 1 0 0
TD13TRACE 5687 133.620000 133.620000 132.000000 0.014756 1 1 0 0
TD13TRACE 5688 133.620000 133.620000 132.000000 0.013168 1 1 0 0
TD13TRACE 5689 133.620000 133.620000 132.000000 0.014085 1 1 0 0
TD13TRACE 5690 133.620000 133.620000 132.000000 0.014186 1 1 0 0
TD13TRACE 5691 133.620000 133.620000 132.000000 0.013750 1 1 0 0
TD13TRACE 5692 133.620000 133.620000 132.000000 0.013807 1 1 0 0
TD13TRACE 5693 133.620000 133.620000 132.000000 0.014561 1 1 0 0
TD13TRACE 5694 133.620000 133.620000 132.000000 0.013332 1 1 0 0
TD13TRACE 5695 133.620000 133.620000 132.000000 0.013526 1 1 0 0
TD13TRACE 5696 133.620000 133.620000 132.000000 0.014991 1 1 0 0
TD13TRACE 5697 133.620000 133.620000 132.000000 0.012457 1 1 0 0
TD13TRACE 5698 133.620000 133.620000 132.000000 0.013751 1 1 0 0
TD13TRACE 5699 133.620000 133.620000 132.000000 0.014857 1 1 0 0
TD13TRACE 5700 133.620000 133.620000 132.000000 0.013916 1 1 0 0
TD13TRACE 5701 133.620000 133.620000 132.000000 0.013906 1 1 0 0
TD13TRACE 5702 133.620000 133.620000 132.000000 0.014416 1 1 0 0
TD13TRACE 5703 133.620000 133.620000 132.000000 0.012643 1 1 0 0
TD13TRACE 5704 133.620000 133.620000 132.000000 0.014037 1 1 0 0
TD13TRACE 5705 133.620000 133.620000 132.000000 0.014594 1 1 0 0
TD13TRACE 5706 133.620000 133.620000 132.000000 0.013137 1 1 0 0
TD13TRACE 5707 133.620000 133.620000 132.000000 0.013912 1 1 0 0
TD13TRACE 5708 133.620000 133.620000 132.000000 0.014396 1 1 0 0
TD13TRACE 5709 133.620000 133.620000 132.000000 0.013306 1 1 0 0
TD13TRACE 5710 133.620000 133.620000 132.000000 0.014139 1 1 0 0
[2026-09-15 06:55:09.918] [info] fps 72.0 | pos (0.50, 132.00, -4.70) | chunks 113 | stream-meshed 104
TD13TRACE 5711 133.620000 133.620000 132.000000 0.014873 1 1 0 0
TD13TRACE 5712 133.620000 133.620000 132.000000 0.013178 1 1 0 0
TD13TRACE 5713 133.620000 133.620000 132.000000 0.013276 1 1 0 0
TD13TRACE 5714 133.620000 133.620000 132.000000 0.014891 1 1 0 0
TD13TRACE 5715 133.620000 133.620000 132.000000 0.013414 1 1 0 0
TD13TRACE 5716 133.620000 133.620000 132.000000 0.013575 1 1 0 0
TD13TRACE 5717 133.620000 133.620000 132.000000 0.014657 1 1 0 0
TD13TRACE 5718 133.620000 133.620000 132.000000 0.012885 1 1 0 0
TD13TRACE 5719 133.620000 133.620000 132.000000 0.014215 1 1 0 0
TD13TRACE 5720 133.620000 133.620000 132.000000 0.014661 1 1 0 0
TD13TRACE 5721 133.620000 133.620000 132.000000 0.013302 1 1 0 0
TD13TRACE 5722 133.620000 133.620000 132.000000 0.013675 1 1 0 0
TD13TRACE 5723 133.620000 133.620000 132.000000 0.013941 1 1 0 0
TD13TRACE 5724 133.620000 133.620000 132.000000 0.014130 1 1 0 0
TD13TRACE 5725 133.620000 133.620000 132.000000 0.013524 1 1 0 0
TD13TRACE 5726 133.620000 133.620000 132.000000 0.014649 1 1 0 0
TD13TRACE 5727 133.620000 133.620000 132.000000 0.013133 1 1 0 0
TD13TRACE 5728 133.620000 133.620000 132.000000 0.013548 1 1 0 0
TD13TRACE 5729 133.620000 133.620000 132.000000 0.014985 1 1 0 0
TD13TRACE 5730 133.620000 133.620000 132.000000 0.013094 1 1 0 0
TD13TRACE 5731 133.620000 133.620000 132.000000 0.013829 1 1 0 0
TD13TRACE 5732 133.620000 133.620000 132.000000 0.014997 1 1 0 0
TD13TRACE 5733 133.620000 133.620000 132.000000 0.013146 1 1 0 0
TD13TRACE 5734 133.620000 133.620000 132.000000 0.013937 1 1 0 0
TD13TRACE 5735 133.620000 133.620000 132.000000 0.014069 1 1 0 0
TD13TRACE 5736 133.620000 133.620000 132.000000 0.013287 1 1 0 0
TD13TRACE 5737 133.620000 133.620000 132.000000 0.013666 1 1 0 0
TD13TRACE 5738 133.620000 133.620000 132.000000 0.014604 1 1 0 0
TD13TRACE 5739 133.620000 133.620000 132.000000 0.013452 1 1 0 0
TD13TRACE 5740 133.620000 133.620000 132.000000 0.013556 1 1 0 0
TD13TRACE 5741 133.620000 133.620000 132.000000 0.014813 1 1 0 0
TD13TRACE 5742 133.620000 133.620000 132.000000 0.013335 1 1 0 0
TD13TRACE 5743 133.620000 133.620000 132.000000 0.013710 1 1 0 0
TD13TRACE 5744 133.620000 133.620000 132.000000 0.014550 1 1 0 0
TD13TRACE 5745 133.620000 133.620000 132.000000 0.012972 1 1 0 0
TD13TRACE 5746 133.620000 133.620000 132.000000 0.014410 1 1 0 0
TD13TRACE 5747 133.620000 133.620000 132.000000 0.014381 1 1 0 0
TD13TRACE 5748 133.620000 133.620000 132.000000 0.013905 1 1 0 0
TD13TRACE 5749 133.620000 133.620000 132.000000 0.013617 1 1 0 0
TD13TRACE 5750 133.620000 133.620000 132.000000 0.014090 1 1 0 0
TD13TRACE 5751 133.620000 133.620000 132.000000 0.013613 1 1 0 0
TD13TRACE 5752 133.620000 133.620000 132.000000 0.013408 1 1 0 0
TD13TRACE 5753 133.620000 133.620000 132.000000 0.015018 1 1 0 0
TD13TRACE 5754 133.620000 133.620000 132.000000 0.013294 1 1 0 0
TD13TRACE 5755 133.620000 133.620000 132.000000 0.013882 1 1 0 0
TD13TRACE 5756 133.620000 133.620000 132.000000 0.014466 1 1 0 0
TD13TRACE 5757 133.620000 133.620000 132.000000 0.013284 1 1 0 0
TD13TRACE 5758 133.620000 133.620000 132.000000 0.013736 1 1 0 0
TD13TRACE 5759 133.620000 133.620000 132.000000 0.013997 1 1 0 0
TD13TRACE 5760 133.620000 133.620000 132.000000 0.014142 1 1 0 0
TD13TRACE 5761 133.620000 133.620000 132.000000 0.013521 1 1 0 0
TD13TRACE 5762 133.620000 133.620000 132.000000 0.014847 1 1 0 0
TD13TRACE 5763 133.620000 133.620000 132.000000 0.013090 1 1 0 0
TD13TRACE 5764 133.620000 133.620000 132.000000 0.013742 1 1 0 0
TD13TRACE 5765 133.620000 133.620000 132.000000 0.014372 1 1 0 0
TD13TRACE 5766 133.620000 133.620000 132.000000 0.013692 1 1 0 0
TD13TRACE 5767 133.620000 133.620000 132.000000 0.013699 1 1 0 0
TD13TRACE 5768 133.620000 133.620000 132.000000 0.014620 1 1 0 0
TD13TRACE 5769 133.620000 133.620000 132.000000 0.012895 1 1 0 0
TD13TRACE 5770 133.620000 133.620000 132.000000 0.013701 1 1 0 0
TD13TRACE 5771 133.620000 133.620000 132.000000 0.014827 1 1 0 0
TD13TRACE 5772 133.620000 133.620000 132.000000 0.013628 1 1 0 0
TD13TRACE 5773 133.620000 133.620000 132.000000 0.013478 1 1 0 0
TD13TRACE 5774 133.620000 133.620000 132.000000 0.014538 1 1 0 0
TD13TRACE 5775 133.620000 133.620000 132.000000 0.013260 1 1 0 0
TD13TRACE 5776 133.620000 133.620000 132.000000 0.013885 1 1 0 0
TD13TRACE 5777 133.620000 133.620000 132.000000 0.014807 1 1 0 0
TD13TRACE 5778 133.620000 133.620000 132.000000 0.013210 1 1 0 0
TD13TRACE 5779 133.620000 133.620000 132.000000 0.013754 1 1 0 0
TD13TRACE 5780 133.620000 133.620000 132.000000 0.014547 1 1 0 0
TD13TRACE 5781 133.620000 133.620000 132.000000 0.013398 1 1 0 0
TD13TRACE 5782 133.620000 133.620000 132.000000 0.013701 1 1 0 0
TD13TRACE 5783 133.620000 133.620000 132.000000 0.014011 1 1 0 0
TD13TRACE 5784 133.620000 133.620000 132.000000 0.014197 1 1 0 0
TD13TRACE 5785 133.620000 133.620000 132.000000 0.013586 1 1 0 0
TD13TRACE 5786 133.620000 133.620000 132.000000 0.014271 1 1 0 0
TD13TRACE 5787 133.620000 133.620000 132.000000 0.013007 1 1 0 0
TD13TRACE 5788 133.620000 133.620000 132.000000 0.014329 1 1 0 0
TD13TRACE 5789 133.620000 133.620000 132.000000 0.014394 1 1 0 0
TD13TRACE 5790 133.620000 133.620000 132.000000 0.013430 1 1 0 0
TD13TRACE 5791 133.620000 133.620000 132.000000 0.013536 1 1 0 0
TD13TRACE 5792 133.620000 133.620000 132.000000 0.014870 1 1 0 0
TD13TRACE 5793 133.620000 133.620000 132.000000 0.012903 1 1 0 0
TD13TRACE 5794 133.620000 133.620000 132.000000 0.013963 1 1 0 0
TD13TRACE 5795 133.620000 133.620000 132.000000 0.014899 1 1 0 0
TD13TRACE 5796 133.620000 133.620000 132.000000 0.013187 1 1 0 0
TD13TRACE 5797 133.620000 133.620000 132.000000 0.013514 1 1 0 0
TD13TRACE 5798 133.620000 133.620000 132.000000 0.015189 1 1 0 0
TD13TRACE 5799 133.620000 133.620000 132.000000 0.012850 1 1 0 0
TD13TRACE 5800 133.620000 133.620000 132.000000 0.013795 1 1 0 0
TD13TRACE 5801 133.620000 133.620000 132.000000 0.014757 1 1 0 0
TD13TRACE 5802 133.620000 133.620000 132.000000 0.013194 1 1 0 0
TD13TRACE 5803 133.620000 133.620000 132.000000 0.013692 1 1 0 0
TD13TRACE 5804 133.620000 133.620000 132.000000 0.014681 1 1 0 0
TD13TRACE 5805 133.620000 133.620000 132.000000 0.012688 1 1 0 0
TD13TRACE 5806 133.620000 133.620000 132.000000 0.014309 1 1 0 0
TD13TRACE 5807 133.620000 133.620000 132.000000 0.014886 1 1 0 0
TD13TRACE 5808 133.620000 133.620000 132.000000 0.012901 1 1 0 0
TD13TRACE 5809 133.620000 133.620000 132.000000 0.013448 1 1 0 0
TD13TRACE 5810 133.620000 133.620000 132.000000 0.014680 1 1 0 0
TD13TRACE 5811 133.620000 133.620000 132.000000 0.013358 1 1 0 0
TD13TRACE 5812 133.620000 133.620000 132.000000 0.013663 1 1 0 0
TD13TRACE 5813 133.620000 133.620000 132.000000 0.014925 1 1 0 0
TD13TRACE 5814 133.620000 133.620000 132.000000 0.013289 1 1 0 0
TD13TRACE 5815 133.620000 133.620000 132.000000 0.013865 1 1 0 0
TD13TRACE 5816 133.620000 133.620000 132.000000 0.014578 1 1 0 0
TD13TRACE 5817 133.620000 133.620000 132.000000 0.013155 1 1 0 0
TD13TRACE 5818 133.620000 133.620000 132.000000 0.014269 1 1 0 0
TD13TRACE 5819 133.620000 133.620000 132.000000 0.013960 1 1 0 0
TD13TRACE 5820 133.620000 133.620000 132.000000 0.013446 1 1 0 0
TD13TRACE 5821 133.620000 133.620000 132.000000 0.013937 1 1 0 0
TD13TRACE 5822 133.620000 133.620000 132.000000 0.014645 1 1 0 0
TD13TRACE 5823 133.620000 133.620000 132.000000 0.013322 1 1 0 0
TD13TRACE 5824 133.620000 133.620000 132.000000 0.013513 1 1 0 0
TD13TRACE 5825 133.620000 133.620000 132.000000 0.014334 1 1 0 0
TD13TRACE 5826 133.620000 133.620000 132.000000 0.013506 1 1 0 0
TD13TRACE 5827 133.620000 133.620000 132.000000 0.013514 1 1 0 0
TD13TRACE 5828 133.620000 133.620000 132.000000 0.015028 1 1 0 0
TD13TRACE 5829 133.620000 133.620000 132.000000 0.012778 1 1 0 0
TD13TRACE 5830 133.620000 133.620000 132.000000 0.014165 1 1 0 0
TD13TRACE 5831 133.620000 133.620000 132.000000 0.014652 1 1 0 0
TD13TRACE 5832 133.620000 133.620000 132.000000 0.013061 1 1 0 0
TD13TRACE 5833 133.620000 133.620000 132.000000 0.013894 1 1 0 0
TD13TRACE 5834 133.620000 133.620000 132.000000 0.014658 1 1 0 0
TD13TRACE 5835 133.620000 133.620000 132.000000 0.013356 1 1 0 0
TD13TRACE 5836 133.620000 133.620000 132.000000 0.013968 1 1 0 0
TD13TRACE 5837 133.620000 133.620000 132.000000 0.014610 1 1 0 0
TD13TRACE 5838 133.620000 133.620000 132.000000 0.012910 1 1 0 0
TD13TRACE 5839 133.620000 133.620000 132.000000 0.013731 1 1 0 0
TD13TRACE 5840 133.620000 133.620000 132.000000 0.014521 1 1 0 0
TD13TRACE 5841 133.620000 133.620000 132.000000 0.013478 1 1 0 0
TD13TRACE 5842 133.620000 133.620000 132.000000 0.013654 1 1 0 0
TD13TRACE 5843 133.620000 133.620000 132.000000 0.014946 1 1 0 0
TD13TRACE 5844 133.620000 133.620000 132.000000 0.013486 1 1 0 0
TD13TRACE 5845 133.620000 133.620000 132.000000 0.013560 1 1 0 0
TD13TRACE 5846 133.620000 133.620000 132.000000 0.014497 1 1 0 0
TD13TRACE 5847 133.620000 133.620000 132.000000 0.012988 1 1 0 0
TD13TRACE 5848 133.620000 133.620000 132.000000 0.014145 1 1 0 0
TD13TRACE 5849 133.620000 133.620000 132.000000 0.014231 1 1 0 0
TD13TRACE 5850 133.620000 133.620000 132.000000 0.014145 1 1 0 0
TD13TRACE 5851 133.620000 133.620000 132.000000 0.013332 1 1 0 0
TD13TRACE 5852 133.620000 133.620000 132.000000 0.014134 1 1 0 0
TD13TRACE 5853 133.620000 133.620000 132.000000 0.013787 1 1 0 0
TD13TRACE 5854 133.620000 133.620000 132.000000 0.013992 1 1 0 0
[2026-09-15 06:55:11.918] [info] fps 72.0 | pos (0.50, 132.00, -4.70) | chunks 113 | stream-meshed 104
TD13TRACE 5855 133.620000 133.620000 132.000000 0.014560 1 1 0 0
TD13TRACE 5856 133.620000 133.620000 132.000000 0.013358 1 1 0 0
TD13TRACE 5857 133.620000 133.620000 132.000000 0.013247 1 1 0 0
TD13TRACE 5858 133.620000 133.620000 132.000000 0.014883 1 1 0 0
TD13TRACE 5859 133.620000 133.620000 132.000000 0.013047 1 1 0 0
TD13TRACE 5860 133.620000 133.620000 132.000000 0.013738 1 1 0 0
[2026-09-15 06:55:12.003] [info] autosave: 0 chunk(s) queued for async write, level written (ticks=2997)
TD13TRACE 5861 133.620000 133.620000 132.000000 0.016449 1 1 0 0
TD13TRACE 5862 133.620000 133.620000 132.000000 0.011984 1 1 0 0
TD13TRACE 5863 133.620000 133.620000 132.000000 0.013471 1 1 0 0
TD13TRACE 5864 133.620000 133.620000 132.000000 0.014861 1 1 0 0
TD13TRACE 5865 133.620000 133.620000 132.000000 0.013242 1 1 0 0
TD13TRACE 5866 133.620000 133.620000 132.000000 0.013872 1 1 0 0
TD13TRACE 5867 133.620000 133.620000 132.000000 0.014438 1 1 0 0
TD13TRACE 5868 133.620000 133.620000 132.000000 0.013387 1 1 0 0
TD13TRACE 5869 133.620000 133.620000 132.000000 0.013387 1 1 0 0
TD13TRACE 5870 133.620000 133.620000 132.000000 0.014610 1 1 0 0
TD13TRACE 5871 133.620000 133.620000 132.000000 0.013261 1 1 0 0
TD13TRACE 5872 133.620000 133.620000 132.000000 0.013557 1 1 0 0
TD13TRACE 5873 133.620000 133.620000 132.000000 0.015344 1 1 0 0
TD13TRACE 5874 133.620000 133.620000 132.000000 0.013225 1 1 0 0
TD13TRACE 5875 133.620000 133.620000 132.000000 0.013341 1 1 0 0
TD13TRACE 5876 133.620000 133.620000 132.000000 0.014689 1 1 0 0
TD13TRACE 5877 133.620000 133.620000 132.000000 0.013198 1 1 0 0
TD13TRACE 5878 133.620000 133.620000 132.000000 0.013579 1 1 0 0
TD13TRACE 5879 133.620000 133.620000 132.000000 0.014546 1 1 0 0
TD13TRACE 5880 133.620000 133.620000 132.000000 0.013709 1 1 0 0
TD13TRACE 5881 133.620000 133.620000 132.000000 0.013301 1 1 0 0
TD13TRACE 5882 133.620000 133.620000 132.000000 0.014735 1 1 0 0
TD13TRACE 5883 133.620000 133.620000 132.000000 0.013347 1 1 0 0
TD13TRACE 5884 133.620000 133.620000 132.000000 0.013702 1 1 0 0
TD13TRACE 5885 133.620000 133.620000 132.000000 0.014642 1 1 0 0
TD13TRACE 5886 133.620000 133.620000 132.000000 0.013765 1 1 0 0
TD13TRACE 5887 133.620000 133.620000 132.000000 0.013463 1 1 0 0
TD13TRACE 5888 133.620000 133.620000 132.000000 0.014835 1 1 0 0
TD13TRACE 5889 133.620000 133.620000 132.000000 0.012878 1 1 0 0
TD13TRACE 5890 133.620000 133.620000 132.000000 0.014234 1 1 0 0
TD13TRACE 5891 133.620000 133.620000 132.000000 0.014530 1 1 0 0
TD13TRACE 5892 133.620000 133.620000 132.000000 0.012979 1 1 0 0
TD13TRACE 5893 133.620000 133.620000 132.000000 0.013270 1 1 0 0
TD13TRACE 5894 133.620000 133.620000 132.000000 0.015330 1 1 0 0
TD13TRACE 5895 133.620000 133.620000 132.000000 0.013348 1 1 0 0
TD13TRACE 5896 133.620000 133.620000 132.000000 0.014029 1 1 0 0
TD13TRACE 5897 133.620000 133.620000 132.000000 0.014600 1 1 0 0
TD13TRACE 5898 133.620000 133.620000 132.000000 0.012996 1 1 0 0
TD13TRACE 5899 133.620000 133.620000 132.000000 0.013728 1 1 0 0
TD13TRACE 5900 133.620000 133.620000 132.000000 0.014566 1 1 0 0
TD13TRACE 5901 133.620000 133.620000 132.000000 0.013174 1 1 0 0
TD13TRACE 5902 133.620000 133.620000 132.000000 0.014007 1 1 0 0
TD13TRACE 5903 133.620000 133.620000 132.000000 0.014468 1 1 0 0
TD13TRACE 5904 133.620000 133.620000 132.000000 0.013694 1 1 0 0
TD13TRACE 5905 133.620000 133.620000 132.000000 0.013571 1 1 0 0
TD13TRACE 5906 133.620000 133.620000 132.000000 0.014239 1 1 0 0
TD13TRACE 5907 133.620000 133.620000 132.000000 0.013651 1 1 0 0
TD13TRACE 5908 133.620000 133.620000 132.000000 0.013633 1 1 0 0
TD13TRACE 5909 133.620000 133.620000 132.000000 0.014668 1 1 0 0
TD13TRACE 5910 133.620000 133.620000 132.000000 0.012824 1 1 0 0
TD13TRACE 5911 133.620000 133.620000 132.000000 0.014002 1 1 0 0
TD13TRACE 5912 133.620000 133.620000 132.000000 0.014928 1 1 0 0
TD13TRACE 5913 133.620000 133.620000 132.000000 0.012778 1 1 0 0
TD13TRACE 5914 133.620000 133.620000 132.000000 0.014107 1 1 0 0
TD13TRACE 5915 133.620000 133.620000 132.000000 0.014762 1 1 0 0
TD13TRACE 5916 133.620000 133.620000 132.000000 0.013194 1 1 0 0
TD13TRACE 5917 133.620000 133.620000 132.000000 0.013511 1 1 0 0
TD13TRACE 5918 133.620000 133.620000 132.000000 0.014975 1 1 0 0
TD13TRACE 5919 133.620000 133.620000 132.000000 0.013418 1 1 0 0
TD13TRACE 5920 133.620000 133.620000 132.000000 0.013786 1 1 0 0
TD13TRACE 5921 133.620000 133.620000 132.000000 0.014263 1 1 0 0
TD13TRACE 5922 133.620000 133.620000 132.000000 0.013074 1 1 0 0
TD13TRACE 5923 133.620000 133.620000 132.000000 0.013888 1 1 0 0
TD13TRACE 5924 133.620000 133.620000 132.000000 0.015267 1 1 0 0
TD13TRACE 5925 133.620000 133.620000 132.000000 0.013340 1 1 0 0
TD13TRACE 5926 133.620000 133.620000 132.000000 0.013183 1 1 0 0
TD13TRACE 5927 133.620000 133.620000 132.000000 0.014709 1 1 0 0
TD13TRACE 5928 133.620000 133.620000 132.000000 0.013143 1 1 0 0
TD13TRACE 5929 133.620000 133.620000 132.000000 0.013769 1 1 0 0
TD13TRACE 5930 133.620000 133.620000 132.000000 0.014604 1 1 0 0
TD13TRACE 5931 133.620000 133.620000 132.000000 0.013361 1 1 0 0
TD13TRACE 5932 133.620000 133.620000 132.000000 0.013617 1 1 0 0
TD13TRACE 5933 133.620000 133.620000 132.000000 0.015056 1 1 0 0
TD13TRACE 5934 133.620000 133.620000 132.000000 0.013024 1 1 0 0
TD13TRACE 5935 133.620000 133.620000 132.000000 0.013841 1 1 0 0
TD13TRACE 5936 133.620000 133.620000 132.000000 0.014746 1 1 0 0
TD13TRACE 5937 133.620000 133.620000 132.000000 0.013466 1 1 0 0
TD13TRACE 5938 133.620000 133.620000 132.000000 0.013294 1 1 0 0
TD13TRACE 5939 133.620000 133.620000 132.000000 0.014701 1 1 0 0
TD13TRACE 5940 133.620000 133.620000 132.000000 0.013563 1 1 0 0
TD13TRACE 5941 133.620000 133.620000 132.000000 0.013130 1 1 0 0
TD13TRACE 5942 133.620000 133.620000 132.000000 0.015381 1 1 0 0
TD13TRACE 5943 133.620000 133.620000 132.000000 0.013077 1 1 0 0
TD13TRACE 5944 133.620000 133.620000 132.000000 0.013612 1 1 0 0
TD13TRACE 5945 133.620000 133.620000 132.000000 0.014466 1 1 0 0
TD13TRACE 5946 133.620000 133.620000 132.000000 0.013143 1 1 0 0
TD13TRACE 5947 133.620000 133.620000 132.000000 0.014225 1 1 0 0
TD13TRACE 5948 133.620000 133.620000 132.000000 0.014238 1 1 0 0
TD13TRACE 5949 133.620000 133.620000 132.000000 0.013347 1 1 0 0
TD13TRACE 5950 133.620000 133.620000 132.000000 0.014001 1 1 0 0
TD13TRACE 5951 133.620000 133.620000 132.000000 0.014218 1 1 0 0
TD13TRACE 5952 133.620000 133.620000 132.000000 0.013754 1 1 0 0
TD13TRACE 5953 133.620000 133.620000 132.000000 0.013362 1 1 0 0
TD13TRACE 5954 133.620000 133.620000 132.000000 0.014536 1 1 0 0
TD13TRACE 5955 133.620000 133.620000 132.000000 0.013425 1 1 0 0
TD13TRACE 5956 133.620000 133.620000 132.000000 0.013677 1 1 0 0
TD13TRACE 5957 133.620000 133.620000 132.000000 0.014711 1 1 0 0
TD13TRACE 5958 133.620000 133.620000 132.000000 0.013628 1 1 0 0
TD13TRACE 5959 133.620000 133.620000 132.000000 0.013671 1 1 0 0
TD13TRACE 5960 133.620000 133.620000 132.000000 0.014692 1 1 0 0
TD13TRACE 5961 133.620000 133.620000 132.000000 0.012525 1 1 0 0
TD13TRACE 5962 133.620000 133.620000 132.000000 0.014082 1 1 0 0
TD13TRACE 5963 133.620000 133.620000 132.000000 0.014965 1 1 0 0
TD13TRACE 5964 133.620000 133.620000 132.000000 0.013300 1 1 0 0
TD13TRACE 5965 133.620000 133.620000 132.000000 0.013427 1 1 0 0
TD13TRACE 5966 133.620000 133.620000 132.000000 0.015185 1 1 0 0
TD13TRACE 5967 133.620000 133.620000 132.000000 0.013291 1 1 0 0
TD13TRACE 5968 133.620000 133.620000 132.000000 0.013502 1 1 0 0
TD13TRACE 5969 133.620000 133.620000 132.000000 0.014959 1 1 0 0
TD13TRACE 5970 133.620000 133.620000 132.000000 0.013175 1 1 0 0
TD13TRACE 5971 133.620000 133.620000 132.000000 0.013551 1 1 0 0
TD13TRACE 5972 133.620000 133.620000 132.000000 0.014863 1 1 0 0
TD13TRACE 5973 133.620000 133.620000 132.000000 0.013128 1 1 0 0
TD13TRACE 5974 133.620000 133.620000 132.000000 0.013593 1 1 0 0
TD13TRACE 5975 133.620000 133.620000 132.000000 0.014951 1 1 0 0
TD13TRACE 5976 133.620000 133.620000 132.000000 0.012478 1 1 0 0
TD13TRACE 5977 133.620000 133.620000 132.000000 0.013900 1 1 0 0
TD13TRACE 5978 133.620000 133.620000 132.000000 0.015338 1 1 0 0
TD13TRACE 5979 133.620000 133.620000 132.000000 0.013345 1 1 0 0
TD13TRACE 5980 133.620000 133.620000 132.000000 0.013744 1 1 0 0
TD13TRACE 5981 133.620000 133.620000 132.000000 0.014639 1 1 0 0
TD13TRACE 5982 133.620000 133.620000 132.000000 0.013065 1 1 0 0
TD13TRACE 5983 133.620000 133.620000 132.000000 0.013447 1 1 0 0
TD13TRACE 5984 133.620000 133.620000 132.000000 0.014520 1 1 0 0
TD13TRACE 5985 133.620000 133.620000 132.000000 0.013417 1 1 0 0
TD13TRACE 5986 133.620000 133.620000 132.000000 0.013569 1 1 0 0
TD13TRACE 5987 133.620000 133.620000 132.000000 0.015279 0 1 0 0
TD13TRACE 5988 133.620000 133.620000 132.000000 0.013669 0 1 0 0
TD13TRACE 5989 133.620000 133.620000 132.000000 0.012243 0 1 0 0
TD13TRACE 5990 133.620000 133.620000 132.000000 0.007305 0 1 0 0
TD13TRACE 5991 133.620000 133.620000 132.000000 0.013920 0 1 0 0
TD13TRACE 5992 133.620000 133.620000 132.000000 0.014398 0 1 0 0
TD13TRACE 5993 133.620000 133.620000 132.000000 0.013234 0 1 0 0
TD13TRACE 5994 133.620000 133.620000 132.000000 0.014541 0 1 0 0
TD13TRACE 5995 133.620000 133.620000 132.000000 0.013983 0 1 0 0
TD13TRACE 5996 133.620000 133.620000 132.000000 0.013091 0 1 0 0
TD13TRACE 5997 133.620000 133.620000 132.000000 0.014093 0 1 0 0
TD13TRACE 5998 133.620000 133.620000 132.000000 0.014753 0 1 0 0
TD13TRACE 5999 133.620000 133.620000 132.000000 0.013513 0 1 0 0
[2026-09-15 06:55:13.924] [info] fps 72.3 | pos (0.50, 132.00, -4.70) | chunks 113 | stream-meshed 104
TD13TRACE 6000 133.620000 133.620000 132.000000 0.013742 0 1 0 0
TD13TRACE 6001 133.620000 133.620000 132.000000 0.014509 0 1 0 0
TD13TRACE 6002 133.620000 133.620000 132.000000 0.012600 0 1 0 0
TD13TRACE 6003 133.620000 133.620000 132.000000 0.013854 0 1 0 0
TD13TRACE 6004 133.620000 133.620000 132.000000 0.014900 0 1 0 0
TD13TRACE 6005 133.620000 133.620000 132.000000 0.013272 0 1 0 0
TD13TRACE 6006 133.620000 133.620000 132.000000 0.014037 0 1 0 0
TD13TRACE 6007 133.620000 133.620000 132.000000 0.014602 0 1 0 0
TD13TRACE 6008 133.620000 133.620000 132.000000 0.012988 0 1 0 0
TD13TRACE 6009 133.620000 133.620000 132.000000 0.013884 0 1 0 0
TD13TRACE 6010 133.620000 133.620000 132.000000 0.014486 0 1 0 0
TD13TRACE 6011 133.620000 133.620000 132.000000 0.013257 0 1 0 0
TD13TRACE 6012 133.620000 133.620000 132.000000 0.013709 0 1 0 0
TD13TRACE 6013 133.620000 133.620000 132.000000 0.014593 0 1 0 0
TD13TRACE 6014 133.620000 133.620000 132.000000 0.013364 0 1 0 0
TD13TRACE 6015 133.620000 133.620000 132.000000 0.013590 0 1 0 0
TD13TRACE 6016 133.620000 133.620000 132.000000 0.014843 0 1 0 0
TD13TRACE 6017 133.620000 133.620000 132.000000 0.013141 0 1 0 0
TD13TRACE 6018 133.620000 133.620000 132.000000 0.013925 0 1 0 0
TD13TRACE 6019 133.620000 133.620000 132.000000 0.014792 0 1 0 0
TD13TRACE 6020 133.620000 133.620000 132.000000 0.013271 0 1 0 0
TD13TRACE 6021 133.620000 133.620000 132.000000 0.013812 0 1 0 0
TD13TRACE 6022 133.620000 133.620000 132.000000 0.014529 0 1 0 0
TD13TRACE 6023 133.620000 133.620000 132.000000 0.013232 0 1 0 0
TD13TRACE 6024 133.620000 133.620000 132.000000 0.013954 0 1 0 0
TD13TRACE 6025 133.620000 133.620000 132.000000 0.014820 0 1 0 0
TD13TRACE 6026 133.620000 133.620000 132.000000 0.013319 0 1 0 0
TD13TRACE 6027 133.620000 133.620000 132.000000 0.013807 0 1 0 0
TD13TRACE 6028 133.620000 133.620000 132.000000 0.014429 0 1 0 0
TD13TRACE 6029 133.620000 133.620000 132.000000 0.012764 0 1 0 0
TD13TRACE 6030 133.620000 133.620000 132.000000 0.014287 0 1 0 0
TD13TRACE 6031 133.620000 133.620000 132.000000 0.014595 0 1 0 0
TD13TRACE 6032 133.620000 133.620000 132.000000 0.012896 0 1 0 0
TD13TRACE 6033 133.620000 133.620000 132.000000 0.014401 0 1 0 0
TD13TRACE 6034 133.620000 133.620000 132.000000 0.014438 0 1 0 0
TD13TRACE 6035 133.620000 133.620000 132.000000 0.013477 0 1 0 0
TD13TRACE 6036 133.620000 133.620000 132.000000 0.013716 0 1 0 0
TD13TRACE 6037 133.620000 133.620000 132.000000 0.014688 0 1 0 0
TD13TRACE 6038 133.620000 133.620000 132.000000 0.013209 0 1 0 0
TD13TRACE 6039 133.620000 133.620000 132.000000 0.013552 0 1 0 0
TD13TRACE 6040 133.620000 133.620000 132.000000 0.014147 0 1 0 0
TD13TRACE 6041 133.620000 133.620000 132.000000 0.013770 0 1 0 0
TD13TRACE 6042 133.620000 133.620000 132.000000 0.014115 0 1 0 0
TD13TRACE 6043 133.620000 133.620000 132.000000 0.014415 0 1 0 0
TD13TRACE 6044 133.620000 133.620000 132.000000 0.013224 0 1 0 0
TD13TRACE 6045 133.620000 133.620000 132.000000 0.013728 0 1 0 0
TD13TRACE 6046 133.620000 133.620000 132.000000 0.014532 0 1 0 0
TD13TRACE 6047 133.620000 133.620000 132.000000 0.013228 0 1 0 0
TD13TRACE 6048 133.620000 133.620000 132.000000 0.013899 0 1 0 0
TD13TRACE 6049 133.620000 133.620000 132.000000 0.014799 0 1 0 0
TD13TRACE 6050 133.620000 133.620000 132.000000 0.012758 0 1 0 0
TD13TRACE 6051 133.620000 133.620000 132.000000 0.014119 0 1 0 0
TD13TRACE 6052 133.620000 133.620000 132.000000 0.014570 0 1 0 0
TD13TRACE 6053 133.620000 133.620000 132.000000 0.013264 0 1 0 0
TD13TRACE 6054 133.620000 133.620000 132.000000 0.013806 0 1 0 0
TD13TRACE 6055 133.620000 133.620000 132.000000 0.014234 0 1 0 0
TD13TRACE 6056 133.620000 133.620000 132.000000 0.013991 0 1 0 0
TD13TRACE 6057 133.620000 133.620000 132.000000 0.013671 0 1 0 0
TD13TRACE 6058 133.620000 133.620000 132.000000 0.014755 0 1 0 0
TD13TRACE 6059 133.620000 133.620000 132.000000 0.013290 0 1 0 0
TD13TRACE 6060 133.620000 133.620000 132.000000 0.013621 0 1 0 0
TD13TRACE 6061 133.620000 133.620000 132.000000 0.014443 0 1 0 0
TD13TRACE 6062 133.620000 133.620000 132.000000 0.013416 0 1 0 0
TD13TRACE 6063 133.620000 133.620000 132.000000 0.013372 0 1 0 0
TD13TRACE 6064 133.620000 133.620000 132.000000 0.015163 0 1 0 0
TD13TRACE 6065 133.620000 133.620000 132.000000 0.013186 0 1 0 0
TD13TRACE 6066 133.620000 133.620000 132.000000 0.013309 0 1 0 0
TD13TRACE 6067 133.620000 133.620000 132.000000 0.015141 0 1 0 0
TD13TRACE 6068 133.620000 133.620000 132.000000 0.013205 0 1 0 0
TD13TRACE 6069 133.620000 133.620000 132.000000 0.013699 0 1 0 0
TD13TRACE 6070 133.620000 133.620000 132.000000 0.014646 0 1 0 0
TD13TRACE 6071 133.620000 133.620000 132.000000 0.013578 0 1 0 0
TD13TRACE 6072 133.620000 133.620000 132.000000 0.013147 0 1 0 0
TD13TRACE 6073 133.620000 133.620000 132.000000 0.014597 0 1 0 0
TD13TRACE 6074 133.620000 133.620000 132.000000 0.013119 0 1 0 0
TD13TRACE 6075 133.620000 133.620000 132.000000 0.014244 0 1 0 0
TD13TRACE 6076 133.620000 133.620000 132.000000 0.014542 0 1 0 0
TD13TRACE 6077 133.620000 133.620000 132.000000 0.013436 0 1 0 0
TD13TRACE 6078 133.620000 133.620000 132.000000 0.013389 0 1 0 0
TD13TRACE 6079 133.620000 133.620000 132.000000 0.014704 0 1 0 0
TD13TRACE 6080 133.620000 133.620000 132.000000 0.013228 0 1 0 0
TD13TRACE 6081 133.620000 133.620000 132.000000 0.013703 0 1 0 0
TD13TRACE 6082 133.620000 133.620000 132.000000 0.015251 0 1 0 0
TD13TRACE 6083 133.620000 133.620000 132.000000 0.012961 0 1 0 0
TD13TRACE 6084 133.620000 133.620000 132.000000 0.013705 0 1 0 0
TD13TRACE 6085 133.620000 133.620000 132.000000 0.014471 0 1 0 0
TD13TRACE 6086 133.620000 133.620000 132.000000 0.013535 0 1 0 0
TD13TRACE 6087 133.620000 133.620000 132.000000 0.013722 0 1 0 0
TD13TRACE 6088 133.620000 133.620000 132.000000 0.014713 0 1 0 0
TD13TRACE 6089 133.620000 133.620000 132.000000 0.013454 0 1 0 0
TD13TRACE 6090 133.620000 133.620000 132.000000 0.013151 0 1 0 0
TD13TRACE 6091 133.620000 133.620000 132.000000 0.014504 0 1 0 0
TD13TRACE 6092 133.620000 133.620000 132.000000 0.013994 0 1 0 0
TD13TRACE 6093 133.620000 133.620000 132.000000 0.013675 0 1 0 0
TD13TRACE 6094 133.620000 133.620000 132.000000 0.014413 0 1 0 0
TD13TRACE 6095 133.620000 133.620000 132.000000 0.013530 0 1 0 0
TD13TRACE 6096 133.620000 133.620000 132.000000 0.013377 0 1 0 0
TD13TRACE 6097 133.620000 133.620000 132.000000 0.014747 0 1 0 0
TD13TRACE 6098 133.620000 133.620000 132.000000 0.013473 0 1 0 0
TD13TRACE 6099 133.620000 133.620000 132.000000 0.013246 0 1 0 0
TD13TRACE 6100 133.620000 133.620000 132.000000 0.014961 0 1 0 0
TD13TRACE 6101 133.620000 133.620000 132.000000 0.013170 0 1 0 0
TD13TRACE 6102 133.620000 133.620000 132.000000 0.013776 0 1 0 0
TD13TRACE 6103 133.620000 133.620000 132.000000 0.014717 0 1 0 0
TD13TRACE 6104 133.620000 133.620000 132.000000 0.013199 0 1 0 0
TD13TRACE 6105 133.620000 133.620000 132.000000 0.013682 0 1 0 0
TD13TRACE 6106 133.620000 133.620000 132.000000 0.014663 0 1 0 0
TD13TRACE 6107 133.620000 133.620000 132.000000 0.013319 0 1 0 0
TD13TRACE 6108 133.620000 133.620000 132.000000 0.013897 0 1 0 0
TD13TRACE 6109 133.620000 133.620000 132.000000 0.014179 0 1 0 0
TD13TRACE 6110 133.620000 133.620000 132.000000 0.013641 0 1 0 0
TD13TRACE 6111 133.620000 133.620000 132.000000 0.013799 0 1 0 0
TD13TRACE 6112 133.620000 133.620000 132.000000 0.014687 0 1 0 0
TD13TRACE 6113 133.620000 133.620000 132.000000 0.012982 0 1 0 0
TD13TRACE 6114 133.620000 133.620000 132.000000 0.014023 0 1 0 0
TD13TRACE 6115 133.620000 133.620000 132.000000 0.014631 0 1 0 0
TD13TRACE 6116 133.620000 133.620000 132.000000 0.012772 0 1 0 0
TD13TRACE 6117 133.620000 133.620000 132.000000 0.014035 0 1 0 0
TD13TRACE 6118 133.620000 133.620000 132.000000 0.014368 0 1 0 0
TD13TRACE 6119 133.620000 133.620000 132.000000 0.013825 0 1 0 0
TD13TRACE 6120 133.620000 133.620000 132.000000 0.013674 0 1 0 0
TD13TRACE 6121 133.620000 133.620000 132.000000 0.014459 0 1 0 0
TD13TRACE 6122 133.620000 133.620000 132.000000 0.013802 0 1 0 0
TD13TRACE 6123 133.620000 133.620000 132.000000 0.012973 0 1 0 0
TD13TRACE 6124 133.620000 133.620000 132.000000 0.014845 0 1 0 0
TD13TRACE 6125 133.620000 133.620000 132.000000 0.013163 0 1 0 0
TD13TRACE 6126 133.620000 133.620000 132.000000 0.013440 0 1 0 0
TD13TRACE 6127 133.620000 133.620000 132.000000 0.014979 0 1 0 0
TD13TRACE 6128 133.620000 133.620000 132.000000 0.013053 0 1 0 0
TD13TRACE 6129 133.620000 133.620000 132.000000 0.013783 0 1 0 0
TD13TRACE 6130 133.620000 133.620000 132.000000 0.014805 0 1 0 0
TD13TRACE 6131 133.620000 133.620000 132.000000 0.013183 0 1 0 0
TD13TRACE 6132 133.620000 133.620000 132.000000 0.013685 0 1 0 0
TD13TRACE 6133 133.620000 133.620000 132.000000 0.014856 0 1 0 0
TD13TRACE 6134 133.620000 133.620000 132.000000 0.013170 0 1 0 0
TD13TRACE 6135 133.620000 133.620000 132.000000 0.013682 0 1 0 0
TD13TRACE 6136 133.620000 133.620000 132.000000 0.014322 0 1 0 0
TD13TRACE 6137 133.620000 133.620000 132.000000 0.014043 0 1 0 0
TD13TRACE 6138 133.620000 133.620000 132.000000 0.013582 0 1 0 0
TD13TRACE 6139 133.620000 133.620000 132.000000 0.014594 0 1 0 0
TD13TRACE 6140 133.620000 133.620000 132.000000 0.012844 0 1 0 0
TD13TRACE 6141 133.620000 133.620000 132.000000 0.014138 0 1 0 0
TD13TRACE 6142 133.620000 133.620000 132.000000 0.014894 0 1 0 0
TD13TRACE 6143 133.620000 133.620000 132.000000 0.013056 0 1 0 0
TD13TRACE 6144 133.620000 133.620000 132.000000 0.013760 0 1 0 0
[2026-09-15 06:55:15.939] [info] fps 72.0 | pos (0.50, 132.00, -4.70) | chunks 113 | stream-meshed 104
TD13TRACE 6145 133.620000 133.620000 132.000000 0.014864 0 1 0 0
TD13TRACE 6146 133.620000 133.620000 132.000000 0.013042 0 1 0 0
TD13TRACE 6147 133.620000 133.620000 132.000000 0.013689 0 1 0 0
TD13TRACE 6148 133.620000 133.620000 132.000000 0.014915 0 1 0 0
TD13TRACE 6149 133.620000 133.620000 132.000000 0.013046 0 1 0 0
TD13TRACE 6150 133.620000 133.620000 132.000000 0.013984 0 1 0 0
TD13TRACE 6151 133.620000 133.620000 132.000000 0.014480 0 1 0 0
TD13TRACE 6152 133.620000 133.620000 132.000000 0.013169 0 1 0 0
TD13TRACE 6153 133.620000 133.620000 132.000000 0.013554 0 1 0 0
TD13TRACE 6154 133.620000 133.620000 132.000000 0.014659 0 1 0 0
TD13TRACE 6155 133.620000 133.620000 132.000000 0.013742 0 1 0 0
TD13TRACE 6156 133.620000 133.620000 132.000000 0.013572 0 1 0 0
TD13TRACE 6157 133.620000 133.620000 132.000000 0.014759 0 1 0 0
TD13TRACE 6158 133.620000 133.620000 132.000000 0.013246 0 1 0 0
TD13TRACE 6159 133.620000 133.620000 132.000000 0.013543 0 1 0 0
TD13TRACE 6160 133.620000 133.620000 132.000000 0.014536 0 1 0 0
TD13TRACE 6161 133.620000 133.620000 132.000000 0.013196 0 1 0 0
TD13TRACE 6162 133.620000 133.620000 132.000000 0.013636 0 1 0 0
TD13TRACE 6163 133.620000 133.620000 132.000000 0.014741 0 1 0 0
TD13TRACE 6164 133.620000 133.620000 132.000000 0.013536 0 1 0 0
TD13TRACE 6165 133.620000 133.620000 132.000000 0.013513 0 1 0 0
TD13TRACE 6166 133.620000 133.620000 132.000000 0.014742 0 1 0 0
TD13TRACE 6167 133.620000 133.620000 132.000000 0.013616 0 1 0 0
TD13TRACE 6168 133.620000 133.620000 132.000000 0.013217 0 1 0 0
TD13TRACE 6169 133.620000 133.620000 132.000000 0.014691 0 1 0 0
TD13TRACE 6170 133.620000 133.620000 132.000000 0.013676 0 1 0 0
TD13TRACE 6171 133.620000 133.620000 132.000000 0.013804 0 1 0 0
TD13TRACE 6172 133.620000 133.620000 132.000000 0.014209 0 1 0 0
TD13TRACE 6173 133.620000 133.620000 132.000000 0.013313 0 1 0 0
TD13TRACE 6174 133.620000 133.620000 132.000000 0.013526 0 1 0 0
TD13TRACE 6175 133.620000 133.620000 132.000000 0.014808 0 1 0 0
TD13TRACE 6176 133.620000 133.620000 132.000000 0.013605 0 1 0 0
TD13TRACE 6177 133.620000 133.620000 132.000000 0.013636 0 1 0 0
TD13TRACE 6178 133.620000 133.620000 132.000000 0.014695 0 1 0 0
TD13TRACE 6179 133.620000 133.620000 132.000000 0.013361 0 1 0 0
TD13TRACE 6180 133.620000 133.620000 132.000000 0.013680 0 1 0 0
TD13TRACE 6181 133.620000 133.620000 132.000000 0.014629 0 1 0 0
TD13TRACE 6182 133.620000 133.620000 132.000000 0.013236 0 1 0 0
TD13TRACE 6183 133.620000 133.620000 132.000000 0.013677 0 1 0 0
TD13TRACE 6184 133.620000 133.620000 132.000000 0.014662 0 1 0 0
TD13TRACE 6185 133.620000 133.620000 132.000000 0.013290 0 1 0 0
TD13TRACE 6186 133.620000 133.620000 132.000000 0.013661 0 1 0 0
TD13TRACE 6187 133.620000 133.620000 132.000000 0.014826 0 1 0 0
TD13TRACE 6188 133.620000 133.620000 132.000000 0.013313 0 1 0 0
TD13TRACE 6189 133.620000 133.620000 132.000000 0.013481 0 1 0 0
TD13TRACE 6190 133.620000 133.620000 132.000000 0.014347 0 1 0 0
TD13TRACE 6191 133.620000 133.620000 132.000000 0.013741 0 1 0 0
TD13TRACE 6192 133.620000 133.620000 132.000000 0.013629 0 1 0 0
TD13TRACE 6193 133.620000 133.620000 132.000000 0.015030 0 1 0 0
TD13TRACE 6194 133.620000 133.620000 132.000000 0.013359 0 1 0 0
TD13TRACE 6195 133.620000 133.620000 132.000000 0.013153 0 1 0 0
TD13TRACE 6196 133.620000 133.620000 132.000000 0.014872 0 1 0 0
TD13TRACE 6197 133.620000 133.620000 132.000000 0.013184 0 1 0 0
TD13TRACE 6198 133.620000 133.620000 132.000000 0.013683 0 1 0 0
TD13TRACE 6199 133.620000 133.620000 132.000000 0.015061 0 1 0 0
TD13TRACE 6200 133.620000 133.620000 132.000000 0.013154 0 1 0 0
TD13TRACE 6201 133.620000 133.620000 132.000000 0.013540 0 1 0 0
TD13TRACE 6202 133.620000 133.620000 132.000000 0.014507 0 1 0 0
TD13TRACE 6203 133.620000 133.620000 132.000000 0.013396 0 1 0 0
TD13TRACE 6204 133.620000 133.620000 132.000000 0.013690 0 1 0 0
TD13TRACE 6205 133.620000 133.620000 132.000000 0.014838 0 1 0 0
TD13TRACE 6206 133.620000 133.620000 132.000000 0.013361 0 1 0 0
TD13TRACE 6207 133.620000 133.620000 132.000000 0.013601 0 1 0 0
TD13TRACE 6208 133.620000 133.620000 132.000000 0.014577 0 1 0 0
TD13TRACE 6209 133.620000 133.620000 132.000000 0.013166 0 1 0 0
TD13TRACE 6210 133.620000 133.620000 132.000000 0.014069 0 1 0 0
TD13TRACE 6211 133.620000 133.620000 132.000000 0.014304 0 1 0 0
TD13TRACE 6212 133.620000 133.620000 132.000000 0.013055 0 1 0 0
TD13TRACE 6213 133.620000 133.620000 132.000000 0.014261 0 1 0 0
TD13TRACE 6214 133.620000 133.620000 132.000000 0.014323 0 1 0 0
TD13TRACE 6215 133.620000 133.620000 132.000000 0.013328 0 1 0 0
TD13TRACE 6216 133.620000 133.620000 132.000000 0.013965 0 1 0 0
TD13TRACE 6217 133.620000 133.620000 132.000000 0.014403 0 1 0 0
TD13TRACE 6218 133.620000 133.620000 132.000000 0.013483 0 1 0 0
TD13TRACE 6219 133.620000 133.620000 132.000000 0.013941 0 1 0 0
TD13TRACE 6220 133.620000 133.620000 132.000000 0.014462 0 1 0 0
TD13TRACE 6221 133.620000 133.620000 132.000000 0.013016 0 1 0 0
TD13TRACE 6222 133.620000 133.620000 132.000000 0.013917 0 1 0 0
TD13TRACE 6223 133.620000 133.620000 132.000000 0.014696 0 1 0 0
TD13TRACE 6224 133.620000 133.620000 132.000000 0.013215 0 1 0 0
TD13TRACE 6225 133.620000 133.620000 132.000000 0.013821 0 1 0 0
TD13TRACE 6226 133.620000 133.620000 132.000000 0.014652 0 1 0 0
TD13TRACE 6227 133.620000 133.620000 132.000000 0.013140 0 1 0 0
TD13TRACE 6228 133.620000 133.620000 132.000000 0.014224 0 1 0 0
TD13TRACE 6229 133.620000 133.620000 132.000000 0.014486 0 1 0 0
TD13TRACE 6230 133.620000 133.620000 132.000000 0.013132 0 1 0 0
TD13TRACE 6231 133.620000 133.620000 132.000000 0.013736 0 1 0 0
TD13TRACE 6232 133.620000 133.620000 132.000000 0.014537 0 1 0 0
TD13TRACE 6233 133.620000 133.620000 132.000000 0.013402 0 1 0 0
TD13TRACE 6234 133.620000 133.620000 132.000000 0.013555 0 1 0 0
TD13TRACE 6235 133.620000 133.620000 132.000000 0.014943 0 1 0 0
TD13TRACE 6236 133.620000 133.620000 132.000000 0.013125 0 1 0 0
TD13TRACE 6237 133.620000 133.620000 132.000000 0.013926 0 1 0 0
TD13TRACE 6238 133.620000 133.620000 132.000000 0.014446 0 1 0 0
TD13TRACE 6239 133.620000 133.620000 132.000000 0.013482 0 1 0 0
TD13TRACE 6240 133.620000 133.620000 132.000000 0.013788 0 1 0 0
TD13TRACE 6241 133.620000 133.620000 132.000000 0.014579 0 1 0 0
TD13TRACE 6242 133.620000 133.620000 132.000000 0.013300 0 1 0 0
TD13TRACE 6243 133.620000 133.620000 132.000000 0.013750 0 1 0 0
TD13TRACE 6244 133.620000 133.620000 132.000000 0.014954 0 1 0 0
TD13TRACE 6245 133.620000 133.620000 132.000000 0.012908 0 1 0 0
TD13TRACE 6246 133.620000 133.620000 132.000000 0.013680 0 1 0 0
TD13TRACE 6247 133.620000 133.620000 132.000000 0.014588 0 1 0 0
TD13TRACE 6248 133.620000 133.620000 132.000000 0.013131 0 1 0 0
TD13TRACE 6249 133.620000 133.620000 132.000000 0.014198 0 1 0 0
TD13TRACE 6250 133.620000 133.620000 132.000000 0.014471 0 1 0 0
TD13TRACE 6251 133.620000 133.620000 132.000000 0.013094 0 1 0 0
TD13TRACE 6252 133.620000 133.620000 132.000000 0.013447 0 1 0 0
TD13TRACE 6253 133.620000 133.620000 132.000000 0.015418 0 1 0 0
TD13TRACE 6254 133.620000 133.620000 132.000000 0.012861 0 1 0 0
TD13TRACE 6255 133.620000 133.620000 132.000000 0.013455 0 1 0 0
TD13TRACE 6256 133.620000 133.620000 132.000000 0.014945 0 1 0 0
TD13TRACE 6257 133.620000 133.620000 132.000000 0.013471 0 1 0 0
TD13TRACE 6258 133.620000 133.620000 132.000000 0.013519 0 1 0 0
TD13TRACE 6259 133.620000 133.620000 132.000000 0.014544 0 1 0 0
TD13TRACE 6260 133.620000 133.620000 132.000000 0.013201 0 1 0 0
TD13TRACE 6261 133.620000 133.620000 132.000000 0.013951 0 1 0 0
TD13TRACE 6262 133.620000 133.620000 132.000000 0.014092 0 1 0 0
TD13TRACE 6263 133.620000 133.620000 132.000000 0.014052 0 1 0 0
TD13TRACE 6264 133.620000 133.620000 132.000000 0.013376 0 1 0 0
TD13TRACE 6265 133.620000 133.620000 132.000000 0.014607 0 1 0 0
TD13TRACE 6266 133.620000 133.620000 132.000000 0.013214 0 1 0 0
TD13TRACE 6267 133.620000 133.620000 132.000000 0.014162 0 1 0 0
TD13TRACE 6268 133.620000 133.620000 132.000000 0.014548 0 1 0 0
TD13TRACE 6269 133.620000 133.620000 132.000000 0.013598 0 1 0 0
TD13TRACE 6270 133.620000 133.620000 132.000000 0.013601 0 1 0 0
TD13TRACE 6271 133.620000 133.620000 132.000000 0.014452 0 1 0 0
TD13TRACE 6272 133.620000 133.620000 132.000000 0.013098 0 1 0 0
TD13TRACE 6273 133.620000 133.620000 132.000000 0.013733 0 1 0 0
TD13TRACE 6274 133.620000 133.620000 132.000000 0.014536 0 1 0 0
TD13TRACE 6275 133.620000 133.620000 132.000000 0.013210 0 1 0 0
TD13TRACE 6276 133.620000 133.620000 132.000000 0.013625 0 1 0 0
TD13TRACE 6277 133.620000 133.620000 132.000000 0.015192 0 1 0 0
TD13TRACE 6278 133.620000 133.620000 132.000000 0.013106 0 1 0 0
TD13TRACE 6279 133.620000 133.620000 132.000000 0.013873 0 1 0 0
TD13TRACE 6280 133.620000 133.620000 132.000000 0.014775 0 1 0 0
TD13TRACE 6281 133.620000 133.620000 132.000000 0.012938 0 1 0 0
TD13TRACE 6282 133.620000 133.620000 132.000000 0.013898 0 1 0 0
TD13TRACE 6283 133.620000 133.620000 132.000000 0.014762 0 1 0 0
TD13TRACE 6284 133.620000 133.620000 132.000000 0.013144 0 1 0 0
TD13TRACE 6285 133.620000 133.620000 132.000000 0.013939 0 1 0 0
TD13TRACE 6286 133.620000 133.620000 132.000000 0.014548 0 1 0 0
TD13TRACE 6287 133.620000 133.620000 132.000000 0.013094 0 1 0 0
TD13TRACE 6288 133.620000 133.620000 132.000000 0.013716 0 1 0 0
TD13TRACE 6289 133.620000 133.620000 132.000000 0.014629 0 1 0 0
[2026-09-15 06:55:17.952] [info] fps 72.0 | pos (0.50, 132.00, -4.70) | chunks 113 | stream-meshed 104
TD13TRACE 6290 133.620000 133.620000 132.000000 0.013683 0 1 0 0
TD13TRACE 6291 133.620000 133.620000 132.000000 0.013634 0 1 0 0
TD13TRACE 6292 133.620000 133.620000 132.000000 0.014320 0 1 0 0
TD13TRACE 6293 133.620000 133.620000 132.000000 0.013369 0 1 0 0
TD13TRACE 6294 133.620000 133.620000 132.000000 0.014016 0 1 0 0
TD13TRACE 6295 133.620000 133.620000 132.000000 0.014467 0 1 0 0
TD13TRACE 6296 133.620000 133.620000 132.000000 0.012996 0 1 0 0
TD13TRACE 6297 133.620000 133.620000 132.000000 0.014747 0 1 0 0
TD13TRACE 6298 133.620000 133.620000 132.000000 0.014354 0 1 0 0
TD13TRACE 6299 133.620000 133.620000 132.000000 0.012648 0 1 0 0
TD13TRACE 6300 133.620000 133.620000 132.000000 0.013814 0 1 0 0
TD13TRACE 6301 133.620000 133.620000 132.000000 0.014382 0 1 0 0
TD13TRACE 6302 133.620000 133.620000 132.000000 0.013470 0 1 0 0
TD13TRACE 6303 133.620000 133.620000 132.000000 0.013630 0 1 0 0
TD13TRACE 6304 133.620000 133.620000 132.000000 0.014737 0 1 0 0
TD13TRACE 6305 133.620000 133.620000 132.000000 0.013425 0 1 0 0
TD13TRACE 6306 133.620000 133.620000 132.000000 0.013357 0 1 0 0
TD13TRACE 6307 133.620000 133.620000 132.000000 0.015031 0 1 0 0
TD13TRACE 6308 133.620000 133.620000 132.000000 0.013177 0 1 0 0
TD13TRACE 6309 133.620000 133.620000 132.000000 0.013968 0 1 0 0
TD13TRACE 6310 133.620000 133.620000 132.000000 0.014590 0 1 0 0
TD13TRACE 6311 133.620000 133.620000 132.000000 0.013339 0 1 0 0
TD13TRACE 6312 133.620000 133.620000 132.000000 0.013694 0 1 0 0
TD13TRACE 6313 133.620000 133.620000 132.000000 0.014252 0 1 0 0
TD13TRACE 6314 133.620000 133.620000 132.000000 0.013485 0 1 0 0
TD13TRACE 6315 133.620000 133.620000 132.000000 0.013902 0 1 0 0
TD13TRACE 6316 133.620000 133.620000 132.000000 0.014567 0 1 0 0
TD13TRACE 6317 133.620000 133.620000 132.000000 0.013466 0 1 0 0
TD13TRACE 6318 133.620000 133.620000 132.000000 0.013587 0 1 0 0
TD13TRACE 6319 133.620000 133.620000 132.000000 0.014544 0 1 0 0
TD13TRACE 6320 133.620000 133.620000 132.000000 0.013267 0 1 0 0
TD13TRACE 6321 133.620000 133.620000 132.000000 0.013552 0 1 0 0
TD13TRACE 6322 133.620000 133.620000 132.000000 0.014486 0 1 0 0
TD13TRACE 6323 133.620000 133.620000 132.000000 0.014096 0 1 0 0
TD13TRACE 6324 133.620000 133.620000 132.000000 0.013637 0 1 0 0
TD13TRACE 6325 133.620000 133.620000 132.000000 0.014645 0 1 0 0
TD13TRACE 6326 133.620000 133.620000 132.000000 0.013213 0 1 0 0
TD13TRACE 6327 133.620000 133.620000 132.000000 0.013388 0 1 0 0
TD13TRACE 6328 133.620000 133.620000 132.000000 0.015227 0 1 0 0
TD13TRACE 6329 133.620000 133.620000 132.000000 0.012948 0 1 0 0
TD13TRACE 6330 133.620000 133.620000 132.000000 0.013624 0 1 0 0
TD13TRACE 6331 133.620000 133.620000 132.000000 0.015036 0 1 0 0
TD13TRACE 6332 133.620000 133.620000 132.000000 0.012834 0 1 0 0
TD13TRACE 6333 133.620000 133.620000 132.000000 0.014039 0 1 0 0
TD13TRACE 6334 133.620000 133.620000 132.000000 0.014518 0 1 0 0
TD13TRACE 6335 133.620000 133.620000 132.000000 0.013114 0 1 0 0
TD13TRACE 6336 133.620000 133.620000 132.000000 0.013725 0 1 0 0
TD13TRACE 6337 133.620000 133.620000 132.000000 0.014584 0 1 0 0
TD13TRACE 6338 133.620000 133.620000 132.000000 0.013624 0 1 0 0
TD13TRACE 6339 133.620000 133.620000 132.000000 0.013821 0 1 0 0
TD13TRACE 6340 133.620000 133.620000 132.000000 0.014602 0 1 0 0
TD13TRACE 6341 133.620000 133.620000 132.000000 0.013605 0 1 0 0
TD13TRACE 6342 133.620000 133.620000 132.000000 0.013372 0 1 0 0
TD13TRACE 6343 133.620000 133.620000 132.000000 0.014706 0 1 0 0
TD13TRACE 6344 133.620000 133.620000 132.000000 0.013045 0 1 0 0
TD13TRACE 6345 133.620000 133.620000 132.000000 0.013611 0 1 0 0
TD13TRACE 6346 133.620000 133.620000 132.000000 0.015011 0 1 0 0
TD13TRACE 6347 133.620000 133.620000 132.000000 0.013101 0 1 0 0
TD13TRACE 6348 133.620000 133.620000 132.000000 0.013807 0 1 0 0
TD13TRACE 6349 133.620000 133.620000 132.000000 0.014524 0 1 0 0
TD13TRACE 6350 133.620000 133.620000 132.000000 0.013415 0 1 0 0
TD13TRACE 6351 133.620000 133.620000 132.000000 0.013704 0 1 0 0
TD13TRACE 6352 133.620000 133.620000 132.000000 0.014700 0 1 0 0
TD13TRACE 6353 133.620000 133.620000 132.000000 0.013203 0 1 0 0
TD13TRACE 6354 133.620000 133.620000 132.000000 0.013625 0 1 0 0
TD13TRACE 6355 133.620000 133.620000 132.000000 0.014676 0 1 0 0
TD13TRACE 6356 133.620000 133.620000 132.000000 0.013205 0 1 0 0
TD13TRACE 6357 133.620000 133.620000 132.000000 0.013971 0 1 0 0
TD13TRACE 6358 133.620000 133.620000 132.000000 0.014207 0 1 0 0
TD13TRACE 6359 133.620000 133.620000 132.000000 0.013913 0 1 0 0
TD13TRACE 6360 133.620000 133.620000 132.000000 0.013333 0 1 0 0
TD13TRACE 6361 133.620000 133.620000 132.000000 0.014858 0 1 0 0
TD13TRACE 6362 133.620000 133.620000 132.000000 0.013131 0 1 0 0
TD13TRACE 6363 133.620000 133.620000 132.000000 0.013991 0 1 0 0
TD13TRACE 6364 133.620000 133.620000 132.000000 0.014534 0 1 0 0
TD13TRACE 6365 133.620000 133.620000 132.000000 0.013609 0 1 0 0
TD13TRACE 6366 133.620000 133.620000 132.000000 0.013644 0 1 0 0
TD13TRACE 6367 133.620000 133.620000 132.000000 0.014218 0 1 0 0
TD13TRACE 6368 133.620000 133.620000 132.000000 0.013270 0 1 0 0
TD13TRACE 6369 133.620000 133.620000 132.000000 0.013507 0 1 0 0
TD13TRACE 6370 133.620000 133.620000 132.000000 0.014853 0 1 0 0
TD13TRACE 6371 133.620000 133.620000 132.000000 0.013282 0 1 0 0
TD13TRACE 6372 133.620000 133.620000 132.000000 0.013636 0 1 0 0
TD13TRACE 6373 133.620000 133.620000 132.000000 0.014608 0 1 0 0
TD13TRACE 6374 133.620000 133.620000 132.000000 0.013576 0 1 0 0
TD13TRACE 6375 133.620000 133.620000 132.000000 0.013418 0 1 0 0
TD13TRACE 6376 133.620000 133.620000 132.000000 0.014731 0 1 0 0
TD13TRACE 6377 133.620000 133.620000 132.000000 0.013544 0 1 0 0
TD13TRACE 6378 133.620000 133.620000 132.000000 0.013274 0 1 0 0
TD13TRACE 6379 133.620000 133.620000 132.000000 0.015166 0 1 0 0
TD13TRACE 6380 133.620000 133.620000 132.000000 0.013225 0 1 0 0
TD13TRACE 6381 133.620000 133.620000 132.000000 0.014088 0 1 0 0
TD13TRACE 6382 133.620000 133.620000 132.000000 0.014906 0 1 0 0
TD13TRACE 6383 133.620000 133.620000 132.000000 0.013119 0 1 0 0
TD13TRACE 6384 133.620000 133.620000 132.000000 0.014565 0 1 0 0
TD13TRACE 6385 133.620000 133.620000 132.000000 0.013706 0 1 0 0
TD13TRACE 6386 133.620000 133.620000 132.000000 0.013044 0 1 0 0
TD13TRACE 6387 133.620000 133.620000 132.000000 0.013586 0 1 0 0
TD13TRACE 6388 133.620000 133.620000 132.000000 0.014564 0 1 0 0
TD13TRACE 6389 133.620000 133.620000 132.000000 0.013507 0 1 0 0
TD13TRACE 6390 133.620000 133.620000 132.000000 0.013593 0 1 0 0
TD13TRACE 6391 133.620000 133.620000 132.000000 0.014742 0 1 0 0
TD13TRACE 6392 133.620000 133.620000 132.000000 0.013046 0 1 0 0
TD13TRACE 6393 133.620000 133.620000 132.000000 0.013922 0 1 0 0
TD13TRACE 6394 133.620000 133.620000 132.000000 0.015007 0 1 0 0
TD13TRACE 6395 133.620000 133.620000 132.000000 0.012531 0 1 0 0
TD13TRACE 6396 133.620000 133.620000 132.000000 0.013750 0 1 0 0
TD13TRACE 6397 133.620000 133.620000 132.000000 0.014822 0 1 0 0
TD13TRACE 6398 133.620000 133.620000 132.000000 0.013394 0 1 0 0
TD13TRACE 6399 133.620000 133.620000 132.000000 0.013831 0 1 0 0
TD13TRACE 6400 133.620000 133.620000 132.000000 0.014700 0 1 0 0
TD13TRACE 6401 133.620000 133.620000 132.000000 0.013063 0 1 0 0
TD13TRACE 6402 133.620000 133.620000 132.000000 0.013686 0 1 0 0
TD13TRACE 6403 133.620000 133.620000 132.000000 0.014691 0 1 0 0
TD13TRACE 6404 133.620000 133.620000 132.000000 0.013234 0 1 0 0
TD13TRACE 6405 133.620000 133.620000 132.000000 0.013810 0 1 0 0
TD13TRACE 6406 133.620000 133.620000 132.000000 0.014763 0 1 0 0
TD13TRACE 6407 133.620000 133.620000 132.000000 0.013110 0 1 0 0
TD13TRACE 6408 133.620000 133.620000 132.000000 0.013770 0 1 0 0
TD13TRACE 6409 133.620000 133.620000 132.000000 0.014699 0 1 0 0
TD13TRACE 6410 133.620000 133.620000 132.000000 0.013094 0 1 0 0
TD13TRACE 6411 133.620000 133.620000 132.000000 0.014099 0 1 0 0
TD13TRACE 6412 133.620000 133.620000 132.000000 0.014404 0 1 0 0
TD13TRACE 6413 133.620000 133.620000 132.000000 0.013318 0 1 0 0
TD13TRACE 6414 133.620000 133.620000 132.000000 0.013592 0 1 0 0
TD13TRACE 6415 133.620000 133.620000 132.000000 0.014773 0 1 0 0
TD13TRACE 6416 133.620000 133.620000 132.000000 0.013229 0 1 0 0
TD13TRACE 6417 133.620000 133.620000 132.000000 0.014136 0 1 0 0
TD13TRACE 6418 133.620000 133.620000 132.000000 0.014728 0 1 0 0
TD13TRACE 6419 133.620000 133.620000 132.000000 0.012924 0 1 0 0
TD13TRACE 6420 133.620000 133.620000 132.000000 0.013590 0 1 0 0
TD13TRACE 6421 133.620000 133.620000 132.000000 0.014904 0 1 0 0
TD13TRACE 6422 133.620000 133.620000 132.000000 0.013333 0 1 0 0
TD13TRACE 6423 133.620000 133.620000 132.000000 0.013572 0 1 0 0
TD13TRACE 6424 133.620000 133.620000 132.000000 0.014623 0 1 0 0
TD13TRACE 6425 133.620000 133.620000 132.000000 0.013317 0 1 0 0
TD13TRACE 6426 133.620000 133.620000 132.000000 0.013592 0 1 0 0
TD13TRACE 6427 133.620000 133.620000 132.000000 0.014961 0 1 0 0
TD13TRACE 6428 133.620000 133.620000 132.000000 0.013471 0 1 0 0
TD13TRACE 6429 133.620000 133.620000 132.000000 0.013361 0 1 0 0
TD13TRACE 6430 133.620000 133.620000 132.000000 0.014502 0 1 0 0
TD13TRACE 6431 133.620000 133.620000 132.000000 0.013496 0 1 0 0
TD13TRACE 6432 133.620000 133.620000 132.000000 0.013792 0 1 0 0
TD13TRACE 6433 133.620000 133.620000 132.000000 0.014629 0 1 0 0
[2026-09-15 06:55:19.952] [info] fps 72.0 | pos (0.50, 132.00, -4.70) | chunks 113 | stream-meshed 104
TD13TRACE 6434 133.620000 133.620000 132.000000 0.013327 0 1 0 0
TD13TRACE 6435 133.620000 133.620000 132.000000 0.013608 0 1 0 0
TD13TRACE 6436 133.620000 133.620000 132.000000 0.014581 0 1 0 0
TD13TRACE 6437 133.620000 133.620000 132.000000 0.013264 0 1 0 0
TD13TRACE 6438 133.620000 133.620000 132.000000 0.013757 0 1 0 0
TD13TRACE 6439 133.620000 133.620000 132.000000 0.014706 0 1 0 0
TD13TRACE 6440 133.620000 133.620000 132.000000 0.013707 0 1 0 0
TD13TRACE 6441 133.620000 133.620000 132.000000 0.013264 0 1 0 0
TD13TRACE 6442 133.620000 133.620000 132.000000 0.015100 0 1 0 0
TD13TRACE 6443 133.620000 133.620000 132.000000 0.012602 0 1 0 0
TD13TRACE 6444 133.620000 133.620000 132.000000 0.013827 0 1 0 0
TD13TRACE 6445 133.620000 133.620000 132.000000 0.015155 0 1 0 0
TD13TRACE 6446 133.620000 133.620000 132.000000 0.013181 0 1 0 0
TD13TRACE 6447 133.620000 133.620000 132.000000 0.013250 0 1 0 0
TD13TRACE 6448 133.620000 133.620000 132.000000 0.015145 0 1 0 0
TD13TRACE 6449 133.620000 133.620000 132.000000 0.013061 0 1 0 0
TD13TRACE 6450 133.620000 133.620000 132.000000 0.013699 0 1 0 0
TD13TRACE 6451 133.620000 133.620000 132.000000 0.014784 0 1 0 0
TD13TRACE 6452 133.620000 133.620000 132.000000 0.013417 0 1 0 0
TD13TRACE 6453 133.620000 133.620000 132.000000 0.013367 0 1 0 0
TD13TRACE 6454 133.620000 133.620000 132.000000 0.014620 0 1 0 0
TD13TRACE 6455 133.620000 133.620000 132.000000 0.013386 0 1 0 0
TD13TRACE 6456 133.620000 133.620000 132.000000 0.013919 0 1 0 0
TD13TRACE 6457 133.620000 133.620000 132.000000 0.015048 0 1 0 0
TD13TRACE 6458 133.620000 133.620000 132.000000 0.013046 0 1 0 0
TD13TRACE 6459 133.620000 133.620000 132.000000 0.013771 0 1 0 0
TD13TRACE 6460 133.620000 133.620000 132.000000 0.014252 0 1 0 0
TD13TRACE 6461 133.620000 133.620000 132.000000 0.013610 0 1 0 0
TD13TRACE 6462 133.620000 133.620000 132.000000 0.013778 0 1 0 0
TD13TRACE 6463 133.620000 133.620000 132.000000 0.014670 0 1 0 0
TD13TRACE 6464 133.620000 133.620000 132.000000 0.013405 0 1 0 0
TD13TRACE 6465 133.620000 133.620000 132.000000 0.013297 0 1 0 0
TD13TRACE 6466 133.620000 133.620000 132.000000 0.014913 0 1 0 0
TD13TRACE 6467 133.620000 133.620000 132.000000 0.012928 0 1 0 0
TD13TRACE 6468 133.620000 133.620000 132.000000 0.013863 0 1 0 0
TD13TRACE 6469 133.620000 133.620000 132.000000 0.015060 0 1 0 0
TD13TRACE 6470 133.620000 133.620000 132.000000 0.012607 0 1 0 0
TD13TRACE 6471 133.620000 133.620000 132.000000 0.013798 0 1 0 0
TD13TRACE 6472 133.620000 133.620000 132.000000 0.014604 0 1 0 0
TD13TRACE 6473 133.620000 133.620000 132.000000 0.013337 0 1 0 0
TD13TRACE 6474 133.620000 133.620000 132.000000 0.013973 0 1 0 0
TD13TRACE 6475 133.620000 133.620000 132.000000 0.014536 0 1 0 0
TD13TRACE 6476 133.620000 133.620000 132.000000 0.013238 0 1 0 0
TD13TRACE 6477 133.620000 133.620000 132.000000 0.013877 0 1 0 0
TD13TRACE 6478 133.620000 133.620000 132.000000 0.014238 0 1 0 0
TD13TRACE 6479 133.620000 133.620000 132.000000 0.013617 0 1 0 0
TD13TRACE 6480 133.620000 133.620000 132.000000 0.013574 0 1 0 0
TD13TRACE 6481 133.620000 133.620000 132.000000 0.014878 0 1 0 0
TD13TRACE 6482 133.620000 133.620000 132.000000 0.013115 0 1 0 0
TD13TRACE 6483 133.620000 133.620000 132.000000 0.013738 0 1 0 0
TD13TRACE 6484 133.620000 133.620000 132.000000 0.014674 0 1 0 0
TD13TRACE 6485 133.620000 133.620000 132.000000 0.013452 0 1 0 0
TD13TRACE 6486 133.620000 133.620000 132.000000 0.013467 0 1 0 0
TD13TRACE 6487 133.620000 133.620000 132.000000 0.014865 0 1 0 0
TD13TRACE 6488 133.620000 133.620000 132.000000 0.013196 0 1 0 0
TD13TRACE 6489 133.620000 133.620000 132.000000 0.014014 0 1 0 0
TD13TRACE 6490 133.620000 133.620000 132.000000 0.014443 0 1 0 0
TD13TRACE 6491 133.620000 133.620000 132.000000 0.013581 0 1 0 0
TD13TRACE 6492 133.620000 133.620000 132.000000 0.013769 0 1 0 0
TD13TRACE 6493 133.620000 133.620000 132.000000 0.014309 0 1 0 0
TD13TRACE 6494 133.620000 133.620000 132.000000 0.013193 0 1 0 0
TD13TRACE 6495 133.620000 133.620000 132.000000 0.014119 0 1 0 0
TD13TRACE 6496 133.620000 133.620000 132.000000 0.014548 0 1 0 0
TD13TRACE 6497 133.620000 133.620000 132.000000 0.013392 0 1 0 0
TD13TRACE 6498 133.620000 133.620000 132.000000 0.013448 0 1 0 0
TD13TRACE 6499 133.620000 133.620000 132.000000 0.014455 0 1 0 0
TD13TRACE 6500 133.620000 133.620000 132.000000 0.013320 0 1 0 0
TD13TRACE 6501 133.620000 133.620000 132.000000 0.013702 0 1 0 0
TD13TRACE 6502 133.620000 133.620000 132.000000 0.014702 0 1 0 0
TD13TRACE 6503 133.620000 133.620000 132.000000 0.013291 0 1 0 0
TD13TRACE 6504 133.620000 133.620000 132.000000 0.013702 0 1 0 0
TD13TRACE 6505 133.620000 133.620000 132.000000 0.014529 0 1 0 0
TD13TRACE 6506 133.620000 133.620000 132.000000 0.013550 0 1 0 0
TD13TRACE 6507 133.620000 133.620000 132.000000 0.013943 0 1 0 0
TD13TRACE 6508 133.620000 133.620000 132.000000 0.014481 0 1 0 0
TD13TRACE 6509 133.620000 133.620000 132.000000 0.013350 0 1 0 0
TD13TRACE 6510 133.620000 133.620000 132.000000 0.013506 0 1 0 0
TD13TRACE 6511 133.620000 133.620000 132.000000 0.014785 0 1 0 0
TD13TRACE 6512 133.620000 133.620000 132.000000 0.013512 0 1 0 0
TD13TRACE 6513 133.620000 133.620000 132.000000 0.013751 0 1 0 0
TD13TRACE 6514 133.620000 133.620000 132.000000 0.014605 0 1 0 0
TD13TRACE 6515 133.620000 133.620000 132.000000 0.013175 0 1 0 0
TD13TRACE 6516 133.620000 133.620000 132.000000 0.013921 0 1 0 0
TD13TRACE 6517 133.620000 133.620000 132.000000 0.014572 0 1 0 0
TD13TRACE 6518 133.620000 133.620000 132.000000 0.013191 0 1 0 0
TD13TRACE 6519 133.620000 133.620000 132.000000 0.014060 0 1 0 0
TD13TRACE 6520 133.620000 133.620000 132.000000 0.014197 0 1 0 0
TD13TRACE 6521 133.620000 133.620000 132.000000 0.013199 0 1 0 0
TD13TRACE 6522 133.620000 133.620000 132.000000 0.013608 0 1 0 0
TD13TRACE 6523 133.620000 133.620000 132.000000 0.014293 0 1 0 0
TD13TRACE 6524 133.620000 133.620000 132.000000 0.014487 0 1 0 0
TD13TRACE 6525 133.620000 133.620000 132.000000 0.013099 0 1 0 0
TD13TRACE 6526 133.620000 133.620000 132.000000 0.014441 0 1 0 0
TD13TRACE 6527 133.620000 133.620000 132.000000 0.013291 0 1 0 0
TD13TRACE 6528 133.620000 133.620000 132.000000 0.014548 0 1 0 0
TD13TRACE 6529 133.620000 133.620000 132.000000 0.014116 0 1 0 0
TD13TRACE 6530 133.620000 133.620000 132.000000 0.013157 0 1 0 0
TD13TRACE 6531 133.620000 133.620000 132.000000 0.014057 0 1 0 0
TD13TRACE 6532 133.620000 133.620000 132.000000 0.014205 0 1 0 0
TD13TRACE 6533 133.620000 133.620000 132.000000 0.013658 0 1 0 0
TD13TRACE 6534 133.620000 133.620000 132.000000 0.013649 0 1 0 0
TD13TRACE 6535 133.620000 133.620000 132.000000 0.014801 0 1 0 0
TD13TRACE 6536 133.620000 133.620000 132.000000 0.012824 0 1 0 0
TD13TRACE 6537 133.620000 133.620000 132.000000 0.013817 0 1 0 0
TD13TRACE 6538 133.620000 133.620000 132.000000 0.014784 0 1 0 0
TD13TRACE 6539 133.620000 133.620000 132.000000 0.013448 0 1 0 0
TD13TRACE 6540 133.620000 133.620000 132.000000 0.014068 0 1 0 0
TD13TRACE 6541 133.620000 133.620000 132.000000 0.014506 0 1 0 0
TD13TRACE 6542 133.620000 133.620000 132.000000 0.013006 0 1 0 0
TD13TRACE 6543 133.620000 133.620000 132.000000 0.013635 0 1 0 0
TD13TRACE 6544 133.620000 133.620000 132.000000 0.014591 0 1 0 0
TD13TRACE 6545 133.620000 133.620000 132.000000 0.013202 0 1 0 0
TD13TRACE 6546 133.620000 133.620000 132.000000 0.013808 0 1 0 0
TD13TRACE 6547 133.620000 133.620000 132.000000 0.014568 0 1 0 0
TD13TRACE 6548 133.620000 133.620000 132.000000 0.013342 0 1 0 0
TD13TRACE 6549 133.620000 133.620000 132.000000 0.013737 0 1 0 0
TD13TRACE 6550 133.620000 133.620000 132.000000 0.015138 0 1 0 0
TD13TRACE 6551 133.620000 133.620000 132.000000 0.012900 0 1 0 0
TD13TRACE 6552 133.620000 133.620000 132.000000 0.013594 0 1 0 0
TD13TRACE 6553 133.620000 133.620000 132.000000 0.014700 0 1 0 0
TD13TRACE 6554 133.620000 133.620000 132.000000 0.013607 0 1 0 0
TD13TRACE 6555 133.620000 133.620000 132.000000 0.013635 0 1 0 0
TD13TRACE 6556 133.620000 133.620000 132.000000 0.014195 0 1 0 0
TD13TRACE 6557 133.620000 133.620000 132.000000 0.013415 0 1 0 0
TD13TRACE 6558 133.620000 133.620000 132.000000 0.014119 0 1 0 0
TD13TRACE 6559 133.620000 133.620000 132.000000 0.014248 0 1 0 0
TD13TRACE 6560 133.620000 133.620000 132.000000 0.013745 0 1 0 0
TD13TRACE 6561 133.620000 133.620000 132.000000 0.013293 0 1 0 0
TD13TRACE 6562 133.620000 133.620000 132.000000 0.014696 0 1 0 0
TD13TRACE 6563 133.620000 133.620000 132.000000 0.013227 0 1 0 0
TD13TRACE 6564 133.620000 133.620000 132.000000 0.013622 0 1 0 0
TD13TRACE 6565 133.620000 133.620000 132.000000 0.015338 0 1 0 0
TD13TRACE 6566 133.620000 133.620000 132.000000 0.013145 0 1 0 0
TD13TRACE 6567 133.620000 133.620000 132.000000 0.013851 0 1 0 0
TD13TRACE 6568 133.620000 133.620000 132.000000 0.014266 0 1 0 0
TD13TRACE 6569 133.620000 133.620000 132.000000 0.013596 0 1 0 0
TD13TRACE 6570 133.620000 133.620000 132.000000 0.013457 0 1 0 0
TD13TRACE 6571 133.620000 133.620000 132.000000 0.015007 0 1 0 0
TD13TRACE 6572 133.620000 133.620000 132.000000 0.013014 0 1 0 0
TD13TRACE 6573 133.620000 133.620000 132.000000 0.013553 0 1 0 0
TD13TRACE 6574 133.620000 133.620000 132.000000 0.014765 0 1 0 0
TD13TRACE 6575 133.620000 133.620000 132.000000 0.013383 0 1 0 0
TD13TRACE 6576 133.620000 133.620000 132.000000 0.013501 0 1 0 0
TD13TRACE 6577 133.620000 133.620000 132.000000 0.015164 0 1 0 0
[2026-09-15 06:55:21.952] [info] fps 72.0 | pos (0.50, 132.00, -4.70) | chunks 113 | stream-meshed 104
TD13TRACE 6578 133.620000 133.620000 132.000000 0.012985 0 1 0 0
TD13TRACE 6579 133.620000 133.620000 132.000000 0.013461 0 1 0 0
TD13TRACE 6580 133.620000 133.620000 132.000000 0.014557 0 1 0 0
TD13TRACE 6581 133.620000 133.620000 132.000000 0.013342 0 1 0 0
TD13TRACE 6582 133.620000 133.620000 132.000000 0.013665 0 1 0 0
[2026-09-15 06:55:22.022] [info] autosave: 0 chunk(s) queued for async write, level written (ticks=3197)
TD13TRACE 6583 133.620000 133.620000 132.000000 0.015468 0 1 0 0
TD13TRACE 6584 133.620000 133.620000 132.000000 0.012743 0 1 0 0
TD13TRACE 6585 133.620000 133.620000 132.000000 0.013589 0 1 0 0
TD13TRACE 6586 133.620000 133.620000 132.000000 0.014886 0 1 0 0
TD13TRACE 6587 133.620000 133.620000 132.000000 0.013439 0 1 0 0
TD13TRACE 6588 133.620000 133.620000 132.000000 0.013567 0 1 0 0
TD13TRACE 6589 133.620000 133.620000 132.000000 0.014193 0 1 0 0
TD13TRACE 6590 133.620000 133.620000 132.000000 0.013598 0 1 0 0
TD13TRACE 6591 133.620000 133.620000 132.000000 0.013718 0 1 0 0
TD13TRACE 6592 133.620000 133.620000 132.000000 0.014970 0 1 0 0
TD13TRACE 6593 133.620000 133.620000 132.000000 0.013188 0 1 0 0
TD13TRACE 6594 133.620000 133.620000 132.000000 0.013315 0 1 0 0
TD13TRACE 6595 133.620000 133.620000 132.000000 0.015119 0 1 0 0
TD13TRACE 6596 133.620000 133.620000 132.000000 0.013364 0 1 0 0
TD13TRACE 6597 133.620000 133.620000 132.000000 0.013184 0 1 0 0
TD13TRACE 6598 133.620000 133.620000 132.000000 0.014988 0 1 0 0
TD13TRACE 6599 133.620000 133.620000 132.000000 0.012939 0 1 0 0
TD13TRACE 6600 133.620000 133.620000 132.000000 0.014024 0 1 0 0
TD13TRACE 6601 133.620000 133.620000 132.000000 0.014590 0 1 0 0
TD13TRACE 6602 133.620000 133.620000 132.000000 0.013288 0 1 0 0
TD13TRACE 6603 133.620000 133.620000 132.000000 0.013690 0 1 0 0
TD13TRACE 6604 133.620000 133.620000 132.000000 0.014889 0 1 0 0
TD13TRACE 6605 133.620000 133.620000 132.000000 0.013121 0 1 0 0
TD13TRACE 6606 133.620000 133.620000 132.000000 0.013736 0 1 0 0
TD13TRACE 6607 133.620000 133.620000 132.000000 0.014596 0 1 0 0
TD13TRACE 6608 133.620000 133.620000 132.000000 0.013233 0 1 0 0
TD13TRACE 6609 133.620000 133.620000 132.000000 0.013609 0 1 0 0
TD13TRACE 6610 133.620000 133.620000 132.000000 0.015056 0 1 0 0
TD13TRACE 6611 133.620000 133.620000 132.000000 0.013101 0 1 0 0
TD13TRACE 6612 133.620000 133.620000 132.000000 0.013689 0 1 0 0
TD13TRACE 6613 133.620000 133.620000 132.000000 0.014459 0 1 0 0
TD13TRACE 6614 133.620000 133.620000 132.000000 0.013293 0 1 0 0
TD13TRACE 6615 133.620000 133.620000 132.000000 0.014288 0 1 0 0
TD13TRACE 6616 133.620000 133.620000 132.000000 0.014490 0 1 0 0
TD13TRACE 6617 133.620000 133.620000 132.000000 0.013225 0 1 0 0
TD13TRACE 6618 133.620000 133.620000 132.000000 0.013724 0 1 0 0
TD13TRACE 6619 133.620000 133.620000 132.000000 0.014245 0 1 0 0
TD13TRACE 6620 133.620000 133.620000 132.000000 0.013460 0 1 0 0
TD13TRACE 6621 133.620000 133.620000 132.000000 0.013728 0 1 0 0
TD13TRACE 6622 133.620000 133.620000 132.000000 0.014969 0 1 0 0
TD13TRACE 6623 133.620000 133.620000 132.000000 0.013060 0 1 0 0
TD13TRACE 6624 133.620000 133.620000 132.000000 0.013659 0 1 0 0
TD13TRACE 6625 133.620000 133.620000 132.000000 0.014863 0 1 0 0
TD13TRACE 6626 133.620000 133.620000 132.000000 0.013594 0 1 0 0
TD13TRACE 6627 133.620000 133.620000 132.000000 0.013407 0 1 0 0
TD13TRACE 6628 133.620000 133.620000 132.000000 0.014226 0 1 0 0
TD13TRACE 6629 133.620000 133.620000 132.000000 0.013526 0 1 0 0
TD13TRACE 6630 133.620000 133.620000 132.000000 0.013429 0 1 0 0
TD13TRACE 6631 133.620000 133.620000 132.000000 0.014684 0 1 0 0
TD13TRACE 6632 133.620000 133.620000 132.000000 0.013540 0 1 0 0
TD13TRACE 6633 133.620000 133.620000 132.000000 0.013803 0 1 0 0
TD13TRACE 6634 133.620000 133.620000 132.000000 0.014869 0 1 0 0
TD13TRACE 6635 133.620000 133.620000 132.000000 0.013290 0 1 0 0
TD13TRACE 6636 133.620000 133.620000 132.000000 0.013754 0 1 0 0
TD13TRACE 6637 133.620000 133.620000 132.000000 0.014082 0 1 0 0
TD13TRACE 6638 133.620000 133.620000 132.000000 0.013510 0 1 0 0
TD13TRACE 6639 133.620000 133.620000 132.000000 0.014057 0 1 0 0
TD13TRACE 6640 133.620000 133.620000 132.000000 0.014731 0 1 0 0
TD13TRACE 6641 133.620000 133.620000 132.000000 0.013224 0 1 0 0
TD13TRACE 6642 133.620000 133.620000 132.000000 0.013712 0 1 0 0
TD13TRACE 6643 133.620000 133.620000 132.000000 0.014358 0 1 0 0
TD13TRACE 6644 133.620000 133.620000 132.000000 0.013358 0 1 0 0
TD13TRACE 6645 133.620000 133.620000 132.000000 0.013997 0 1 0 0
TD13TRACE 6646 133.620000 133.620000 132.000000 0.014506 0 1 0 0
TD13TRACE 6647 133.620000 133.620000 132.000000 0.013467 0 1 0 0
TD13TRACE 6648 133.620000 133.620000 132.000000 0.013768 0 1 0 0
TD13TRACE 6649 133.620000 133.620000 132.000000 0.014623 0 1 0 0
TD13TRACE 6650 133.620000 133.620000 132.000000 0.013156 0 1 0 0
TD13TRACE 6651 133.620000 133.620000 132.000000 0.013772 0 1 0 0
TD13TRACE 6652 133.620000 133.620000 132.000000 0.014779 0 1 0 0
TD13TRACE 6653 133.620000 133.620000 132.000000 0.013275 0 1 0 0
TD13TRACE 6654 133.620000 133.620000 132.000000 0.013158 0 1 0 0
TD13TRACE 6655 133.620000 133.620000 132.000000 0.014943 0 1 0 0
TD13TRACE 6656 133.620000 133.620000 132.000000 0.013274 0 1 0 0
TD13TRACE 6657 133.620000 133.620000 132.000000 0.014030 0 1 0 0
TD13TRACE 6658 133.620000 133.620000 132.000000 0.014747 0 1 0 0
TD13TRACE 6659 133.620000 133.620000 132.000000 0.012662 0 1 0 0
TD13TRACE 6660 133.620000 133.620000 132.000000 0.014040 0 1 0 0
TD13TRACE 6661 133.620000 133.620000 132.000000 0.014609 0 1 0 0
TD13TRACE 6662 133.620000 133.620000 132.000000 0.013312 0 1 0 0
TD13TRACE 6663 133.620000 133.620000 132.000000 0.014016 0 1 0 0
TD13TRACE 6664 133.620000 133.620000 132.000000 0.014514 0 1 0 0
TD13TRACE 6665 133.620000 133.620000 132.000000 0.013502 0 1 0 0
TD13TRACE 6666 133.620000 133.620000 132.000000 0.013089 0 1 0 0
TD13TRACE 6667 133.620000 133.620000 132.000000 0.014999 0 1 0 0
TD13TRACE 6668 133.620000 133.620000 132.000000 0.013342 0 1 0 0
TD13TRACE 6669 133.620000 133.620000 132.000000 0.013543 0 1 0 0
TD13TRACE 6670 133.620000 133.620000 132.000000 0.014482 0 1 0 0
TD13TRACE 6671 133.620000 133.620000 132.000000 0.014107 0 1 0 0
TD13TRACE 6672 133.620000 133.620000 132.000000 0.013528 0 1 0 0
TD13TRACE 6673 133.620000 133.620000 132.000000 0.014583 0 1 0 0
TD13TRACE 6674 133.620000 133.620000 132.000000 0.012966 0 1 0 0
TD13TRACE 6675 133.620000 133.620000 132.000000 0.013909 0 1 0 0
TD13TRACE 6676 133.620000 133.620000 132.000000 0.014743 0 1 0 0
TD13TRACE 6677 133.620000 133.620000 132.000000 0.013328 0 1 0 0
TD13TRACE 6678 133.620000 133.620000 132.000000 0.013445 0 1 0 0
TD13TRACE 6679 133.620000 133.620000 132.000000 0.014536 0 1 0 0
TD13TRACE 6680 133.620000 133.620000 132.000000 0.013664 0 1 0 0
TD13TRACE 6681 133.620000 133.620000 132.000000 0.013782 0 1 0 0
TD13TRACE 6682 133.620000 133.620000 132.000000 0.014576 0 1 0 0
TD13TRACE 6683 133.620000 133.620000 132.000000 0.013146 0 1 0 0
TD13TRACE 6684 133.620000 133.620000 132.000000 0.013886 0 1 0 0
TD13TRACE 6685 133.620000 133.620000 132.000000 0.014687 0 1 0 0
TD13TRACE 6686 133.620000 133.620000 132.000000 0.013343 0 1 0 0
TD13TRACE 6687 133.620000 133.620000 132.000000 0.013716 0 1 0 0
TD13TRACE 6688 133.620000 133.620000 132.000000 0.014067 0 1 0 0
TD13TRACE 6689 133.620000 133.620000 132.000000 0.013588 0 1 0 0
TD13TRACE 6690 133.620000 133.620000 132.000000 0.014101 0 1 0 0
TD13TRACE 6691 133.620000 133.620000 132.000000 0.014542 0 1 0 0
TD13TRACE 6692 133.620000 133.620000 132.000000 0.013002 0 1 0 0
TD13TRACE 6693 133.620000 133.620000 132.000000 0.013790 0 1 0 0
TD13TRACE 6694 133.620000 133.620000 132.000000 0.014459 0 1 0 0
TD13TRACE 6695 133.620000 133.620000 132.000000 0.013664 0 1 0 0
TD13TRACE 6696 133.620000 133.620000 132.000000 0.013850 0 1 0 0
TD13TRACE 6697 133.620000 133.620000 132.000000 0.014415 0 1 0 0
TD13TRACE 6698 133.620000 133.620000 132.000000 0.013300 0 1 0 0
TD13TRACE 6699 133.620000 133.620000 132.000000 0.013661 0 1 0 0
TD13TRACE 6700 133.620000 133.620000 132.000000 0.014268 0 1 0 0
TD13TRACE 6701 133.620000 133.620000 132.000000 0.013237 0 1 0 0
TD13TRACE 6702 133.620000 133.620000 132.000000 0.013541 0 1 0 0
TD13TRACE 6703 133.620000 133.620000 132.000000 0.014771 0 1 0 0
TD13TRACE 6704 133.620000 133.620000 132.000000 0.013697 0 1 0 0
TD13TRACE 6705 133.620000 133.620000 132.000000 0.013541 0 1 0 0
TD13TRACE 6706 133.620000 133.620000 132.000000 0.014524 0 1 0 0
TD13TRACE 6707 133.620000 133.620000 132.000000 0.013627 0 1 0 0
TD13TRACE 6708 133.620000 133.620000 132.000000 0.013093 0 1 0 0
TD13TRACE 6709 133.620000 133.620000 132.000000 0.014615 0 1 0 0
TD13TRACE 6710 133.620000 133.620000 132.000000 0.013698 0 1 0 0
TD13TRACE 6711 133.620000 133.620000 132.000000 0.013804 0 1 0 0
TD13TRACE 6712 133.620000 133.620000 132.000000 0.014671 0 1 0 0
TD13TRACE 6713 133.620000 133.620000 132.000000 0.013440 0 1 0 0
TD13TRACE 6714 133.620000 133.620000 132.000000 0.013384 0 1 0 0
TD13TRACE 6715 133.620000 133.620000 132.000000 0.014681 0 1 0 0
TD13TRACE 6716 133.620000 133.620000 132.000000 0.013221 0 1 0 0
TD13TRACE 6717 133.620000 133.620000 132.000000 0.013604 0 1 0 0
TD13TRACE 6718 133.620000 133.620000 132.000000 0.014660 0 1 0 0
TD13TRACE 6719 133.620000 133.620000 132.000000 0.013066 0 1 0 0
TD13TRACE 6720 133.620000 133.620000 132.000000 0.014142 0 1 0 0
TD13TRACE 6721 133.620000 133.620000 132.000000 0.015010 0 1 0 0
TD13TRACE 6722 133.620000 133.620000 132.000000 0.013191 0 1 0 0
[2026-09-15 06:55:23.966] [info] fps 72.0 | pos (0.50, 132.00, -4.70) | chunks 113 | stream-meshed 104
TD13TRACE 6723 133.620000 133.620000 132.000000 0.013867 0 1 0 0
TD13TRACE 6724 133.620000 133.620000 132.000000 0.014720 0 1 0 0
TD13TRACE 6725 133.620000 133.620000 132.000000 0.013088 0 1 0 0
TD13TRACE 6726 133.620000 133.620000 132.000000 0.013732 0 1 0 0
TD13TRACE 6727 133.620000 133.620000 132.000000 0.014689 0 1 0 0
TD13TRACE 6728 133.620000 133.620000 132.000000 0.013153 0 1 0 0
TD13TRACE 6729 133.620000 133.620000 132.000000 0.013965 0 1 0 0
TD13TRACE 6730 133.620000 133.620000 132.000000 0.014631 0 1 0 0
TD13TRACE 6731 133.620000 133.620000 132.000000 0.013113 0 1 0 0
TD13TRACE 6732 133.620000 133.620000 132.000000 0.013893 0 1 0 0
TD13TRACE 6733 133.620000 133.620000 132.000000 0.014687 0 1 0 0
TD13TRACE 6734 133.620000 133.620000 132.000000 0.013564 0 1 0 0
TD13TRACE 6735 133.620000 133.620000 132.000000 0.013775 0 1 0 0
TD13TRACE 6736 133.620000 133.620000 132.000000 0.014297 0 1 0 0
TD13TRACE 6737 133.620000 133.620000 132.000000 0.013359 0 1 0 0
TD13TRACE 6738 133.620000 133.620000 132.000000 0.013656 0 1 0 0
TD13TRACE 6739 133.620000 133.620000 132.000000 0.014520 0 1 0 0
TD13TRACE 6740 133.620000 133.620000 132.000000 0.012986 0 1 0 0
TD13TRACE 6741 133.620000 133.620000 132.000000 0.014377 0 1 0 0
TD13TRACE 6742 133.620000 133.620000 132.000000 0.014318 0 1 0 0
TD13TRACE 6743 133.620000 133.620000 132.000000 0.013516 0 1 0 0
TD13TRACE 6744 133.620000 133.620000 132.000000 0.013413 0 1 0 0
TD13TRACE 6745 133.620000 133.620000 132.000000 0.014873 0 1 0 0
TD13TRACE 6746 133.620000 133.620000 132.000000 0.013442 0 1 0 0
TD13TRACE 6747 133.620000 133.620000 132.000000 0.013719 0 1 0 0
TD13TRACE 6748 133.620000 133.620000 132.000000 0.014499 0 1 0 0
TD13TRACE 6749 133.620000 133.620000 132.000000 0.013496 0 1 0 0
TD13TRACE 6750 133.620000 133.620000 132.000000 0.013922 0 1 0 0
TD13TRACE 6751 133.620000 133.620000 132.000000 0.014347 0 1 0 0
TD13TRACE 6752 133.620000 133.620000 132.000000 0.012999 0 1 0 0
TD13TRACE 6753 133.620000 133.620000 132.000000 0.013499 0 1 0 0
TD13TRACE 6754 133.620000 133.620000 132.000000 0.014364 0 1 0 0
TD13TRACE 6755 133.620000 133.620000 132.000000 0.014160 0 1 0 0
TD13TRACE 6756 133.620000 133.620000 132.000000 0.013799 0 1 0 0
TD13TRACE 6757 133.620000 133.620000 132.000000 0.014275 0 1 0 0
TD13TRACE 6758 133.620000 133.620000 132.000000 0.013069 0 1 0 0
TD13TRACE 6759 133.620000 133.620000 132.000000 0.014300 0 1 0 0
TD13TRACE 6760 133.620000 133.620000 132.000000 0.014623 0 1 0 0
TD13TRACE 6761 133.620000 133.620000 132.000000 0.013259 0 1 0 0
TD13TRACE 6762 133.620000 133.620000 132.000000 0.013521 0 1 0 0
TD13TRACE 6763 133.620000 133.620000 132.000000 0.014597 0 1 0 0
TD13TRACE 6764 133.620000 133.620000 132.000000 0.013635 0 1 0 0
TD13TRACE 6765 133.620000 133.620000 132.000000 0.013374 0 1 0 0
TD13TRACE 6766 133.620000 133.620000 132.000000 0.014857 0 1 0 0
TD13TRACE 6767 133.620000 133.620000 132.000000 0.013272 0 1 0 0
TD13TRACE 6768 133.620000 133.620000 132.000000 0.013740 0 1 0 0
TD13TRACE 6769 133.620000 133.620000 132.000000 0.014767 0 1 0 0
TD13TRACE 6770 133.620000 133.620000 132.000000 0.013226 0 1 0 0
TD13TRACE 6771 133.620000 133.620000 132.000000 0.013570 0 1 0 0
TD13TRACE 6772 133.620000 133.620000 132.000000 0.014494 0 1 0 0
TD13TRACE 6773 133.620000 133.620000 132.000000 0.013509 0 1 0 0
TD13TRACE 6774 133.620000 133.620000 132.000000 0.013494 0 1 0 0
TD13TRACE 6775 133.620000 133.620000 132.000000 0.014422 0 1 0 0
TD13TRACE 6776 133.620000 133.620000 132.000000 0.014090 0 1 0 0
TD13TRACE 6777 133.620000 133.620000 132.000000 0.013496 0 1 0 0
TD13TRACE 6778 133.620000 133.620000 132.000000 0.014572 0 1 0 0
TD13TRACE 6779 133.620000 133.620000 132.000000 0.012738 0 1 0 0
TD13TRACE 6780 133.620000 133.620000 132.000000 0.014272 0 1 0 0
TD13TRACE 6781 133.620000 133.620000 132.000000 0.014428 0 1 0 0
TD13TRACE 6782 133.620000 133.620000 132.000000 0.013404 0 1 0 0
TD13TRACE 6783 133.620000 133.620000 132.000000 0.013527 0 1 0 0
TD13TRACE 6784 133.620000 133.620000 132.000000 0.014867 0 1 0 0
TD13TRACE 6785 133.620000 133.620000 132.000000 0.013031 0 1 0 0
TD13TRACE 6786 133.620000 133.620000 132.000000 0.014057 0 1 0 0
TD13TRACE 6787 133.620000 133.620000 132.000000 0.014286 0 1 0 0
TD13TRACE 6788 133.620000 133.620000 132.000000 0.013321 0 1 0 0
TD13TRACE 6789 133.620000 133.620000 132.000000 0.013965 0 1 0 0
TD13TRACE 6790 133.620000 133.620000 132.000000 0.014266 0 1 0 0
TD13TRACE 6791 133.620000 133.620000 132.000000 0.012933 0 1 0 0
TD13TRACE 6792 133.620000 133.620000 132.000000 0.014426 0 1 0 0
TD13TRACE 6793 133.620000 133.620000 132.000000 0.014541 0 1 0 0
TD13TRACE 6794 133.620000 133.620000 132.000000 0.013738 0 1 0 0
TD13TRACE 6795 133.620000 133.620000 132.000000 0.013440 0 1 0 0
TD13TRACE 6796 133.620000 133.620000 132.000000 0.014767 0 1 0 0
TD13TRACE 6797 133.620000 133.620000 132.000000 0.012873 0 1 0 0
TD13TRACE 6798 133.620000 133.620000 132.000000 0.014103 0 1 0 0
TD13TRACE 6799 133.620000 133.620000 132.000000 0.014619 0 1 0 0
TD13TRACE 6800 133.620000 133.620000 132.000000 0.013343 0 1 0 0
TD13TRACE 6801 133.620000 133.620000 132.000000 0.013206 0 1 0 0
TD13TRACE 6802 133.620000 133.620000 132.000000 0.014997 0 1 0 0
TD13TRACE 6803 133.620000 133.620000 132.000000 0.013640 0 1 0 0
TD13TRACE 6804 133.620000 133.620000 132.000000 0.013488 0 1 0 0
TD13TRACE 6805 133.620000 133.620000 132.000000 0.014426 0 1 0 0
TD13TRACE 6806 133.620000 133.620000 132.000000 0.013829 0 1 0 0
TD13TRACE 6807 133.620000 133.620000 132.000000 0.013642 0 1 0 0
TD13TRACE 6808 133.620000 133.620000 132.000000 0.014677 0 1 0 0
TD13TRACE 6809 133.620000 133.620000 132.000000 0.013220 0 1 0 0
TD13TRACE 6810 133.620000 133.620000 132.000000 0.013665 0 1 0 0
TD13TRACE 6811 133.620000 133.620000 132.000000 0.014690 0 1 0 0
TD13TRACE 6812 133.620000 133.620000 132.000000 0.012808 0 1 0 0
TD13TRACE 6813 133.620000 133.620000 132.000000 0.013894 0 1 0 0
TD13TRACE 6814 133.620000 133.620000 132.000000 0.014240 0 1 0 0
TD13TRACE 6815 133.620000 133.620000 132.000000 0.013897 0 1 0 0
TD13TRACE 6816 133.620000 133.620000 132.000000 0.013759 0 1 0 0
TD13TRACE 6817 133.620000 133.620000 132.000000 0.014340 0 1 0 0
TD13TRACE 6818 133.620000 133.620000 132.000000 0.013751 0 1 0 0
TD13TRACE 6819 133.620000 133.620000 132.000000 0.013640 0 1 0 0
TD13TRACE 6820 133.620000 133.620000 132.000000 0.014597 0 1 0 0
TD13TRACE 6821 133.620000 133.620000 132.000000 0.013047 0 1 0 0
TD13TRACE 6822 133.620000 133.620000 132.000000 0.013770 0 1 0 0
TD13TRACE 6823 133.620000 133.620000 132.000000 0.014474 0 1 0 0
TD13TRACE 6824 133.620000 133.620000 132.000000 0.013600 0 1 0 0
TD13TRACE 6825 133.620000 133.620000 132.000000 0.013448 0 1 0 0
TD13TRACE 6826 133.620000 133.620000 132.000000 0.014794 0 1 0 0
TD13TRACE 6827 133.620000 133.620000 132.000000 0.013350 0 1 0 0
TD13TRACE 6828 133.620000 133.620000 132.000000 0.013881 0 1 0 0
TD13TRACE 6829 133.620000 133.620000 132.000000 0.014890 0 1 0 0
TD13TRACE 6830 133.620000 133.620000 132.000000 0.013067 0 1 0 0
TD13TRACE 6831 133.620000 133.620000 132.000000 0.013717 0 1 0 0
TD13TRACE 6832 133.620000 133.620000 132.000000 0.014146 0 1 0 0
TD13TRACE 6833 133.620000 133.620000 132.000000 0.013885 0 1 0 0
TD13TRACE 6834 133.620000 133.620000 132.000000 0.013483 0 1 0 0
TD13TRACE 6835 133.620000 133.620000 132.000000 0.014785 0 1 0 0
TD13TRACE 6836 133.620000 133.620000 132.000000 0.013042 0 1 0 0
TD13TRACE 6837 133.620000 133.620000 132.000000 0.013648 0 1 0 0
TD13TRACE 6838 133.620000 133.620000 132.000000 0.014829 0 1 0 0
TD13TRACE 6839 133.620000 133.620000 132.000000 0.013202 0 1 0 0
TD13TRACE 6840 133.620000 133.620000 132.000000 0.013703 0 1 0 0
TD13TRACE 6841 133.620000 133.620000 132.000000 0.015010 0 1 0 0
TD13TRACE 6842 133.620000 133.620000 132.000000 0.012961 0 1 0 0
TD13TRACE 6843 133.620000 133.620000 132.000000 0.013901 0 1 0 0
TD13TRACE 6844 133.620000 133.620000 132.000000 0.014572 0 1 0 0
TD13TRACE 6845 133.620000 133.620000 132.000000 0.013394 0 1 0 0
TD13TRACE 6846 133.620000 133.620000 132.000000 0.013371 0 1 0 0
TD13TRACE 6847 133.620000 133.620000 132.000000 0.014993 0 1 0 0
TD13TRACE 6848 133.620000 133.620000 132.000000 0.013171 0 1 0 0
TD13TRACE 6849 133.620000 133.620000 132.000000 0.013661 0 1 0 0
TD13TRACE 6850 133.620000 133.620000 132.000000 0.014485 0 1 0 0
TD13TRACE 6851 133.620000 133.620000 132.000000 0.013460 0 1 0 0
TD13TRACE 6852 133.620000 133.620000 132.000000 0.014096 0 1 0 0
TD13TRACE 6853 133.620000 133.620000 132.000000 0.014674 0 1 0 0
TD13TRACE 6854 133.620000 133.620000 132.000000 0.012497 0 1 0 0
TD13TRACE 6855 133.620000 133.620000 132.000000 0.013974 0 1 0 0
TD13TRACE 6856 133.620000 133.620000 132.000000 0.014960 0 1 0 0
TD13TRACE 6857 133.620000 133.620000 132.000000 0.013169 0 1 0 0
TD13TRACE 6858 133.620000 133.620000 132.000000 0.013719 0 1 0 0
TD13TRACE 6859 133.620000 133.620000 132.000000 0.014602 0 1 0 0
TD13TRACE 6860 133.620000 133.620000 132.000000 0.013136 0 1 0 0
TD13TRACE 6861 133.620000 133.620000 132.000000 0.014233 0 1 0 0
TD13TRACE 6862 133.620000 133.620000 132.000000 0.014197 0 1 0 0
TD13TRACE 6863 133.620000 133.620000 132.000000 0.013396 0 1 0 0
TD13TRACE 6864 133.620000 133.620000 132.000000 0.013885 0 1 0 0
TD13TRACE 6865 133.620000 133.620000 132.000000 0.014617 0 1 0 0
TD13TRACE 6866 133.620000 133.620000 132.000000 0.013495 0 1 0 0
[2026-09-15 06:55:25.965] [info] fps 72.0 | pos (0.50, 132.00, -4.70) | chunks 113 | stream-meshed 104
TD13TRACE 6867 133.620000 133.620000 132.000000 0.013428 0 1 0 0
TD13TRACE 6868 133.620000 133.620000 132.000000 0.014424 0 1 0 0
TD13TRACE 6869 133.620000 133.620000 132.000000 0.013784 0 1 0 0
TD13TRACE 6870 133.620000 133.620000 132.000000 0.013620 0 1 0 0
TD13TRACE 6871 133.620000 133.620000 132.000000 0.014301 0 1 0 0
TD13TRACE 6872 133.620000 133.620000 132.000000 0.013425 0 1 0 0
TD13TRACE 6873 133.620000 133.620000 132.000000 0.013658 0 1 0 0
TD13TRACE 6874 133.620000 133.620000 132.000000 0.014665 0 1 0 0
TD13TRACE 6875 133.620000 133.620000 132.000000 0.013641 0 1 0 0
TD13TRACE 6876 133.620000 133.620000 132.000000 0.013477 0 1 0 0
TD13TRACE 6877 133.620000 133.620000 132.000000 0.014667 0 1 0 0
TD13TRACE 6878 133.620000 133.620000 132.000000 0.013226 0 1 0 0
TD13TRACE 6879 133.620000 133.620000 132.000000 0.013658 0 1 0 0
TD13TRACE 6880 133.620000 133.620000 132.000000 0.014663 0 1 0 0
TD13TRACE 6881 133.620000 133.620000 132.000000 0.013601 0 1 0 0
TD13TRACE 6882 133.620000 133.620000 132.000000 0.013566 0 1 0 0
TD13TRACE 6883 133.620000 133.620000 132.000000 0.014474 0 1 0 0
TD13TRACE 6884 133.620000 133.620000 132.000000 0.013457 0 1 0 0
TD13TRACE 6885 133.620000 133.620000 132.000000 0.013544 0 1 0 0
TD13TRACE 6886 133.620000 133.620000 132.000000 0.014813 0 1 0 0
TD13TRACE 6887 133.620000 133.620000 132.000000 0.013297 0 1 0 0
TD13TRACE 6888 133.620000 133.620000 132.000000 0.014094 0 1 0 0
TD13TRACE 6889 133.620000 133.620000 132.000000 0.014319 0 1 0 0
TD13TRACE 6890 133.620000 133.620000 132.000000 0.013558 0 1 0 0
TD13TRACE 6891 133.620000 133.620000 132.000000 0.013189 0 1 0 0
TD13TRACE 6892 133.620000 133.620000 132.000000 0.014898 0 1 0 0
TD13TRACE 6893 133.620000 133.620000 132.000000 0.013493 0 1 0 0
TD13TRACE 6894 133.620000 133.620000 132.000000 0.013640 0 1 0 0
TD13TRACE 6895 133.620000 133.620000 132.000000 0.014538 0 1 0 0
TD13TRACE 6896 133.620000 133.620000 132.000000 0.013582 0 1 0 0
TD13TRACE 6897 133.620000 133.620000 132.000000 0.013316 0 1 0 0
TD13TRACE 6898 133.620000 133.620000 132.000000 0.014338 0 1 0 0
TD13TRACE 6899 133.620000 133.620000 132.000000 0.013406 0 1 0 0
TD13TRACE 6900 133.620000 133.620000 132.000000 0.013863 0 1 0 0
TD13TRACE 6901 133.620000 133.620000 132.000000 0.014961 0 1 0 0
TD13TRACE 6902 133.620000 133.620000 132.000000 0.013421 0 1 0 0
TD13TRACE 6903 133.620000 133.620000 132.000000 0.013347 0 1 0 0
TD13TRACE 6904 133.620000 133.620000 132.000000 0.014615 0 1 0 0
TD13TRACE 6905 133.620000 133.620000 132.000000 0.013070 0 1 0 0
TD13TRACE 6906 133.620000 133.620000 132.000000 0.013649 0 1 0 0
TD13TRACE 6907 133.620000 133.620000 132.000000 0.014639 0 1 0 0
TD13TRACE 6908 133.620000 133.620000 132.000000 0.013281 0 1 0 0
TD13TRACE 6909 133.620000 133.620000 132.000000 0.013671 0 1 0 0
TD13TRACE 6910 133.620000 133.620000 132.000000 0.014727 0 1 0 0
TD13TRACE 6911 133.620000 133.620000 132.000000 0.013449 0 1 0 0
TD13TRACE 6912 133.620000 133.620000 132.000000 0.013768 0 1 0 0
TD13TRACE 6913 133.620000 133.620000 132.000000 0.014653 0 1 0 0
TD13TRACE 6914 133.620000 133.620000 132.000000 0.013133 0 1 0 0
TD13TRACE 6915 133.620000 133.620000 132.000000 0.013763 0 1 0 0
TD13TRACE 6916 133.620000 133.620000 132.000000 0.014599 0 1 0 0
TD13TRACE 6917 133.620000 133.620000 132.000000 0.013576 0 1 0 0
TD13TRACE 6918 133.620000 133.620000 132.000000 0.013242 0 1 0 0
TD13TRACE 6919 133.620000 133.620000 132.000000 0.015072 0 1 0 0
TD13TRACE 6920 133.620000 133.620000 132.000000 0.013020 0 1 0 0
TD13TRACE 6921 133.620000 133.620000 132.000000 0.013901 0 1 0 0
TD13TRACE 6922 133.620000 133.620000 132.000000 0.014621 0 1 0 0
TD13TRACE 6923 133.620000 133.620000 132.000000 0.013380 0 1 0 0
TD13TRACE 6924 133.620000 133.620000 132.000000 0.013835 0 1 0 0
TD13TRACE 6925 133.620000 133.620000 132.000000 0.014673 0 1 0 0
TD13TRACE 6926 133.620000 133.620000 132.000000 0.013577 0 1 0 0
TD13TRACE 6927 133.620000 133.620000 132.000000 0.013165 0 1 0 0
TD13TRACE 6928 133.620000 133.620000 132.000000 0.014747 0 1 0 0
TD13TRACE 6929 133.620000 133.620000 132.000000 0.013362 0 1 0 0
TD13TRACE 6930 133.620000 133.620000 132.000000 0.013738 0 1 0 0
TD13TRACE 6931 133.620000 133.620000 132.000000 0.014828 0 1 0 0
TD13TRACE 6932 133.620000 133.620000 132.000000 0.013283 0 1 0 0
TD13TRACE 6933 133.620000 133.620000 132.000000 0.013651 0 1 0 0
TD13TRACE 6934 133.620000 133.620000 132.000000 0.014553 0 1 0 0
TD13TRACE 6935 133.620000 133.620000 132.000000 0.013628 0 1 0 0
TD13TRACE 6936 133.620000 133.620000 132.000000 0.013339 0 1 0 0
TD13TRACE 6937 133.620000 133.620000 132.000000 0.014476 0 1 0 0
TD13TRACE 6938 133.620000 133.620000 132.000000 0.013664 0 1 0 0
TD13TRACE 6939 133.620000 133.620000 132.000000 0.013460 0 1 0 0
TD13TRACE 6940 133.620000 133.620000 132.000000 0.014828 0 1 0 0
TD13TRACE 6941 133.620000 133.620000 132.000000 0.013229 0 1 0 0
TD13TRACE 6942 133.620000 133.620000 132.000000 0.013764 0 1 0 0
TD13TRACE 6943 133.620000 133.620000 132.000000 0.014626 0 1 0 0
TD13TRACE 6944 133.620000 133.620000 132.000000 0.013262 0 1 0 0
TD13TRACE 6945 133.620000 133.620000 132.000000 0.013536 0 1 0 0
TD13TRACE 6946 133.620000 133.620000 132.000000 0.015182 0 1 0 0
TD13TRACE 6947 133.620000 133.620000 132.000000 0.013655 0 1 0 0
TD13TRACE 6948 133.620000 133.620000 132.000000 0.013100 0 1 0 0
TD13TRACE 6949 133.620000 133.620000 132.000000 0.014562 0 1 0 0
TD13TRACE 6950 133.620000 133.620000 132.000000 0.013494 0 1 0 0
TD13TRACE 6951 133.620000 133.620000 132.000000 0.013607 0 1 0 0
TD13TRACE 6952 133.620000 133.620000 132.000000 0.014701 0 1 0 0
TD13TRACE 6953 133.620000 133.620000 132.000000 0.013112 0 1 0 0
TD13TRACE 6954 133.620000 133.620000 132.000000 0.013883 0 1 0 0
TD13TRACE 6955 133.620000 133.620000 132.000000 0.014662 0 1 0 0
TD13TRACE 6956 133.620000 133.620000 132.000000 0.013196 0 1 0 0
TD13TRACE 6957 133.620000 133.620000 132.000000 0.013647 0 1 0 0
TD13TRACE 6958 133.620000 133.620000 132.000000 0.014891 0 1 0 0
TD13TRACE 6959 133.620000 133.620000 132.000000 0.013255 0 1 0 0
TD13TRACE 6960 133.620000 133.620000 132.000000 0.013688 0 1 0 0
TD13TRACE 6961 133.620000 133.620000 132.000000 0.014912 0 1 0 0
TD13TRACE 6962 133.620000 133.620000 132.000000 0.012918 0 1 0 0
TD13TRACE 6963 133.620000 133.620000 132.000000 0.013941 0 1 0 0
TD13TRACE 6964 133.620000 133.620000 132.000000 0.014600 0 1 0 0
TD13TRACE 6965 133.620000 133.620000 132.000000 0.012966 0 1 0 0
TD13TRACE 6966 133.620000 133.620000 132.000000 0.013767 0 1 0 0
TD13TRACE 6967 133.620000 133.620000 132.000000 0.014553 0 1 0 0
TD13TRACE 6968 133.620000 133.620000 132.000000 0.013769 0 1 0 0
TD13TRACE 6969 133.620000 133.620000 132.000000 0.013527 0 1 0 0
TD13TRACE 6970 133.620000 133.620000 132.000000 0.014595 0 1 0 0
TD13TRACE 6971 133.620000 133.620000 132.000000 0.013172 0 1 0 0
TD13TRACE 6972 133.620000 133.620000 132.000000 0.013811 0 1 0 0
TD13TRACE 6973 133.620000 133.620000 132.000000 0.014665 0 1 0 0
TD13TRACE 6974 133.620000 133.620000 132.000000 0.013490 0 1 0 0
TD13TRACE 6975 133.620000 133.620000 132.000000 0.013614 0 1 0 0
TD13TRACE 6976 133.620000 133.620000 132.000000 0.014626 0 1 0 0
TD13TRACE 6977 133.620000 133.620000 132.000000 0.013266 0 1 0 0
TD13TRACE 6978 133.620000 133.620000 132.000000 0.013639 0 1 0 0
TD13TRACE 6979 133.620000 133.620000 132.000000 0.014579 0 1 0 0
TD13TRACE 6980 133.620000 133.620000 132.000000 0.013146 0 1 0 0
TD13TRACE 6981 133.620000 133.620000 132.000000 0.013976 0 1 0 0
TD13TRACE 6982 133.620000 133.620000 132.000000 0.014623 0 1 0 0
TD13TRACE 6983 133.620000 133.620000 132.000000 0.013577 0 1 0 0
TD13TRACE 6984 133.620000 133.620000 132.000000 0.013653 0 1 0 0
TD13TRACE 6985 133.620000 133.620000 132.000000 0.014922 0 1 0 0
TD13TRACE 6986 133.620000 133.620000 132.000000 0.012658 0 1 0 0
TD13TRACE 6987 133.620000 133.620000 132.000000 0.014028 0 1 0 0
TD13TRACE 6988 133.620000 133.620000 132.000000 0.014393 0 1 0 0
TD13TRACE 6989 133.620000 133.620000 132.000000 0.013486 0 1 0 0
TD13TRACE 6990 133.620000 133.620000 132.000000 0.013591 0 1 0 0
TD13TRACE 6991 133.620000 133.620000 132.000000 0.014588 0 1 0 0
TD13TRACE 6992 133.620000 133.620000 132.000000 0.013243 0 1 0 0
TD13TRACE 6993 133.620000 133.620000 132.000000 0.013741 0 1 0 0
TD13TRACE 6994 133.620000 133.620000 132.000000 0.014527 0 1 0 0
TD13TRACE 6995 133.620000 133.620000 132.000000 0.013424 0 1 0 0
TD13TRACE 6996 133.620000 133.620000 132.000000 0.014061 0 1 0 0
TD13TRACE 6997 133.620000 133.620000 132.000000 0.014451 0 1 0 0
TD13TRACE 6998 133.620000 133.620000 132.000000 0.013143 0 1 0 0
TD13TRACE 6999 133.620000 133.620000 132.000000 0.013723 0 1 0 0
TD13TRACE 7000 133.620000 133.620000 132.000000 0.014715 0 1 0 0
TD13TRACE 7001 133.620000 133.620000 132.000000 0.013374 0 1 0 0
TD13TRACE 7002 133.620000 133.620000 132.000000 0.013580 0 1 0 0
TD13TRACE 7003 133.620000 133.620000 132.000000 0.015022 0 1 0 0
TD13TRACE 7004 133.620000 133.620000 132.000000 0.013339 0 1 0 0
TD13TRACE 7005 133.620000 133.620000 132.000000 0.013491 0 1 0 0
TD13TRACE 7006 133.620000 133.620000 132.000000 0.014667 0 1 0 0
TD13TRACE 7007 133.620000 133.620000 132.000000 0.013168 0 1 0 0
TD13TRACE 7008 133.620000 133.620000 132.000000 0.013681 0 1 0 0
TD13TRACE 7009 133.620000 133.620000 132.000000 0.014898 0 1 0 0
TD13TRACE 7010 133.620000 133.620000 132.000000 0.013184 0 1 0 0
TD13TRACE 7011 133.620000 133.620000 132.000000 0.013838 0 1 0 0
[2026-09-15 06:55:27.980] [info] fps 72.0 | pos (0.50, 132.00, -4.70) | chunks 113 | stream-meshed 104
TD13TRACE 7012 133.620000 133.620000 132.000000 0.014660 0 1 0 0
TD13TRACE 7013 133.620000 133.620000 132.000000 0.013493 0 1 0 0
TD13TRACE 7014 133.620000 133.620000 132.000000 0.013459 0 1 0 0
TD13TRACE 7015 133.620000 133.620000 132.000000 0.014525 0 1 0 0
TD13TRACE 7016 133.620000 133.620000 132.000000 0.013147 0 1 0 0
TD13TRACE 7017 133.620000 133.620000 132.000000 0.013902 0 1 0 0
TD13TRACE 7018 133.620000 133.620000 132.000000 0.014745 0 1 0 0
TD13TRACE 7019 133.620000 133.620000 132.000000 0.013360 0 1 0 0
TD13TRACE 7020 133.620000 133.620000 132.000000 0.013568 0 1 0 0
TD13TRACE 7021 133.620000 133.620000 132.000000 0.015248 0 1 0 0
TD13TRACE 7022 133.620000 133.620000 132.000000 0.012889 0 1 0 0
TD13TRACE 7023 133.620000 133.620000 132.000000 0.013430 0 1 0 0
TD13TRACE 7024 133.620000 133.620000 132.000000 0.014874 0 1 0 0
TD13TRACE 7025 133.620000 133.620000 132.000000 0.013292 0 1 0 0
TD13TRACE 7026 133.620000 133.620000 132.000000 0.013524 0 1 0 0
TD13TRACE 7027 133.620000 133.620000 132.000000 0.015250 0 1 0 0
TD13TRACE 7028 133.620000 133.620000 132.000000 0.012881 0 1 0 0
TD13TRACE 7029 133.620000 133.620000 132.000000 0.013738 0 1 0 0
TD13TRACE 7030 133.620000 133.620000 132.000000 0.014487 0 1 0 0
TD13TRACE 7031 133.620000 133.620000 132.000000 0.013305 0 1 0 0
TD13TRACE 7032 133.620000 133.620000 132.000000 0.014063 0 1 0 0
TD13TRACE 7033 133.620000 133.620000 132.000000 0.014543 0 1 0 0
TD13TRACE 7034 133.620000 133.620000 132.000000 0.013503 0 1 0 0
TD13TRACE 7035 133.620000 133.620000 132.000000 0.013368 0 1 0 0
TD13TRACE 7036 133.620000 133.620000 132.000000 0.014625 0 1 0 0
TD13TRACE 7037 133.620000 133.620000 132.000000 0.013408 0 1 0 0
TD13TRACE 7038 133.620000 133.620000 132.000000 0.013512 0 1 0 0
TD13TRACE 7039 133.620000 133.620000 132.000000 0.014638 0 1 0 0
TD13TRACE 7040 133.620000 133.620000 132.000000 0.013541 0 1 0 0
TD13TRACE 7041 133.620000 133.620000 132.000000 0.013523 0 1 0 0
TD13TRACE 7042 133.620000 133.620000 132.000000 0.014594 0 1 0 0
TD13TRACE 7043 133.620000 133.620000 132.000000 0.013323 0 1 0 0
TD13TRACE 7044 133.620000 133.620000 132.000000 0.013764 0 1 0 0
TD13TRACE 7045 133.620000 133.620000 132.000000 0.014571 0 1 0 0
TD13TRACE 7046 133.620000 133.620000 132.000000 0.013598 0 1 0 0
TD13TRACE 7047 133.620000 133.620000 132.000000 0.013811 0 1 0 0
TD13TRACE 7048 133.620000 133.620000 132.000000 0.014545 0 1 0 0
TD13TRACE 7049 133.620000 133.620000 132.000000 0.013121 0 1 0 0
TD13TRACE 7050 133.620000 133.620000 132.000000 0.013694 0 1 0 0
TD13TRACE 7051 133.620000 133.620000 132.000000 0.014639 0 1 0 0
TD13TRACE 7052 133.620000 133.620000 132.000000 0.013193 0 1 0 0
TD13TRACE 7053 133.620000 133.620000 132.000000 0.013787 0 1 0 0
TD13TRACE 7054 133.620000 133.620000 132.000000 0.014863 0 1 0 0
TD13TRACE 7055 133.620000 133.620000 132.000000 0.013298 0 1 0 0
TD13TRACE 7056 133.620000 133.620000 132.000000 0.013522 0 1 0 0
TD13TRACE 7057 133.620000 133.620000 132.000000 0.014975 0 1 0 0
TD13TRACE 7058 133.620000 133.620000 132.000000 0.012957 0 1 0 0
TD13TRACE 7059 133.620000 133.620000 132.000000 0.013703 0 1 0 0
TD13TRACE 7060 133.620000 133.620000 132.000000 0.014833 0 1 0 0
TD13TRACE 7061 133.620000 133.620000 132.000000 0.013235 0 1 0 0
TD13TRACE 7062 133.620000 133.620000 132.000000 0.013555 0 1 0 0
TD13TRACE 7063 133.620000 133.620000 132.000000 0.014702 0 1 0 0
TD13TRACE 7064 133.620000 133.620000 132.000000 0.013320 0 1 0 0
TD13TRACE 7065 133.620000 133.620000 132.000000 0.013480 0 1 0 0
TD13TRACE 7066 133.620000 133.620000 132.000000 0.014940 0 1 0 0
TD13TRACE 7067 133.620000 133.620000 132.000000 0.013638 0 1 0 0
TD13TRACE 7068 133.620000 133.620000 132.000000 0.013324 0 1 0 0
TD13TRACE 7069 133.620000 133.620000 132.000000 0.014402 0 1 0 0
TD13TRACE 7070 133.620000 133.620000 132.000000 0.013482 0 1 0 0
TD13TRACE 7071 133.620000 133.620000 132.000000 0.013754 0 1 0 0
TD13TRACE 7072 133.620000 133.620000 132.000000 0.014829 0 1 0 0
TD13TRACE 7073 133.620000 133.620000 132.000000 0.013463 0 1 0 0
TD13TRACE 7074 133.620000 133.620000 132.000000 0.013790 0 1 0 0
TD13TRACE 7075 133.620000 133.620000 132.000000 0.014373 0 1 0 0
TD13TRACE 7076 133.620000 133.620000 132.000000 0.013167 0 1 0 0
TD13TRACE 7077 133.620000 133.620000 132.000000 0.013609 0 1 0 0
TD13TRACE 7078 133.620000 133.620000 132.000000 0.014809 0 1 0 0
TD13TRACE 7079 133.620000 133.620000 132.000000 0.013654 0 1 0 0
TD13TRACE 7080 133.620000 133.620000 132.000000 0.013450 0 1 0 0
TD13TRACE 7081 133.620000 133.620000 132.000000 0.014478 0 1 0 0
TD13TRACE 7082 133.620000 133.620000 132.000000 0.013323 0 1 0 0
TD13TRACE 7083 133.620000 133.620000 132.000000 0.013737 0 1 0 0
TD13TRACE 7084 133.620000 133.620000 132.000000 0.014735 0 1 0 0
TD13TRACE 7085 133.620000 133.620000 132.000000 0.013782 0 1 0 0
TD13TRACE 7086 133.620000 133.620000 132.000000 0.013209 0 1 0 0
TD13TRACE 7087 133.620000 133.620000 132.000000 0.014714 0 1 0 0
TD13TRACE 7088 133.620000 133.620000 132.000000 0.013394 0 1 0 0
TD13TRACE 7089 133.620000 133.620000 132.000000 0.013432 0 1 0 0
TD13TRACE 7090 133.620000 133.620000 132.000000 0.014846 0 1 0 0
TD13TRACE 7091 133.620000 133.620000 132.000000 0.013314 0 1 0 0
TD13TRACE 7092 133.620000 133.620000 132.000000 0.013423 0 1 0 0
TD13TRACE 7093 133.620000 133.620000 132.000000 0.015088 0 1 0 0
TD13TRACE 7094 133.620000 133.620000 132.000000 0.012988 0 1 0 0
TD13TRACE 7095 133.620000 133.620000 132.000000 0.014211 0 1 0 0
TD13TRACE 7096 133.620000 133.620000 132.000000 0.014423 0 1 0 0
TD13TRACE 7097 133.620000 133.620000 132.000000 0.013219 0 1 0 0
TD13TRACE 7098 133.620000 133.620000 132.000000 0.013412 0 1 0 0
TD13TRACE 7099 133.620000 133.620000 132.000000 0.014614 0 1 0 0
TD13TRACE 7100 133.620000 133.620000 132.000000 0.013504 0 1 0 0
TD13TRACE 7101 133.620000 133.620000 132.000000 0.013968 0 1 0 0
TD13TRACE 7102 133.620000 133.620000 132.000000 0.014512 0 1 0 0
TD13TRACE 7103 133.620000 133.620000 132.000000 0.013141 0 1 0 0
TD13TRACE 7104 133.620000 133.620000 132.000000 0.013992 0 1 0 0
TD13TRACE 7105 133.620000 133.620000 132.000000 0.014654 0 1 0 0
TD13TRACE 7106 133.620000 133.620000 132.000000 0.013439 0 1 0 0
TD13TRACE 7107 133.620000 133.620000 132.000000 0.013484 0 1 0 0
TD13TRACE 7108 133.620000 133.620000 132.000000 0.014737 0 1 0 0
TD13TRACE 7109 133.620000 133.620000 132.000000 0.013258 0 1 0 0
TD13TRACE 7110 133.620000 133.620000 132.000000 0.013611 0 1 0 0
TD13TRACE 7111 133.620000 133.620000 132.000000 0.014712 0 1 0 0
TD13TRACE 7112 133.620000 133.620000 132.000000 0.013139 0 1 0 0
TD13TRACE 7113 133.620000 133.620000 132.000000 0.013770 0 1 0 0
TD13TRACE 7114 133.620000 133.620000 132.000000 0.014781 0 1 0 0
TD13TRACE 7115 133.620000 133.620000 132.000000 0.013221 0 1 0 0
TD13TRACE 7116 133.620000 133.620000 132.000000 0.013811 0 1 0 0
TD13TRACE 7117 133.620000 133.620000 132.000000 0.014505 0 1 0 0
TD13TRACE 7118 133.620000 133.620000 132.000000 0.013618 0 1 0 0
TD13TRACE 7119 133.620000 133.620000 132.000000 0.013663 0 1 0 0
TD13TRACE 7120 133.620000 133.620000 132.000000 0.014384 0 1 0 0
TD13TRACE 7121 133.620000 133.620000 132.000000 0.013304 0 1 0 0
TD13TRACE 7122 133.620000 133.620000 132.000000 0.014071 0 1 0 0
TD13TRACE 7123 133.620000 133.620000 132.000000 0.014404 0 1 0 0
TD13TRACE 7124 133.620000 133.620000 132.000000 0.013283 0 1 0 0
TD13TRACE 7125 133.620000 133.620000 132.000000 0.013495 0 1 0 0
TD13TRACE 7126 133.620000 133.620000 132.000000 0.014795 0 1 0 0
TD13TRACE 7127 133.620000 133.620000 132.000000 0.013437 0 1 0 0
TD13TRACE 7128 133.620000 133.620000 132.000000 0.013361 0 1 0 0
TD13TRACE 7129 133.620000 133.620000 132.000000 0.014721 0 1 0 0
TD13TRACE 7130 133.620000 133.620000 132.000000 0.013471 0 1 0 0
TD13TRACE 7131 133.620000 133.620000 132.000000 0.013620 0 1 0 0
TD13TRACE 7132 133.620000 133.620000 132.000000 0.014544 0 1 0 0
TD13TRACE 7133 133.620000 133.620000 132.000000 0.013324 0 1 0 0
TD13TRACE 7134 133.620000 133.620000 132.000000 0.013661 0 1 0 0
TD13TRACE 7135 133.620000 133.620000 132.000000 0.014834 0 1 0 0
TD13TRACE 7136 133.620000 133.620000 132.000000 0.013432 0 1 0 0
TD13TRACE 7137 133.620000 133.620000 132.000000 0.013635 0 1 0 0
TD13TRACE 7138 133.620000 133.620000 132.000000 0.014658 0 1 0 0
TD13TRACE 7139 133.620000 133.620000 132.000000 0.013356 0 1 0 0
TD13TRACE 7140 133.620000 133.620000 132.000000 0.013587 0 1 0 0
TD13TRACE 7141 133.620000 133.620000 132.000000 0.014691 0 1 0 0
TD13TRACE 7142 133.620000 133.620000 132.000000 0.013260 0 1 0 0
TD13TRACE 7143 133.620000 133.620000 132.000000 0.013769 0 1 0 0
TD13TRACE 7144 133.620000 133.620000 132.000000 0.014923 0 1 0 0
TD13TRACE 7145 133.620000 133.620000 132.000000 0.013639 0 1 0 0
TD13TRACE 7146 133.620000 133.620000 132.000000 0.013461 0 1 0 0
TD13TRACE 7147 133.620000 133.620000 132.000000 0.014492 0 1 0 0
TD13TRACE 7148 133.620000 133.620000 132.000000 0.013271 0 1 0 0
TD13TRACE 7149 133.620000 133.620000 132.000000 0.013477 0 1 0 0
TD13TRACE 7150 133.620000 133.620000 132.000000 0.015060 0 1 0 0
TD13TRACE 7151 133.620000 133.620000 132.000000 0.013050 0 1 0 0
TD13TRACE 7152 133.620000 133.620000 132.000000 0.013886 0 1 0 0
TD13TRACE 7153 133.620000 133.620000 132.000000 0.014465 0 1 0 0
TD13TRACE 7154 133.620000 133.620000 132.000000 0.013286 0 1 0 0
TD13TRACE 7155 133.620000 133.620000 132.000000 0.014122 0 1 0 0
[2026-09-15 06:55:29.980] [info] fps 72.0 | pos (0.50, 132.00, -4.70) | chunks 113 | stream-meshed 104
TD13TRACE 7156 133.620000 133.620000 132.000000 0.014301 0 1 0 0
TD13TRACE 7157 133.620000 133.620000 132.000000 0.013134 0 1 0 0
TD13TRACE 7158 133.620000 133.620000 132.000000 0.014422 0 1 0 0
TD13TRACE 7159 133.620000 133.620000 132.000000 0.014103 0 1 0 0
TD13TRACE 7160 133.620000 133.620000 132.000000 0.013209 0 1 0 0
TD13TRACE 7161 133.620000 133.620000 132.000000 0.013613 0 1 0 0
TD13TRACE 7162 133.620000 133.620000 132.000000 0.014563 0 1 0 0
TD13TRACE 7163 133.620000 133.620000 132.000000 0.013333 0 1 0 0
TD13TRACE 7164 133.620000 133.620000 132.000000 0.013997 0 1 0 0
TD13TRACE 7165 133.620000 133.620000 132.000000 0.014887 0 1 0 0
TD13TRACE 7166 133.620000 133.620000 132.000000 0.012903 0 1 0 0
TD13TRACE 7167 133.620000 133.620000 132.000000 0.014088 0 1 0 0
TD13TRACE 7168 133.620000 133.620000 132.000000 0.014348 0 1 0 0
TD13TRACE 7169 133.620000 133.620000 132.000000 0.013237 0 1 0 0
TD13TRACE 7170 133.620000 133.620000 132.000000 0.013500 0 1 0 0
TD13TRACE 7171 133.620000 133.620000 132.000000 0.014864 0 1 0 0
TD13TRACE 7172 133.620000 133.620000 132.000000 0.013094 0 1 0 0
TD13TRACE 7173 133.620000 133.620000 132.000000 0.013904 0 1 0 0
TD13TRACE 7174 133.620000 133.620000 132.000000 0.014651 0 1 0 0
TD13TRACE 7175 133.620000 133.620000 132.000000 0.013180 0 1 0 0
TD13TRACE 7176 133.620000 133.620000 132.000000 0.013807 0 1 0 0
TD13TRACE 7177 133.620000 133.620000 132.000000 0.014388 0 1 0 0
TD13TRACE 7178 133.620000 133.620000 132.000000 0.013453 0 1 0 0
TD13TRACE 7179 133.620000 133.620000 132.000000 0.014081 0 1 0 0
TD13TRACE 7180 133.620000 133.620000 132.000000 0.014441 0 1 0 0
TD13TRACE 7181 133.620000 133.620000 132.000000 0.013328 0 1 0 0
TD13TRACE 7182 133.620000 133.620000 132.000000 0.013618 0 1 0 0
TD13TRACE 7183 133.620000 133.620000 132.000000 0.014464 0 1 0 0
TD13TRACE 7184 133.620000 133.620000 132.000000 0.013725 0 1 0 0
TD13TRACE 7185 133.620000 133.620000 132.000000 0.013685 0 1 0 0
TD13TRACE 7186 133.620000 133.620000 132.000000 0.014885 0 1 0 0
TD13TRACE 7187 133.620000 133.620000 132.000000 0.012856 0 1 0 0
TD13TRACE 7188 133.620000 133.620000 132.000000 0.013885 0 1 0 0
TD13TRACE 7189 133.620000 133.620000 132.000000 0.014463 0 1 0 0
TD13TRACE 7190 133.620000 133.620000 132.000000 0.013223 0 1 0 0
TD13TRACE 7191 133.620000 133.620000 132.000000 0.013692 0 1 0 0
TD13TRACE 7192 133.620000 133.620000 132.000000 0.014822 0 1 0 0
TD13TRACE 7193 133.620000 133.620000 132.000000 0.013435 0 1 0 0
TD13TRACE 7194 133.620000 133.620000 132.000000 0.013892 0 1 0 0
TD13TRACE 7195 133.620000 133.620000 132.000000 0.014169 0 1 0 0
TD13TRACE 7196 133.620000 133.620000 132.000000 0.013397 0 1 0 0
TD13TRACE 7197 133.620000 133.620000 132.000000 0.013731 0 1 0 0
TD13TRACE 7198 133.620000 133.620000 132.000000 0.014471 0 1 0 0
TD13TRACE 7199 133.620000 133.620000 132.000000 0.013758 0 1 0 0
TD13TRACE 7200 133.620000 133.620000 132.000000 0.013757 0 1 0 0
TD13TRACE 7201 133.620000 133.620000 132.000000 0.014425 0 1 0 0
TD13TRACE 7202 133.620000 133.620000 132.000000 0.013650 0 1 0 0
TD13TRACE 7203 133.620000 133.620000 132.000000 0.013307 0 1 0 0
TD13TRACE 7204 133.620000 133.620000 132.000000 0.014841 0 1 0 0
TD13TRACE 7205 133.620000 133.620000 132.000000 0.012917 0 1 0 0
TD13TRACE 7206 133.620000 133.620000 132.000000 0.014203 0 1 0 0
TD13TRACE 7207 133.620000 133.620000 132.000000 0.015011 0 1 0 0
TD13TRACE 7208 133.620000 133.620000 132.000000 0.012837 0 1 0 0
TD13TRACE 7209 133.620000 133.620000 132.000000 0.013606 0 1 0 0
TD13TRACE 7210 133.620000 133.620000 132.000000 0.014732 0 1 0 0
TD13TRACE 7211 133.620000 133.620000 132.000000 0.013085 0 1 0 0
TD13TRACE 7212 133.620000 133.620000 132.000000 0.013899 0 1 0 0
TD13TRACE 7213 133.620000 133.620000 132.000000 0.015019 0 1 0 0
TD13TRACE 7214 133.620000 133.620000 132.000000 0.013034 0 1 0 0
TD13TRACE 7215 133.620000 133.620000 132.000000 0.013409 0 1 0 0
TD13TRACE 7216 133.620000 133.620000 132.000000 0.014860 0 1 0 0
TD13TRACE 7217 133.620000 133.620000 132.000000 0.013048 0 1 0 0
TD13TRACE 7218 133.620000 133.620000 132.000000 0.013633 0 1 0 0
TD13TRACE 7219 133.620000 133.620000 132.000000 0.014963 0 1 0 0
TD13TRACE 7220 133.620000 133.620000 132.000000 0.013319 0 1 0 0
TD13TRACE 7221 133.620000 133.620000 132.000000 0.013472 0 1 0 0
TD13TRACE 7222 133.620000 133.620000 132.000000 0.014402 0 1 0 0
TD13TRACE 7223 133.620000 133.620000 132.000000 0.013836 0 1 0 0
TD13TRACE 7224 133.620000 133.620000 132.000000 0.013548 0 1 0 0
TD13TRACE 7225 133.620000 133.620000 132.000000 0.014638 0 1 0 0
TD13TRACE 7226 133.620000 133.620000 132.000000 0.013270 0 1 0 0
TD13TRACE 7227 133.620000 133.620000 132.000000 0.014209 0 1 0 0
TD13TRACE 7228 133.620000 133.620000 132.000000 0.014345 0 1 0 0
TD13TRACE 7229 133.620000 133.620000 132.000000 0.013270 0 1 0 0
TD13TRACE 7230 133.620000 133.620000 132.000000 0.013532 0 1 0 0
TD13TRACE 7231 133.620000 133.620000 132.000000 0.014651 0 1 0 0
TD13TRACE 7232 133.620000 133.620000 132.000000 0.013329 0 1 0 0
TD13TRACE 7233 133.620000 133.620000 132.000000 0.013889 0 1 0 0
TD13TRACE 7234 133.620000 133.620000 132.000000 0.014101 0 1 0 0
TD13TRACE 7235 133.620000 133.620000 132.000000 0.013696 0 1 0 0
TD13TRACE 7236 133.620000 133.620000 132.000000 0.013904 0 1 0 0
TD13TRACE 7237 133.620000 133.620000 132.000000 0.014618 0 1 0 0
TD13TRACE 7238 133.620000 133.620000 132.000000 0.013100 0 1 0 0
TD13TRACE 7239 133.620000 133.620000 132.000000 0.013805 0 1 0 0
TD13TRACE 7240 133.620000 133.620000 132.000000 0.014820 0 1 0 0
TD13TRACE 7241 133.620000 133.620000 132.000000 0.013419 0 1 0 0
TD13TRACE 7242 133.620000 133.620000 132.000000 0.013574 0 1 0 0
TD13TRACE 7243 133.620000 133.620000 132.000000 0.014450 0 1 0 0
TD13TRACE 7244 133.620000 133.620000 132.000000 0.013972 0 1 0 0
TD13TRACE 7245 133.620000 133.620000 132.000000 0.013025 0 1 0 0
TD13TRACE 7246 133.620000 133.620000 132.000000 0.014871 0 1 0 0
TD13TRACE 7247 133.620000 133.620000 132.000000 0.012941 0 1 0 0
TD13TRACE 7248 133.620000 133.620000 132.000000 0.014080 0 1 0 0
TD13TRACE 7249 133.620000 133.620000 132.000000 0.014375 0 1 0 0
TD13TRACE 7250 133.620000 133.620000 132.000000 0.013658 0 1 0 0
TD13TRACE 7251 133.620000 133.620000 132.000000 0.013493 0 1 0 0
TD13TRACE 7252 133.620000 133.620000 132.000000 0.014662 0 1 0 0
TD13TRACE 7253 133.620000 133.620000 132.000000 0.013314 0 1 0 0
TD13TRACE 7254 133.620000 133.620000 132.000000 0.013640 0 1 0 0
TD13TRACE 7255 133.620000 133.620000 132.000000 0.014723 0 1 0 0
TD13TRACE 7256 133.620000 133.620000 132.000000 0.013685 0 1 0 0
TD13TRACE 7257 133.620000 133.620000 132.000000 0.013274 0 1 0 0
TD13TRACE 7258 133.620000 133.620000 132.000000 0.014491 0 1 0 0
TD13TRACE 7259 133.620000 133.620000 132.000000 0.013627 0 1 0 0
TD13TRACE 7260 133.620000 133.620000 132.000000 0.013692 0 1 0 0
TD13TRACE 7261 133.620000 133.620000 132.000000 0.014445 0 1 0 0
TD13TRACE 7262 133.620000 133.620000 132.000000 0.013332 0 1 0 0
TD13TRACE 7263 133.620000 133.620000 132.000000 0.013637 0 1 0 0
TD13TRACE 7264 133.620000 133.620000 132.000000 0.014875 0 1 0 0
TD13TRACE 7265 133.620000 133.620000 132.000000 0.013391 0 1 0 0
TD13TRACE 7266 133.620000 133.620000 132.000000 0.013871 0 1 0 0
TD13TRACE 7267 133.620000 133.620000 132.000000 0.014388 0 1 0 0
TD13TRACE 7268 133.620000 133.620000 132.000000 0.013201 0 1 0 0
TD13TRACE 7269 133.620000 133.620000 132.000000 0.013594 0 1 0 0
TD13TRACE 7270 133.620000 133.620000 132.000000 0.014982 0 1 0 0
TD13TRACE 7271 133.620000 133.620000 132.000000 0.013254 0 1 0 0
TD13TRACE 7272 133.620000 133.620000 132.000000 0.013660 0 1 0 0
TD13TRACE 7273 133.620000 133.620000 132.000000 0.014892 0 1 0 0
TD13TRACE 7274 133.620000 133.620000 132.000000 0.013068 0 1 0 0
TD13TRACE 7275 133.620000 133.620000 132.000000 0.013398 0 1 0 0
TD13TRACE 7276 133.620000 133.620000 132.000000 0.014892 0 1 0 0
TD13TRACE 7277 133.620000 133.620000 132.000000 0.013306 0 1 0 0
TD13TRACE 7278 133.620000 133.620000 132.000000 0.013789 0 1 0 0
TD13TRACE 7279 133.620000 133.620000 132.000000 0.014760 0 1 0 0
TD13TRACE 7280 133.620000 133.620000 132.000000 0.013244 0 1 0 0
TD13TRACE 7281 133.620000 133.620000 132.000000 0.013381 0 1 0 0
TD13TRACE 7282 133.620000 133.620000 132.000000 0.014948 0 1 0 0
TD13TRACE 7283 133.620000 133.620000 132.000000 0.013319 0 1 0 0
TD13TRACE 7284 133.620000 133.620000 132.000000 0.013465 0 1 0 0
TD13TRACE 7285 133.620000 133.620000 132.000000 0.014497 0 1 0 0
TD13TRACE 7286 133.620000 133.620000 132.000000 0.013610 0 1 0 0
TD13TRACE 7287 133.620000 133.620000 132.000000 0.013853 0 1 0 0
TD13TRACE 7288 133.620000 133.620000 132.000000 0.014462 0 1 0 0
TD13TRACE 7289 133.620000 133.620000 132.000000 0.013342 0 1 0 0
TD13TRACE 7290 133.620000 133.620000 132.000000 0.013634 0 1 0 0
TD13TRACE 7291 133.620000 133.620000 132.000000 0.014705 0 1 0 0
TD13TRACE 7292 133.620000 133.620000 132.000000 0.013352 0 1 0 0
TD13TRACE 7293 133.620000 133.620000 132.000000 0.013900 0 1 0 0
TD13TRACE 7294 133.620000 133.620000 132.000000 0.014792 0 1 0 0
TD13TRACE 7295 133.620000 133.620000 132.000000 0.013226 0 1 0 0
TD13TRACE 7296 133.620000 133.620000 132.000000 0.013463 0 1 0 0
TD13TRACE 7297 133.620000 133.620000 132.000000 0.014689 0 1 0 0
TD13TRACE 7298 133.620000 133.620000 132.000000 0.013156 0 1 0 0
TD13TRACE 7299 133.620000 133.620000 132.000000 0.013609 0 1 0 0
TD13TRACE 7300 133.620000 133.620000 132.000000 0.015140 0 1 0 0
[2026-09-15 06:55:31.993] [info] fps 72.0 | pos (0.50, 132.00, -4.70) | chunks 113 | stream-meshed 104
TD13TRACE 7301 133.620000 133.620000 132.000000 0.013332 0 1 0 0
TD13TRACE 7302 133.620000 133.620000 132.000000 0.013342 0 1 0 0
TD13TRACE 7303 133.620000 133.620000 132.000000 0.015115 0 1 0 0
TD13TRACE 7304 133.620000 133.620000 132.000000 0.012874 0 1 0 0
[2026-09-15 06:55:32.049] [info] autosave: 0 chunk(s) queued for async write, level written (ticks=3397)
TD13TRACE 7305 133.620000 133.620000 132.000000 0.014361 0 1 0 0
TD13TRACE 7306 133.620000 133.620000 132.000000 0.013671 0 1 0 0
TD13TRACE 7307 133.620000 133.620000 132.000000 0.013864 0 1 0 0
TD13TRACE 7308 133.620000 133.620000 132.000000 0.013756 0 1 0 0
TD13TRACE 7309 133.620000 133.620000 132.000000 0.014443 0 1 0 0
TD13TRACE 7310 133.620000 133.620000 132.000000 0.013194 0 1 0 0
TD13TRACE 7311 133.620000 133.620000 132.000000 0.013589 0 1 0 0
TD13TRACE 7312 133.620000 133.620000 132.000000 0.014700 0 1 0 0
TD13TRACE 7313 133.620000 133.620000 132.000000 0.013388 0 1 0 0
TD13TRACE 7314 133.620000 133.620000 132.000000 0.013594 0 1 0 0
TD13TRACE 7315 133.620000 133.620000 132.000000 0.015189 0 1 0 0
TD13TRACE 7316 133.620000 133.620000 132.000000 0.013057 0 1 0 0
TD13TRACE 7317 133.620000 133.620000 132.000000 0.013590 0 1 0 0
TD13TRACE 7318 133.620000 133.620000 132.000000 0.014628 0 1 0 0
TD13TRACE 7319 133.620000 133.620000 132.000000 0.013437 0 1 0 0
TD13TRACE 7320 133.620000 133.620000 132.000000 0.013479 0 1 0 0
TD13TRACE 7321 133.620000 133.620000 132.000000 0.014505 0 1 0 0
TD13TRACE 7322 133.620000 133.620000 132.000000 0.014052 0 1 0 0
TD13TRACE 7323 133.620000 133.620000 132.000000 0.013695 0 1 0 0
TD13TRACE 7324 133.620000 133.620000 132.000000 0.014429 0 1 0 0
TD13TRACE 7325 133.620000 133.620000 132.000000 0.013444 0 1 0 0
TD13TRACE 7326 133.620000 133.620000 132.000000 0.013696 0 1 0 0
TD13TRACE 7327 133.620000 133.620000 132.000000 0.014613 0 1 0 0
TD13TRACE 7328 133.620000 133.620000 132.000000 0.013294 0 1 0 0
TD13TRACE 7329 133.620000 133.620000 132.000000 0.013690 0 1 0 0
TD13TRACE 7330 133.620000 133.620000 132.000000 0.014591 0 1 0 0
TD13TRACE 7331 133.620000 133.620000 132.000000 0.013578 0 1 0 0
TD13TRACE 7332 133.620000 133.620000 132.000000 0.013580 0 1 0 0
TD13TRACE 7333 133.620000 133.620000 132.000000 0.014512 0 1 0 0
TD13TRACE 7334 133.620000 133.620000 132.000000 0.012692 0 1 0 0
TD13TRACE 7335 133.620000 133.620000 132.000000 0.013879 0 1 0 0
TD13TRACE 7336 133.620000 133.620000 132.000000 0.014714 0 1 0 0
TD13TRACE 7337 133.620000 133.620000 132.000000 0.013470 0 1 0 0
TD13TRACE 7338 133.620000 133.620000 132.000000 0.013769 0 1 0 0
TD13TRACE 7339 133.620000 133.620000 132.000000 0.014750 0 1 0 0
TD13TRACE 7340 133.620000 133.620000 132.000000 0.013499 0 1 0 0
TD13TRACE 7341 133.620000 133.620000 132.000000 0.013668 0 1 0 0
TD13TRACE 7342 133.620000 133.620000 132.000000 0.014581 0 1 0 0
TD13TRACE 7343 133.620000 133.620000 132.000000 0.013274 0 1 0 0
TD13TRACE 7344 133.620000 133.620000 132.000000 0.013795 0 1 0 0
TD13TRACE 7345 133.620000 133.620000 132.000000 0.014274 0 1 0 0
TD13TRACE 7346 133.620000 133.620000 132.000000 0.013578 0 1 0 0
TD13TRACE 7347 133.620000 133.620000 132.000000 0.013844 0 1 0 0
TD13TRACE 7348 133.620000 133.620000 132.000000 0.014505 0 1 0 0
TD13TRACE 7349 133.620000 133.620000 132.000000 0.013410 0 1 0 0
TD13TRACE 7350 133.620000 133.620000 132.000000 0.013472 0 1 0 0
TD13TRACE 7351 133.620000 133.620000 132.000000 0.015081 0 1 0 0
TD13TRACE 7352 133.620000 133.620000 132.000000 0.013445 0 1 0 0
TD13TRACE 7353 133.620000 133.620000 132.000000 0.013219 0 1 0 0
TD13TRACE 7354 133.620000 133.620000 132.000000 0.014439 0 1 0 0
TD13TRACE 7355 133.620000 133.620000 132.000000 0.013539 0 1 0 0
TD13TRACE 7356 133.620000 133.620000 132.000000 0.013471 0 1 0 0
TD13TRACE 7357 133.620000 133.620000 132.000000 0.014493 0 1 0 0
TD13TRACE 7358 133.620000 133.620000 132.000000 0.013343 0 1 0 0
TD13TRACE 7359 133.620000 133.620000 132.000000 0.013526 0 1 0 0
TD13TRACE 7360 133.620000 133.620000 132.000000 0.014641 0 1 0 0
TD13TRACE 7361 133.620000 133.620000 132.000000 0.013301 0 1 0 0
TD13TRACE 7362 133.620000 133.620000 132.000000 0.013704 0 1 0 0
TD13TRACE 7363 133.620000 133.620000 132.000000 0.015204 0 1 0 0
TD13TRACE 7364 133.620000 133.620000 132.000000 0.013183 0 1 0 0
TD13TRACE 7365 133.620000 133.620000 132.000000 0.013697 0 1 0 0
TD13TRACE 7366 133.620000 133.620000 132.000000 0.014664 0 1 0 0
TD13TRACE 7367 133.620000 133.620000 132.000000 0.013055 0 1 0 0
TD13TRACE 7368 133.620000 133.620000 132.000000 0.013455 0 1 0 0
TD13TRACE 7369 133.620000 133.620000 132.000000 0.015079 0 1 0 0
TD13TRACE 7370 133.620000 133.620000 132.000000 0.013250 0 1 0 0
TD13TRACE 7371 133.620000 133.620000 132.000000 0.013656 0 1 0 0
TD13TRACE 7372 133.620000 133.620000 132.000000 0.014668 0 1 0 0
TD13TRACE 7373 133.620000 133.620000 132.000000 0.013375 0 1 0 0
TD13TRACE 7374 133.620000 133.620000 132.000000 0.013542 0 1 0 0
TD13TRACE 7375 133.620000 133.620000 132.000000 0.014463 0 1 0 0
TD13TRACE 7376 133.620000 133.620000 132.000000 0.013663 0 1 0 0
TD13TRACE 7377 133.620000 133.620000 132.000000 0.013501 0 1 0 0
TD13TRACE 7378 133.620000 133.620000 132.000000 0.014688 0 1 0 0
TD13TRACE 7379 133.620000 133.620000 132.000000 0.013222 0 1 0 0
TD13TRACE 7380 133.620000 133.620000 132.000000 0.014011 0 1 0 0
TD13TRACE 7381 133.620000 133.620000 132.000000 0.014738 0 1 0 0
TD13TRACE 7382 133.620000 133.620000 132.000000 0.013346 0 1 0 0
TD13TRACE 7383 133.620000 133.620000 132.000000 0.013623 0 1 0 0
TD13TRACE 7384 133.620000 133.620000 132.000000 0.014781 0 1 0 0
TD13TRACE 7385 133.620000 133.620000 132.000000 0.013325 0 1 0 0
TD13TRACE 7386 133.620000 133.620000 132.000000 0.013454 0 1 0 0
TD13TRACE 7387 133.620000 133.620000 132.000000 0.014942 0 1 0 0
TD13TRACE 7388 133.620000 133.620000 132.000000 0.013234 0 1 0 0
TD13TRACE 7389 133.620000 133.620000 132.000000 0.013555 0 1 0 0
TD13TRACE 7390 133.620000 133.620000 132.000000 0.014738 0 1 0 0
TD13TRACE 7391 133.620000 133.620000 132.000000 0.013168 0 1 0 0
TD13TRACE 7392 133.620000 133.620000 132.000000 0.014579 0 1 0 0
TD13TRACE 7393 133.620000 133.620000 132.000000 0.014311 0 1 0 0
TD13TRACE 7394 133.620000 133.620000 132.000000 0.012637 0 1 0 0
TD13TRACE 7395 133.620000 133.620000 132.000000 0.014232 0 1 0 0
TD13TRACE 7396 133.620000 133.620000 132.000000 0.014504 0 1 0 0
TD13TRACE 7397 133.620000 133.620000 132.000000 0.013604 0 1 0 0
TD13TRACE 7398 133.620000 133.620000 132.000000 0.013454 0 1 0 0
TD13TRACE 7399 133.620000 133.620000 132.000000 0.014823 0 1 0 0
TD13TRACE 7400 133.620000 133.620000 132.000000 0.013404 0 1 0 0
TD13TRACE 7401 133.620000 133.620000 132.000000 0.013630 0 1 0 0
TD13TRACE 7402 133.620000 133.620000 132.000000 0.013863 0 1 0 0
TD13TRACE 7403 133.620000 133.620000 132.000000 0.013744 0 1 0 0
TD13TRACE 7404 133.620000 133.620000 132.000000 0.013908 0 1 0 0
TD13TRACE 7405 133.620000 133.620000 132.000000 0.014622 0 1 0 0
TD13TRACE 7406 133.620000 133.620000 132.000000 0.013395 0 1 0 0
TD13TRACE 7407 133.620000 133.620000 132.000000 0.013586 0 1 0 0
TD13TRACE 7408 133.620000 133.620000 132.000000 0.014927 0 1 0 0
TD13TRACE 7409 133.620000 133.620000 132.000000 0.013016 0 1 0 0
TD13TRACE 7410 133.620000 133.620000 132.000000 0.013911 0 1 0 0
TD13TRACE 7411 133.620000 133.620000 132.000000 0.014857 0 1 0 0
TD13TRACE 7412 133.620000 133.620000 132.000000 0.012717 0 1 0 0
TD13TRACE 7413 133.620000 133.620000 132.000000 0.014198 0 1 0 0
TD13TRACE 7414 133.620000 133.620000 132.000000 0.014563 0 1 0 0
TD13TRACE 7415 133.620000 133.620000 132.000000 0.013378 0 1 0 0
TD13TRACE 7416 133.620000 133.620000 132.000000 0.013475 0 1 0 0
TD13TRACE 7417 133.620000 133.620000 132.000000 0.014618 0 1 0 0
TD13TRACE 7418 133.620000 133.620000 132.000000 0.013233 0 1 0 0
TD13TRACE 7419 133.620000 133.620000 132.000000 0.013997 0 1 0 0
TD13TRACE 7420 133.620000 133.620000 132.000000 0.014171 0 1 0 0
TD13TRACE 7421 133.620000 133.620000 132.000000 0.013848 0 1 0 0
TD13TRACE 7422 133.620000 133.620000 132.000000 0.012814 0 1 0 0
TD13TRACE 7423 133.620000 133.620000 132.000000 0.007412 0 1 0 0
TD13TRACE 7424 133.620000 133.620000 132.000000 0.013441 0 1 0 0
TD13TRACE 7425 133.620000 133.620000 132.000000 0.007016 0 1 0 0
TD13TRACE 7426 133.620000 133.620000 132.000000 0.013806 0 1 0 0
TD13TRACE 7427 133.620000 133.620000 132.000000 0.006848 0 1 0 0
TD13TRACE 7428 133.620000 133.620000 132.000000 0.014439 0 1 0 0
TD13TRACE 7429 133.620000 133.620000 132.000000 0.006432 0 1 0 0
TD13TRACE 7430 133.620000 133.620000 132.000000 0.013976 0 1 0 0
TD13TRACE 7431 133.620000 133.620000 132.000000 0.007341 0 1 0 0
TD13TRACE 7432 133.620000 133.620000 132.000000 0.013902 0 1 0 0
TD13TRACE 7433 133.620000 133.620000 132.000000 0.006731 0 1 0 0
TD13TRACE 7434 133.620000 133.620000 132.000000 0.014125 0 1 0 0
TD13TRACE 7435 133.620000 133.620000 132.000000 0.006878 0 1 0 0
TD13TRACE 7436 133.620000 133.620000 132.000000 0.013960 0 1 0 0
TD13TRACE 7437 133.620000 133.620000 132.000000 0.006690 0 1 0 0
TD13TRACE 7438 133.620000 133.620000 132.000000 0.014150 0 1 0 0
TD13TRACE 7439 133.620000 133.620000 132.000000 0.006722 0 1 0 0
TD13TRACE 7440 133.620000 133.620000 132.000000 0.014234 0 1 0 0
TD13TRACE 7441 133.620000 133.620000 132.000000 0.006571 0 1 0 0
TD13TRACE 7442 133.620000 133.620000 132.000000 0.014166 0 1 0 0
TD13TRACE 7443 133.620000 133.620000 132.000000 0.006692 0 1 0 0
TD13TRACE 7444 133.620000 133.620000 132.000000 0.014169 0 1 0 0
TD13TRACE 7445 133.620000 133.620000 132.000000 0.006775 0 1 0 0
TD13TRACE 7446 133.620000 133.620000 132.000000 0.014124 0 1 0 0
TD13TRACE 7447 133.620000 133.620000 132.000000 0.006514 0 1 0 0
TD13TRACE 7448 133.620000 133.620000 132.000000 0.013744 0 1 0 0
TD13TRACE 7449 133.620000 133.620000 132.000000 0.006875 0 1 0 0
TD13TRACE 7450 133.620000 133.620000 132.000000 0.014029 0 1 0 0
TD13TRACE 7451 133.620000 133.620000 132.000000 0.007486 0 1 0 0
TD13TRACE 7452 133.620000 133.620000 132.000000 0.013319 0 1 0 0
[2026-09-15 06:55:33.993] [info] fps 75.8 | pos (0.50, 132.00, -4.70) | chunks 113 | stream-meshed 104
TD13TRACE 7453 133.620000 133.620000 132.000000 0.007627 0 1 0 0
TD13TRACE 7454 133.620000 133.620000 132.000000 0.013221 0 1 0 0
TD13TRACE 7455 133.620000 133.620000 132.000000 0.007986 0 1 0 0
TD13TRACE 7456 133.620000 133.620000 132.000000 0.013105 0 1 0 0
TD13TRACE 7457 133.620000 133.620000 132.000000 0.008287 0 1 0 0
TD13TRACE 7458 133.620000 133.620000 132.000000 0.012675 0 1 0 0
TD13TRACE 7459 133.620000 133.620000 132.000000 0.007261 0 1 0 0
TD13TRACE 7460 133.620000 133.620000 132.000000 0.013629 0 1 0 0
TD13TRACE 7461 133.620000 133.620000 132.000000 0.007378 0 1 0 0
TD13TRACE 7462 133.620000 133.620000 132.000000 0.013477 0 1 0 0
TD13TRACE 7463 133.620000 133.620000 132.000000 0.007049 0 1 0 0
TD13TRACE 7464 133.620000 133.620000 132.000000 0.013721 0 1 0 0
TD13TRACE 7465 133.620000 133.620000 132.000000 0.007134 0 1 0 0
TD13TRACE 7466 133.620000 133.620000 132.000000 0.013776 0 1 0 0
TD13TRACE 7467 133.620000 133.620000 132.000000 0.007267 0 1 0 0
TD13TRACE 7468 133.620000 133.620000 132.000000 0.013540 0 1 0 0
TD13TRACE 7469 133.620000 133.620000 132.000000 0.007420 0 1 0 0
TD13TRACE 7470 133.620000 133.620000 132.000000 0.013454 0 1 0 0
TD13TRACE 7471 133.620000 133.620000 132.000000 0.007126 0 1 0 0
TD13TRACE 7472 133.620000 133.620000 132.000000 0.013701 0 1 0 0
TD13TRACE 7473 133.620000 133.620000 132.000000 0.007035 0 1 0 0
TD13TRACE 7474 133.620000 133.620000 132.000000 0.013710 0 1 0 0
TD13TRACE 7475 133.620000 133.620000 132.000000 0.007465 0 1 0 0
TD13TRACE 7476 133.620000 133.620000 132.000000 0.013012 0 1 0 0
TD13TRACE 7477 133.620000 133.620000 132.000000 0.007951 0 1 0 0
TD13TRACE 7478 133.620000 133.620000 132.000000 0.012927 0 1 0 0
TD13TRACE 7479 133.620000 133.620000 132.000000 0.007933 0 1 0 0
TD13TRACE 7480 133.620000 133.620000 132.000000 0.012847 0 1 0 0
TD13TRACE 7481 133.620000 133.620000 132.000000 0.008428 0 1 0 0
TD13TRACE 7482 133.620000 133.620000 132.000000 0.012399 0 1 0 0
TD13TRACE 7483 133.620000 133.620000 132.000000 0.007595 0 1 0 0
TD13TRACE 7484 133.620000 133.620000 132.000000 0.013229 0 1 0 0
TD13TRACE 7485 133.620000 133.620000 132.000000 0.007567 0 1 0 0
TD13TRACE 7486 133.620000 133.620000 132.000000 0.013260 0 1 0 0
TD13TRACE 7487 133.620000 133.620000 132.000000 0.007484 0 1 0 0
TD13TRACE 7488 133.620000 133.620000 132.000000 0.013318 0 1 0 0
TD13TRACE 7489 133.620000 133.620000 132.000000 0.007952 0 1 0 0
TD13TRACE 7490 133.620000 133.620000 132.000000 0.012839 0 1 0 0
TD13TRACE 7491 133.620000 133.620000 132.000000 0.007825 0 1 0 0
TD13TRACE 7492 133.620000 133.620000 132.000000 0.013058 0 1 0 0
TD13TRACE 7493 133.620000 133.620000 132.000000 0.017104 0 1 0 0
TD13TRACE 7494 133.620000 133.620000 132.000000 0.014133 0 1 0 0
TD13TRACE 7495 133.620000 133.620000 132.000000 0.006892 0 1 0 0
TD13TRACE 7496 133.620000 133.620000 132.000000 0.012295 0 1 0 0
TD13TRACE 7497 133.620000 133.620000 132.000000 0.012107 0 1 0 0
TD13TRACE 7498 133.620000 133.620000 132.000000 0.008234 0 1 0 0
TD13TRACE 7499 133.620000 133.620000 132.000000 0.012693 0 1 0 0
TD13TRACE 7500 133.620000 133.620000 132.000000 0.007967 0 1 0 0
TD13TRACE 7501 133.620000 133.620000 132.000000 0.012803 0 1 0 0
TD13TRACE 7502 133.620000 133.620000 132.000000 0.007338 0 1 0 0
TD13TRACE 7503 133.620000 133.620000 132.000000 0.013457 0 1 0 0
TD13TRACE 7504 133.620000 133.620000 132.000000 0.006857 0 1 0 0
TD13TRACE 7505 133.620000 133.620000 132.000000 0.013953 0 1 0 0
TD13TRACE 7506 133.620000 133.620000 132.000000 0.006867 0 1 0 0
TD13TRACE 7507 133.620000 133.620000 132.000000 0.014028 0 1 0 0
TD13TRACE 7508 133.620000 133.620000 132.000000 0.006800 0 1 0 0
TD13TRACE 7509 133.620000 133.620000 132.000000 0.013968 0 1 0 0
TD13TRACE 7510 133.620000 133.620000 132.000000 0.006859 0 1 0 0
TD13TRACE 7511 133.620000 133.620000 132.000000 0.013970 0 1 0 0
TD13TRACE 7512 133.620000 133.620000 132.000000 0.006849 0 1 0 0
TD13TRACE 7513 133.620000 133.620000 132.000000 0.014060 0 1 0 0
TD13TRACE 7514 133.620000 133.620000 132.000000 0.006811 0 1 0 0
TD13TRACE 7515 133.620000 133.620000 132.000000 0.013968 0 1 0 0
TD13TRACE 7516 133.620000 133.620000 132.000000 0.006841 0 1 0 0
TD13TRACE 7517 133.620000 133.620000 132.000000 0.014009 0 1 0 0
TD13TRACE 7518 133.620000 133.620000 132.000000 0.006831 0 1 0 0
TD13TRACE 7519 133.620000 133.620000 132.000000 0.013955 0 1 0 0
TD13TRACE 7520 133.620000 133.620000 132.000000 0.006913 0 1 0 0
TD13TRACE 7521 133.620000 133.620000 132.000000 0.013934 0 1 0 0
TD13TRACE 7522 133.620000 133.620000 132.000000 0.006863 0 1 0 0
TD13TRACE 7523 133.620000 133.620000 132.000000 0.013986 0 1 0 0
TD13TRACE 7524 133.620000 133.620000 132.000000 0.006864 0 1 0 0
TD13TRACE 7525 133.620000 133.620000 132.000000 0.013979 0 1 0 0
TD13TRACE 7526 133.620000 133.620000 132.000000 0.006863 0 1 0 0
TD13TRACE 7527 133.620000 133.620000 132.000000 0.013996 0 1 0 0
TD13TRACE 7528 133.620000 133.620000 132.000000 0.006833 0 1 0 0
TD13TRACE 7529 133.620000 133.620000 132.000000 0.013869 0 1 0 0
TD13TRACE 7530 133.620000 133.620000 132.000000 0.006893 0 1 0 0
TD13TRACE 7531 133.620000 133.620000 132.000000 0.013946 0 1 0 0
TD13TRACE 7532 133.620000 133.620000 132.000000 0.006938 0 1 0 0
TD13TRACE 7533 133.620000 133.620000 132.000000 0.013992 0 1 0 0
TD13TRACE 7534 133.620000 133.620000 132.000000 0.006851 0 1 0 0
TD13TRACE 7535 133.620000 133.620000 132.000000 0.013928 0 1 0 0
TD13TRACE 7536 133.620000 133.620000 132.000000 0.006884 0 1 0 0
TD13TRACE 7537 133.620000 133.620000 132.000000 0.013972 0 1 0 0
TD13TRACE 7538 133.620000 133.620000 132.000000 0.006860 0 1 0 0
TD13TRACE 7539 133.620000 133.620000 132.000000 0.014003 0 1 0 0
TD13TRACE 7540 133.620000 133.620000 132.000000 0.007111 0 1 0 0
TD13TRACE 7541 133.620000 133.620000 132.000000 0.013736 0 1 0 0
TD13TRACE 7542 133.620000 133.620000 132.000000 0.006749 0 1 0 0
TD13TRACE 7543 133.620000 133.620000 132.000000 0.013975 0 1 0 0
TD13TRACE 7544 133.620000 133.620000 132.000000 0.006872 0 1 0 0
TD13TRACE 7545 133.620000 133.620000 132.000000 0.013941 0 1 0 0
TD13TRACE 7546 133.620000 133.620000 132.000000 0.006868 0 1 0 0
TD13TRACE 7547 133.620000 133.620000 132.000000 0.013972 0 1 0 0
TD13TRACE 7548 133.620000 133.620000 132.000000 0.006870 0 1 0 0
TD13TRACE 7549 133.620000 133.620000 132.000000 0.013929 0 1 0 0
TD13TRACE 7550 133.620000 133.620000 132.000000 0.006901 0 1 0 0
TD13TRACE 7551 133.620000 133.620000 132.000000 0.013968 0 1 0 0
TD13TRACE 7552 133.620000 133.620000 132.000000 0.006895 0 1 0 0
TD13TRACE 7553 133.620000 133.620000 132.000000 0.013955 0 1 0 0
TD13TRACE 7554 133.620000 133.620000 132.000000 0.006886 0 1 0 0
TD13TRACE 7555 133.620000 133.620000 132.000000 0.013991 0 1 0 0
TD13TRACE 7556 133.620000 133.620000 132.000000 0.006845 0 1 0 0
TD13TRACE 7557 133.620000 133.620000 132.000000 0.013934 0 1 0 0
TD13TRACE 7558 133.620000 133.620000 132.000000 0.006874 0 1 0 0
TD13TRACE 7559 133.620000 133.620000 132.000000 0.013951 0 1 0 0
TD13TRACE 7560 133.620000 133.620000 132.000000 0.006863 0 1 0 0
TD13TRACE 7561 133.620000 133.620000 132.000000 0.014493 0 1 0 0
TD13TRACE 7562 133.620000 133.620000 132.000000 0.006768 0 1 0 0
TD13TRACE 7563 133.620000 133.620000 132.000000 0.014029 0 1 0 0
TD13TRACE 7564 133.620000 133.620000 132.000000 0.006923 0 1 0 0
TD13TRACE 7565 133.620000 133.620000 132.000000 0.014037 0 1 0 0
TD13TRACE 7566 133.620000 133.620000 132.000000 0.006742 0 1 0 0
TD13TRACE 7567 133.620000 133.620000 132.000000 0.013985 0 1 0 0
TD13TRACE 7568 133.620000 133.620000 132.000000 0.006442 0 1 0 0
TD13TRACE 7569 133.620000 133.620000 132.000000 0.014485 0 1 0 0
TD13TRACE 7570 133.620000 133.620000 132.000000 0.006333 0 1 0 0
TD13TRACE 7571 133.620000 133.620000 132.000000 0.014016 0 1 0 0
TD13TRACE 7572 133.620000 133.620000 132.000000 0.006825 0 1 0 0
TD13TRACE 7573 133.620000 133.620000 132.000000 0.013951 0 1 0 0
TD13TRACE 7574 133.620000 133.620000 132.000000 0.015079 0 1 0 0
TD13TRACE 7575 133.620000 133.620000 132.000000 0.013163 0 1 0 0
TD13TRACE 7576 133.620000 133.620000 132.000000 0.013473 0 1 0 0
TD13TRACE 7577 133.620000 133.620000 132.000000 0.008498 0 1 0 0
TD13TRACE 7578 133.620000 133.620000 132.000000 0.012257 0 1 0 0
TD13TRACE 7579 133.620000 133.620000 132.000000 0.007434 0 1 0 0
TD13TRACE 7580 133.620000 133.620000 132.000000 0.013472 0 1 0 0
TD13TRACE 7581 133.620000 133.620000 132.000000 0.007307 0 1 0 0
TD13TRACE 7582 133.620000 133.620000 132.000000 0.013418 0 1 0 0
TD13TRACE 7583 133.620000 133.620000 132.000000 0.006899 0 1 0 0
TD13TRACE 7584 133.620000 133.620000 132.000000 0.013987 0 1 0 0
TD13TRACE 7585 133.620000 133.620000 132.000000 0.006926 0 1 0 0
TD13TRACE 7586 133.620000 133.620000 132.000000 0.013905 0 1 0 0
TD13TRACE 7587 133.620000 133.620000 132.000000 0.006864 0 1 0 0
TD13TRACE 7588 133.620000 133.620000 132.000000 0.014021 0 1 0 0
TD13TRACE 7589 133.620000 133.620000 132.000000 0.007545 0 1 0 0
TD13TRACE 7590 133.620000 133.620000 132.000000 0.013333 0 1 0 0
TD13TRACE 7591 133.620000 133.620000 132.000000 0.007503 0 1 0 0
TD13TRACE 7592 133.620000 133.620000 132.000000 0.013330 0 1 0 0
TD13TRACE 7593 133.620000 133.620000 132.000000 0.007678 0 1 0 0
TD13TRACE 7594 133.620000 133.620000 132.000000 0.013075 0 1 0 0
TD13TRACE 7595 133.620000 133.620000 132.000000 0.007497 0 1 0 0
TD13TRACE 7596 133.620000 133.620000 132.000000 0.013875 0 1 0 0
TD13TRACE 7597 133.620000 133.620000 132.000000 0.006834 0 1 0 0
TD13TRACE 7598 133.620000 133.620000 132.000000 0.013963 0 1 0 0
TD13TRACE 7599 133.620000 133.620000 132.000000 0.006992 0 1 0 0
TD13TRACE 7600 133.620000 133.620000 132.000000 0.013831 0 1 0 0
TD13TRACE 7601 133.620000 133.620000 132.000000 0.007030 0 1 0 0
TD13TRACE 7602 133.620000 133.620000 132.000000 0.013811 0 1 0 0
TD13TRACE 7603 133.620000 133.620000 132.000000 0.007087 0 1 0 0
TD13TRACE 7604 133.620000 133.620000 132.000000 0.013709 0 1 0 0
TD13TRACE 7605 133.620000 133.620000 132.000000 0.006997 0 1 0 0
TD13TRACE 7606 133.620000 133.620000 132.000000 0.013924 0 1 0 0
TD13TRACE 7607 133.620000 133.620000 132.000000 0.007010 0 1 0 0
TD13TRACE 7608 133.620000 133.620000 132.000000 0.013787 0 1 0 0
TD13TRACE 7609 133.620000 133.620000 132.000000 0.007566 0 1 0 0
TD13TRACE 7610 133.620000 133.620000 132.000000 0.013230 0 1 0 0
TD13TRACE 7611 133.620000 133.620000 132.000000 0.006994 0 1 0 0
TD13TRACE 7612 133.620000 133.620000 132.000000 0.013414 0 1 0 0
TD13TRACE 7613 133.620000 133.620000 132.000000 0.007736 0 1 0 0
TD13TRACE 7614 133.620000 133.620000 132.000000 0.013457 0 1 0 0
TD13TRACE 7615 133.620000 133.620000 132.000000 0.007056 0 1 0 0
TD13TRACE 7616 133.620000 133.620000 132.000000 0.013911 0 1 0 0
TD13TRACE 7617 133.620000 133.620000 132.000000 0.007379 0 1 0 0
TD13TRACE 7618 133.620000 133.620000 132.000000 0.013090 0 1 0 0
TD13TRACE 7619 133.620000 133.620000 132.000000 0.007737 0 1 0 0
TD13TRACE 7620 133.620000 133.620000 132.000000 0.013104 0 1 0 0
TD13TRACE 7621 133.620000 133.620000 132.000000 0.007429 0 1 0 0
TD13TRACE 7622 133.620000 133.620000 132.000000 0.013360 0 1 0 0
TD13TRACE 7623 133.620000 133.620000 132.000000 0.006940 0 1 0 0
TD13TRACE 7624 133.620000 133.620000 132.000000 0.014046 0 1 0 0
TD13TRACE 7625 133.620000 133.620000 132.000000 0.006633 0 1 0 0
TD13TRACE 7626 133.620000 133.620000 132.000000 0.013971 0 1 0 0
TD13TRACE 7627 133.620000 133.620000 132.000000 0.006832 0 1 0 0
TD13TRACE 7628 133.620000 133.620000 132.000000 0.014062 0 1 0 0
TD13TRACE 7629 133.620000 133.620000 132.000000 0.006889 0 1 0 0
TD13TRACE 7630 133.620000 133.620000 132.000000 0.013924 0 1 0 0
TD13TRACE 7631 133.620000 133.620000 132.000000 0.007092 0 1 0 0
TD13TRACE 7632 133.620000 133.620000 132.000000 0.013642 0 1 0 0
TD13TRACE 7633 133.620000 133.620000 132.000000 0.006845 0 1 0 0
TD13TRACE 7634 133.620000 133.620000 132.000000 0.014011 0 1 0 0
TD13TRACE 7635 133.620000 133.620000 132.000000 0.006907 0 1 0 0
TD13TRACE 7636 133.620000 133.620000 132.000000 0.013977 0 1 0 0
TD13TRACE 7637 133.620000 133.620000 132.000000 0.006856 0 1 0 0
TD13TRACE 7638 133.620000 133.620000 132.000000 0.013954 0 1 0 0
TD13TRACE 7639 133.620000 133.620000 132.000000 0.006853 0 1 0 0
TD13TRACE 7640 133.620000 133.620000 132.000000 0.014007 0 1 0 0
TD13TRACE 7641 133.620000 133.620000 132.000000 0.006861 0 1 0 0
TD13TRACE 7642 133.620000 133.620000 132.000000 0.013923 0 1 0 0
[2026-09-15 06:55:35.992] [info] fps 95.0 | pos (0.50, 132.00, -4.70) | chunks 113 | stream-meshed 104
TD13TRACE 7643 133.620000 133.620000 132.000000 0.006873 0 1 0 0
TD13TRACE 7644 133.620000 133.620000 132.000000 0.013951 0 1 0 0
TD13TRACE 7645 133.620000 133.620000 132.000000 0.006848 0 1 0 0
TD13TRACE 7646 133.620000 133.620000 132.000000 0.013983 0 1 0 0
TD13TRACE 7647 133.620000 133.620000 132.000000 0.006888 0 1 0 0
TD13TRACE 7648 133.620000 133.620000 132.000000 0.013963 0 1 0 0
TD13TRACE 7649 133.620000 133.620000 132.000000 0.006898 0 1 0 0
TD13TRACE 7650 133.620000 133.620000 132.000000 0.013980 0 1 0 0
TD13TRACE 7651 133.620000 133.620000 132.000000 0.006928 0 1 0 0
TD13TRACE 7652 133.620000 133.620000 132.000000 0.013898 0 1 0 0
TD13TRACE 7653 133.620000 133.620000 132.000000 0.006813 0 1 0 0
TD13TRACE 7654 133.620000 133.620000 132.000000 0.013956 0 1 0 0
TD13TRACE 7655 133.620000 133.620000 132.000000 0.006852 0 1 0 0
TD13TRACE 7656 133.620000 133.620000 132.000000 0.014042 0 1 0 0
TD13TRACE 7657 133.620000 133.620000 132.000000 0.006804 0 1 0 0
TD13TRACE 7658 133.620000 133.620000 132.000000 0.013988 0 1 0 0
TD13TRACE 7659 133.620000 133.620000 132.000000 0.006838 0 1 0 0
TD13TRACE 7660 133.620000 133.620000 132.000000 0.013970 0 1 0 0
TD13TRACE 7661 133.620000 133.620000 132.000000 0.006917 0 1 0 0
TD13TRACE 7662 133.620000 133.620000 132.000000 0.013969 0 1 0 0
TD13TRACE 7663 133.620000 133.620000 132.000000 0.006864 0 1 0 0
TD13TRACE 7664 133.620000 133.620000 132.000000 0.013965 0 1 0 0
TD13TRACE 7665 133.620000 133.620000 132.000000 0.006845 0 1 0 0
TD13TRACE 7666 133.620000 133.620000 132.000000 0.014035 0 1 0 0
TD13TRACE 7667 133.620000 133.620000 132.000000 0.006928 0 1 0 0
TD13TRACE 7668 133.620000 133.620000 132.000000 0.013760 0 1 0 0
TD13TRACE 7669 133.620000 133.620000 132.000000 0.014491 0 1 0 0
TD13TRACE 7670 133.620000 133.620000 132.000000 0.013312 0 1 0 0
TD13TRACE 7671 133.620000 133.620000 132.000000 0.013891 0 1 0 0
TD13TRACE 7672 133.620000 133.620000 132.000000 0.006915 0 1 0 0
TD13TRACE 7673 133.620000 133.620000 132.000000 0.013930 0 1 0 0
TD13TRACE 7674 133.620000 133.620000 132.000000 0.006868 0 1 0 0
TD13TRACE 7675 133.620000 133.620000 132.000000 0.014004 0 1 0 0
TD13TRACE 7676 133.620000 133.620000 132.000000 0.006884 0 1 0 0
TD13TRACE 7677 133.620000 133.620000 132.000000 0.013919 0 1 0 0
TD13TRACE 7678 133.620000 133.620000 132.000000 0.006862 0 1 0 0
TD13TRACE 7679 133.620000 133.620000 132.000000 0.014010 0 1 0 0
TD13TRACE 7680 133.620000 133.620000 132.000000 0.006850 0 1 0 0
TD13TRACE 7681 133.620000 133.620000 132.000000 0.013984 0 1 0 0
TD13TRACE 7682 133.620000 133.620000 132.000000 0.006867 0 1 0 0
TD13TRACE 7683 133.620000 133.620000 132.000000 0.013916 0 1 0 0
TD13TRACE 7684 133.620000 133.620000 132.000000 0.006901 0 1 0 0
TD13TRACE 7685 133.620000 133.620000 132.000000 0.013933 0 1 0 0
TD13TRACE 7686 133.620000 133.620000 132.000000 0.007001 0 1 0 0
TD13TRACE 7687 133.620000 133.620000 132.000000 0.013936 0 1 0 0
TD13TRACE 7688 133.620000 133.620000 132.000000 0.006963 0 1 0 0
TD13TRACE 7689 133.620000 133.620000 132.000000 0.013878 0 1 0 0
TD13TRACE 7690 133.620000 133.620000 132.000000 0.006998 0 1 0 0
TD13TRACE 7691 133.620000 133.620000 132.000000 0.013852 0 1 0 0
TD13TRACE 7692 133.620000 133.620000 132.000000 0.006861 0 1 0 0
TD13TRACE 7693 133.620000 133.620000 132.000000 0.013887 0 1 0 0
TD13TRACE 7694 133.620000 133.620000 132.000000 0.006894 0 1 0 0
TD13TRACE 7695 133.620000 133.620000 132.000000 0.013929 0 1 0 0
TD13TRACE 7696 133.620000 133.620000 132.000000 0.006872 0 1 0 0
TD13TRACE 7697 133.620000 133.620000 132.000000 0.013974 0 1 0 0
TD13TRACE 7698 133.620000 133.620000 132.000000 0.006881 0 1 0 0
TD13TRACE 7699 133.620000 133.620000 132.000000 0.014005 0 1 0 0
TD13TRACE 7700 133.620000 133.620000 132.000000 0.006804 0 1 0 0
TD13TRACE 7701 133.620000 133.620000 132.000000 0.014006 0 1 0 0
TD13TRACE 7702 133.620000 133.620000 132.000000 0.006834 0 1 0 0
TD13TRACE 7703 133.620000 133.620000 132.000000 0.014007 0 1 0 0
TD13TRACE 7704 133.620000 133.620000 132.000000 0.006824 0 1 0 0
TD13TRACE 7705 133.620000 133.620000 132.000000 0.013981 0 1 0 0
TD13TRACE 7706 133.620000 133.620000 132.000000 0.007128 0 1 0 0
TD13TRACE 7707 133.620000 133.620000 132.000000 0.013725 0 1 0 0
TD13TRACE 7708 133.620000 133.620000 132.000000 0.007044 0 1 0 0
TD13TRACE 7709 133.620000 133.620000 132.000000 0.013813 0 1 0 0
TD13TRACE 7710 133.620000 133.620000 132.000000 0.006953 0 1 0 0
TD13TRACE 7711 133.620000 133.620000 132.000000 0.013858 0 1 0 0
TD13TRACE 7712 133.620000 133.620000 132.000000 0.006893 0 1 0 0
TD13TRACE 7713 133.620000 133.620000 132.000000 0.013948 0 1 0 0
TD13TRACE 7714 133.620000 133.620000 132.000000 0.006845 0 1 0 0
TD13TRACE 7715 133.620000 133.620000 132.000000 0.013936 0 1 0 0
TD13TRACE 7716 133.620000 133.620000 132.000000 0.006904 0 1 0 0
TD13TRACE 7717 133.620000 133.620000 132.000000 0.013974 0 1 0 0
TD13TRACE 7718 133.620000 133.620000 132.000000 0.006827 0 1 0 0
TD13TRACE 7719 133.620000 133.620000 132.000000 0.013970 0 1 0 0
TD13TRACE 7720 133.620000 133.620000 132.000000 0.006881 0 1 0 0
TD13TRACE 7721 133.620000 133.620000 132.000000 0.013972 0 1 0 0
TD13TRACE 7722 133.620000 133.620000 132.000000 0.006836 0 1 0 0
TD13TRACE 7723 133.620000 133.620000 132.000000 0.013998 0 1 0 0
TD13TRACE 7724 133.620000 133.620000 132.000000 0.006848 0 1 0 0
TD13TRACE 7725 133.620000 133.620000 132.000000 0.014013 0 1 0 0
TD13TRACE 7726 133.620000 133.620000 132.000000 0.006847 0 1 0 0
TD13TRACE 7727 133.620000 133.620000 132.000000 0.013914 0 1 0 0
TD13TRACE 7728 133.620000 133.620000 132.000000 0.006886 0 1 0 0
TD13TRACE 7729 133.620000 133.620000 132.000000 0.013955 0 1 0 0
TD13TRACE 7730 133.620000 133.620000 132.000000 0.006866 0 1 0 0
TD13TRACE 7731 133.620000 133.620000 132.000000 0.013954 0 1 0 0
TD13TRACE 7732 133.620000 133.620000 132.000000 0.006878 0 1 0 0
TD13TRACE 7733 133.620000 133.620000 132.000000 0.013965 0 1 0 0
TD13TRACE 7734 133.620000 133.620000 132.000000 0.006880 0 1 0 0
TD13TRACE 7735 133.620000 133.620000 132.000000 0.013989 0 1 0 0
TD13TRACE 7736 133.620000 133.620000 132.000000 0.006878 0 1 0 0
TD13TRACE 7737 133.620000 133.620000 132.000000 0.013999 0 1 0 0
TD13TRACE 7738 133.620000 133.620000 132.000000 0.006846 0 1 0 0
TD13TRACE 7739 133.620000 133.620000 132.000000 0.013910 0 1 0 0
TD13TRACE 7740 133.620000 133.620000 132.000000 0.006892 0 1 0 0
TD13TRACE 7741 133.620000 133.620000 132.000000 0.013962 0 1 0 0
TD13TRACE 7742 133.620000 133.620000 132.000000 0.006897 0 1 0 0
TD13TRACE 7743 133.620000 133.620000 132.000000 0.013945 0 1 0 0
TD13TRACE 7744 133.620000 133.620000 132.000000 0.006859 0 1 0 0
TD13TRACE 7745 133.620000 133.620000 132.000000 0.013982 0 1 0 0
TD13TRACE 7746 133.620000 133.620000 132.000000 0.006893 0 1 0 0
TD13TRACE 7747 133.620000 133.620000 132.000000 0.013938 0 1 0 0
TD13TRACE 7748 133.620000 133.620000 132.000000 0.006841 0 1 0 0
TD13TRACE 7749 133.620000 133.620000 132.000000 0.013948 0 1 0 0
TD13TRACE 7750 133.620000 133.620000 132.000000 0.007033 0 1 0 0
TD13TRACE 7751 133.620000 133.620000 132.000000 0.013813 0 1 0 0
TD13TRACE 7752 133.620000 133.620000 132.000000 0.006873 0 1 0 0
TD13TRACE 7753 133.620000 133.620000 132.000000 0.013987 0 1 0 0
TD13TRACE 7754 133.620000 133.620000 132.000000 0.006867 0 1 0 0
TD13TRACE 7755 133.620000 133.620000 132.000000 0.013989 0 1 0 0
TD13TRACE 7756 133.620000 133.620000 132.000000 0.006830 0 1 0 0
TD13TRACE 7757 133.620000 133.620000 132.000000 0.013962 0 1 0 0
TD13TRACE 7758 133.620000 133.620000 132.000000 0.006854 0 1 0 0
TD13TRACE 7759 133.620000 133.620000 132.000000 0.014008 0 1 0 0
TD13TRACE 7760 133.620000 133.620000 132.000000 0.006878 0 1 0 0
TD13TRACE 7761 133.620000 133.620000 132.000000 0.013971 0 1 0 0
TD13TRACE 7762 133.620000 133.620000 132.000000 0.006849 0 1 0 0
TD13TRACE 7763 133.620000 133.620000 132.000000 0.013922 0 1 0 0
TD13TRACE 7764 133.620000 133.620000 132.000000 0.014674 0 1 0 0
TD13TRACE 7765 133.620000 133.620000 132.000000 0.013362 0 1 0 0
TD13TRACE 7766 133.620000 133.620000 132.000000 0.013650 0 1 0 0
TD13TRACE 7767 133.620000 133.620000 132.000000 0.006876 0 1 0 0
TD13TRACE 7768 133.620000 133.620000 132.000000 0.014057 0 1 0 0
TD13TRACE 7769 133.620000 133.620000 132.000000 0.007099 0 1 0 0
TD13TRACE 7770 133.620000 133.620000 132.000000 0.013727 0 1 0 0
TD13TRACE 7771 133.620000 133.620000 132.000000 0.006823 0 1 0 0
TD13TRACE 7772 133.620000 133.620000 132.000000 0.013912 0 1 0 0
TD13TRACE 7773 133.620000 133.620000 132.000000 0.006958 0 1 0 0
TD13TRACE 7774 133.620000 133.620000 132.000000 0.013966 0 1 0 0
TD13TRACE 7775 133.620000 133.620000 132.000000 0.006790 0 1 0 0
TD13TRACE 7776 133.620000 133.620000 132.000000 0.013963 0 1 0 0
TD13TRACE 7777 133.620000 133.620000 132.000000 0.006877 0 1 0 0
TD13TRACE 7778 133.620000 133.620000 132.000000 0.013974 0 1 0 0
TD13TRACE 7779 133.620000 133.620000 132.000000 0.007188 0 1 0 0
TD13TRACE 7780 133.620000 133.620000 132.000000 0.013656 0 1 0 0
TD13TRACE 7781 133.620000 133.620000 132.000000 0.007040 0 1 0 0
TD13TRACE 7782 133.620000 133.620000 132.000000 0.013748 0 1 0 0
TD13TRACE 7783 133.620000 133.620000 132.000000 0.006858 0 1 0 0
TD13TRACE 7784 133.620000 133.620000 132.000000 0.013954 0 1 0 0
TD13TRACE 7785 133.620000 133.620000 132.000000 0.006883 0 1 0 0
TD13TRACE 7786 133.620000 133.620000 132.000000 0.013933 0 1 0 0
TD13TRACE 7787 133.620000 133.620000 132.000000 0.006927 0 1 0 0
TD13TRACE 7788 133.620000 133.620000 132.000000 0.013964 0 1 0 0
TD13TRACE 7789 133.620000 133.620000 132.000000 0.006868 0 1 0 0
TD13TRACE 7790 133.620000 133.620000 132.000000 0.013917 0 1 0 0
TD13TRACE 7791 133.620000 133.620000 132.000000 0.006940 0 1 0 0
TD13TRACE 7792 133.620000 133.620000 132.000000 0.014017 0 1 0 0
TD13TRACE 7793 133.620000 133.620000 132.000000 0.007135 0 1 0 0
TD13TRACE 7794 133.620000 133.620000 132.000000 0.013632 0 1 0 0
TD13TRACE 7795 133.620000 133.620000 132.000000 0.006880 0 1 0 0
TD13TRACE 7796 133.620000 133.620000 132.000000 0.013935 0 1 0 0
TD13TRACE 7797 133.620000 133.620000 132.000000 0.006852 0 1 0 0
TD13TRACE 7798 133.620000 133.620000 132.000000 0.013966 0 1 0 0
TD13TRACE 7799 133.620000 133.620000 132.000000 0.007033 0 1 0 0
TD13TRACE 7800 133.620000 133.620000 132.000000 0.013837 0 1 0 0
TD13TRACE 7801 133.620000 133.620000 132.000000 0.006865 0 1 0 0
TD13TRACE 7802 133.620000 133.620000 132.000000 0.013957 0 1 0 0
TD13TRACE 7803 133.620000 133.620000 132.000000 0.006834 0 1 0 0
TD13TRACE 7804 133.620000 133.620000 132.000000 0.013945 0 1 0 0
TD13TRACE 7805 133.620000 133.620000 132.000000 0.006938 0 1 0 0
TD13TRACE 7806 133.620000 133.620000 132.000000 0.013944 0 1 0 0
TD13TRACE 7807 133.620000 133.620000 132.000000 0.006909 0 1 0 0
TD13TRACE 7808 133.620000 133.620000 132.000000 0.013917 0 1 0 0
TD13TRACE 7809 133.620000 133.620000 132.000000 0.006894 0 1 0 0
TD13TRACE 7810 133.620000 133.620000 132.000000 0.013913 0 1 0 0
TD13TRACE 7811 133.620000 133.620000 132.000000 0.006907 0 1 0 0
TD13TRACE 7812 133.620000 133.620000 132.000000 0.013923 0 1 0 0
TD13TRACE 7813 133.620000 133.620000 132.000000 0.006923 0 1 0 0
TD13TRACE 7814 133.620000 133.620000 132.000000 0.013953 0 1 0 0
TD13TRACE 7815 133.620000 133.620000 132.000000 0.007029 0 1 0 0
TD13TRACE 7816 133.620000 133.620000 132.000000 0.013860 0 1 0 0
TD13TRACE 7817 133.620000 133.620000 132.000000 0.006807 0 1 0 0
TD13TRACE 7818 133.620000 133.620000 132.000000 0.013945 0 1 0 0
TD13TRACE 7819 133.620000 133.620000 132.000000 0.006909 0 1 0 0
TD13TRACE 7820 133.620000 133.620000 132.000000 0.013939 0 1 0 0
TD13TRACE 7821 133.620000 133.620000 132.000000 0.006873 0 1 0 0
TD13TRACE 7822 133.620000 133.620000 132.000000 0.013984 0 1 0 0
TD13TRACE 7823 133.620000 133.620000 132.000000 0.006857 0 1 0 0
TD13TRACE 7824 133.620000 133.620000 132.000000 0.013924 0 1 0 0
TD13TRACE 7825 133.620000 133.620000 132.000000 0.006937 0 1 0 0
TD13TRACE 7826 133.620000 133.620000 132.000000 0.013939 0 1 0 0
TD13TRACE 7827 133.620000 133.620000 132.000000 0.006876 0 1 0 0
TD13TRACE 7828 133.620000 133.620000 132.000000 0.013985 0 1 0 0
TD13TRACE 7829 133.620000 133.620000 132.000000 0.006835 0 1 0 0
TD13TRACE 7830 133.620000 133.620000 132.000000 0.014012 0 1 0 0
TD13TRACE 7831 133.620000 133.620000 132.000000 0.006784 0 1 0 0
TD13TRACE 7832 133.620000 133.620000 132.000000 0.013999 0 1 0 0
TD13TRACE 7833 133.620000 133.620000 132.000000 0.006883 0 1 0 0
[2026-09-15 06:55:38.006] [info] fps 95.2 | pos (0.50, 132.00, -4.70) | chunks 113 | stream-meshed 104
TD13TRACE 7834 133.620000 133.620000 132.000000 0.013961 0 1 0 0
TD13TRACE 7835 133.620000 133.620000 132.000000 0.006886 0 1 0 0
TD13TRACE 7836 133.620000 133.620000 132.000000 0.013902 0 1 0 0
TD13TRACE 7837 133.620000 133.620000 132.000000 0.006911 0 1 0 0
TD13TRACE 7838 133.620000 133.620000 132.000000 0.013934 0 1 0 0
TD13TRACE 7839 133.620000 133.620000 132.000000 0.007006 0 1 0 0
TD13TRACE 7840 133.620000 133.620000 132.000000 0.013845 0 1 0 0
TD13TRACE 7841 133.620000 133.620000 132.000000 0.006869 0 1 0 0
TD13TRACE 7842 133.620000 133.620000 132.000000 0.013927 0 1 0 0
TD13TRACE 7843 133.620000 133.620000 132.000000 0.006921 0 1 0 0
TD13TRACE 7844 133.620000 133.620000 132.000000 0.013953 0 1 0 0
TD13TRACE 7845 133.620000 133.620000 132.000000 0.006875 0 1 0 0
TD13TRACE 7846 133.620000 133.620000 132.000000 0.013933 0 1 0 0
TD13TRACE 7847 133.620000 133.620000 132.000000 0.006882 0 1 0 0
TD13TRACE 7848 133.620000 133.620000 132.000000 0.013942 0 1 0 0
TD13TRACE 7849 133.620000 133.620000 132.000000 0.006997 0 1 0 0
TD13TRACE 7850 133.620000 133.620000 132.000000 0.013940 0 1 0 0
TD13TRACE 7851 133.620000 133.620000 132.000000 0.006856 0 1 0 0
TD13TRACE 7852 133.620000 133.620000 132.000000 0.013908 0 1 0 0
TD13TRACE 7853 133.620000 133.620000 132.000000 0.006856 0 1 0 0
TD13TRACE 7854 133.620000 133.620000 132.000000 0.014016 0 1 0 0
TD13TRACE 7855 133.620000 133.620000 132.000000 0.006919 0 1 0 0
TD13TRACE 7856 133.620000 133.620000 132.000000 0.013883 0 1 0 0
TD13TRACE 7857 133.620000 133.620000 132.000000 0.006910 0 1 0 0
TD13TRACE 7858 133.620000 133.620000 132.000000 0.013867 0 1 0 0
TD13TRACE 7859 133.620000 133.620000 132.000000 0.014737 0 1 0 0
TD13TRACE 7860 133.620000 133.620000 132.000000 0.013150 0 1 0 0
TD13TRACE 7861 133.620000 133.620000 132.000000 0.013785 0 1 0 0
TD13TRACE 7862 133.620000 133.620000 132.000000 0.006949 0 1 0 0
TD13TRACE 7863 133.620000 133.620000 132.000000 0.013924 0 1 0 0
TD13TRACE 7864 133.620000 133.620000 132.000000 0.006859 0 1 0 0
TD13TRACE 7865 133.620000 133.620000 132.000000 0.013946 0 1 0 0
TD13TRACE 7866 133.620000 133.620000 132.000000 0.006922 0 1 0 0
TD13TRACE 7867 133.620000 133.620000 132.000000 0.013958 0 1 0 0
TD13TRACE 7868 133.620000 133.620000 132.000000 0.006888 0 1 0 0
TD13TRACE 7869 133.620000 133.620000 132.000000 0.013922 0 1 0 0
TD13TRACE 7870 133.620000 133.620000 132.000000 0.006869 0 1 0 0
TD13TRACE 7871 133.620000 133.620000 132.000000 0.013913 0 1 0 0
TD13TRACE 7872 133.620000 133.620000 132.000000 0.006912 0 1 0 0
TD13TRACE 7873 133.620000 133.620000 132.000000 0.013974 0 1 0 0
TD13TRACE 7874 133.620000 133.620000 132.000000 0.006845 0 1 0 0
TD13TRACE 7875 133.620000 133.620000 132.000000 0.013996 0 1 0 0
TD13TRACE 7876 133.620000 133.620000 132.000000 0.006905 0 1 0 0
TD13TRACE 7877 133.620000 133.620000 132.000000 0.013968 0 1 0 0
TD13TRACE 7878 133.620000 133.620000 132.000000 0.006843 0 1 0 0
TD13TRACE 7879 133.620000 133.620000 132.000000 0.013944 0 1 0 0
TD13TRACE 7880 133.620000 133.620000 132.000000 0.006878 0 1 0 0
TD13TRACE 7881 133.620000 133.620000 132.000000 0.013931 0 1 0 0
TD13TRACE 7882 133.620000 133.620000 132.000000 0.006897 0 1 0 0
TD13TRACE 7883 133.620000 133.620000 132.000000 0.013938 0 1 0 0
TD13TRACE 7884 133.620000 133.620000 132.000000 0.006931 0 1 0 0
TD13TRACE 7885 133.620000 133.620000 132.000000 0.013910 0 1 0 0
TD13TRACE 7886 133.620000 133.620000 132.000000 0.006907 0 1 0 0
TD13TRACE 7887 133.620000 133.620000 132.000000 0.014006 0 1 0 0
TD13TRACE 7888 133.620000 133.620000 132.000000 0.006890 0 1 0 0
TD13TRACE 7889 133.620000 133.620000 132.000000 0.013878 0 1 0 0
TD13TRACE 7890 133.620000 133.620000 132.000000 0.006885 0 1 0 0
TD13TRACE 7891 133.620000 133.620000 132.000000 0.013956 0 1 0 0
TD13TRACE 7892 133.620000 133.620000 132.000000 0.006858 0 1 0 0
TD13TRACE 7893 133.620000 133.620000 132.000000 0.014003 0 1 0 0
TD13TRACE 7894 133.620000 133.620000 132.000000 0.006853 0 1 0 0
TD13TRACE 7895 133.620000 133.620000 132.000000 0.013957 0 1 0 0
TD13TRACE 7896 133.620000 133.620000 132.000000 0.006843 0 1 0 0
TD13TRACE 7897 133.620000 133.620000 132.000000 0.013994 0 1 0 0
TD13TRACE 7898 133.620000 133.620000 132.000000 0.006877 0 1 0 0
TD13TRACE 7899 133.620000 133.620000 132.000000 0.013945 0 1 0 0
TD13TRACE 7900 133.620000 133.620000 132.000000 0.006858 0 1 0 0
TD13TRACE 7901 133.620000 133.620000 132.000000 0.013974 0 1 0 0
TD13TRACE 7902 133.620000 133.620000 132.000000 0.006910 0 1 0 0
TD13TRACE 7903 133.620000 133.620000 132.000000 0.013902 0 1 0 0
TD13TRACE 7904 133.620000 133.620000 132.000000 0.006918 0 1 0 0
TD13TRACE 7905 133.620000 133.620000 132.000000 0.013962 0 1 0 0
TD13TRACE 7906 133.620000 133.620000 132.000000 0.006836 0 1 0 0
TD13TRACE 7907 133.620000 133.620000 132.000000 0.013945 0 1 0 0
TD13TRACE 7908 133.620000 133.620000 132.000000 0.006841 0 1 0 0
TD13TRACE 7909 133.620000 133.620000 132.000000 0.014000 0 1 0 0
TD13TRACE 7910 133.620000 133.620000 132.000000 0.006913 0 1 0 0
TD13TRACE 7911 133.620000 133.620000 132.000000 0.013950 0 1 0 0
TD13TRACE 7912 133.620000 133.620000 132.000000 0.006858 0 1 0 0
TD13TRACE 7913 133.620000 133.620000 132.000000 0.013959 0 1 0 0
TD13TRACE 7914 133.620000 133.620000 132.000000 0.006861 0 1 0 0
TD13TRACE 7915 133.620000 133.620000 132.000000 0.013985 0 1 0 0
TD13TRACE 7916 133.620000 133.620000 132.000000 0.006870 0 1 0 0
TD13TRACE 7917 133.620000 133.620000 132.000000 0.013929 0 1 0 0
TD13TRACE 7918 133.620000 133.620000 132.000000 0.006881 0 1 0 0
TD13TRACE 7919 133.620000 133.620000 132.000000 0.013961 0 1 0 0
TD13TRACE 7920 133.620000 133.620000 132.000000 0.006864 0 1 0 0
TD13TRACE 7921 133.620000 133.620000 132.000000 0.013939 0 1 0 0
TD13TRACE 7922 133.620000 133.620000 132.000000 0.006883 0 1 0 0
TD13TRACE 7923 133.620000 133.620000 132.000000 0.013954 0 1 0 0
TD13TRACE 7924 133.620000 133.620000 132.000000 0.006899 0 1 0 0
TD13TRACE 7925 133.620000 133.620000 132.000000 0.013956 0 1 0 0
TD13TRACE 7926 133.620000 133.620000 132.000000 0.006886 0 1 0 0
TD13TRACE 7927 133.620000 133.620000 132.000000 0.013973 0 1 0 0
TD13TRACE 7928 133.620000 133.620000 132.000000 0.006861 0 1 0 0
TD13TRACE 7929 133.620000 133.620000 132.000000 0.013918 0 1 0 0
TD13TRACE 7930 133.620000 133.620000 132.000000 0.006876 0 1 0 0
TD13TRACE 7931 133.620000 133.620000 132.000000 0.013948 0 1 0 0
TD13TRACE 7932 133.620000 133.620000 132.000000 0.006881 0 1 0 0
TD13TRACE 7933 133.620000 133.620000 132.000000 0.013988 0 1 0 0
TD13TRACE 7934 133.620000 133.620000 132.000000 0.007058 0 1 0 0
TD13TRACE 7935 133.620000 133.620000 132.000000 0.013908 0 1 0 0
TD13TRACE 7936 133.620000 133.620000 132.000000 0.006817 0 1 0 0
TD13TRACE 7937 133.620000 133.620000 132.000000 0.013930 0 1 0 0
TD13TRACE 7938 133.620000 133.620000 132.000000 0.006844 0 1 0 0
TD13TRACE 7939 133.620000 133.620000 132.000000 0.013951 0 1 0 0
TD13TRACE 7940 133.620000 133.620000 132.000000 0.006886 0 1 0 0
TD13TRACE 7941 133.620000 133.620000 132.000000 0.013981 0 1 0 0
TD13TRACE 7942 133.620000 133.620000 132.000000 0.006819 0 1 0 0
TD13TRACE 7943 133.620000 133.620000 132.000000 0.013998 0 1 0 0
TD13TRACE 7944 133.620000 133.620000 132.000000 0.006822 0 1 0 0
TD13TRACE 7945 133.620000 133.620000 132.000000 0.013999 0 1 0 0
TD13TRACE 7946 133.620000 133.620000 132.000000 0.006837 0 1 0 0
TD13TRACE 7947 133.620000 133.620000 132.000000 0.013911 0 1 0 0
TD13TRACE 7948 133.620000 133.620000 132.000000 0.006926 0 1 0 0
TD13TRACE 7949 133.620000 133.620000 132.000000 0.013944 0 1 0 0
TD13TRACE 7950 133.620000 133.620000 132.000000 0.006912 0 1 0 0
TD13TRACE 7951 133.620000 133.620000 132.000000 0.013913 0 1 0 0
TD13TRACE 7952 133.620000 133.620000 132.000000 0.007255 0 1 0 0
TD13TRACE 7953 133.620000 133.620000 132.000000 0.013583 0 1 0 0
TD13TRACE 7954 133.620000 133.620000 132.000000 0.006926 0 1 0 0
TD13TRACE 7955 133.620000 133.620000 132.000000 0.013918 0 1 0 0
TD13TRACE 7956 133.620000 133.620000 132.000000 0.006866 0 1 0 0
TD13TRACE 7957 133.620000 133.620000 132.000000 0.013957 0 1 0 0
TD13TRACE 7958 133.620000 133.620000 132.000000 0.006864 0 1 0 0
TD13TRACE 7959 133.620000 133.620000 132.000000 0.013973 0 1 0 0
TD13TRACE 7960 133.620000 133.620000 132.000000 0.006895 0 1 0 0
TD13TRACE 7961 133.620000 133.620000 132.000000 0.013918 0 1 0 0
TD13TRACE 7962 133.620000 133.620000 132.000000 0.006926 0 1 0 0
TD13TRACE 7963 133.620000 133.620000 132.000000 0.013929 0 1 0 0
TD13TRACE 7964 133.620000 133.620000 132.000000 0.006897 0 1 0 0
TD13TRACE 7965 133.620000 133.620000 132.000000 0.013903 0 1 0 0
TD13TRACE 7966 133.620000 133.620000 132.000000 0.006917 0 1 0 0
TD13TRACE 7967 133.620000 133.620000 132.000000 0.013946 0 1 0 0
TD13TRACE 7968 133.620000 133.620000 132.000000 0.006940 0 1 0 0
TD13TRACE 7969 133.620000 133.620000 132.000000 0.013893 0 1 0 0
TD13TRACE 7970 133.620000 133.620000 132.000000 0.006894 0 1 0 0
TD13TRACE 7971 133.620000 133.620000 132.000000 0.013923 0 1 0 0
TD13TRACE 7972 133.620000 133.620000 132.000000 0.006901 0 1 0 0
TD13TRACE 7973 133.620000 133.620000 132.000000 0.013940 0 1 0 0
TD13TRACE 7974 133.620000 133.620000 132.000000 0.006909 0 1 0 0
TD13TRACE 7975 133.620000 133.620000 132.000000 0.013895 0 1 0 0
TD13TRACE 7976 133.620000 133.620000 132.000000 0.006924 0 1 0 0
TD13TRACE 7977 133.620000 133.620000 132.000000 0.013935 0 1 0 0
TD13TRACE 7978 133.620000 133.620000 132.000000 0.006893 0 1 0 0
TD13TRACE 7979 133.620000 133.620000 132.000000 0.013952 0 1 0 0
TD13TRACE 7980 133.620000 133.620000 132.000000 0.006872 0 1 0 0
TD13TRACE 7981 133.620000 133.620000 132.000000 0.013926 0 1 0 0
TD13TRACE 7982 133.620000 133.620000 132.000000 0.006901 0 1 0 0
TD13TRACE 7983 133.620000 133.620000 132.000000 0.013955 0 1 0 0
TD13TRACE 7984 133.620000 133.620000 132.000000 0.006940 0 1 0 0
TD13TRACE 7985 133.620000 133.620000 132.000000 0.013886 0 1 0 0
TD13TRACE 7986 133.620000 133.620000 132.000000 0.006906 0 1 0 0
TD13TRACE 7987 133.620000 133.620000 132.000000 0.013934 0 1 0 0
TD13TRACE 7988 133.620000 133.620000 132.000000 0.006907 0 1 0 0
TD13TRACE 7989 133.620000 133.620000 132.000000 0.013913 0 1 0 0
TD13TRACE 7990 133.620000 133.620000 132.000000 0.006919 0 1 0 0
TD13TRACE 7991 133.620000 133.620000 132.000000 0.013910 0 1 0 0
TD13TRACE 7992 133.620000 133.620000 132.000000 0.006887 0 1 0 0
TD13TRACE 7993 133.620000 133.620000 132.000000 0.014001 0 1 0 0
TD13TRACE 7994 133.620000 133.620000 132.000000 0.006888 0 1 0 0
TD13TRACE 7995 133.620000 133.620000 132.000000 0.013980 0 1 0 0
TD13TRACE 7996 133.620000 133.620000 132.000000 0.006889 0 1 0 0
TD13TRACE 7997 133.620000 133.620000 132.000000 0.013952 0 1 0 0
TD13TRACE 7998 133.620000 133.620000 132.000000 0.006854 0 1 0 0
TD13TRACE 7999 133.620000 133.620000 132.000000 0.013968 0 1 0 0
TD13TRACE 8000 133.620000 133.620000 132.000000 0.006860 0 1 0 0
TD13TRACE 8001 133.620000 133.620000 132.000000 0.013936 0 1 0 0
TD13TRACE 8002 133.620000 133.620000 132.000000 0.006906 0 1 0 0
TD13TRACE 8003 133.620000 133.620000 132.000000 0.013963 0 1 0 0
TD13TRACE 8004 133.620000 133.620000 132.000000 0.006864 0 1 0 0
TD13TRACE 8005 133.620000 133.620000 132.000000 0.013946 0 1 0 0
TD13TRACE 8006 133.620000 133.620000 132.000000 0.007018 0 1 0 0
TD13TRACE 8007 133.620000 133.620000 132.000000 0.013824 0 1 0 0
TD13TRACE 8008 133.620000 133.620000 132.000000 0.006865 0 1 0 0
TD13TRACE 8009 133.620000 133.620000 132.000000 0.013967 0 1 0 0
TD13TRACE 8010 133.620000 133.620000 132.000000 0.006886 0 1 0 0
TD13TRACE 8011 133.620000 133.620000 132.000000 0.013962 0 1 0 0
TD13TRACE 8012 133.620000 133.620000 132.000000 0.006859 0 1 0 0
TD13TRACE 8013 133.620000 133.620000 132.000000 0.013951 0 1 0 0
TD13TRACE 8014 133.620000 133.620000 132.000000 0.006911 0 1 0 0
TD13TRACE 8015 133.620000 133.620000 132.000000 0.013936 0 1 0 0
TD13TRACE 8016 133.620000 133.620000 132.000000 0.006859 0 1 0 0
TD13TRACE 8017 133.620000 133.620000 132.000000 0.013974 0 1 0 0
TD13TRACE 8018 133.620000 133.620000 132.000000 0.006879 0 1 0 0
TD13TRACE 8019 133.620000 133.620000 132.000000 0.013945 0 1 0 0
TD13TRACE 8020 133.620000 133.620000 132.000000 0.006864 0 1 0 0
TD13TRACE 8021 133.620000 133.620000 132.000000 0.013937 0 1 0 0
TD13TRACE 8022 133.620000 133.620000 132.000000 0.006923 0 1 0 0
TD13TRACE 8023 133.620000 133.620000 132.000000 0.013940 0 1 0 0
TD13TRACE 8024 133.620000 133.620000 132.000000 0.006896 0 1 0 0
TD13TRACE 8025 133.620000 133.620000 132.000000 0.013937 0 1 0 0
[2026-09-15 06:55:40.013] [info] fps 95.3 | pos (0.50, 132.00, -4.70) | chunks 113 | stream-meshed 104
TD13TRACE 8026 133.620000 133.620000 132.000000 0.006912 0 1 0 0
TD13TRACE 8027 133.620000 133.620000 132.000000 0.013919 0 1 0 0
TD13TRACE 8028 133.620000 133.620000 132.000000 0.006917 0 1 0 0
TD13TRACE 8029 133.620000 133.620000 132.000000 0.013938 0 1 0 0
TD13TRACE 8030 133.620000 133.620000 132.000000 0.006859 0 1 0 0
TD13TRACE 8031 133.620000 133.620000 132.000000 0.013948 0 1 0 0
TD13TRACE 8032 133.620000 133.620000 132.000000 0.006906 0 1 0 0
TD13TRACE 8033 133.620000 133.620000 132.000000 0.013921 0 1 0 0
TD13TRACE 8034 133.620000 133.620000 132.000000 0.006882 0 1 0 0
TD13TRACE 8035 133.620000 133.620000 132.000000 0.013967 0 1 0 0
TD13TRACE 8036 133.620000 133.620000 132.000000 0.006864 0 1 0 0
TD13TRACE 8037 133.620000 133.620000 132.000000 0.014003 0 1 0 0
TD13TRACE 8038 133.620000 133.620000 132.000000 0.006840 0 1 0 0
TD13TRACE 8039 133.620000 133.620000 132.000000 0.013901 0 1 0 0
TD13TRACE 8040 133.620000 133.620000 132.000000 0.006915 0 1 0 0
TD13TRACE 8041 133.620000 133.620000 132.000000 0.013893 0 1 0 0
TD13TRACE 8042 133.620000 133.620000 132.000000 0.006904 0 1 0 0
TD13TRACE 8043 133.620000 133.620000 132.000000 0.013945 0 1 0 0
TD13TRACE 8044 133.620000 133.620000 132.000000 0.006895 0 1 0 0
TD13TRACE 8045 133.620000 133.620000 132.000000 0.013944 0 1 0 0
TD13TRACE 8046 133.620000 133.620000 132.000000 0.006944 0 1 0 0
TD13TRACE 8047 133.620000 133.620000 132.000000 0.013938 0 1 0 0
TD13TRACE 8048 133.620000 133.620000 132.000000 0.006882 0 1 0 0
TD13TRACE 8049 133.620000 133.620000 132.000000 0.013932 0 1 0 0
TD13TRACE 8050 133.620000 133.620000 132.000000 0.006891 0 1 0 0
TD13TRACE 8051 133.620000 133.620000 132.000000 0.013959 0 1 0 0
TD13TRACE 8052 133.620000 133.620000 132.000000 0.006876 0 1 0 0
TD13TRACE 8053 133.620000 133.620000 132.000000 0.013981 0 1 0 0
TD13TRACE 8054 133.620000 133.620000 132.000000 0.006837 0 1 0 0
TD13TRACE 8055 133.620000 133.620000 132.000000 0.013957 0 1 0 0
TD13TRACE 8056 133.620000 133.620000 132.000000 0.006901 0 1 0 0
TD13TRACE 8057 133.620000 133.620000 132.000000 0.013848 0 1 0 0
TD13TRACE 8058 133.620000 133.620000 132.000000 0.006989 0 1 0 0
TD13TRACE 8059 133.620000 133.620000 132.000000 0.013999 0 1 0 0
TD13TRACE 8060 133.620000 133.620000 132.000000 0.006819 0 1 0 0
TD13TRACE 8061 133.620000 133.620000 132.000000 0.013963 0 1 0 0
TD13TRACE 8062 133.620000 133.620000 132.000000 0.006864 0 1 0 0
TD13TRACE 8063 133.620000 133.620000 132.000000 0.013996 0 1 0 0
TD13TRACE 8064 133.620000 133.620000 132.000000 0.006854 0 1 0 0
TD13TRACE 8065 133.620000 133.620000 132.000000 0.013934 0 1 0 0
TD13TRACE 8066 133.620000 133.620000 132.000000 0.006895 0 1 0 0
TD13TRACE 8067 133.620000 133.620000 132.000000 0.013951 0 1 0 0
TD13TRACE 8068 133.620000 133.620000 132.000000 0.006865 0 1 0 0
TD13TRACE 8069 133.620000 133.620000 132.000000 0.013972 0 1 0 0
TD13TRACE 8070 133.620000 133.620000 132.000000 0.006898 0 1 0 0
TD13TRACE 8071 133.620000 133.620000 132.000000 0.013945 0 1 0 0
TD13TRACE 8072 133.620000 133.620000 132.000000 0.006884 0 1 0 0
TD13TRACE 8073 133.620000 133.620000 132.000000 0.013962 0 1 0 0
TD13TRACE 8074 133.620000 133.620000 132.000000 0.006890 0 1 0 0
TD13TRACE 8075 133.620000 133.620000 132.000000 0.013985 0 1 0 0
TD13TRACE 8076 133.620000 133.620000 132.000000 0.006844 0 1 0 0
TD13TRACE 8077 133.620000 133.620000 132.000000 0.013979 0 1 0 0
TD13TRACE 8078 133.620000 133.620000 132.000000 0.006847 0 1 0 0
TD13TRACE 8079 133.620000 133.620000 132.000000 0.013910 0 1 0 0
TD13TRACE 8080 133.620000 133.620000 132.000000 0.006922 0 1 0 0
TD13TRACE 8081 133.620000 133.620000 132.000000 0.013956 0 1 0 0
TD13TRACE 8082 133.620000 133.620000 132.000000 0.006842 0 1 0 0
TD13TRACE 8083 133.620000 133.620000 132.000000 0.014001 0 1 0 0
TD13TRACE 8084 133.620000 133.620000 132.000000 0.006894 0 1 0 0
TD13TRACE 8085 133.620000 133.620000 132.000000 0.013880 0 1 0 0
TD13TRACE 8086 133.620000 133.620000 132.000000 0.006902 0 1 0 0
TD13TRACE 8087 133.620000 133.620000 132.000000 0.013922 0 1 0 0
TD13TRACE 8088 133.620000 133.620000 132.000000 0.007096 0 1 0 0
TD13TRACE 8089 133.620000 133.620000 132.000000 0.013883 0 1 0 0
TD13TRACE 8090 133.620000 133.620000 132.000000 0.006838 0 1 0 0
TD13TRACE 8091 133.620000 133.620000 132.000000 0.013950 0 1 0 0
TD13TRACE 8092 133.620000 133.620000 132.000000 0.006879 0 1 0 0
TD13TRACE 8093 133.620000 133.620000 132.000000 0.014015 0 1 0 0
TD13TRACE 8094 133.620000 133.620000 132.000000 0.006846 0 1 0 0
TD13TRACE 8095 133.620000 133.620000 132.000000 0.014003 0 1 0 0
TD13TRACE 8096 133.620000 133.620000 132.000000 0.006804 0 1 0 0
TD13TRACE 8097 133.620000 133.620000 132.000000 0.013959 0 1 0 0
TD13TRACE 8098 133.620000 133.620000 132.000000 0.006887 0 1 0 0
TD13TRACE 8099 133.620000 133.620000 132.000000 0.013924 0 1 0 0
TD13TRACE 8100 133.620000 133.620000 132.000000 0.006880 0 1 0 0
TD13TRACE 8101 133.620000 133.620000 132.000000 0.013998 0 1 0 0
TD13TRACE 8102 133.620000 133.620000 132.000000 0.006888 0 1 0 0
TD13TRACE 8103 133.620000 133.620000 132.000000 0.013902 0 1 0 0
TD13TRACE 8104 133.620000 133.620000 132.000000 0.006878 0 1 0 0
TD13TRACE 8105 133.620000 133.620000 132.000000 0.013889 0 1 0 0
TD13TRACE 8106 133.620000 133.620000 132.000000 0.006932 0 1 0 0
TD13TRACE 8107 133.620000 133.620000 132.000000 0.013902 0 1 0 0
TD13TRACE 8108 133.620000 133.620000 132.000000 0.006943 0 1 0 0
TD13TRACE 8109 133.620000 133.620000 132.000000 0.013926 0 1 0 0
TD13TRACE 8110 133.620000 133.620000 132.000000 0.006869 0 1 0 0
TD13TRACE 8111 133.620000 133.620000 132.000000 0.013988 0 1 0 0
TD13TRACE 8112 133.620000 133.620000 132.000000 0.006797 0 1 0 0
TD13TRACE 8113 133.620000 133.620000 132.000000 0.014037 0 1 0 0
TD13TRACE 8114 133.620000 133.620000 132.000000 0.006794 0 1 0 0
TD13TRACE 8115 133.620000 133.620000 132.000000 0.013953 0 1 0 0
TD13TRACE 8116 133.620000 133.620000 132.000000 0.006857 0 1 0 0
TD13TRACE 8117 133.620000 133.620000 132.000000 0.013997 0 1 0 0
TD13TRACE 8118 133.620000 133.620000 132.000000 0.006837 0 1 0 0
TD13TRACE 8119 133.620000 133.620000 132.000000 0.013951 0 1 0 0
TD13TRACE 8120 133.620000 133.620000 132.000000 0.006918 0 1 0 0
TD13TRACE 8121 133.620000 133.620000 132.000000 0.013927 0 1 0 0
TD13TRACE 8122 133.620000 133.620000 132.000000 0.007413 0 1 0 0
TD13TRACE 8123 133.620000 133.620000 132.000000 0.013882 0 1 0 0
TD13TRACE 8124 133.620000 133.620000 132.000000 0.006803 0 1 0 0
TD13TRACE 8125 133.620000 133.620000 132.000000 0.014024 0 1 0 0
TD13TRACE 8126 133.620000 133.620000 132.000000 0.006900 0 1 0 0
TD13TRACE 8127 133.620000 133.620000 132.000000 0.014016 0 1 0 0
TD13TRACE 8128 133.620000 133.620000 132.000000 0.006817 0 1 0 0
TD13TRACE 8129 133.620000 133.620000 132.000000 0.014117 0 1 0 0
TD13TRACE 8130 133.620000 133.620000 132.000000 0.006612 0 1 0 0
TD13TRACE 8131 133.620000 133.620000 132.000000 0.014311 0 1 0 0
TD13TRACE 8132 133.620000 133.620000 132.000000 0.006589 0 1 0 0
TD13TRACE 8133 133.620000 133.620000 132.000000 0.014190 0 1 0 0
TD13TRACE 8134 133.620000 133.620000 132.000000 0.006639 0 1 0 0
TD13TRACE 8135 133.620000 133.620000 132.000000 0.014070 0 1 0 0
TD13TRACE 8136 133.620000 133.620000 132.000000 0.006712 0 1 0 0
TD13TRACE 8137 133.620000 133.620000 132.000000 0.014349 0 1 0 0
TD13TRACE 8138 133.620000 133.620000 132.000000 0.006596 0 1 0 0
TD13TRACE 8139 133.620000 133.620000 132.000000 0.014196 0 1 0 0
TD13TRACE 8140 133.620000 133.620000 132.000000 0.006579 0 1 0 0
TD13TRACE 8141 133.620000 133.620000 132.000000 0.014197 0 1 0 0
TD13TRACE 8142 133.620000 133.620000 132.000000 0.007050 0 1 0 0
TD13TRACE 8143 133.620000 133.620000 132.000000 0.013243 0 1 0 0
TD13TRACE 8144 133.620000 133.620000 132.000000 0.007617 0 1 0 0
TD13TRACE 8145 133.620000 133.620000 132.000000 0.014033 0 1 0 0
TD13TRACE 8146 133.620000 133.620000 132.000000 0.016451 0 1 0 0
TD13TRACE 8147 133.620000 133.620000 132.000000 0.004989 0 1 0 0
TD13TRACE 8148 133.620000 133.620000 132.000000 0.014809 0 1 0 0
TD13TRACE 8149 133.620000 133.620000 132.000000 0.013431 0 1 0 0
TD13TRACE 8150 133.620000 133.620000 132.000000 0.012018 0 1 0 0
TD13TRACE 8151 133.620000 133.620000 132.000000 0.008980 0 1 0 0
TD13TRACE 8152 133.620000 133.620000 132.000000 0.012267 0 1 0 0
TD13TRACE 8153 133.620000 133.620000 132.000000 0.007685 0 1 0 0
TD13TRACE 8154 133.620000 133.620000 132.000000 0.013127 0 1 0 0
TD13TRACE 8155 133.620000 133.620000 132.000000 0.007551 0 1 0 0
TD13TRACE 8156 133.620000 133.620000 132.000000 0.013312 0 1 0 0
TD13TRACE 8157 133.620000 133.620000 132.000000 0.007428 0 1 0 0
TD13TRACE 8158 133.620000 133.620000 132.000000 0.013537 0 1 0 0
TD13TRACE 8159 133.620000 133.620000 132.000000 0.007585 0 1 0 0
TD13TRACE 8160 133.620000 133.620000 132.000000 0.013022 0 1 0 0
TD13TRACE 8161 133.620000 133.620000 132.000000 0.007544 0 1 0 0
TD13TRACE 8162 133.620000 133.620000 132.000000 0.013519 0 1 0 0
TD13TRACE 8163 133.620000 133.620000 132.000000 0.007314 0 1 0 0
TD13TRACE 8164 133.620000 133.620000 132.000000 0.013300 0 1 0 0
TD13TRACE 8165 133.620000 133.620000 132.000000 0.007449 0 1 0 0
TD13TRACE 8166 133.620000 133.620000 132.000000 0.013318 0 1 0 0
TD13TRACE 8167 133.620000 133.620000 132.000000 0.007495 0 1 0 0
TD13TRACE 8168 133.620000 133.620000 132.000000 0.013386 0 1 0 0
TD13TRACE 8169 133.620000 133.620000 132.000000 0.007067 0 1 0 0
TD13TRACE 8170 133.620000 133.620000 132.000000 0.013788 0 1 0 0
TD13TRACE 8171 133.620000 133.620000 132.000000 0.007413 0 1 0 0
TD13TRACE 8172 133.620000 133.620000 132.000000 0.013387 0 1 0 0
TD13TRACE 8173 133.620000 133.620000 132.000000 0.007278 0 1 0 0
TD13TRACE 8174 133.620000 133.620000 132.000000 0.013487 0 1 0 0
TD13TRACE 8175 133.620000 133.620000 132.000000 0.007635 0 1 0 0
TD13TRACE 8176 133.620000 133.620000 132.000000 0.013211 0 1 0 0
TD13TRACE 8177 133.620000 133.620000 132.000000 0.007539 0 1 0 0
TD13TRACE 8178 133.620000 133.620000 132.000000 0.013082 0 1 0 0
TD13TRACE 8179 133.620000 133.620000 132.000000 0.007699 0 1 0 0
TD13TRACE 8180 133.620000 133.620000 132.000000 0.013102 0 1 0 0
TD13TRACE 8181 133.620000 133.620000 132.000000 0.007979 0 1 0 0
TD13TRACE 8182 133.620000 133.620000 132.000000 0.013257 0 1 0 0
TD13TRACE 8183 133.620000 133.620000 132.000000 0.007151 0 1 0 0
TD13TRACE 8184 133.620000 133.620000 132.000000 0.013581 0 1 0 0
TD13TRACE 8185 133.620000 133.620000 132.000000 0.007724 0 1 0 0
TD13TRACE 8186 133.620000 133.620000 132.000000 0.013142 0 1 0 0
TD13TRACE 8187 133.620000 133.620000 132.000000 0.007310 0 1 0 0
TD13TRACE 8188 133.620000 133.620000 132.000000 0.013513 0 1 0 0
TD13TRACE 8189 133.620000 133.620000 132.000000 0.007187 0 1 0 0
TD13TRACE 8190 133.620000 133.620000 132.000000 0.013654 0 1 0 0
TD13TRACE 8191 133.620000 133.620000 132.000000 0.007142 0 1 0 0
TD13TRACE 8192 133.620000 133.620000 132.000000 0.013581 0 1 0 0
TD13TRACE 8193 133.620000 133.620000 132.000000 0.007242 0 1 0 0
TD13TRACE 8194 133.620000 133.620000 132.000000 0.013591 0 1 0 0
TD13TRACE 8195 133.620000 133.620000 132.000000 0.007679 0 1 0 0
TD13TRACE 8196 133.620000 133.620000 132.000000 0.013185 0 1 0 0
TD13TRACE 8197 133.620000 133.620000 132.000000 0.007226 0 1 0 0
TD13TRACE 8198 133.620000 133.620000 132.000000 0.013600 0 1 0 0
TD13TRACE 8199 133.620000 133.620000 132.000000 0.007210 0 1 0 0
TD13TRACE 8200 133.620000 133.620000 132.000000 0.013679 0 1 0 0
TD13TRACE 8201 133.620000 133.620000 132.000000 0.007124 0 1 0 0
TD13TRACE 8202 133.620000 133.620000 132.000000 0.013717 0 1 0 0
TD13TRACE 8203 133.620000 133.620000 132.000000 0.007498 0 1 0 0
TD13TRACE 8204 133.620000 133.620000 132.000000 0.013318 0 1 0 0
TD13TRACE 8205 133.620000 133.620000 132.000000 0.007552 0 1 0 0
TD13TRACE 8206 133.620000 133.620000 132.000000 0.013446 0 1 0 0
TD13TRACE 8207 133.620000 133.620000 132.000000 0.007016 0 1 0 0
TD13TRACE 8208 133.620000 133.620000 132.000000 0.013550 0 1 0 0
TD13TRACE 8209 133.620000 133.620000 132.000000 0.007612 0 1 0 0
TD13TRACE 8210 133.620000 133.620000 132.000000 0.013371 0 1 0 0
TD13TRACE 8211 133.620000 133.620000 132.000000 0.008037 0 1 0 0
TD13TRACE 8212 133.620000 133.620000 132.000000 0.012680 0 1 0 0
TD13TRACE 8213 133.620000 133.620000 132.000000 0.007614 0 1 0 0
TD13TRACE 8214 133.620000 133.620000 132.000000 0.013330 0 1 0 0
TD13TRACE 8215 133.620000 133.620000 132.000000 0.007454 0 1 0 0
TD13TRACE 8216 133.620000 133.620000 132.000000 0.013436 0 1 0 0
[2026-09-15 06:55:42.014] [info] fps 95.5 | pos (0.50, 132.00, -4.70) | chunks 113 | stream-meshed 104
TD13TRACE 8217 133.620000 133.620000 132.000000 0.007526 0 1 0 0
TD13TRACE 8218 133.620000 133.620000 132.000000 0.013389 0 1 0 0
TD13TRACE 8219 133.620000 133.620000 132.000000 0.007614 0 1 0 0
TD13TRACE 8220 133.620000 133.620000 132.000000 0.013108 0 1 0 0
TD13TRACE 8221 133.620000 133.620000 132.000000 0.007518 0 1 0 0
TD13TRACE 8222 133.620000 133.620000 132.000000 0.013323 0 1 0 0
[2026-09-15 06:55:42.078] [info] autosave: 0 chunk(s) queued for async write, level written (ticks=3597)
TD13TRACE 8223 133.620000 133.620000 132.000000 0.008746 0 1 0 0
TD13TRACE 8224 133.620000 133.620000 132.000000 0.012018 0 1 0 0
TD13TRACE 8225 133.620000 133.620000 132.000000 0.007449 0 1 0 0
TD13TRACE 8226 133.620000 133.620000 132.000000 0.013366 0 1 0 0
TD13TRACE 8227 133.620000 133.620000 132.000000 0.008030 0 1 0 0
TD13TRACE 8228 133.620000 133.620000 132.000000 0.012826 0 1 0 0
TD13TRACE 8229 133.620000 133.620000 132.000000 0.007442 0 1 0 0
TD13TRACE 8230 133.620000 133.620000 132.000000 0.013473 0 1 0 0
TD13TRACE 8231 133.620000 133.620000 132.000000 0.007473 0 1 0 0
TD13TRACE 8232 133.620000 133.620000 132.000000 0.013301 0 1 0 0
TD13TRACE 8233 133.620000 133.620000 132.000000 0.007433 0 1 0 0
TD13TRACE 8234 133.620000 133.620000 132.000000 0.013403 0 1 0 0
TD13TRACE 8235 133.620000 133.620000 132.000000 0.008439 0 1 0 0
TD13TRACE 8236 133.620000 133.620000 132.000000 0.012335 0 1 0 0
TD13TRACE 8237 133.620000 133.620000 132.000000 0.008230 0 1 0 0
TD13TRACE 8238 133.620000 133.620000 132.000000 0.012345 0 1 0 0
TD13TRACE 8239 133.620000 133.620000 132.000000 0.009284 0 1 0 0
TD13TRACE 8240 133.620000 133.620000 132.000000 0.011482 0 1 0 0
TD13TRACE 8241 133.620000 133.620000 132.000000 0.007429 0 1 0 0
TD13TRACE 8242 133.620000 133.620000 132.000000 0.013991 0 1 0 0
TD13TRACE 8243 133.620000 133.620000 132.000000 0.006703 0 1 0 0
TD13TRACE 8244 133.620000 133.620000 132.000000 0.013961 0 1 0 0
TD13TRACE 8245 133.620000 133.620000 132.000000 0.007014 0 1 0 0
TD13TRACE 8246 133.620000 133.620000 132.000000 0.013861 0 1 0 0
TD13TRACE 8247 133.620000 133.620000 132.000000 0.006648 0 1 0 0
TD13TRACE 8248 133.620000 133.620000 132.000000 0.014214 0 1 0 0
TD13TRACE 8249 133.620000 133.620000 132.000000 0.006803 0 1 0 0
TD13TRACE 8250 133.620000 133.620000 132.000000 0.014076 0 1 0 0
TD13TRACE 8251 133.620000 133.620000 132.000000 0.006654 0 1 0 0
TD13TRACE 8252 133.620000 133.620000 132.000000 0.014329 0 1 0 0
TD13TRACE 8253 133.620000 133.620000 132.000000 0.006716 0 1 0 0
TD13TRACE 8254 133.620000 133.620000 132.000000 0.013952 0 1 0 0
TD13TRACE 8255 133.620000 133.620000 132.000000 0.006629 0 1 0 0
TD13TRACE 8256 133.620000 133.620000 132.000000 0.014247 0 1 0 0
TD13TRACE 8257 133.620000 133.620000 132.000000 0.006844 0 1 0 0
TD13TRACE 8258 133.620000 133.620000 132.000000 0.013927 0 1 0 0
TD13TRACE 8259 133.620000 133.620000 132.000000 0.006885 0 1 0 0
TD13TRACE 8260 133.620000 133.620000 132.000000 0.013864 0 1 0 0
TD13TRACE 8261 133.620000 133.620000 132.000000 0.006676 0 1 0 0
TD13TRACE 8262 133.620000 133.620000 132.000000 0.014298 0 1 0 0
TD13TRACE 8263 133.620000 133.620000 132.000000 0.006634 0 1 0 0
TD13TRACE 8264 133.620000 133.620000 132.000000 0.014031 0 1 0 0
TD13TRACE 8265 133.620000 133.620000 132.000000 0.006742 0 1 0 0
TD13TRACE 8266 133.620000 133.620000 132.000000 0.014054 0 1 0 0
TD13TRACE 8267 133.620000 133.620000 132.000000 0.007178 0 1 0 0
TD13TRACE 8268 133.620000 133.620000 132.000000 0.013763 0 1 0 0
TD13TRACE 8269 133.620000 133.620000 132.000000 0.006796 0 1 0 0
TD13TRACE 8270 133.620000 133.620000 132.000000 0.013886 0 1 0 0
TD13TRACE 8271 133.620000 133.620000 132.000000 0.006871 0 1 0 0
TD13TRACE 8272 133.620000 133.620000 132.000000 0.014148 0 1 0 0
TD13TRACE 8273 133.620000 133.620000 132.000000 0.006889 0 1 0 0
TD13TRACE 8274 133.620000 133.620000 132.000000 0.013866 0 1 0 0
TD13TRACE 8275 133.620000 133.620000 132.000000 0.006931 0 1 0 0
TD13TRACE 8276 133.620000 133.620000 132.000000 0.014072 0 1 0 0
TD13TRACE 8277 133.620000 133.620000 132.000000 0.006678 0 1 0 0
TD13TRACE 8278 133.620000 133.620000 132.000000 0.013904 0 1 0 0
TD13TRACE 8279 133.620000 133.620000 132.000000 0.006839 0 1 0 0
TD13TRACE 8280 133.620000 133.620000 132.000000 0.014212 0 1 0 0
TD13TRACE 8281 133.620000 133.620000 132.000000 0.006938 0 1 0 0
TD13TRACE 8282 133.620000 133.620000 132.000000 0.013820 0 1 0 0
TD13TRACE 8283 133.620000 133.620000 132.000000 0.006748 0 1 0 0
TD13TRACE 8284 133.620000 133.620000 132.000000 0.013996 0 1 0 0
TD13TRACE 8285 133.620000 133.620000 132.000000 0.007575 0 1 0 0
TD13TRACE 8286 133.620000 133.620000 132.000000 0.013247 0 1 0 0
TD13TRACE 8287 133.620000 133.620000 132.000000 0.007872 0 1 0 0
TD13TRACE 8288 133.620000 133.620000 132.000000 0.013026 0 1 0 0
TD13TRACE 8289 133.620000 133.620000 132.000000 0.007212 0 1 0 0
TD13TRACE 8290 133.620000 133.620000 132.000000 0.013237 0 1 0 0
TD13TRACE 8291 133.620000 133.620000 132.000000 0.008584 0 1 0 0
TD13TRACE 8292 133.620000 133.620000 132.000000 0.012393 0 1 0 0
TD13TRACE 8293 133.620000 133.620000 132.000000 0.008057 0 1 0 0
TD13TRACE 8294 133.620000 133.620000 132.000000 0.012751 0 1 0 0
TD13TRACE 8295 133.620000 133.620000 132.000000 0.008107 0 1 0 0
TD13TRACE 8296 133.620000 133.620000 132.000000 0.012557 0 1 0 0
TD13TRACE 8297 133.620000 133.620000 132.000000 0.008276 0 1 0 0
TD13TRACE 8298 133.620000 133.620000 132.000000 0.012591 0 1 0 0
TD13TRACE 8299 133.620000 133.620000 132.000000 0.008426 0 1 0 0
TD13TRACE 8300 133.620000 133.620000 132.000000 0.012411 0 1 0 0
TD13TRACE 8301 133.620000 133.620000 132.000000 0.007634 0 1 0 0
TD13TRACE 8302 133.620000 133.620000 132.000000 0.013663 0 1 0 0
TD13TRACE 8303 133.620000 133.620000 132.000000 0.006814 0 1 0 0
TD13TRACE 8304 133.620000 133.620000 132.000000 0.013969 0 1 0 0
TD13TRACE 8305 133.620000 133.620000 132.000000 0.007012 0 1 0 0
TD13TRACE 8306 133.620000 133.620000 132.000000 0.013864 0 1 0 0
TD13TRACE 8307 133.620000 133.620000 132.000000 0.006976 0 1 0 0
TD13TRACE 8308 133.620000 133.620000 132.000000 0.013850 0 1 0 0
TD13TRACE 8309 133.620000 133.620000 132.000000 0.007394 0 1 0 0
TD13TRACE 8310 133.620000 133.620000 132.000000 0.013429 0 1 0 0
TD13TRACE 8311 133.620000 133.620000 132.000000 0.006679 0 1 0 0
TD13TRACE 8312 133.620000 133.620000 132.000000 0.014178 0 1 0 0
TD13TRACE 8313 133.620000 133.620000 132.000000 0.006889 0 1 0 0
TD13TRACE 8314 133.620000 133.620000 132.000000 0.013922 0 1 0 0
TD13TRACE 8315 133.620000 133.620000 132.000000 0.006723 0 1 0 0
TD13TRACE 8316 133.620000 133.620000 132.000000 0.014153 0 1 0 0
TD13TRACE 8317 133.620000 133.620000 132.000000 0.007085 0 1 0 0
TD13TRACE 8318 133.620000 133.620000 132.000000 0.013785 0 1 0 0
TD13TRACE 8319 133.620000 133.620000 132.000000 0.007265 0 1 0 0
TD13TRACE 8320 133.620000 133.620000 132.000000 0.013049 0 1 0 0
TD13TRACE 8321 133.620000 133.620000 132.000000 0.007596 0 1 0 0
TD13TRACE 8322 133.620000 133.620000 132.000000 0.013701 0 1 0 0
TD13TRACE 8323 133.620000 133.620000 132.000000 0.006923 0 1 0 0
TD13TRACE 8324 133.620000 133.620000 132.000000 0.013905 0 1 0 0
TD13TRACE 8325 133.620000 133.620000 132.000000 0.007572 0 1 0 0
TD13TRACE 8326 133.620000 133.620000 132.000000 0.013276 0 1 0 0
TD13TRACE 8327 133.620000 133.620000 132.000000 0.007030 0 1 0 0
TD13TRACE 8328 133.620000 133.620000 132.000000 0.013770 0 1 0 0
TD13TRACE 8329 133.620000 133.620000 132.000000 0.007168 0 1 0 0
TD13TRACE 8330 133.620000 133.620000 132.000000 0.013602 0 1 0 0
TD13TRACE 8331 133.620000 133.620000 132.000000 0.007133 0 1 0 0
TD13TRACE 8332 133.620000 133.620000 132.000000 0.013789 0 1 0 0
TD13TRACE 8333 133.620000 133.620000 132.000000 0.007073 0 1 0 0
TD13TRACE 8334 133.620000 133.620000 132.000000 0.013392 0 1 0 0
TD13TRACE 8335 133.620000 133.620000 132.000000 0.008590 0 1 0 0
TD13TRACE 8336 133.620000 133.620000 132.000000 0.012335 0 1 0 0
TD13TRACE 8337 133.620000 133.620000 132.000000 0.016897 0 1 0 0
TD13TRACE 8338 133.620000 133.620000 132.000000 0.005676 0 1 0 0
TD13TRACE 8339 133.620000 133.620000 132.000000 0.014525 0 1 0 0
TD13TRACE 8340 133.620000 133.620000 132.000000 0.013420 0 1 0 0
TD13TRACE 8341 133.620000 133.620000 132.000000 0.011834 0 1 0 0
TD13TRACE 8342 133.620000 133.620000 132.000000 0.008461 0 1 0 0
TD13TRACE 8343 133.620000 133.620000 132.000000 0.012338 0 1 0 0
TD13TRACE 8344 133.620000 133.620000 132.000000 0.008148 0 1 0 0
TD13TRACE 8345 133.620000 133.620000 132.000000 0.013108 0 1 0 0
TD13TRACE 8346 133.620000 133.620000 132.000000 0.007690 0 1 0 0
TD13TRACE 8347 133.620000 133.620000 132.000000 0.013124 0 1 0 0
TD13TRACE 8348 133.620000 133.620000 132.000000 0.007589 0 1 0 0
TD13TRACE 8349 133.620000 133.620000 132.000000 0.013268 0 1 0 0
TD13TRACE 8350 133.620000 133.620000 132.000000 0.006869 0 1 0 0
TD13TRACE 8351 133.620000 133.620000 132.000000 0.013744 0 1 0 0
TD13TRACE 8352 133.620000 133.620000 132.000000 0.007270 0 1 0 0
TD13TRACE 8353 133.620000 133.620000 132.000000 0.013800 0 1 0 0
TD13TRACE 8354 133.620000 133.620000 132.000000 0.006763 0 1 0 0
TD13TRACE 8355 133.620000 133.620000 132.000000 0.014051 0 1 0 0
TD13TRACE 8356 133.620000 133.620000 132.000000 0.007225 0 1 0 0
TD13TRACE 8357 133.620000 133.620000 132.000000 0.013617 0 1 0 0
TD13TRACE 8358 133.620000 133.620000 132.000000 0.007373 0 1 0 0
TD13TRACE 8359 133.620000 133.620000 132.000000 0.013417 0 1 0 0
TD13TRACE 8360 133.620000 133.620000 132.000000 0.007347 0 1 0 0
TD13TRACE 8361 133.620000 133.620000 132.000000 0.013536 0 1 0 0
TD13TRACE 8362 133.620000 133.620000 132.000000 0.007091 0 1 0 0
TD13TRACE 8363 133.620000 133.620000 132.000000 0.013727 0 1 0 0
TD13TRACE 8364 133.620000 133.620000 132.000000 0.006953 0 1 0 0
TD13TRACE 8365 133.620000 133.620000 132.000000 0.013905 0 1 0 0
TD13TRACE 8366 133.620000 133.620000 132.000000 0.007798 0 1 0 0
TD13TRACE 8367 133.620000 133.620000 132.000000 0.013019 0 1 0 0
TD13TRACE 8368 133.620000 133.620000 132.000000 0.007146 0 1 0 0
TD13TRACE 8369 133.620000 133.620000 132.000000 0.013668 0 1 0 0
TD13TRACE 8370 133.620000 133.620000 132.000000 0.007163 0 1 0 0
TD13TRACE 8371 133.620000 133.620000 132.000000 0.013685 0 1 0 0
TD13TRACE 8372 133.620000 133.620000 132.000000 0.007098 0 1 0 0
TD13TRACE 8373 133.620000 133.620000 132.000000 0.013645 0 1 0 0
TD13TRACE 8374 133.620000 133.620000 132.000000 0.007405 0 1 0 0
TD13TRACE 8375 133.620000 133.620000 132.000000 0.013445 0 1 0 0
TD13TRACE 8376 133.620000 133.620000 132.000000 0.007247 0 1 0 0
TD13TRACE 8377 133.620000 133.620000 132.000000 0.013566 0 1 0 0
TD13TRACE 8378 133.620000 133.620000 132.000000 0.006975 0 1 0 0
TD13TRACE 8379 133.620000 133.620000 132.000000 0.013981 0 1 0 0
TD13TRACE 8380 133.620000 133.620000 132.000000 0.007321 0 1 0 0
TD13TRACE 8381 133.620000 133.620000 132.000000 0.013472 0 1 0 0
TD13TRACE 8382 133.620000 133.620000 132.000000 0.007414 0 1 0 0
TD13TRACE 8383 133.620000 133.620000 132.000000 0.013482 0 1 0 0
TD13TRACE 8384 133.620000 133.620000 132.000000 0.006972 0 1 0 0
TD13TRACE 8385 133.620000 133.620000 132.000000 0.013885 0 1 0 0
TD13TRACE 8386 133.620000 133.620000 132.000000 0.006944 0 1 0 0
TD13TRACE 8387 133.620000 133.620000 132.000000 0.013801 0 1 0 0
TD13TRACE 8388 133.620000 133.620000 132.000000 0.007246 0 1 0 0
TD13TRACE 8389 133.620000 133.620000 132.000000 0.013597 0 1 0 0
TD13TRACE 8390 133.620000 133.620000 132.000000 0.007458 0 1 0 0
TD13TRACE 8391 133.620000 133.620000 132.000000 0.013292 0 1 0 0
TD13TRACE 8392 133.620000 133.620000 132.000000 0.007070 0 1 0 0
TD13TRACE 8393 133.620000 133.620000 132.000000 0.013778 0 1 0 0
TD13TRACE 8394 133.620000 133.620000 132.000000 0.007024 0 1 0 0
TD13TRACE 8395 133.620000 133.620000 132.000000 0.013896 0 1 0 0
TD13TRACE 8396 133.620000 133.620000 132.000000 0.006980 0 1 0 0
TD13TRACE 8397 133.620000 133.620000 132.000000 0.013717 0 1 0 0
TD13TRACE 8398 133.620000 133.620000 132.000000 0.007475 0 1 0 0
TD13TRACE 8399 133.620000 133.620000 132.000000 0.013476 0 1 0 0
TD13TRACE 8400 133.620000 133.620000 132.000000 0.007091 0 1 0 0
TD13TRACE 8401 133.620000 133.620000 132.000000 0.013649 0 1 0 0
TD13TRACE 8402 133.620000 133.620000 132.000000 0.007447 0 1 0 0
TD13TRACE 8403 133.620000 133.620000 132.000000 0.013132 0 1 0 0
TD13TRACE 8404 133.620000 133.620000 132.000000 0.008052 0 1 0 0
TD13TRACE 8405 133.620000 133.620000 132.000000 0.012733 0 1 0 0
TD13TRACE 8406 133.620000 133.620000 132.000000 0.007481 0 1 0 0
TD13TRACE 8407 133.620000 133.620000 132.000000 0.013367 0 1 0 0
TD13TRACE 8408 133.620000 133.620000 132.000000 0.006778 0 1 0 0
